from_url,to_url,anchor_text,module
/,/about/,the CoreX scope,section-9
/,/commercial-concreting-south-west-sydney/,Commercial Concreting,section-10
/,/commercial-concreting-south-west-sydney/,Commercial Concreting,section-2
/,/concrete-crossovers-and-laybacks-south-west-sydney/,Concrete Crossovers and Laybacks,section-10
/,/concrete-crossovers-and-laybacks-south-west-sydney/,Concrete Crossovers and Laybacks,section-2
/,/concrete-driveway-replacement-south-west-sydney/,Concrete Driveway Replacement,section-10
/,/concrete-driveway-replacement-south-west-sydney/,Concrete Driveway Replacement,section-2
/,/concrete-driveways-south-west-sydney/,Concrete Driveways,section-10
/,/concrete-driveways-south-west-sydney/,Concrete Driveways,section-2
/,/concrete-driveways-south-west-sydney/,Concrete Driveways,section-3
/,/concrete-paths-south-west-sydney/,Concrete Paths and Pathways,section-10
/,/concrete-paths-south-west-sydney/,Concrete Paths and Pathways,section-2
/,/concrete-paths-south-west-sydney/,Paths & Pathways,section-4
/,/concrete-patios-south-west-sydney/,Concrete Patios and Alfresco Slabs,section-10
/,/concrete-patios-south-west-sydney/,Concrete Patios and Alfresco Slabs,section-2
/,/concrete-patios-south-west-sydney/,Patios & Alfresco,section-4
/,/concrete-slabs-south-west-sydney/,Concrete Slabs,section-10
/,/concrete-slabs-south-west-sydney/,Concrete Slabs,section-2
/,/concrete-slabs-south-west-sydney/,Concrete Slabs,section-3
/,/concreters-austral/,Austral,section-7
/,/concreters-gledswood-hills/,Gledswood Hills,section-7
/,/concreters-gregory-hills/,Gregory Hills,section-7
/,/concreters-harrington-park/,Harrington Park,section-7
/,/concreters-leppington/,Leppington,section-7
/,/concreters-oran-park/,Oran Park,section-7
/,/contact/,contact,section-9
/,/decorative-concrete-south-west-sydney/,Decorative Concrete,section-10
/,/decorative-concrete-south-west-sydney/,Decorative Concrete,section-2
/,/exposed-aggregate-south-west-sydney/,Exposed Aggregate Concrete,section-10
/,/exposed-aggregate-south-west-sydney/,Exposed Aggregate Concrete,section-2
/,/exposed-aggregate-south-west-sydney/,Exposed Aggregate,section-3
/,/gallery/,project gallery,section-9
/,/quote/,Get Your FREE Quote Today,section-1
/,/quote/,quote page,section-9
/,/shed-and-garage-slabs-south-west-sydney/,Shed and Garage Slabs,section-10
/,/shed-and-garage-slabs-south-west-sydney/,Shed and Garage Slabs,section-2
/about/,/,Camden concreters homepage,section-4
/about/,/,Camden concreters homepage,section-6
/coloured-concrete-driveway-cost/,/concrete-driveways-south-west-sydney/,concrete driveway scopes,section-3
/coloured-concrete-driveway-cost/,/concrete-slabs-south-west-sydney/,concrete slab scopes,section-3
/coloured-concrete-driveway-cost/,/quote/,Get Your FREE Quote Today,section-10
/coloured-concrete-driveway-cost/,/quote/,on-site quote request,section-3
/commercial-concreting-bringelly/,/commercial-concreting-south-west-sydney/,Commercial Concreting South West Sydney,section-8
/commercial-concreting-bringelly/,/concreters-bringelly/,concreting in Bringelly,section-8
/commercial-concreting-bringelly/,/quote/,Get Your FREE Quote Today,section-16
/commercial-concreting-cobbitty/,/commercial-concreting-south-west-sydney/,Commercial Concreting South West Sydney,section-8
/commercial-concreting-cobbitty/,/concreters-cobbitty/,concreting in Cobbitty,section-8
/commercial-concreting-cobbitty/,/quote/,Get Your FREE Quote Today,section-16
/commercial-concreting-gregory-hills/,/commercial-concreting-south-west-sydney/,Commercial Concreting South West Sydney,section-8
/commercial-concreting-gregory-hills/,/concreters-gregory-hills/,concreting in Gregory Hills,section-8
/commercial-concreting-gregory-hills/,/quote/,Get Your FREE Quote Today,section-16
/commercial-concreting-narellan/,/commercial-concreting-south-west-sydney/,Commercial Concreting South West Sydney,section-8
/commercial-concreting-narellan/,/concreters-narellan/,concreting in Narellan,section-8
/commercial-concreting-narellan/,/quote/,Get Your FREE Quote Today,section-16
/commercial-concreting-south-west-sydney/,/concreters-bringelly/,Commercial Concreting Bringelly,section-9
/commercial-concreting-south-west-sydney/,/concreters-cobbitty/,Commercial Concreting Cobbitty,section-9
/commercial-concreting-south-west-sydney/,/concreters-edmondson-park/,Commercial Concreting Edmondson Park,section-9
/commercial-concreting-south-west-sydney/,/concreters-gregory-hills/,Commercial Concreting Gregory Hills,section-9
/commercial-concreting-south-west-sydney/,/concreters-narellan/,Commercial Concreting Narellan,section-9
/commercial-concreting-south-west-sydney/,/concreters-spring-farm/,Commercial Concreting Spring Farm,section-9
/commercial-concreting-south-west-sydney/,/diy-concrete-vs-hiring-a-concreter/,DIY Concrete vs Hiring A Concreter,section-12
/commercial-concreting-south-west-sydney/,/quote/,Get Your FREE Quote Today,section-16
/concrete-crossovers-and-laybacks-austral/,/concrete-crossovers-and-laybacks-south-west-sydney/,Concrete Crossovers and Laybacks South West Sydney,section-7
/concrete-crossovers-and-laybacks-austral/,/concreters-austral/,concreting in Austral,section-7
/concrete-crossovers-and-laybacks-currans-hill/,/concrete-crossovers-and-laybacks-south-west-sydney/,Concrete Crossovers and Laybacks South West Sydney,section-7
/concrete-crossovers-and-laybacks-currans-hill/,/concreters-currans-hill/,concreting in Currans Hill,section-7
/concrete-crossovers-and-laybacks-leppington/,/concrete-crossovers-and-laybacks-south-west-sydney/,Concrete Crossovers and Laybacks South West Sydney,section-7
/concrete-crossovers-and-laybacks-leppington/,/concreters-leppington/,concreting in Leppington,section-7
/concrete-crossovers-and-laybacks-oran-park/,/concrete-crossovers-and-laybacks-south-west-sydney/,Concrete Crossovers and Laybacks South West Sydney,section-7
/concrete-crossovers-and-laybacks-oran-park/,/concreters-oran-park/,concreting in Oran Park,section-7
/concrete-crossovers-and-laybacks-south-west-sydney/,/concreters-austral/,Concrete Crossovers and Laybacks Austral,section-9
/concrete-crossovers-and-laybacks-south-west-sydney/,/concreters-catherine-field/,Concrete Crossovers and Laybacks Catherine Field,section-9
/concrete-crossovers-and-laybacks-south-west-sydney/,/concreters-gledswood-hills/,Concrete Crossovers and Laybacks Gledswood Hills,section-9
/concrete-crossovers-and-laybacks-south-west-sydney/,/concreters-leppington/,Concrete Crossovers and Laybacks Leppington,section-9
/concrete-crossovers-and-laybacks-south-west-sydney/,/concreters-oran-park/,Concrete Crossovers and Laybacks Oran Park,section-9
/concrete-crossovers-and-laybacks-south-west-sydney/,/concreters-spring-farm/,Concrete Crossovers and Laybacks Spring Farm,section-9
/concrete-crossovers-and-laybacks-south-west-sydney/,/guides/campbelltown-council-driveway-crossing/,Campbelltown Council Driveway Crossing,section-3
/concrete-crossovers-and-laybacks-south-west-sydney/,/guides/do-i-need-council-approval-driveway-nsw/,Do I Need Council Approval Driveway NSW,section-4
/concrete-crossovers-and-laybacks-south-west-sydney/,/guides/driveway-crossover-cost-nsw/,Driveway Crossover Cost NSW,section-5
/concrete-crossovers-and-laybacks-south-west-sydney/,/guides/wollondilly-council-driveway-crossing/,Wollondilly Council Driveway Crossing,section-6
/concrete-crossovers-and-laybacks-spring-farm/,/concrete-crossovers-and-laybacks-south-west-sydney/,Concrete Crossovers and Laybacks South West Sydney,section-7
/concrete-crossovers-and-laybacks-spring-farm/,/concreters-spring-farm/,concreting in Spring Farm,section-7
/concrete-driveway-replacement-currans-hill/,/concrete-driveway-replacement-south-west-sydney/,Concrete Driveway Replacement South West Sydney,section-8
/concrete-driveway-replacement-currans-hill/,/concreters-currans-hill/,concreting in Currans Hill,section-8
/concrete-driveway-replacement-currans-hill/,/quote/,Get Your FREE Quote Today,section-1
/concrete-driveway-replacement-currans-hill/,/quote/,Get Your FREE Quote Today,section-15
/concrete-driveway-replacement-harrington-park/,/concrete-driveway-replacement-south-west-sydney/,Concrete Driveway Replacement South West Sydney,section-8
/concrete-driveway-replacement-harrington-park/,/concreters-harrington-park/,concreting in Harrington Park,section-8
/concrete-driveway-replacement-harrington-park/,/quote/,Get Your FREE Quote Today,section-1
/concrete-driveway-replacement-harrington-park/,/quote/,Get Your FREE Quote Today,section-15
/concrete-driveway-replacement-mount-annan/,/concrete-driveway-replacement-south-west-sydney/,Concrete Driveway Replacement South West Sydney,section-8
/concrete-driveway-replacement-mount-annan/,/concreters-mount-annan/,concreting in Mount Annan,section-8
/concrete-driveway-replacement-mount-annan/,/quote/,Get Your FREE Quote Today,section-1
/concrete-driveway-replacement-mount-annan/,/quote/,Get Your FREE Quote Today,section-15
/concrete-driveway-replacement-narellan/,/concrete-driveway-replacement-south-west-sydney/,Concrete Driveway Replacement South West Sydney,section-8
/concrete-driveway-replacement-narellan/,/concreters-narellan/,concreting in Narellan,section-8
/concrete-driveway-replacement-narellan/,/quote/,Get Your FREE Quote Today,section-1
/concrete-driveway-replacement-narellan/,/quote/,Get Your FREE Quote Today,section-15
/concrete-driveway-replacement-south-west-sydney/,/concreters-austral/,Concrete Driveway Replacement Austral,section-9
/concrete-driveway-replacement-south-west-sydney/,/concreters-currans-hill/,Concrete Driveway Replacement Currans Hill,section-9
/concrete-driveway-replacement-south-west-sydney/,/concreters-elderslie/,Concrete Driveway Replacement Elderslie,section-9
/concrete-driveway-replacement-south-west-sydney/,/concreters-harrington-park/,Concrete Driveway Replacement Harrington Park,section-9
/concrete-driveway-replacement-south-west-sydney/,/concreters-mount-annan/,Concrete Driveway Replacement Mount Annan,section-9
/concrete-driveway-replacement-south-west-sydney/,/concreters-narellan/,Concrete Driveway Replacement Narellan,section-9
/concrete-driveway-replacement-south-west-sydney/,/guides/concrete-efflorescence/,Concrete Efflorescence,section-4
/concrete-driveway-replacement-south-west-sydney/,/guides/curing-concrete-in-summer-vs-winter/,Curing Concrete In Summer vs Winter,section-5
/concrete-driveway-replacement-south-west-sydney/,/guides/how-long-before-you-can-drive-on-concrete/,How Long Before You Can Drive On Concrete,section-6
/concrete-driveway-replacement-south-west-sydney/,/guides/removing-oil-stains-and-tyre-marks-from-concrete/,Removing Oil Stains And Tyre Marks From Concrete,section-7
/concrete-driveway-replacement-south-west-sydney/,/quote/,Get Your FREE Quote Today,section-1
/concrete-driveway-replacement-south-west-sydney/,/quote/,Get Your FREE Quote Today,section-15
/concrete-driveways-austral/,/concrete-driveways-south-west-sydney/,Concrete Driveways South West Sydney,section-8
/concrete-driveways-austral/,/concreters-austral/,concreting in Austral,section-8
/concrete-driveways-austral/,/quote/,Get Your FREE Quote Today,section-1
/concrete-driveways-austral/,/quote/,Get Your FREE Quote Today,section-15
/concrete-driveways-catherine-field/,/concrete-driveways-south-west-sydney/,Concrete Driveways South West Sydney,section-8
/concrete-driveways-catherine-field/,/concreters-catherine-field/,concreting in Catherine Field,section-8
/concrete-driveways-catherine-field/,/quote/,Get Your FREE Quote Today,section-1
/concrete-driveways-catherine-field/,/quote/,Get Your FREE Quote Today,section-15
/concrete-driveways-cobbitty/,/concrete-driveways-south-west-sydney/,Concrete Driveways South West Sydney,section-8
/concrete-driveways-cobbitty/,/concreters-cobbitty/,concreting in Cobbitty,section-8
/concrete-driveways-cobbitty/,/quote/,Get Your FREE Quote Today,section-1
/concrete-driveways-cobbitty/,/quote/,Get Your FREE Quote Today,section-15
/concrete-driveways-edmondson-park/,/concrete-driveways-south-west-sydney/,Concrete Driveways South West Sydney,section-8
/concrete-driveways-edmondson-park/,/concreters-edmondson-park/,concreting in Edmondson Park,section-8
/concrete-driveways-edmondson-park/,/quote/,Get Your FREE Quote Today,section-1
/concrete-driveways-edmondson-park/,/quote/,Get Your FREE Quote Today,section-15
/concrete-driveways-leppington/,/concrete-driveways-south-west-sydney/,Concrete Driveways South West Sydney,section-8
/concrete-driveways-leppington/,/concreters-leppington/,concreting in Leppington,section-8
/concrete-driveways-leppington/,/quote/,Get Your FREE Quote Today,section-1
/concrete-driveways-leppington/,/quote/,Get Your FREE Quote Today,section-15
/concrete-driveways-oran-park/,/concrete-driveways-south-west-sydney/,Concrete Driveways South West Sydney,section-8
/concrete-driveways-oran-park/,/concreters-oran-park/,concreting in Oran Park,section-8
/concrete-driveways-oran-park/,/quote/,Get Your FREE Quote Today,section-1
/concrete-driveways-oran-park/,/quote/,Get Your FREE Quote Today,section-15
/concrete-driveways-south-west-sydney/,/concrete-vs-asphalt/,Concrete vs Asphalt,section-12
/concrete-driveways-south-west-sydney/,/concrete-vs-pavers/,Concrete vs Pavers,section-11
/concrete-driveways-south-west-sydney/,/concreters-austral/,Concrete Driveways Austral,section-9
/concrete-driveways-south-west-sydney/,/concreters-catherine-field/,Concrete Driveways Catherine Field,section-9
/concrete-driveways-south-west-sydney/,/concreters-gledswood-hills/,Concrete Driveways Gledswood Hills,section-9
/concrete-driveways-south-west-sydney/,/concreters-leppington/,Concrete Driveways Leppington,section-9
/concrete-driveways-south-west-sydney/,/concreters-oran-park/,Concrete Driveways Oran Park,section-9
/concrete-driveways-south-west-sydney/,/concreters-spring-farm/,Concrete Driveways Spring Farm,section-9
/concrete-driveways-south-west-sydney/,/driveway-cost-calculator/,Driveway Cost Calculator,section-11
/concrete-driveways-south-west-sydney/,/guides/concrete-driveway-cost-nsw/,Concrete Driveway Cost NSW,section-4
/concrete-driveways-south-west-sydney/,/guides/concrete-vs-pavers-vs-asphalt/,Concrete vs Pavers vs Asphalt,section-5
/concrete-driveways-south-west-sydney/,/guides/what-actually-moves-a-concrete-quote/,What Actually Moves A Concrete Quote,section-6
/concrete-driveways-south-west-sydney/,/plain-concrete-driveway-cost/,Plain Concrete Driveway Cost,section-13
/concrete-driveways-south-west-sydney/,/quote/,Get Your FREE Quote Today,section-1
/concrete-driveways-south-west-sydney/,/quote/,Get Your FREE Quote Today,section-15
/concrete-driveways-spring-farm/,/concrete-driveways-south-west-sydney/,Concrete Driveways South West Sydney,section-8
/concrete-driveways-spring-farm/,/concreters-spring-farm/,concreting in Spring Farm,section-8
/concrete-driveways-spring-farm/,/quote/,Get Your FREE Quote Today,section-1
/concrete-driveways-spring-farm/,/quote/,Get Your FREE Quote Today,section-15
/concrete-paths-edmondson-park/,/concrete-paths-south-west-sydney/,Concrete Paths and Pathways South West Sydney,section-7
/concrete-paths-edmondson-park/,/concreters-edmondson-park/,concreting in Edmondson Park,section-7
/concrete-paths-edmondson-park/,/quote/,Get Your FREE Quote Today,section-10
/concrete-paths-south-west-sydney/,/concreters-austral/,Concrete Paths and Pathways Austral,section-9
/concrete-paths-south-west-sydney/,/concreters-currans-hill/,Concrete Paths and Pathways Currans Hill,section-9
/concrete-paths-south-west-sydney/,/concreters-elderslie/,Concrete Paths and Pathways Elderslie,section-9
/concrete-paths-south-west-sydney/,/concreters-harrington-park/,Concrete Paths and Pathways Harrington Park,section-9
/concrete-paths-south-west-sydney/,/concreters-mount-annan/,Concrete Paths and Pathways Mount Annan,section-9
/concrete-paths-south-west-sydney/,/concreters-narellan/,Concrete Paths and Pathways Narellan,section-9
/concrete-paths-south-west-sydney/,/quote/,Get Your FREE Quote Today,section-10
/concrete-patios-edmondson-park/,/concrete-patios-south-west-sydney/,Concrete Patios and Alfresco Slabs South West Sydney,section-7
/concrete-patios-edmondson-park/,/concreters-edmondson-park/,concreting in Edmondson Park,section-7
/concrete-patios-edmondson-park/,/quote/,Get Your FREE Quote Today,section-10
/concrete-patios-elderslie/,/concrete-patios-south-west-sydney/,Concrete Patios and Alfresco Slabs South West Sydney,section-7
/concrete-patios-elderslie/,/concreters-elderslie/,concreting in Elderslie,section-7
/concrete-patios-elderslie/,/quote/,Get Your FREE Quote Today,section-10
/concrete-patios-gledswood-hills/,/concrete-patios-south-west-sydney/,Concrete Patios and Alfresco Slabs South West Sydney,section-7
/concrete-patios-gledswood-hills/,/concreters-gledswood-hills/,concreting in Gledswood Hills,section-7
/concrete-patios-gledswood-hills/,/quote/,Get Your FREE Quote Today,section-10
/concrete-patios-south-west-sydney/,/concreters-austral/,Concrete Patios and Alfresco Slabs Austral,section-9
/concrete-patios-south-west-sydney/,/concreters-catherine-field/,Concrete Patios and Alfresco Slabs Catherine Field,section-9
/concrete-patios-south-west-sydney/,/concreters-gledswood-hills/,Concrete Patios and Alfresco Slabs Gledswood Hills,section-9
/concrete-patios-south-west-sydney/,/concreters-leppington/,Concrete Patios and Alfresco Slabs Leppington,section-9
/concrete-patios-south-west-sydney/,/concreters-oran-park/,Concrete Patios and Alfresco Slabs Oran Park,section-9
/concrete-patios-south-west-sydney/,/concreters-spring-farm/,Concrete Patios and Alfresco Slabs Spring Farm,section-9
/concrete-patios-south-west-sydney/,/quote/,Get Your FREE Quote Today,section-10
/concrete-slabs-austral/,/concrete-slabs-south-west-sydney/,Concrete Slabs South West Sydney,section-8
/concrete-slabs-austral/,/concreters-austral/,concreting in Austral,section-8
/concrete-slabs-austral/,/quote/,Get Your FREE Quote Today,section-16
/concrete-slabs-bringelly/,/concrete-slabs-south-west-sydney/,Concrete Slabs South West Sydney,section-8
/concrete-slabs-bringelly/,/concreters-bringelly/,concreting in Bringelly,section-8
/concrete-slabs-bringelly/,/quote/,Get Your FREE Quote Today,section-16
/concrete-slabs-gledswood-hills/,/concrete-slabs-south-west-sydney/,Concrete Slabs South West Sydney,section-8
/concrete-slabs-gledswood-hills/,/concreters-gledswood-hills/,concreting in Gledswood Hills,section-8
/concrete-slabs-gledswood-hills/,/quote/,Get Your FREE Quote Today,section-16
/concrete-slabs-gregory-hills/,/concrete-slabs-south-west-sydney/,Concrete Slabs South West Sydney,section-8
/concrete-slabs-gregory-hills/,/concreters-gregory-hills/,concreting in Gregory Hills,section-8
/concrete-slabs-gregory-hills/,/quote/,Get Your FREE Quote Today,section-16
/concrete-slabs-leppington/,/concrete-slabs-south-west-sydney/,Concrete Slabs South West Sydney,section-8
/concrete-slabs-leppington/,/concreters-leppington/,concreting in Leppington,section-8
/concrete-slabs-leppington/,/quote/,Get Your FREE Quote Today,section-16
/concrete-slabs-south-west-sydney/,/concreters-austral/,Concrete Slabs Austral,section-9
/concrete-slabs-south-west-sydney/,/concreters-catherine-field/,Concrete Slabs Catherine Field,section-9
/concrete-slabs-south-west-sydney/,/concreters-gledswood-hills/,Concrete Slabs Gledswood Hills,section-9
/concrete-slabs-south-west-sydney/,/concreters-leppington/,Concrete Slabs Leppington,section-9
/concrete-slabs-south-west-sydney/,/concreters-oran-park/,Concrete Slabs Oran Park,section-9
/concrete-slabs-south-west-sydney/,/concreters-spring-farm/,Concrete Slabs Spring Farm,section-9
/concrete-slabs-south-west-sydney/,/guides/concrete-slab-cost-per-m2/,Concrete Slab Cost Per m2,section-4
/concrete-slabs-south-west-sydney/,/guides/concrete-strength-grades-explained/,Concrete Strength Grades Explained,section-5
/concrete-slabs-south-west-sydney/,/guides/shed-slab-cost/,Shed Slab Cost,section-6
/concrete-slabs-south-west-sydney/,/guides/sl72-vs-sl82-reinforcement/,SL72 vs SL82 Reinforcement,section-7
/concrete-slabs-south-west-sydney/,/guides/slab-thickness-for-driveways-vs-sheds/,Slab Thickness For Driveways vs Sheds,section-8
/concrete-slabs-south-west-sydney/,/quote/,Get Your FREE Quote Today,section-16
/concrete-slabs-south-west-sydney/,/slab-volume-calculator/,Slab Volume Calculator,section-12
/concrete-vs-asphalt/,/concrete-driveways-south-west-sydney/,concrete driveway scopes,section-7
/concrete-vs-asphalt/,/concrete-slabs-south-west-sydney/,concrete slab scopes,section-7
/concrete-vs-asphalt/,/quote/,Get Your FREE Quote Today,section-1
/concrete-vs-asphalt/,/quote/,Get Your FREE Quote Today,section-7
/concrete-vs-asphalt/,/quote/,on-site quote request,section-7
/concrete-vs-pavers/,/concrete-driveways-south-west-sydney/,concrete driveway scopes,section-7
/concrete-vs-pavers/,/concrete-slabs-south-west-sydney/,concrete slab scopes,section-7
/concrete-vs-pavers/,/quote/,Get Your FREE Quote Today,section-1
/concrete-vs-pavers/,/quote/,Get Your FREE Quote Today,section-7
/concrete-vs-pavers/,/quote/,on-site quote request,section-7
/concreters-appin/,/concrete-driveways-south-west-sydney/,Concrete Driveways,section-3
/concreters-appin/,/concrete-paths-south-west-sydney/,Paths & Pathways,section-4
/concreters-appin/,/concrete-patios-south-west-sydney/,Patios & Alfresco,section-4
/concreters-appin/,/concrete-slabs-south-west-sydney/,Concrete Slabs,section-3
/concreters-appin/,/decorative-concrete-south-west-sydney/,Coloured & Decorative,section-4
/concreters-appin/,/exposed-aggregate-south-west-sydney/,Exposed Aggregate,section-3
/concreters-appin/,/quote/,Get Your FREE Quote Today,section-1
/concreters-appin/,/quote/,Get Your FREE Quote Today,section-6
/concreters-austral/,/concrete-crossovers-and-laybacks-austral/,Concrete Crossovers and Laybacks in Austral,section-8
/concreters-austral/,/concrete-crossovers-and-laybacks-south-west-sydney/,crossover work in Austral,section-9
/concreters-austral/,/concrete-driveways-austral/,Concrete Driveways in Austral,section-6
/concreters-austral/,/concrete-driveways-south-west-sydney/,Concrete Driveways,section-3
/concreters-austral/,/concrete-paths-south-west-sydney/,Paths & Pathways,section-4
/concreters-austral/,/concrete-patios-south-west-sydney/,Patios & Alfresco,section-4
/concreters-austral/,/concrete-slabs-austral/,Concrete Slabs in Austral,section-7
/concreters-austral/,/concrete-slabs-south-west-sydney/,Concrete Slabs,section-3
/concreters-austral/,/concreters-bringelly/,Bringelly,section-13
/concreters-austral/,/concreters-catherine-field/,Catherine Field,section-13
/concreters-austral/,/concreters-edmondson-park/,Edmondson Park,section-13
/concreters-austral/,/concreters-leppington/,Leppington,section-13
/concreters-austral/,/decorative-concrete-south-west-sydney/,Coloured & Decorative,section-4
/concreters-austral/,/exposed-aggregate-south-west-sydney/,Exposed Aggregate,section-3
/concreters-austral/,/guides/engineered-fill-and-why-new-estate-slabs-crack/,engineered fill and why new estate slabs crack reference for Austral,section-9
/concreters-austral/,/guides/liverpool-council-vehicle-crossing/,vehicle-crossing requirements guide,section-9
/concreters-austral/,/quote/,Get Your FREE Quote Today,section-1
/concreters-austral/,/quote/,Get Your FREE Quote Today,section-15
/concreters-austral/,/shed-and-garage-slabs-south-west-sydney/,shed and garage slabs in Austral,section-6
/concreters-bargo/,/concrete-driveways-south-west-sydney/,Concrete Driveways,section-3
/concreters-bargo/,/concrete-paths-south-west-sydney/,Paths & Pathways,section-4
/concreters-bargo/,/concrete-patios-south-west-sydney/,Patios & Alfresco,section-4
/concreters-bargo/,/concrete-slabs-south-west-sydney/,Concrete Slabs,section-3
/concreters-bargo/,/decorative-concrete-south-west-sydney/,Coloured & Decorative,section-4
/concreters-bargo/,/exposed-aggregate-south-west-sydney/,Exposed Aggregate,section-3
/concreters-bargo/,/quote/,Get Your FREE Quote Today,section-1
/concreters-bargo/,/quote/,Get Your FREE Quote Today,section-6
/concreters-bradbury/,/concrete-driveways-south-west-sydney/,Concrete Driveways,section-3
/concreters-bradbury/,/concrete-paths-south-west-sydney/,Paths & Pathways,section-4
/concreters-bradbury/,/concrete-patios-south-west-sydney/,Patios & Alfresco,section-4
/concreters-bradbury/,/concrete-slabs-south-west-sydney/,Concrete Slabs,section-3
/concreters-bradbury/,/decorative-concrete-south-west-sydney/,Coloured & Decorative,section-4
/concreters-bradbury/,/exposed-aggregate-south-west-sydney/,Exposed Aggregate,section-3
/concreters-bradbury/,/quote/,Get Your FREE Quote Today,section-1
/concreters-bradbury/,/quote/,Get Your FREE Quote Today,section-6
/concreters-bringelly/,/commercial-concreting-bringelly/,Commercial Concreting in Bringelly,section-6
/concreters-bringelly/,/commercial-concreting-south-west-sydney/,commercial concreting in Bringelly,section-7
/concreters-bringelly/,/concrete-crossovers-and-laybacks-south-west-sydney/,crossover work in Bringelly,section-9
/concreters-bringelly/,/concrete-driveways-south-west-sydney/,Concrete Driveways in Bringelly,section-3
/concreters-bringelly/,/concrete-paths-south-west-sydney/,Paths & Pathways in Bringelly,section-4
/concreters-bringelly/,/concrete-patios-south-west-sydney/,Patios & Alfresco in Bringelly,section-4
/concreters-bringelly/,/concrete-slabs-bringelly/,Concrete Slabs in Bringelly,section-7
/concreters-bringelly/,/concrete-slabs-south-west-sydney/,Concrete Slabs in Bringelly,section-3
/concreters-bringelly/,/concreters-austral/,Austral,section-13
/concreters-bringelly/,/concreters-catherine-field/,Catherine Field,section-13
/concreters-bringelly/,/concreters-cobbitty/,Cobbitty,section-13
/concreters-bringelly/,/concreters-leppington/,Leppington,section-13
/concreters-bringelly/,/decorative-concrete-south-west-sydney/,Coloured & Decorative in Bringelly,section-4
/concreters-bringelly/,/exposed-aggregate-south-west-sydney/,Exposed Aggregate in Bringelly,section-3
/concreters-bringelly/,/guides/commercial-hardstand-cost/,commercial hardstand cost reference for Bringelly,section-9
/concreters-bringelly/,/guides/liverpool-council-vehicle-crossing/,vehicle-crossing requirements guide,section-9
/concreters-bringelly/,/quote/,Get Your FREE Quote Today,section-1
/concreters-bringelly/,/quote/,Get Your FREE Quote Today,section-15
/concreters-camden-park/,/concrete-driveways-south-west-sydney/,Concrete Driveways,section-3
/concreters-camden-park/,/concrete-paths-south-west-sydney/,Paths & Pathways,section-4
/concreters-camden-park/,/concrete-patios-south-west-sydney/,Patios & Alfresco,section-4
/concreters-camden-park/,/concrete-slabs-south-west-sydney/,Concrete Slabs,section-3
/concreters-camden-park/,/decorative-concrete-south-west-sydney/,Coloured & Decorative,section-4
/concreters-camden-park/,/exposed-aggregate-south-west-sydney/,Exposed Aggregate,section-3
/concreters-camden-park/,/quote/,Get Your FREE Quote Today,section-1
/concreters-camden-park/,/quote/,Get Your FREE Quote Today,section-6
/concreters-camden-south/,/concrete-driveways-south-west-sydney/,Concrete Driveways,section-3
/concreters-camden-south/,/concrete-paths-south-west-sydney/,Paths & Pathways,section-4
/concreters-camden-south/,/concrete-patios-south-west-sydney/,Patios & Alfresco,section-4
/concreters-camden-south/,/concrete-slabs-south-west-sydney/,Concrete Slabs,section-3
/concreters-camden-south/,/decorative-concrete-south-west-sydney/,Coloured & Decorative,section-4
/concreters-camden-south/,/exposed-aggregate-south-west-sydney/,Exposed Aggregate,section-3
/concreters-camden-south/,/quote/,Get Your FREE Quote Today,section-1
/concreters-camden-south/,/quote/,Get Your FREE Quote Today,section-6
/concreters-campbelltown/,/concrete-driveways-south-west-sydney/,Concrete Driveways,section-3
/concreters-campbelltown/,/concrete-paths-south-west-sydney/,Paths & Pathways,section-4
/concreters-campbelltown/,/concrete-patios-south-west-sydney/,Patios & Alfresco,section-4
/concreters-campbelltown/,/concrete-slabs-south-west-sydney/,Concrete Slabs,section-3
/concreters-campbelltown/,/decorative-concrete-south-west-sydney/,Coloured & Decorative,section-4
/concreters-campbelltown/,/exposed-aggregate-south-west-sydney/,Exposed Aggregate,section-3
/concreters-campbelltown/,/quote/,Get Your FREE Quote Today,section-1
/concreters-campbelltown/,/quote/,Get Your FREE Quote Today,section-6
/concreters-carnes-hill/,/concrete-driveways-south-west-sydney/,Concrete Driveways,section-3
/concreters-carnes-hill/,/concrete-paths-south-west-sydney/,Paths & Pathways,section-4
/concreters-carnes-hill/,/concrete-patios-south-west-sydney/,Patios & Alfresco,section-4
/concreters-carnes-hill/,/concrete-slabs-south-west-sydney/,Concrete Slabs,section-3
/concreters-carnes-hill/,/decorative-concrete-south-west-sydney/,Coloured & Decorative,section-4
/concreters-carnes-hill/,/exposed-aggregate-south-west-sydney/,Exposed Aggregate,section-3
/concreters-carnes-hill/,/quote/,Get Your FREE Quote Today,section-1
/concreters-carnes-hill/,/quote/,Get Your FREE Quote Today,section-6
/concreters-casula/,/concrete-driveways-south-west-sydney/,Concrete Driveways,section-3
/concreters-casula/,/concrete-paths-south-west-sydney/,Paths & Pathways,section-4
/concreters-casula/,/concrete-patios-south-west-sydney/,Patios & Alfresco,section-4
/concreters-casula/,/concrete-slabs-south-west-sydney/,Concrete Slabs,section-3
/concreters-casula/,/decorative-concrete-south-west-sydney/,Coloured & Decorative,section-4
/concreters-casula/,/exposed-aggregate-south-west-sydney/,Exposed Aggregate,section-3
/concreters-casula/,/quote/,Get Your FREE Quote Today,section-1
/concreters-casula/,/quote/,Get Your FREE Quote Today,section-6
/concreters-catherine-field/,/concrete-crossovers-and-laybacks-south-west-sydney/,crossover work in Catherine Field,section-9
/concreters-catherine-field/,/concrete-driveways-catherine-field/,Concrete Driveways in Catherine Field,section-6
/concreters-catherine-field/,/concrete-driveways-south-west-sydney/,Concrete Driveways,section-3
/concreters-catherine-field/,/concrete-paths-south-west-sydney/,Paths & Pathways,section-4
/concreters-catherine-field/,/concrete-patios-south-west-sydney/,Patios & Alfresco,section-4
/concreters-catherine-field/,/concrete-slabs-south-west-sydney/,Concrete Slabs,section-3
/concreters-catherine-field/,/concreters-cobbitty/,Cobbitty,section-13
/concreters-catherine-field/,/concreters-gledswood-hills/,Gledswood Hills,section-13
/concreters-catherine-field/,/concreters-leppington/,Leppington,section-13
/concreters-catherine-field/,/concreters-oran-park/,Oran Park,section-13
/concreters-catherine-field/,/decorative-concrete-south-west-sydney/,Coloured & Decorative,section-4
/concreters-catherine-field/,/exposed-aggregate-south-west-sydney/,Exposed Aggregate,section-3
/concreters-catherine-field/,/guides/camden-council-driveway-crossing/,vehicle-crossing requirements guide,section-9
/concreters-catherine-field/,/guides/site-classification-explained/,site classification explained reference for Catherine Field,section-9
/concreters-catherine-field/,/quote/,Get Your FREE Quote Today,section-1
/concreters-catherine-field/,/quote/,Get Your FREE Quote Today,section-15
/concreters-catherine-field/,/shed-and-garage-slabs-catherine-field/,Shed and Garage Slabs in Catherine Field,section-7
/concreters-catherine-field/,/shed-and-garage-slabs-south-west-sydney/,shed and garage slabs in Catherine Field,section-6
/concreters-cawdor/,/concrete-driveways-south-west-sydney/,Concrete Driveways,section-3
/concreters-cawdor/,/concrete-paths-south-west-sydney/,Paths & Pathways,section-4
/concreters-cawdor/,/concrete-patios-south-west-sydney/,Patios & Alfresco,section-4
/concreters-cawdor/,/concrete-slabs-south-west-sydney/,Concrete Slabs,section-3
/concreters-cawdor/,/decorative-concrete-south-west-sydney/,Coloured & Decorative,section-4
/concreters-cawdor/,/exposed-aggregate-south-west-sydney/,Exposed Aggregate,section-3
/concreters-cawdor/,/quote/,Get Your FREE Quote Today,section-1
/concreters-cawdor/,/quote/,Get Your FREE Quote Today,section-6
/concreters-cecil-hills/,/concrete-driveways-south-west-sydney/,Concrete Driveways,section-3
/concreters-cecil-hills/,/concrete-paths-south-west-sydney/,Paths & Pathways,section-4
/concreters-cecil-hills/,/concrete-patios-south-west-sydney/,Patios & Alfresco,section-4
/concreters-cecil-hills/,/concrete-slabs-south-west-sydney/,Concrete Slabs,section-3
/concreters-cecil-hills/,/decorative-concrete-south-west-sydney/,Coloured & Decorative,section-4
/concreters-cecil-hills/,/exposed-aggregate-south-west-sydney/,Exposed Aggregate,section-3
/concreters-cecil-hills/,/quote/,Get Your FREE Quote Today,section-1
/concreters-cecil-hills/,/quote/,Get Your FREE Quote Today,section-6
/concreters-cecil-park/,/concrete-driveways-south-west-sydney/,Concrete Driveways,section-3
/concreters-cecil-park/,/concrete-paths-south-west-sydney/,Paths & Pathways,section-4
/concreters-cecil-park/,/concrete-patios-south-west-sydney/,Patios & Alfresco,section-4
/concreters-cecil-park/,/concrete-slabs-south-west-sydney/,Concrete Slabs,section-3
/concreters-cecil-park/,/decorative-concrete-south-west-sydney/,Coloured & Decorative,section-4
/concreters-cecil-park/,/exposed-aggregate-south-west-sydney/,Exposed Aggregate,section-3
/concreters-cecil-park/,/quote/,Get Your FREE Quote Today,section-1
/concreters-cecil-park/,/quote/,Get Your FREE Quote Today,section-6
/concreters-chipping-norton/,/concrete-driveways-south-west-sydney/,Concrete Driveways,section-3
/concreters-chipping-norton/,/concrete-paths-south-west-sydney/,Paths & Pathways,section-4
/concreters-chipping-norton/,/concrete-patios-south-west-sydney/,Patios & Alfresco,section-4
/concreters-chipping-norton/,/concrete-slabs-south-west-sydney/,Concrete Slabs,section-3
/concreters-chipping-norton/,/decorative-concrete-south-west-sydney/,Coloured & Decorative,section-4
/concreters-chipping-norton/,/exposed-aggregate-south-west-sydney/,Exposed Aggregate,section-3
/concreters-chipping-norton/,/quote/,Get Your FREE Quote Today,section-1
/concreters-chipping-norton/,/quote/,Get Your FREE Quote Today,section-6
/concreters-cobbitty/,/commercial-concreting-cobbitty/,Commercial Concreting in Cobbitty,section-7
/concreters-cobbitty/,/commercial-concreting-south-west-sydney/,commercial concreting in Cobbitty,section-7
/concreters-cobbitty/,/concrete-crossovers-and-laybacks-south-west-sydney/,crossover work in Cobbitty,section-9
/concreters-cobbitty/,/concrete-driveways-cobbitty/,Concrete Driveways in Cobbitty,section-6
/concreters-cobbitty/,/concrete-driveways-south-west-sydney/,Concrete Driveways,section-3
/concreters-cobbitty/,/concrete-paths-south-west-sydney/,Paths & Pathways,section-4
/concreters-cobbitty/,/concrete-patios-south-west-sydney/,Patios & Alfresco,section-4
/concreters-cobbitty/,/concrete-slabs-south-west-sydney/,Concrete Slabs,section-3
/concreters-cobbitty/,/concreters-bringelly/,Bringelly,section-13
/concreters-cobbitty/,/concreters-catherine-field/,Catherine Field,section-13
/concreters-cobbitty/,/concreters-elderslie/,Elderslie,section-13
/concreters-cobbitty/,/decorative-concrete-south-west-sydney/,Coloured & Decorative,section-4
/concreters-cobbitty/,/exposed-aggregate-south-west-sydney/,Exposed Aggregate,section-3
/concreters-cobbitty/,/guides/camden-council-driveway-crossing/,vehicle-crossing requirements guide,section-9
/concreters-cobbitty/,/guides/site-classification-explained/,site classification explained reference for Cobbitty,section-9
/concreters-cobbitty/,/quote/,Get Your FREE Quote Today,section-1
/concreters-cobbitty/,/quote/,Get Your FREE Quote Today,section-15
/concreters-currans-hill/,/concrete-crossovers-and-laybacks-currans-hill/,Concrete Crossovers and Laybacks in Currans Hill,section-6
/concreters-currans-hill/,/concrete-crossovers-and-laybacks-south-west-sydney/,crossover work in Currans Hill,section-9
/concreters-currans-hill/,/concrete-driveway-replacement-currans-hill/,Concrete Driveway Replacement in Currans Hill,section-7
/concreters-currans-hill/,/concrete-driveway-replacement-south-west-sydney/,driveway replacement in Currans Hill,section-5
/concreters-currans-hill/,/concrete-driveways-south-west-sydney/,Concrete Driveways in Currans Hill,section-3
/concreters-currans-hill/,/concrete-paths-south-west-sydney/,Paths & Pathways in Currans Hill,section-4
/concreters-currans-hill/,/concrete-patios-south-west-sydney/,Patios & Alfresco in Currans Hill,section-4
/concreters-currans-hill/,/concrete-slabs-south-west-sydney/,Concrete Slabs in Currans Hill,section-3
/concreters-currans-hill/,/concreters-harrington-park/,Harrington Park,section-13
/concreters-currans-hill/,/concreters-mount-annan/,Mount Annan,section-13
/concreters-currans-hill/,/concreters-narellan/,Narellan,section-13
/concreters-currans-hill/,/decorative-concrete-south-west-sydney/,Coloured & Decorative in Currans Hill,section-4
/concreters-currans-hill/,/exposed-aggregate-south-west-sydney/,Exposed Aggregate in Currans Hill,section-3
/concreters-currans-hill/,/guides/camden-council-driveway-crossing/,vehicle-crossing requirements guide,section-9
/concreters-currans-hill/,/guides/control-joints-and-saw-cut-timing/,control joints and saw cut timing reference for Currans Hill,section-9
/concreters-currans-hill/,/quote/,Get Your FREE Quote Today,section-1
/concreters-currans-hill/,/quote/,Get Your FREE Quote Today,section-15
/concreters-douglas-park/,/concrete-driveways-south-west-sydney/,Concrete Driveways,section-3
/concreters-douglas-park/,/concrete-paths-south-west-sydney/,Paths & Pathways,section-4
/concreters-douglas-park/,/concrete-patios-south-west-sydney/,Patios & Alfresco,section-4
/concreters-douglas-park/,/concrete-slabs-south-west-sydney/,Concrete Slabs,section-3
/concreters-douglas-park/,/decorative-concrete-south-west-sydney/,Coloured & Decorative,section-4
/concreters-douglas-park/,/exposed-aggregate-south-west-sydney/,Exposed Aggregate,section-3
/concreters-douglas-park/,/quote/,Get Your FREE Quote Today,section-1
/concreters-douglas-park/,/quote/,Get Your FREE Quote Today,section-6
/concreters-eagle-vale/,/concrete-driveways-south-west-sydney/,Concrete Driveways,section-3
/concreters-eagle-vale/,/concrete-paths-south-west-sydney/,Paths & Pathways,section-4
/concreters-eagle-vale/,/concrete-patios-south-west-sydney/,Patios & Alfresco,section-4
/concreters-eagle-vale/,/concrete-slabs-south-west-sydney/,Concrete Slabs,section-3
/concreters-eagle-vale/,/decorative-concrete-south-west-sydney/,Coloured & Decorative,section-4
/concreters-eagle-vale/,/exposed-aggregate-south-west-sydney/,Exposed Aggregate,section-3
/concreters-eagle-vale/,/quote/,Get Your FREE Quote Today,section-1
/concreters-eagle-vale/,/quote/,Get Your FREE Quote Today,section-6
/concreters-edmondson-park/,/concrete-crossovers-and-laybacks-south-west-sydney/,crossover work in Edmondson Park,section-9
/concreters-edmondson-park/,/concrete-driveways-edmondson-park/,Concrete Driveways in Edmondson Park,section-8
/concreters-edmondson-park/,/concrete-driveways-south-west-sydney/,Concrete Driveways,section-3
/concreters-edmondson-park/,/concrete-paths-edmondson-park/,Concrete Paths and Pathways in Edmondson Park,section-6
/concreters-edmondson-park/,/concrete-paths-south-west-sydney/,Paths & Pathways,section-4
/concreters-edmondson-park/,/concrete-patios-edmondson-park/,Concrete Patios and Alfresco Slabs in Edmondson Park,section-7
/concreters-edmondson-park/,/concrete-patios-south-west-sydney/,Patios & Alfresco,section-4
/concreters-edmondson-park/,/concrete-slabs-south-west-sydney/,Concrete Slabs,section-3
/concreters-edmondson-park/,/concreters-austral/,Austral,section-13
/concreters-edmondson-park/,/concreters-bringelly/,Bringelly,section-13
/concreters-edmondson-park/,/concreters-leppington/,Leppington,section-13
/concreters-edmondson-park/,/decorative-concrete-south-west-sydney/,Coloured & Decorative,section-4
/concreters-edmondson-park/,/exposed-aggregate-south-west-sydney/,Exposed Aggregate,section-3
/concreters-edmondson-park/,/guides/engineered-fill-and-why-new-estate-slabs-crack/,engineered fill and why new estate slabs crack reference for Edmondson Park,section-9
/concreters-edmondson-park/,/guides/liverpool-council-vehicle-crossing/,vehicle-crossing requirements guide,section-9
/concreters-edmondson-park/,/quote/,Get Your FREE Quote Today,section-1
/concreters-edmondson-park/,/quote/,Get Your FREE Quote Today,section-15
/concreters-elderslie/,/concrete-crossovers-and-laybacks-south-west-sydney/,crossover work in Elderslie,section-9
/concreters-elderslie/,/concrete-driveways-south-west-sydney/,Concrete Driveways in Elderslie,section-3
/concreters-elderslie/,/concrete-paths-south-west-sydney/,Paths & Pathways in Elderslie,section-4
/concreters-elderslie/,/concrete-patios-elderslie/,Concrete Patios and Alfresco Slabs in Elderslie,section-6
/concreters-elderslie/,/concrete-patios-south-west-sydney/,Patios & Alfresco in Elderslie,section-4
/concreters-elderslie/,/concrete-slabs-south-west-sydney/,Concrete Slabs in Elderslie,section-3
/concreters-elderslie/,/concreters-cobbitty/,Cobbitty,section-13
/concreters-elderslie/,/concreters-narellan/,Narellan,section-13
/concreters-elderslie/,/concreters-spring-farm/,Spring Farm,section-13
/concreters-elderslie/,/decorative-concrete-south-west-sydney/,Coloured & Decorative in Elderslie,section-4
/concreters-elderslie/,/exposed-aggregate-south-west-sydney/,Exposed Aggregate in Elderslie,section-3
/concreters-elderslie/,/guides/camden-council-driveway-crossing/,vehicle-crossing requirements guide,section-9
/concreters-elderslie/,/guides/reactive-clay-slabs-as2870/,reactive clay slabs as 2870 reference for Elderslie,section-9
/concreters-elderslie/,/quote/,Get Your FREE Quote Today,section-1
/concreters-elderslie/,/quote/,Get Your FREE Quote Today,section-15
/concreters-elizabeth-hills/,/concrete-driveways-south-west-sydney/,Concrete Driveways,section-3
/concreters-elizabeth-hills/,/concrete-paths-south-west-sydney/,Paths & Pathways,section-4
/concreters-elizabeth-hills/,/concrete-patios-south-west-sydney/,Patios & Alfresco,section-4
/concreters-elizabeth-hills/,/concrete-slabs-south-west-sydney/,Concrete Slabs,section-3
/concreters-elizabeth-hills/,/decorative-concrete-south-west-sydney/,Coloured & Decorative,section-4
/concreters-elizabeth-hills/,/exposed-aggregate-south-west-sydney/,Exposed Aggregate,section-3
/concreters-elizabeth-hills/,/quote/,Get Your FREE Quote Today,section-1
/concreters-elizabeth-hills/,/quote/,Get Your FREE Quote Today,section-6
/concreters-ellis-lane/,/concrete-driveways-south-west-sydney/,Concrete Driveways,section-3
/concreters-ellis-lane/,/concrete-paths-south-west-sydney/,Paths & Pathways,section-4
/concreters-ellis-lane/,/concrete-patios-south-west-sydney/,Patios & Alfresco,section-4
/concreters-ellis-lane/,/concrete-slabs-south-west-sydney/,Concrete Slabs,section-3
/concreters-ellis-lane/,/decorative-concrete-south-west-sydney/,Coloured & Decorative,section-4
/concreters-ellis-lane/,/exposed-aggregate-south-west-sydney/,Exposed Aggregate,section-3
/concreters-ellis-lane/,/quote/,Get Your FREE Quote Today,section-1
/concreters-ellis-lane/,/quote/,Get Your FREE Quote Today,section-6
/concreters-gilead/,/concrete-driveways-south-west-sydney/,Concrete Driveways,section-3
/concreters-gilead/,/concrete-paths-south-west-sydney/,Paths & Pathways,section-4
/concreters-gilead/,/concrete-patios-south-west-sydney/,Patios & Alfresco,section-4
/concreters-gilead/,/concrete-slabs-south-west-sydney/,Concrete Slabs,section-3
/concreters-gilead/,/decorative-concrete-south-west-sydney/,Coloured & Decorative,section-4
/concreters-gilead/,/exposed-aggregate-south-west-sydney/,Exposed Aggregate,section-3
/concreters-gilead/,/quote/,Get Your FREE Quote Today,section-1
/concreters-gilead/,/quote/,Get Your FREE Quote Today,section-6
/concreters-gledswood-hills/,/concrete-crossovers-and-laybacks-south-west-sydney/,crossover work in Gledswood Hills,section-9
/concreters-gledswood-hills/,/concrete-driveways-south-west-sydney/,Concrete Driveways,section-3
/concreters-gledswood-hills/,/concrete-paths-south-west-sydney/,Paths & Pathways,section-4
/concreters-gledswood-hills/,/concrete-patios-gledswood-hills/,Concrete Patios and Alfresco Slabs in Gledswood Hills,section-8
/concreters-gledswood-hills/,/concrete-patios-south-west-sydney/,Patios & Alfresco,section-4
/concreters-gledswood-hills/,/concrete-slabs-gledswood-hills/,Concrete Slabs in Gledswood Hills,section-6
/concreters-gledswood-hills/,/concrete-slabs-south-west-sydney/,Concrete Slabs,section-3
/concreters-gledswood-hills/,/concreters-catherine-field/,Catherine Field,section-13
/concreters-gledswood-hills/,/concreters-gregory-hills/,Gregory Hills,section-13
/concreters-gledswood-hills/,/concreters-harrington-park/,Harrington Park,section-13
/concreters-gledswood-hills/,/concreters-oran-park/,Oran Park,section-13
/concreters-gledswood-hills/,/decorative-concrete-south-west-sydney/,Coloured & Decorative,section-4
/concreters-gledswood-hills/,/exposed-aggregate-gledswood-hills/,Exposed Aggregate Concrete in Gledswood Hills,section-7
/concreters-gledswood-hills/,/exposed-aggregate-south-west-sydney/,Exposed Aggregate,section-3
/concreters-gledswood-hills/,/guides/camden-council-driveway-crossing/,vehicle-crossing requirements guide,section-9
/concreters-gledswood-hills/,/guides/salinity-and-concrete-western-sydney/,salinity and concrete western sydney reference for Gledswood Hills,section-9
/concreters-gledswood-hills/,/quote/,Get Your FREE Quote Today,section-1
/concreters-gledswood-hills/,/quote/,Get Your FREE Quote Today,section-15
/concreters-gledswood-hills/,/shed-and-garage-slabs-south-west-sydney/,shed and garage slabs in Gledswood Hills,section-6
/concreters-glen-alpine/,/concrete-driveways-south-west-sydney/,Concrete Driveways,section-3
/concreters-glen-alpine/,/concrete-paths-south-west-sydney/,Paths & Pathways,section-4
/concreters-glen-alpine/,/concrete-patios-south-west-sydney/,Patios & Alfresco,section-4
/concreters-glen-alpine/,/concrete-slabs-south-west-sydney/,Concrete Slabs,section-3
/concreters-glen-alpine/,/decorative-concrete-south-west-sydney/,Coloured & Decorative,section-4
/concreters-glen-alpine/,/exposed-aggregate-south-west-sydney/,Exposed Aggregate,section-3
/concreters-glen-alpine/,/quote/,Get Your FREE Quote Today,section-1
/concreters-glen-alpine/,/quote/,Get Your FREE Quote Today,section-6
/concreters-glenfield/,/concrete-driveways-south-west-sydney/,Concrete Driveways,section-3
/concreters-glenfield/,/concrete-paths-south-west-sydney/,Paths & Pathways,section-4
/concreters-glenfield/,/concrete-patios-south-west-sydney/,Patios & Alfresco,section-4
/concreters-glenfield/,/concrete-slabs-south-west-sydney/,Concrete Slabs,section-3
/concreters-glenfield/,/decorative-concrete-south-west-sydney/,Coloured & Decorative,section-4
/concreters-glenfield/,/exposed-aggregate-south-west-sydney/,Exposed Aggregate,section-3
/concreters-glenfield/,/quote/,Get Your FREE Quote Today,section-1
/concreters-glenfield/,/quote/,Get Your FREE Quote Today,section-6
/concreters-grasmere/,/concrete-driveways-south-west-sydney/,Concrete Driveways,section-3
/concreters-grasmere/,/concrete-paths-south-west-sydney/,Paths & Pathways,section-4
/concreters-grasmere/,/concrete-patios-south-west-sydney/,Patios & Alfresco,section-4
/concreters-grasmere/,/concrete-slabs-south-west-sydney/,Concrete Slabs,section-3
/concreters-grasmere/,/decorative-concrete-south-west-sydney/,Coloured & Decorative,section-4
/concreters-grasmere/,/exposed-aggregate-south-west-sydney/,Exposed Aggregate,section-3
/concreters-grasmere/,/quote/,Get Your FREE Quote Today,section-1
/concreters-grasmere/,/quote/,Get Your FREE Quote Today,section-6
/concreters-gregory-hills/,/commercial-concreting-gregory-hills/,Commercial Concreting in Gregory Hills,section-6
/concreters-gregory-hills/,/commercial-concreting-south-west-sydney/,commercial concreting in Gregory Hills,section-7
/concreters-gregory-hills/,/concrete-crossovers-and-laybacks-south-west-sydney/,crossover work in Gregory Hills,section-9
/concreters-gregory-hills/,/concrete-driveways-south-west-sydney/,Concrete Driveways,section-3
/concreters-gregory-hills/,/concrete-paths-south-west-sydney/,Paths & Pathways,section-4
/concreters-gregory-hills/,/concrete-patios-south-west-sydney/,Patios & Alfresco,section-4
/concreters-gregory-hills/,/concrete-slabs-gregory-hills/,Concrete Slabs in Gregory Hills,section-7
/concreters-gregory-hills/,/concrete-slabs-south-west-sydney/,Concrete Slabs,section-3
/concreters-gregory-hills/,/concreters-currans-hill/,Currans Hill,section-13
/concreters-gregory-hills/,/concreters-gledswood-hills/,Gledswood Hills,section-13
/concreters-gregory-hills/,/concreters-narellan/,Narellan,section-13
/concreters-gregory-hills/,/concreters-oran-park/,Oran Park,section-13
/concreters-gregory-hills/,/decorative-concrete-south-west-sydney/,Coloured & Decorative,section-4
/concreters-gregory-hills/,/exposed-aggregate-south-west-sydney/,Exposed Aggregate,section-3
/concreters-gregory-hills/,/guides/camden-council-driveway-crossing/,vehicle-crossing requirements guide,section-9
/concreters-gregory-hills/,/guides/commercial-hardstand-cost/,commercial hardstand cost reference for Gregory Hills,section-9
/concreters-gregory-hills/,/quote/,Get Your FREE Quote Today,section-1
/concreters-gregory-hills/,/quote/,Get Your FREE Quote Today,section-15
/concreters-harrington-park/,/concrete-crossovers-and-laybacks-south-west-sydney/,crossover work in Harrington Park,section-9
/concreters-harrington-park/,/concrete-driveway-replacement-harrington-park/,Concrete Driveway Replacement in Harrington Park,section-8
/concreters-harrington-park/,/concrete-driveway-replacement-south-west-sydney/,driveway replacement in Harrington Park,section-5
/concreters-harrington-park/,/concrete-driveways-south-west-sydney/,Concrete Driveways in Harrington Park,section-3
/concreters-harrington-park/,/concrete-paths-south-west-sydney/,Paths & Pathways in Harrington Park,section-4
/concreters-harrington-park/,/concrete-patios-south-west-sydney/,Patios & Alfresco in Harrington Park,section-4
/concreters-harrington-park/,/concrete-slabs-south-west-sydney/,Concrete Slabs in Harrington Park,section-3
/concreters-harrington-park/,/concreters-gledswood-hills/,Gledswood Hills,section-13
/concreters-harrington-park/,/concreters-mount-annan/,Mount Annan,section-13
/concreters-harrington-park/,/concreters-narellan/,Narellan,section-13
/concreters-harrington-park/,/decorative-concrete-harrington-park/,Decorative Concrete in Harrington Park,section-7
/concreters-harrington-park/,/decorative-concrete-south-west-sydney/,Coloured & Decorative in Harrington Park,section-4
/concreters-harrington-park/,/exposed-aggregate-harrington-park/,Exposed Aggregate Concrete in Harrington Park,section-6
/concreters-harrington-park/,/exposed-aggregate-south-west-sydney/,Exposed Aggregate in Harrington Park,section-3
/concreters-harrington-park/,/guides/camden-council-driveway-crossing/,vehicle-crossing requirements guide,section-9
/concreters-harrington-park/,/guides/concrete-repair-vs-replace/,concrete repair vs replace reference for Harrington Park,section-9
/concreters-harrington-park/,/quote/,Get Your FREE Quote Today,section-1
/concreters-harrington-park/,/quote/,Get Your FREE Quote Today,section-15
/concreters-horningsea-park/,/concrete-driveways-south-west-sydney/,Concrete Driveways,section-3
/concreters-horningsea-park/,/concrete-paths-south-west-sydney/,Paths & Pathways,section-4
/concreters-horningsea-park/,/concrete-patios-south-west-sydney/,Patios & Alfresco,section-4
/concreters-horningsea-park/,/concrete-slabs-south-west-sydney/,Concrete Slabs,section-3
/concreters-horningsea-park/,/decorative-concrete-south-west-sydney/,Coloured & Decorative,section-4
/concreters-horningsea-park/,/exposed-aggregate-south-west-sydney/,Exposed Aggregate,section-3
/concreters-horningsea-park/,/quote/,Get Your FREE Quote Today,section-1
/concreters-horningsea-park/,/quote/,Get Your FREE Quote Today,section-6
/concreters-hoxton-park/,/concrete-driveways-south-west-sydney/,Concrete Driveways,section-3
/concreters-hoxton-park/,/concrete-paths-south-west-sydney/,Paths & Pathways,section-4
/concreters-hoxton-park/,/concrete-patios-south-west-sydney/,Patios & Alfresco,section-4
/concreters-hoxton-park/,/concrete-slabs-south-west-sydney/,Concrete Slabs,section-3
/concreters-hoxton-park/,/decorative-concrete-south-west-sydney/,Coloured & Decorative,section-4
/concreters-hoxton-park/,/exposed-aggregate-south-west-sydney/,Exposed Aggregate,section-3
/concreters-hoxton-park/,/quote/,Get Your FREE Quote Today,section-1
/concreters-hoxton-park/,/quote/,Get Your FREE Quote Today,section-6
/concreters-ingleburn/,/concrete-driveways-south-west-sydney/,Concrete Driveways,section-3
/concreters-ingleburn/,/concrete-paths-south-west-sydney/,Paths & Pathways,section-4
/concreters-ingleburn/,/concrete-patios-south-west-sydney/,Patios & Alfresco,section-4
/concreters-ingleburn/,/concrete-slabs-south-west-sydney/,Concrete Slabs,section-3
/concreters-ingleburn/,/decorative-concrete-south-west-sydney/,Coloured & Decorative,section-4
/concreters-ingleburn/,/exposed-aggregate-south-west-sydney/,Exposed Aggregate,section-3
/concreters-ingleburn/,/quote/,Get Your FREE Quote Today,section-1
/concreters-ingleburn/,/quote/,Get Your FREE Quote Today,section-6
/concreters-kemps-creek/,/concrete-driveways-south-west-sydney/,Concrete Driveways,section-3
/concreters-kemps-creek/,/concrete-paths-south-west-sydney/,Paths & Pathways,section-4
/concreters-kemps-creek/,/concrete-patios-south-west-sydney/,Patios & Alfresco,section-4
/concreters-kemps-creek/,/concrete-slabs-south-west-sydney/,Concrete Slabs,section-3
/concreters-kemps-creek/,/decorative-concrete-south-west-sydney/,Coloured & Decorative,section-4
/concreters-kemps-creek/,/exposed-aggregate-south-west-sydney/,Exposed Aggregate,section-3
/concreters-kemps-creek/,/quote/,Get Your FREE Quote Today,section-1
/concreters-kemps-creek/,/quote/,Get Your FREE Quote Today,section-6
/concreters-kirkham/,/concrete-driveways-south-west-sydney/,Concrete Driveways,section-3
/concreters-kirkham/,/concrete-paths-south-west-sydney/,Paths & Pathways,section-4
/concreters-kirkham/,/concrete-patios-south-west-sydney/,Patios & Alfresco,section-4
/concreters-kirkham/,/concrete-slabs-south-west-sydney/,Concrete Slabs,section-3
/concreters-kirkham/,/decorative-concrete-south-west-sydney/,Coloured & Decorative,section-4
/concreters-kirkham/,/exposed-aggregate-south-west-sydney/,Exposed Aggregate,section-3
/concreters-kirkham/,/quote/,Get Your FREE Quote Today,section-1
/concreters-kirkham/,/quote/,Get Your FREE Quote Today,section-6
/concreters-len-waters-estate/,/concrete-driveways-south-west-sydney/,Concrete Driveways,section-3
/concreters-len-waters-estate/,/concrete-paths-south-west-sydney/,Paths & Pathways,section-4
/concreters-len-waters-estate/,/concrete-patios-south-west-sydney/,Patios & Alfresco,section-4
/concreters-len-waters-estate/,/concrete-slabs-south-west-sydney/,Concrete Slabs,section-3
/concreters-len-waters-estate/,/decorative-concrete-south-west-sydney/,Coloured & Decorative,section-4
/concreters-len-waters-estate/,/exposed-aggregate-south-west-sydney/,Exposed Aggregate,section-3
/concreters-len-waters-estate/,/quote/,Get Your FREE Quote Today,section-1
/concreters-len-waters-estate/,/quote/,Get Your FREE Quote Today,section-6
/concreters-leppington/,/concrete-crossovers-and-laybacks-leppington/,Concrete Crossovers and Laybacks in Leppington,section-6
/concreters-leppington/,/concrete-crossovers-and-laybacks-south-west-sydney/,crossover work in Leppington,section-9
/concreters-leppington/,/concrete-driveways-leppington/,Concrete Driveways in Leppington,section-8
/concreters-leppington/,/concrete-driveways-south-west-sydney/,Concrete Driveways,section-3
/concreters-leppington/,/concrete-paths-south-west-sydney/,Paths & Pathways,section-4
/concreters-leppington/,/concrete-patios-south-west-sydney/,Patios & Alfresco,section-4
/concreters-leppington/,/concrete-slabs-leppington/,Concrete Slabs in Leppington,section-7
/concreters-leppington/,/concrete-slabs-south-west-sydney/,Concrete Slabs,section-3
/concreters-leppington/,/concreters-austral/,Austral,section-13
/concreters-leppington/,/concreters-catherine-field/,Catherine Field,section-13
/concreters-leppington/,/concreters-edmondson-park/,Edmondson Park,section-13
/concreters-leppington/,/concreters-oran-park/,Oran Park,section-13
/concreters-leppington/,/decorative-concrete-south-west-sydney/,Coloured & Decorative,section-4
/concreters-leppington/,/exposed-aggregate-south-west-sydney/,Exposed Aggregate,section-3
/concreters-leppington/,/guides/liverpool-council-vehicle-crossing/,vehicle-crossing requirements guide,section-9
/concreters-leppington/,/guides/reactive-clay-slabs-as2870/,reactive clay slabs as 2870 reference for Leppington,section-9
/concreters-leppington/,/quote/,Get Your FREE Quote Today,section-1
/concreters-leppington/,/quote/,Get Your FREE Quote Today,section-15
/concreters-leppington/,/shed-and-garage-slabs-south-west-sydney/,shed and garage slabs in Leppington,section-6
/concreters-leumeah/,/concrete-driveways-south-west-sydney/,Concrete Driveways,section-3
/concreters-leumeah/,/concrete-paths-south-west-sydney/,Paths & Pathways,section-4
/concreters-leumeah/,/concrete-patios-south-west-sydney/,Patios & Alfresco,section-4
/concreters-leumeah/,/concrete-slabs-south-west-sydney/,Concrete Slabs,section-3
/concreters-leumeah/,/decorative-concrete-south-west-sydney/,Coloured & Decorative,section-4
/concreters-leumeah/,/exposed-aggregate-south-west-sydney/,Exposed Aggregate,section-3
/concreters-leumeah/,/quote/,Get Your FREE Quote Today,section-1
/concreters-leumeah/,/quote/,Get Your FREE Quote Today,section-6
/concreters-macquarie-fields/,/concrete-driveways-south-west-sydney/,Concrete Driveways,section-3
/concreters-macquarie-fields/,/concrete-paths-south-west-sydney/,Paths & Pathways,section-4
/concreters-macquarie-fields/,/concrete-patios-south-west-sydney/,Patios & Alfresco,section-4
/concreters-macquarie-fields/,/concrete-slabs-south-west-sydney/,Concrete Slabs,section-3
/concreters-macquarie-fields/,/decorative-concrete-south-west-sydney/,Coloured & Decorative,section-4
/concreters-macquarie-fields/,/exposed-aggregate-south-west-sydney/,Exposed Aggregate,section-3
/concreters-macquarie-fields/,/quote/,Get Your FREE Quote Today,section-1
/concreters-macquarie-fields/,/quote/,Get Your FREE Quote Today,section-6
/concreters-menangle-park/,/concrete-driveways-south-west-sydney/,Concrete Driveways,section-3
/concreters-menangle-park/,/concrete-paths-south-west-sydney/,Paths & Pathways,section-4
/concreters-menangle-park/,/concrete-patios-south-west-sydney/,Patios & Alfresco,section-4
/concreters-menangle-park/,/concrete-slabs-south-west-sydney/,Concrete Slabs,section-3
/concreters-menangle-park/,/decorative-concrete-south-west-sydney/,Coloured & Decorative,section-4
/concreters-menangle-park/,/exposed-aggregate-south-west-sydney/,Exposed Aggregate,section-3
/concreters-menangle-park/,/quote/,Get Your FREE Quote Today,section-1
/concreters-menangle-park/,/quote/,Get Your FREE Quote Today,section-6
/concreters-menangle/,/concrete-driveways-south-west-sydney/,Concrete Driveways,section-3
/concreters-menangle/,/concrete-paths-south-west-sydney/,Paths & Pathways,section-4
/concreters-menangle/,/concrete-patios-south-west-sydney/,Patios & Alfresco,section-4
/concreters-menangle/,/concrete-slabs-south-west-sydney/,Concrete Slabs,section-3
/concreters-menangle/,/decorative-concrete-south-west-sydney/,Coloured & Decorative,section-4
/concreters-menangle/,/exposed-aggregate-south-west-sydney/,Exposed Aggregate,section-3
/concreters-menangle/,/quote/,Get Your FREE Quote Today,section-1
/concreters-menangle/,/quote/,Get Your FREE Quote Today,section-6
/concreters-middleton-grange/,/concrete-driveways-south-west-sydney/,Concrete Driveways,section-3
/concreters-middleton-grange/,/concrete-paths-south-west-sydney/,Paths & Pathways,section-4
/concreters-middleton-grange/,/concrete-patios-south-west-sydney/,Patios & Alfresco,section-4
/concreters-middleton-grange/,/concrete-slabs-south-west-sydney/,Concrete Slabs,section-3
/concreters-middleton-grange/,/decorative-concrete-south-west-sydney/,Coloured & Decorative,section-4
/concreters-middleton-grange/,/exposed-aggregate-south-west-sydney/,Exposed Aggregate,section-3
/concreters-middleton-grange/,/quote/,Get Your FREE Quote Today,section-1
/concreters-middleton-grange/,/quote/,Get Your FREE Quote Today,section-6
/concreters-minto/,/concrete-driveways-south-west-sydney/,Concrete Driveways,section-3
/concreters-minto/,/concrete-paths-south-west-sydney/,Paths & Pathways,section-4
/concreters-minto/,/concrete-patios-south-west-sydney/,Patios & Alfresco,section-4
/concreters-minto/,/concrete-slabs-south-west-sydney/,Concrete Slabs,section-3
/concreters-minto/,/decorative-concrete-south-west-sydney/,Coloured & Decorative,section-4
/concreters-minto/,/exposed-aggregate-south-west-sydney/,Exposed Aggregate,section-3
/concreters-minto/,/quote/,Get Your FREE Quote Today,section-1
/concreters-minto/,/quote/,Get Your FREE Quote Today,section-6
/concreters-moorebank/,/concrete-driveways-south-west-sydney/,Concrete Driveways,section-3
/concreters-moorebank/,/concrete-paths-south-west-sydney/,Paths & Pathways,section-4
/concreters-moorebank/,/concrete-patios-south-west-sydney/,Patios & Alfresco,section-4
/concreters-moorebank/,/concrete-slabs-south-west-sydney/,Concrete Slabs,section-3
/concreters-moorebank/,/decorative-concrete-south-west-sydney/,Coloured & Decorative,section-4
/concreters-moorebank/,/exposed-aggregate-south-west-sydney/,Exposed Aggregate,section-3
/concreters-moorebank/,/quote/,Get Your FREE Quote Today,section-1
/concreters-moorebank/,/quote/,Get Your FREE Quote Today,section-6
/concreters-mount-annan/,/concrete-crossovers-and-laybacks-south-west-sydney/,crossover work in Mount Annan,section-9
/concreters-mount-annan/,/concrete-driveway-replacement-mount-annan/,Concrete Driveway Replacement in Mount Annan,section-6
/concreters-mount-annan/,/concrete-driveway-replacement-south-west-sydney/,driveway replacement in Mount Annan,section-5
/concreters-mount-annan/,/concrete-driveways-south-west-sydney/,Concrete Driveways,section-3
/concreters-mount-annan/,/concrete-paths-south-west-sydney/,Paths & Pathways,section-4
/concreters-mount-annan/,/concrete-patios-south-west-sydney/,Patios & Alfresco,section-4
/concreters-mount-annan/,/concrete-slabs-south-west-sydney/,Concrete Slabs,section-3
/concreters-mount-annan/,/concreters-currans-hill/,Currans Hill,section-13
/concreters-mount-annan/,/concreters-harrington-park/,Harrington Park,section-13
/concreters-mount-annan/,/concreters-narellan/,Narellan,section-13
/concreters-mount-annan/,/decorative-concrete-south-west-sydney/,Coloured & Decorative,section-4
/concreters-mount-annan/,/exposed-aggregate-south-west-sydney/,Exposed Aggregate,section-3
/concreters-mount-annan/,/guides/camden-council-driveway-crossing/,vehicle-crossing requirements guide,section-9
/concreters-mount-annan/,/guides/concrete-crack-types-and-which-matter/,concrete crack types and which matter reference for Mount Annan,section-9
/concreters-mount-annan/,/quote/,Get Your FREE Quote Today,section-1
/concreters-mount-annan/,/quote/,Get Your FREE Quote Today,section-15
/concreters-narellan-vale/,/concrete-driveways-south-west-sydney/,Concrete Driveways,section-3
/concreters-narellan-vale/,/concrete-paths-south-west-sydney/,Paths & Pathways,section-4
/concreters-narellan-vale/,/concrete-patios-south-west-sydney/,Patios & Alfresco,section-4
/concreters-narellan-vale/,/concrete-slabs-south-west-sydney/,Concrete Slabs,section-3
/concreters-narellan-vale/,/decorative-concrete-south-west-sydney/,Coloured & Decorative,section-4
/concreters-narellan-vale/,/exposed-aggregate-south-west-sydney/,Exposed Aggregate,section-3
/concreters-narellan-vale/,/quote/,Get Your FREE Quote Today,section-1
/concreters-narellan-vale/,/quote/,Get Your FREE Quote Today,section-6
/concreters-narellan/,/commercial-concreting-narellan/,Commercial Concreting in Narellan,section-6
/concreters-narellan/,/commercial-concreting-south-west-sydney/,commercial concreting in Narellan,section-7
/concreters-narellan/,/concrete-crossovers-and-laybacks-south-west-sydney/,crossover work in Narellan,section-9
/concreters-narellan/,/concrete-driveway-replacement-narellan/,Concrete Driveway Replacement in Narellan,section-7
/concreters-narellan/,/concrete-driveway-replacement-south-west-sydney/,driveway replacement in Narellan,section-5
/concreters-narellan/,/concrete-driveways-south-west-sydney/,Concrete Driveways,section-3
/concreters-narellan/,/concrete-paths-south-west-sydney/,Paths & Pathways,section-4
/concreters-narellan/,/concrete-patios-south-west-sydney/,Patios & Alfresco,section-4
/concreters-narellan/,/concrete-slabs-south-west-sydney/,Concrete Slabs,section-3
/concreters-narellan/,/concreters-currans-hill/,Currans Hill,section-13
/concreters-narellan/,/concreters-gregory-hills/,Gregory Hills,section-13
/concreters-narellan/,/concreters-harrington-park/,Harrington Park,section-13
/concreters-narellan/,/concreters-mount-annan/,Mount Annan,section-13
/concreters-narellan/,/decorative-concrete-south-west-sydney/,Coloured & Decorative,section-4
/concreters-narellan/,/exposed-aggregate-south-west-sydney/,Exposed Aggregate,section-3
/concreters-narellan/,/guides/camden-council-driveway-crossing/,vehicle-crossing requirements guide,section-9
/concreters-narellan/,/guides/concrete-repair-vs-replace/,concrete repair vs replace reference for Narellan,section-9
/concreters-narellan/,/quote/,Get Your FREE Quote Today,section-1
/concreters-narellan/,/quote/,Get Your FREE Quote Today,section-15
/concreters-oran-park/,/concrete-crossovers-and-laybacks-oran-park/,Concrete Crossovers and Laybacks in Oran Park,section-6
/concreters-oran-park/,/concrete-crossovers-and-laybacks-south-west-sydney/,crossover,section-9
/concreters-oran-park/,/concrete-driveways-oran-park/,Concrete Driveways in Oran Park,section-7
/concreters-oran-park/,/concrete-driveways-south-west-sydney/,Concrete Driveways,section-3
/concreters-oran-park/,/concrete-paths-south-west-sydney/,Paths & Pathways,section-4
/concreters-oran-park/,/concrete-patios-south-west-sydney/,Patios & Alfresco,section-4
/concreters-oran-park/,/concrete-slabs-south-west-sydney/,Concrete Slabs,section-3
/concreters-oran-park/,/concreters-catherine-field/,Catherine Field,section-13
/concreters-oran-park/,/concreters-gledswood-hills/,Gledswood Hills,section-13
/concreters-oran-park/,/concreters-gregory-hills/,Gregory Hills,section-13
/concreters-oran-park/,/concreters-harrington-park/,Harrington Park,section-13
/concreters-oran-park/,/decorative-concrete-south-west-sydney/,Coloured & Decorative,section-4
/concreters-oran-park/,/exposed-aggregate-oran-park/,Exposed Aggregate Concrete in Oran Park,section-9
/concreters-oran-park/,/exposed-aggregate-south-west-sydney/,Exposed Aggregate,section-3
/concreters-oran-park/,/guides/camden-council-driveway-crossing/,Camden Council approval,section-9
/concreters-oran-park/,/guides/engineered-fill-and-why-new-estate-slabs-crack/,engineered fill and why new estate slabs crack reference for Oran Park,section-9
/concreters-oran-park/,/quote/,Get Your FREE Quote Today,section-1
/concreters-oran-park/,/quote/,Get Your FREE Quote Today,section-15
/concreters-oran-park/,/shed-and-garage-slabs-oran-park/,Shed and Garage Slabs in Oran Park,section-8
/concreters-oran-park/,/shed-and-garage-slabs-south-west-sydney/,rear-yard shed slab,section-6
/concreters-picton/,/concrete-driveways-south-west-sydney/,Concrete Driveways,section-3
/concreters-picton/,/concrete-paths-south-west-sydney/,Paths & Pathways,section-4
/concreters-picton/,/concrete-patios-south-west-sydney/,Patios & Alfresco,section-4
/concreters-picton/,/concrete-slabs-south-west-sydney/,Concrete Slabs,section-3
/concreters-picton/,/decorative-concrete-south-west-sydney/,Coloured & Decorative,section-4
/concreters-picton/,/exposed-aggregate-south-west-sydney/,Exposed Aggregate,section-3
/concreters-picton/,/quote/,Get Your FREE Quote Today,section-1
/concreters-picton/,/quote/,Get Your FREE Quote Today,section-6
/concreters-prestons/,/concrete-driveways-south-west-sydney/,Concrete Driveways,section-3
/concreters-prestons/,/concrete-paths-south-west-sydney/,Paths & Pathways,section-4
/concreters-prestons/,/concrete-patios-south-west-sydney/,Patios & Alfresco,section-4
/concreters-prestons/,/concrete-slabs-south-west-sydney/,Concrete Slabs,section-3
/concreters-prestons/,/decorative-concrete-south-west-sydney/,Coloured & Decorative,section-4
/concreters-prestons/,/exposed-aggregate-south-west-sydney/,Exposed Aggregate,section-3
/concreters-prestons/,/quote/,Get Your FREE Quote Today,section-1
/concreters-prestons/,/quote/,Get Your FREE Quote Today,section-6
/concreters-raby/,/concrete-driveways-south-west-sydney/,Concrete Driveways,section-3
/concreters-raby/,/concrete-paths-south-west-sydney/,Paths & Pathways,section-4
/concreters-raby/,/concrete-patios-south-west-sydney/,Patios & Alfresco,section-4
/concreters-raby/,/concrete-slabs-south-west-sydney/,Concrete Slabs,section-3
/concreters-raby/,/decorative-concrete-south-west-sydney/,Coloured & Decorative,section-4
/concreters-raby/,/exposed-aggregate-south-west-sydney/,Exposed Aggregate,section-3
/concreters-raby/,/quote/,Get Your FREE Quote Today,section-1
/concreters-raby/,/quote/,Get Your FREE Quote Today,section-6
/concreters-rossmore/,/concrete-driveways-south-west-sydney/,Concrete Driveways,section-3
/concreters-rossmore/,/concrete-paths-south-west-sydney/,Paths & Pathways,section-4
/concreters-rossmore/,/concrete-patios-south-west-sydney/,Patios & Alfresco,section-4
/concreters-rossmore/,/concrete-slabs-south-west-sydney/,Concrete Slabs,section-3
/concreters-rossmore/,/decorative-concrete-south-west-sydney/,Coloured & Decorative,section-4
/concreters-rossmore/,/exposed-aggregate-south-west-sydney/,Exposed Aggregate,section-3
/concreters-rossmore/,/quote/,Get Your FREE Quote Today,section-1
/concreters-rossmore/,/quote/,Get Your FREE Quote Today,section-6
/concreters-smeaton-grange/,/concrete-driveways-south-west-sydney/,Concrete Driveways,section-3
/concreters-smeaton-grange/,/concrete-paths-south-west-sydney/,Paths & Pathways,section-4
/concreters-smeaton-grange/,/concrete-patios-south-west-sydney/,Patios & Alfresco,section-4
/concreters-smeaton-grange/,/concrete-slabs-south-west-sydney/,Concrete Slabs,section-3
/concreters-smeaton-grange/,/decorative-concrete-south-west-sydney/,Coloured & Decorative,section-4
/concreters-smeaton-grange/,/exposed-aggregate-south-west-sydney/,Exposed Aggregate,section-3
/concreters-smeaton-grange/,/quote/,Get Your FREE Quote Today,section-1
/concreters-smeaton-grange/,/quote/,Get Your FREE Quote Today,section-6
/concreters-spring-farm/,/concrete-crossovers-and-laybacks-south-west-sydney/,crossover work in Spring Farm,section-9
/concreters-spring-farm/,/concrete-crossovers-and-laybacks-spring-farm/,Concrete Crossovers and Laybacks in Spring Farm,section-7
/concreters-spring-farm/,/concrete-driveways-south-west-sydney/,Concrete Driveways,section-3
/concreters-spring-farm/,/concrete-driveways-spring-farm/,Concrete Driveways in Spring Farm,section-6
/concreters-spring-farm/,/concrete-paths-south-west-sydney/,Paths & Pathways,section-4
/concreters-spring-farm/,/concrete-patios-south-west-sydney/,Patios & Alfresco,section-4
/concreters-spring-farm/,/concrete-slabs-south-west-sydney/,Concrete Slabs,section-3
/concreters-spring-farm/,/concreters-currans-hill/,Currans Hill,section-13
/concreters-spring-farm/,/concreters-elderslie/,Elderslie,section-13
/concreters-spring-farm/,/concreters-mount-annan/,Mount Annan,section-13
/concreters-spring-farm/,/decorative-concrete-south-west-sydney/,Coloured & Decorative,section-4
/concreters-spring-farm/,/exposed-aggregate-south-west-sydney/,Exposed Aggregate,section-3
/concreters-spring-farm/,/guides/camden-council-driveway-crossing/,vehicle-crossing requirements guide,section-9
/concreters-spring-farm/,/guides/why-concrete-cracks/,why concrete cracks reference for Spring Farm,section-9
/concreters-spring-farm/,/quote/,Get Your FREE Quote Today,section-1
/concreters-spring-farm/,/quote/,Get Your FREE Quote Today,section-15
/concreters-spring-farm/,/shed-and-garage-slabs-south-west-sydney/,shed and garage slabs in Spring Farm,section-6
/concreters-tahmoor/,/concrete-driveways-south-west-sydney/,Concrete Driveways,section-3
/concreters-tahmoor/,/concrete-paths-south-west-sydney/,Paths & Pathways,section-4
/concreters-tahmoor/,/concrete-patios-south-west-sydney/,Patios & Alfresco,section-4
/concreters-tahmoor/,/concrete-slabs-south-west-sydney/,Concrete Slabs,section-3
/concreters-tahmoor/,/decorative-concrete-south-west-sydney/,Coloured & Decorative,section-4
/concreters-tahmoor/,/exposed-aggregate-south-west-sydney/,Exposed Aggregate,section-3
/concreters-tahmoor/,/quote/,Get Your FREE Quote Today,section-1
/concreters-tahmoor/,/quote/,Get Your FREE Quote Today,section-6
/concreters-the-oaks/,/concrete-driveways-south-west-sydney/,Concrete Driveways,section-3
/concreters-the-oaks/,/concrete-paths-south-west-sydney/,Paths & Pathways,section-4
/concreters-the-oaks/,/concrete-patios-south-west-sydney/,Patios & Alfresco,section-4
/concreters-the-oaks/,/concrete-slabs-south-west-sydney/,Concrete Slabs,section-3
/concreters-the-oaks/,/decorative-concrete-south-west-sydney/,Coloured & Decorative,section-4
/concreters-the-oaks/,/exposed-aggregate-south-west-sydney/,Exposed Aggregate,section-3
/concreters-the-oaks/,/quote/,Get Your FREE Quote Today,section-1
/concreters-the-oaks/,/quote/,Get Your FREE Quote Today,section-6
/concreters-theresa-park/,/concrete-driveways-south-west-sydney/,Concrete Driveways,section-3
/concreters-theresa-park/,/concrete-paths-south-west-sydney/,Paths & Pathways,section-4
/concreters-theresa-park/,/concrete-patios-south-west-sydney/,Patios & Alfresco,section-4
/concreters-theresa-park/,/concrete-slabs-south-west-sydney/,Concrete Slabs,section-3
/concreters-theresa-park/,/decorative-concrete-south-west-sydney/,Coloured & Decorative,section-4
/concreters-theresa-park/,/exposed-aggregate-south-west-sydney/,Exposed Aggregate,section-3
/concreters-theresa-park/,/quote/,Get Your FREE Quote Today,section-1
/concreters-theresa-park/,/quote/,Get Your FREE Quote Today,section-6
/concreters-wattle-grove/,/concrete-driveways-south-west-sydney/,Concrete Driveways,section-3
/concreters-wattle-grove/,/concrete-paths-south-west-sydney/,Paths & Pathways,section-4
/concreters-wattle-grove/,/concrete-patios-south-west-sydney/,Patios & Alfresco,section-4
/concreters-wattle-grove/,/concrete-slabs-south-west-sydney/,Concrete Slabs,section-3
/concreters-wattle-grove/,/decorative-concrete-south-west-sydney/,Coloured & Decorative,section-4
/concreters-wattle-grove/,/exposed-aggregate-south-west-sydney/,Exposed Aggregate,section-3
/concreters-wattle-grove/,/quote/,Get Your FREE Quote Today,section-1
/concreters-wattle-grove/,/quote/,Get Your FREE Quote Today,section-6
/concreters-west-hoxton/,/concrete-driveways-south-west-sydney/,Concrete Driveways,section-3
/concreters-west-hoxton/,/concrete-paths-south-west-sydney/,Paths & Pathways,section-4
/concreters-west-hoxton/,/concrete-patios-south-west-sydney/,Patios & Alfresco,section-4
/concreters-west-hoxton/,/concrete-slabs-south-west-sydney/,Concrete Slabs,section-3
/concreters-west-hoxton/,/decorative-concrete-south-west-sydney/,Coloured & Decorative,section-4
/concreters-west-hoxton/,/exposed-aggregate-south-west-sydney/,Exposed Aggregate,section-3
/concreters-west-hoxton/,/quote/,Get Your FREE Quote Today,section-1
/concreters-west-hoxton/,/quote/,Get Your FREE Quote Today,section-6
/concreters-wilton/,/concrete-driveways-south-west-sydney/,Concrete Driveways,section-3
/concreters-wilton/,/concrete-paths-south-west-sydney/,Paths & Pathways,section-4
/concreters-wilton/,/concrete-patios-south-west-sydney/,Patios & Alfresco,section-4
/concreters-wilton/,/concrete-slabs-south-west-sydney/,Concrete Slabs,section-3
/concreters-wilton/,/decorative-concrete-south-west-sydney/,Coloured & Decorative,section-4
/concreters-wilton/,/exposed-aggregate-south-west-sydney/,Exposed Aggregate,section-3
/concreters-wilton/,/quote/,Get Your FREE Quote Today,section-1
/concreters-wilton/,/quote/,Get Your FREE Quote Today,section-6
/contact/,/quote/,concrete quote page,section-4
/contact/,/quote/,concrete quote page,section-6
/decorative-concrete-harrington-park/,/concreters-harrington-park/,concreting in Harrington Park,section-8
/decorative-concrete-harrington-park/,/decorative-concrete-south-west-sydney/,Decorative Concrete South West Sydney,section-8
/decorative-concrete-harrington-park/,/quote/,Get Your FREE Quote Today,section-11
/decorative-concrete-south-west-sydney/,/coloured-concrete-driveway-cost/,Coloured Concrete Driveway Cost,section-3
/decorative-concrete-south-west-sydney/,/concreters-currans-hill/,Decorative Concrete Currans Hill,section-10
/decorative-concrete-south-west-sydney/,/concreters-edmondson-park/,Decorative Concrete Edmondson Park,section-10
/decorative-concrete-south-west-sydney/,/concreters-elderslie/,Decorative Concrete Elderslie,section-10
/decorative-concrete-south-west-sydney/,/concreters-gledswood-hills/,Decorative Concrete Gledswood Hills,section-10
/decorative-concrete-south-west-sydney/,/concreters-harrington-park/,Decorative Concrete Harrington Park,section-10
/decorative-concrete-south-west-sydney/,/concreters-mount-annan/,Decorative Concrete Mount Annan,section-10
/decorative-concrete-south-west-sydney/,/guides/broom-finish-concrete/,Broom Finish Concrete,section-4
/decorative-concrete-south-west-sydney/,/guides/coloured-concrete-explained/,Coloured Concrete Explained,section-5
/decorative-concrete-south-west-sydney/,/guides/honed-and-polished-concrete/,Honed And Polished Concrete,section-6
/decorative-concrete-south-west-sydney/,/guides/non-slip-finishes-for-pools-and-slopes/,Non Slip Finishes For Pools And Slopes,section-7
/decorative-concrete-south-west-sydney/,/guides/sealing-and-resealing-concrete/,Sealing And Resealing Concrete,section-8
/decorative-concrete-south-west-sydney/,/guides/stencilled-vs-stamped-concrete-cost/,Stencilled vs Stamped Concrete Cost,section-9
/decorative-concrete-south-west-sydney/,/quote/,Get Your FREE Quote Today,section-11
/decorative-concrete-south-west-sydney/,/stencilled-concrete-driveway-cost/,Stencilled Concrete Driveway Cost,section-4
/diy-concrete-vs-hiring-a-concreter/,/concrete-driveways-south-west-sydney/,concrete driveway scopes,section-7
/diy-concrete-vs-hiring-a-concreter/,/concrete-slabs-south-west-sydney/,concrete slab scopes,section-7
/diy-concrete-vs-hiring-a-concreter/,/quote/,Get Your FREE Quote Today,section-1
/diy-concrete-vs-hiring-a-concreter/,/quote/,Get Your FREE Quote Today,section-7
/diy-concrete-vs-hiring-a-concreter/,/quote/,on-site quote request,section-7
/driveway-cost-calculator/,/concrete-driveways-south-west-sydney/,concrete driveway scopes,section-3
/driveway-cost-calculator/,/concrete-slabs-south-west-sydney/,concrete slab scopes,section-3
/driveway-cost-calculator/,/quote/,Get Your FREE Quote Today,section-10
/driveway-cost-calculator/,/quote/,on-site quote request,section-3
/exposed-aggregate-driveway-cost/,/concrete-driveways-south-west-sydney/,concrete driveway scopes,section-3
/exposed-aggregate-driveway-cost/,/concrete-slabs-south-west-sydney/,concrete slab scopes,section-3
/exposed-aggregate-driveway-cost/,/quote/,Get Your FREE Quote Today,section-10
/exposed-aggregate-driveway-cost/,/quote/,on-site quote request,section-3
/exposed-aggregate-gledswood-hills/,/concreters-gledswood-hills/,concreting in Gledswood Hills,section-7
/exposed-aggregate-gledswood-hills/,/exposed-aggregate-south-west-sydney/,Exposed Aggregate Concrete South West Sydney,section-7
/exposed-aggregate-gledswood-hills/,/quote/,Get Your FREE Quote Today,section-13
/exposed-aggregate-harrington-park/,/concreters-harrington-park/,concreting in Harrington Park,section-7
/exposed-aggregate-harrington-park/,/exposed-aggregate-south-west-sydney/,Exposed Aggregate Concrete South West Sydney,section-7
/exposed-aggregate-harrington-park/,/quote/,Get Your FREE Quote Today,section-13
/exposed-aggregate-oran-park/,/concreters-oran-park/,concreting in Oran Park,section-7
/exposed-aggregate-oran-park/,/exposed-aggregate-south-west-sydney/,Exposed Aggregate Concrete South West Sydney,section-7
/exposed-aggregate-oran-park/,/quote/,Get Your FREE Quote Today,section-13
/exposed-aggregate-south-west-sydney/,/concreters-currans-hill/,Exposed Aggregate Concrete Currans Hill,section-9
/exposed-aggregate-south-west-sydney/,/concreters-edmondson-park/,Exposed Aggregate Concrete Edmondson Park,section-9
/exposed-aggregate-south-west-sydney/,/concreters-elderslie/,Exposed Aggregate Concrete Elderslie,section-9
/exposed-aggregate-south-west-sydney/,/concreters-gledswood-hills/,Exposed Aggregate Concrete Gledswood Hills,section-9
/exposed-aggregate-south-west-sydney/,/concreters-harrington-park/,Exposed Aggregate Concrete Harrington Park,section-9
/exposed-aggregate-south-west-sydney/,/concreters-mount-annan/,Exposed Aggregate Concrete Mount Annan,section-9
/exposed-aggregate-south-west-sydney/,/exposed-aggregate-driveway-cost/,Exposed Aggregate Driveway Cost,section-13
/exposed-aggregate-south-west-sydney/,/exposed-aggregate-vs-plain-concrete/,Exposed Aggregate vs Plain Concrete,section-12
/exposed-aggregate-south-west-sydney/,/guides/exposed-aggregate-cost/,Exposed Aggregate Cost,section-3
/exposed-aggregate-south-west-sydney/,/guides/exposed-aggregate-vs-stencil/,Exposed Aggregate vs Stencil,section-4
/exposed-aggregate-south-west-sydney/,/quote/,Get Your FREE Quote Today,section-13
/exposed-aggregate-vs-plain-concrete/,/concrete-driveways-south-west-sydney/,concrete driveway scopes,section-7
/exposed-aggregate-vs-plain-concrete/,/concrete-slabs-south-west-sydney/,concrete slab scopes,section-7
/exposed-aggregate-vs-plain-concrete/,/quote/,Get Your FREE Quote Today,section-1
/exposed-aggregate-vs-plain-concrete/,/quote/,Get Your FREE Quote Today,section-7
/exposed-aggregate-vs-plain-concrete/,/quote/,on-site quote request,section-7
/gallery/,/,Camden concreters homepage,section-4
/gallery/,/,Camden concreters homepage,section-6
/guides/broom-finish-concrete/,/,Camden concreters homepage,section-7
/guides/broom-finish-concrete/,/concrete-crossovers-and-laybacks-south-west-sydney/,crossover and layback work,section-7
/guides/broom-finish-concrete/,/concrete-driveways-south-west-sydney/,driveway concreting,section-7
/guides/broom-finish-concrete/,/quote/,Get Your FREE Quote Today,section-1
/guides/broom-finish-concrete/,/quote/,Get Your FREE Quote Today,section-7
/guides/camden-council-driveway-crossing/,/,Camden concreters homepage,section-7
/guides/camden-council-driveway-crossing/,/concrete-crossovers-and-laybacks-south-west-sydney/,crossover and layback work,section-7
/guides/camden-council-driveway-crossing/,/concrete-driveways-south-west-sydney/,driveway concreting,section-7
/guides/camden-council-driveway-crossing/,/concreters-camden-park/,Camden Park,section-7
/guides/camden-council-driveway-crossing/,/concreters-camden-south/,Camden South,section-7
/guides/camden-council-driveway-crossing/,/concreters-catherine-field/,Catherine Field,section-7
/guides/camden-council-driveway-crossing/,/concreters-cawdor/,Cawdor,section-7
/guides/camden-council-driveway-crossing/,/concreters-cobbitty/,Cobbitty,section-7
/guides/camden-council-driveway-crossing/,/concreters-currans-hill/,Currans Hill,section-7
/guides/camden-council-driveway-crossing/,/concreters-elderslie/,Elderslie,section-7
/guides/camden-council-driveway-crossing/,/concreters-ellis-lane/,Ellis Lane,section-7
/guides/camden-council-driveway-crossing/,/concreters-gledswood-hills/,Gledswood Hills,section-7
/guides/camden-council-driveway-crossing/,/concreters-grasmere/,Grasmere,section-7
/guides/camden-council-driveway-crossing/,/concreters-gregory-hills/,Gregory Hills,section-7
/guides/camden-council-driveway-crossing/,/concreters-harrington-park/,Harrington Park,section-7
/guides/camden-council-driveway-crossing/,/concreters-kirkham/,Kirkham,section-7
/guides/camden-council-driveway-crossing/,/concreters-mount-annan/,Mount Annan,section-7
/guides/camden-council-driveway-crossing/,/concreters-narellan-vale/,Narellan Vale,section-7
/guides/camden-council-driveway-crossing/,/concreters-narellan/,Narellan,section-7
/guides/camden-council-driveway-crossing/,/concreters-oran-park/,Oran Park,section-7
/guides/camden-council-driveway-crossing/,/concreters-smeaton-grange/,Smeaton Grange,section-7
/guides/camden-council-driveway-crossing/,/concreters-spring-farm/,Spring Farm,section-7
/guides/camden-council-driveway-crossing/,/concreters-theresa-park/,Theresa Park,section-7
/guides/campbelltown-council-driveway-crossing/,/,Camden concreters homepage,section-7
/guides/campbelltown-council-driveway-crossing/,/concrete-crossovers-and-laybacks-south-west-sydney/,crossover and layback work,section-7
/guides/campbelltown-council-driveway-crossing/,/concrete-driveways-south-west-sydney/,driveway concreting,section-7
/guides/campbelltown-council-driveway-crossing/,/concreters-bradbury/,Bradbury,section-7
/guides/campbelltown-council-driveway-crossing/,/concreters-campbelltown/,Campbelltown,section-7
/guides/campbelltown-council-driveway-crossing/,/concreters-eagle-vale/,Eagle Vale,section-7
/guides/campbelltown-council-driveway-crossing/,/concreters-gilead/,Gilead,section-7
/guides/campbelltown-council-driveway-crossing/,/concreters-glen-alpine/,Glen Alpine,section-7
/guides/campbelltown-council-driveway-crossing/,/concreters-glenfield/,Glenfield,section-7
/guides/campbelltown-council-driveway-crossing/,/concreters-ingleburn/,Ingleburn,section-7
/guides/campbelltown-council-driveway-crossing/,/concreters-leumeah/,Leumeah,section-7
/guides/campbelltown-council-driveway-crossing/,/concreters-macquarie-fields/,Macquarie Fields,section-7
/guides/campbelltown-council-driveway-crossing/,/concreters-menangle-park/,Menangle Park,section-7
/guides/campbelltown-council-driveway-crossing/,/concreters-minto/,Minto,section-7
/guides/campbelltown-council-driveway-crossing/,/concreters-raby/,Raby,section-7
/guides/campbelltown-council-driveway-crossing/,/quote/,Get Your FREE Quote Today,section-1
/guides/campbelltown-council-driveway-crossing/,/quote/,Get Your FREE Quote Today,section-7
/guides/coloured-concrete-explained/,/,Camden concreters homepage,section-7
/guides/coloured-concrete-explained/,/concrete-crossovers-and-laybacks-south-west-sydney/,crossover and layback work,section-7
/guides/coloured-concrete-explained/,/concrete-driveways-south-west-sydney/,driveway concreting,section-7
/guides/coloured-concrete-explained/,/quote/,Get Your FREE Quote Today,section-1
/guides/coloured-concrete-explained/,/quote/,Get Your FREE Quote Today,section-7
/guides/commercial-hardstand-cost/,/,Camden concreters homepage,section-7
/guides/commercial-hardstand-cost/,/concrete-crossovers-and-laybacks-south-west-sydney/,crossover and layback work,section-7
/guides/commercial-hardstand-cost/,/concrete-driveways-south-west-sydney/,driveway concreting,section-7
/guides/commercial-hardstand-cost/,/quote/,Get Your FREE Quote Today,section-1
/guides/commercial-hardstand-cost/,/quote/,Get Your FREE Quote Today,section-7
/guides/concrete-crack-types-and-which-matter/,/,Camden concreters homepage,section-7
/guides/concrete-crack-types-and-which-matter/,/concrete-crossovers-and-laybacks-south-west-sydney/,crossover and layback work,section-7
/guides/concrete-crack-types-and-which-matter/,/concrete-driveways-south-west-sydney/,driveway concreting,section-7
/guides/concrete-crack-types-and-which-matter/,/quote/,Get Your FREE Quote Today,section-1
/guides/concrete-crack-types-and-which-matter/,/quote/,Get Your FREE Quote Today,section-7
/guides/concrete-driveway-cost-nsw/,/,Camden concreters homepage,section-3
/guides/concrete-driveway-cost-nsw/,/concrete-crossovers-and-laybacks-south-west-sydney/,crossover and layback work,section-3
/guides/concrete-driveway-cost-nsw/,/concrete-driveways-south-west-sydney/,driveway concreting,section-3
/guides/concrete-driveway-cost-nsw/,/quote/,Get Your FREE Quote Today,section-10
/guides/concrete-efflorescence/,/,Camden concreters homepage,section-7
/guides/concrete-efflorescence/,/concrete-crossovers-and-laybacks-south-west-sydney/,crossover and layback work,section-7
/guides/concrete-efflorescence/,/concrete-driveways-south-west-sydney/,driveway concreting,section-7
/guides/concrete-efflorescence/,/quote/,Get Your FREE Quote Today,section-1
/guides/concrete-efflorescence/,/quote/,Get Your FREE Quote Today,section-7
/guides/concrete-repair-vs-replace/,/,Camden concreters homepage,section-7
/guides/concrete-repair-vs-replace/,/concrete-crossovers-and-laybacks-south-west-sydney/,crossover and layback work,section-7
/guides/concrete-repair-vs-replace/,/concrete-driveways-south-west-sydney/,driveway concreting,section-7
/guides/concrete-repair-vs-replace/,/quote/,Get Your FREE Quote Today,section-1
/guides/concrete-repair-vs-replace/,/quote/,Get Your FREE Quote Today,section-7
/guides/concrete-slab-cost-per-m2/,/,Camden concreters homepage,section-7
/guides/concrete-slab-cost-per-m2/,/concrete-crossovers-and-laybacks-south-west-sydney/,crossover and layback work,section-7
/guides/concrete-slab-cost-per-m2/,/concrete-driveways-south-west-sydney/,driveway concreting,section-7
/guides/concrete-slab-cost-per-m2/,/quote/,Get Your FREE Quote Today,section-1
/guides/concrete-slab-cost-per-m2/,/quote/,Get Your FREE Quote Today,section-7
/guides/concrete-strength-grades-explained/,/,Camden concreters homepage,section-7
/guides/concrete-strength-grades-explained/,/concrete-crossovers-and-laybacks-south-west-sydney/,crossover and layback work,section-7
/guides/concrete-strength-grades-explained/,/concrete-driveways-south-west-sydney/,driveway concreting,section-7
/guides/concrete-strength-grades-explained/,/quote/,Get Your FREE Quote Today,section-1
/guides/concrete-strength-grades-explained/,/quote/,Get Your FREE Quote Today,section-7
/guides/concrete-vs-pavers-vs-asphalt/,/,Camden concreters homepage,section-7
/guides/concrete-vs-pavers-vs-asphalt/,/concrete-crossovers-and-laybacks-south-west-sydney/,crossover and layback work,section-7
/guides/concrete-vs-pavers-vs-asphalt/,/concrete-driveways-south-west-sydney/,driveway concreting,section-7
/guides/concrete-vs-pavers-vs-asphalt/,/quote/,Get Your FREE Quote Today,section-1
/guides/concrete-vs-pavers-vs-asphalt/,/quote/,Get Your FREE Quote Today,section-7
/guides/control-joints-and-saw-cut-timing/,/,Camden concreters homepage,section-7
/guides/control-joints-and-saw-cut-timing/,/concrete-crossovers-and-laybacks-south-west-sydney/,crossover and layback work,section-7
/guides/control-joints-and-saw-cut-timing/,/concrete-driveways-south-west-sydney/,driveway concreting,section-7
/guides/control-joints-and-saw-cut-timing/,/quote/,Get Your FREE Quote Today,section-1
/guides/control-joints-and-saw-cut-timing/,/quote/,Get Your FREE Quote Today,section-7
/guides/curing-concrete-in-summer-vs-winter/,/,Camden concreters homepage,section-7
/guides/curing-concrete-in-summer-vs-winter/,/concrete-crossovers-and-laybacks-south-west-sydney/,crossover and layback work,section-7
/guides/curing-concrete-in-summer-vs-winter/,/concrete-driveways-south-west-sydney/,driveway concreting,section-7
/guides/curing-concrete-in-summer-vs-winter/,/quote/,Get Your FREE Quote Today,section-1
/guides/curing-concrete-in-summer-vs-winter/,/quote/,Get Your FREE Quote Today,section-7
/guides/do-i-need-council-approval-driveway-nsw/,/,Camden concreters homepage,section-7
/guides/do-i-need-council-approval-driveway-nsw/,/concrete-crossovers-and-laybacks-south-west-sydney/,crossover and layback work,section-7
/guides/do-i-need-council-approval-driveway-nsw/,/concrete-driveways-south-west-sydney/,driveway concreting,section-7
/guides/do-i-need-council-approval-driveway-nsw/,/quote/,Get Your FREE Quote Today,section-1
/guides/do-i-need-council-approval-driveway-nsw/,/quote/,Get Your FREE Quote Today,section-7
/guides/driveway-crossover-cost-nsw/,/,Camden concreters homepage,section-7
/guides/driveway-crossover-cost-nsw/,/concrete-crossovers-and-laybacks-south-west-sydney/,crossover and layback work,section-7
/guides/driveway-crossover-cost-nsw/,/concrete-driveways-south-west-sydney/,driveway concreting,section-7
/guides/driveway-crossover-cost-nsw/,/quote/,Get Your FREE Quote Today,section-1
/guides/driveway-crossover-cost-nsw/,/quote/,Get Your FREE Quote Today,section-7
/guides/engineered-fill-and-why-new-estate-slabs-crack/,/,Camden concreters homepage,section-7
/guides/engineered-fill-and-why-new-estate-slabs-crack/,/concrete-crossovers-and-laybacks-south-west-sydney/,crossover and layback work,section-7
/guides/engineered-fill-and-why-new-estate-slabs-crack/,/concrete-driveways-south-west-sydney/,driveway concreting,section-7
/guides/engineered-fill-and-why-new-estate-slabs-crack/,/quote/,Get Your FREE Quote Today,section-1
/guides/engineered-fill-and-why-new-estate-slabs-crack/,/quote/,Get Your FREE Quote Today,section-7
/guides/exposed-aggregate-cost/,/,Camden concreters homepage,section-7
/guides/exposed-aggregate-cost/,/concrete-crossovers-and-laybacks-south-west-sydney/,crossover and layback work,section-7
/guides/exposed-aggregate-cost/,/concrete-driveways-south-west-sydney/,driveway concreting,section-7
/guides/exposed-aggregate-cost/,/quote/,Get Your FREE Quote Today,section-1
/guides/exposed-aggregate-cost/,/quote/,Get Your FREE Quote Today,section-7
/guides/exposed-aggregate-vs-stencil/,/,Camden concreters homepage,section-7
/guides/exposed-aggregate-vs-stencil/,/concrete-crossovers-and-laybacks-south-west-sydney/,crossover and layback work,section-7
/guides/exposed-aggregate-vs-stencil/,/concrete-driveways-south-west-sydney/,driveway concreting,section-7
/guides/exposed-aggregate-vs-stencil/,/quote/,Get Your FREE Quote Today,section-1
/guides/exposed-aggregate-vs-stencil/,/quote/,Get Your FREE Quote Today,section-7
/guides/honed-and-polished-concrete/,/,Camden concreters homepage,section-7
/guides/honed-and-polished-concrete/,/concrete-crossovers-and-laybacks-south-west-sydney/,crossover and layback work,section-7
/guides/honed-and-polished-concrete/,/concrete-driveways-south-west-sydney/,driveway concreting,section-7
/guides/honed-and-polished-concrete/,/quote/,Get Your FREE Quote Today,section-1
/guides/honed-and-polished-concrete/,/quote/,Get Your FREE Quote Today,section-7
/guides/how-long-before-you-can-drive-on-concrete/,/,Camden concreters homepage,section-7
/guides/how-long-before-you-can-drive-on-concrete/,/concrete-crossovers-and-laybacks-south-west-sydney/,crossover and layback work,section-7
/guides/how-long-before-you-can-drive-on-concrete/,/concrete-driveways-south-west-sydney/,driveway concreting,section-7
/guides/how-long-before-you-can-drive-on-concrete/,/quote/,Get Your FREE Quote Today,section-1
/guides/how-long-before-you-can-drive-on-concrete/,/quote/,Get Your FREE Quote Today,section-7
/guides/liverpool-council-vehicle-crossing/,/,Camden concreters homepage,section-7
/guides/liverpool-council-vehicle-crossing/,/concrete-crossovers-and-laybacks-south-west-sydney/,crossover and layback work,section-7
/guides/liverpool-council-vehicle-crossing/,/concrete-driveways-south-west-sydney/,driveway concreting,section-7
/guides/liverpool-council-vehicle-crossing/,/concreters-austral/,Austral,section-7
/guides/liverpool-council-vehicle-crossing/,/concreters-bringelly/,Bringelly,section-7
/guides/liverpool-council-vehicle-crossing/,/concreters-carnes-hill/,Carnes Hill,section-7
/guides/liverpool-council-vehicle-crossing/,/concreters-casula/,Casula,section-7
/guides/liverpool-council-vehicle-crossing/,/concreters-cecil-hills/,Cecil Hills,section-7
/guides/liverpool-council-vehicle-crossing/,/concreters-cecil-park/,Cecil Park,section-7
/guides/liverpool-council-vehicle-crossing/,/concreters-chipping-norton/,Chipping Norton,section-7
/guides/liverpool-council-vehicle-crossing/,/concreters-edmondson-park/,Edmondson Park,section-7
/guides/liverpool-council-vehicle-crossing/,/concreters-elizabeth-hills/,Elizabeth Hills,section-7
/guides/liverpool-council-vehicle-crossing/,/concreters-horningsea-park/,Horningsea Park,section-7
/guides/liverpool-council-vehicle-crossing/,/concreters-hoxton-park/,Hoxton Park,section-7
/guides/liverpool-council-vehicle-crossing/,/concreters-kemps-creek/,Kemps Creek,section-7
/guides/liverpool-council-vehicle-crossing/,/concreters-len-waters-estate/,Len Waters Estate,section-7
/guides/liverpool-council-vehicle-crossing/,/concreters-leppington/,Leppington,section-7
/guides/liverpool-council-vehicle-crossing/,/concreters-middleton-grange/,Middleton Grange,section-7
/guides/liverpool-council-vehicle-crossing/,/concreters-moorebank/,Moorebank,section-7
/guides/liverpool-council-vehicle-crossing/,/concreters-prestons/,Prestons,section-7
/guides/liverpool-council-vehicle-crossing/,/concreters-rossmore/,Rossmore,section-7
/guides/liverpool-council-vehicle-crossing/,/concreters-wattle-grove/,Wattle Grove,section-7
/guides/liverpool-council-vehicle-crossing/,/concreters-west-hoxton/,West Hoxton,section-7
/guides/liverpool-council-vehicle-crossing/,/quote/,Get Your FREE Quote Today,section-1
/guides/liverpool-council-vehicle-crossing/,/quote/,Get Your FREE Quote Today,section-7
/guides/non-slip-finishes-for-pools-and-slopes/,/,Camden concreters homepage,section-7
/guides/non-slip-finishes-for-pools-and-slopes/,/concrete-crossovers-and-laybacks-south-west-sydney/,crossover and layback work,section-7
/guides/non-slip-finishes-for-pools-and-slopes/,/concrete-driveways-south-west-sydney/,driveway concreting,section-7
/guides/non-slip-finishes-for-pools-and-slopes/,/quote/,Get Your FREE Quote Today,section-1
/guides/non-slip-finishes-for-pools-and-slopes/,/quote/,Get Your FREE Quote Today,section-7
/guides/reactive-clay-slabs-as2870/,/,Camden concreters homepage,section-7
/guides/reactive-clay-slabs-as2870/,/concrete-crossovers-and-laybacks-south-west-sydney/,crossover and layback work,section-7
/guides/reactive-clay-slabs-as2870/,/concrete-driveways-south-west-sydney/,driveway concreting,section-7
/guides/reactive-clay-slabs-as2870/,/quote/,Get Your FREE Quote Today,section-1
/guides/reactive-clay-slabs-as2870/,/quote/,Get Your FREE Quote Today,section-7
/guides/removing-oil-stains-and-tyre-marks-from-concrete/,/,Camden concreters homepage,section-7
/guides/removing-oil-stains-and-tyre-marks-from-concrete/,/concrete-crossovers-and-laybacks-south-west-sydney/,crossover and layback work,section-7
/guides/removing-oil-stains-and-tyre-marks-from-concrete/,/concrete-driveways-south-west-sydney/,driveway concreting,section-7
/guides/removing-oil-stains-and-tyre-marks-from-concrete/,/quote/,Get Your FREE Quote Today,section-1
/guides/removing-oil-stains-and-tyre-marks-from-concrete/,/quote/,Get Your FREE Quote Today,section-7
/guides/salinity-and-concrete-western-sydney/,/,Camden concreters homepage,section-7
/guides/salinity-and-concrete-western-sydney/,/concrete-crossovers-and-laybacks-south-west-sydney/,crossover and layback work,section-7
/guides/salinity-and-concrete-western-sydney/,/concrete-driveways-south-west-sydney/,driveway concreting,section-7
/guides/salinity-and-concrete-western-sydney/,/quote/,Get Your FREE Quote Today,section-1
/guides/salinity-and-concrete-western-sydney/,/quote/,Get Your FREE Quote Today,section-7
/guides/sealing-and-resealing-concrete/,/,Camden concreters homepage,section-7
/guides/sealing-and-resealing-concrete/,/concrete-crossovers-and-laybacks-south-west-sydney/,crossover and layback work,section-7
/guides/sealing-and-resealing-concrete/,/concrete-driveways-south-west-sydney/,driveway concreting,section-7
/guides/sealing-and-resealing-concrete/,/quote/,Get Your FREE Quote Today,section-1
/guides/sealing-and-resealing-concrete/,/quote/,Get Your FREE Quote Today,section-7
/guides/shed-slab-cost/,/,Camden concreters homepage,section-7
/guides/shed-slab-cost/,/concrete-crossovers-and-laybacks-south-west-sydney/,crossover and layback work,section-7
/guides/shed-slab-cost/,/concrete-driveways-south-west-sydney/,driveway concreting,section-7
/guides/shed-slab-cost/,/quote/,Get Your FREE Quote Today,section-1
/guides/shed-slab-cost/,/quote/,Get Your FREE Quote Today,section-7
/guides/site-classification-explained/,/,Camden concreters homepage,section-7
/guides/site-classification-explained/,/concrete-crossovers-and-laybacks-south-west-sydney/,crossover and layback work,section-7
/guides/site-classification-explained/,/concrete-driveways-south-west-sydney/,driveway concreting,section-7
/guides/site-classification-explained/,/quote/,Get Your FREE Quote Today,section-1
/guides/site-classification-explained/,/quote/,Get Your FREE Quote Today,section-7
/guides/sl72-vs-sl82-reinforcement/,/,Camden concreters homepage,section-7
/guides/sl72-vs-sl82-reinforcement/,/concrete-crossovers-and-laybacks-south-west-sydney/,crossover and layback work,section-7
/guides/sl72-vs-sl82-reinforcement/,/concrete-driveways-south-west-sydney/,driveway concreting,section-7
/guides/sl72-vs-sl82-reinforcement/,/quote/,Get Your FREE Quote Today,section-1
/guides/sl72-vs-sl82-reinforcement/,/quote/,Get Your FREE Quote Today,section-7
/guides/slab-thickness-for-driveways-vs-sheds/,/,Camden concreters homepage,section-7
/guides/slab-thickness-for-driveways-vs-sheds/,/concrete-crossovers-and-laybacks-south-west-sydney/,crossover and layback work,section-7
/guides/slab-thickness-for-driveways-vs-sheds/,/concrete-driveways-south-west-sydney/,driveway concreting,section-7
/guides/slab-thickness-for-driveways-vs-sheds/,/quote/,Get Your FREE Quote Today,section-1
/guides/slab-thickness-for-driveways-vs-sheds/,/quote/,Get Your FREE Quote Today,section-7
/guides/stencilled-vs-stamped-concrete-cost/,/,Camden concreters homepage,section-7
/guides/stencilled-vs-stamped-concrete-cost/,/concrete-crossovers-and-laybacks-south-west-sydney/,crossover and layback work,section-7
/guides/stencilled-vs-stamped-concrete-cost/,/concrete-driveways-south-west-sydney/,driveway concreting,section-7
/guides/stencilled-vs-stamped-concrete-cost/,/quote/,Get Your FREE Quote Today,section-1
/guides/stencilled-vs-stamped-concrete-cost/,/quote/,Get Your FREE Quote Today,section-7
/guides/what-actually-moves-a-concrete-quote/,/,Camden concreters homepage,section-7
/guides/what-actually-moves-a-concrete-quote/,/concrete-crossovers-and-laybacks-south-west-sydney/,crossover and layback work,section-7
/guides/what-actually-moves-a-concrete-quote/,/concrete-driveways-south-west-sydney/,driveway concreting,section-7
/guides/what-actually-moves-a-concrete-quote/,/quote/,Get Your FREE Quote Today,section-1
/guides/what-actually-moves-a-concrete-quote/,/quote/,Get Your FREE Quote Today,section-7
/guides/why-concrete-cracks/,/,Camden concreters homepage,section-7
/guides/why-concrete-cracks/,/concrete-crossovers-and-laybacks-south-west-sydney/,crossover and layback work,section-7
/guides/why-concrete-cracks/,/concrete-driveways-south-west-sydney/,driveway concreting,section-7
/guides/why-concrete-cracks/,/quote/,Get Your FREE Quote Today,section-1
/guides/why-concrete-cracks/,/quote/,Get Your FREE Quote Today,section-7
/guides/wollondilly-council-driveway-crossing/,/,Camden concreters homepage,section-7
/guides/wollondilly-council-driveway-crossing/,/concrete-crossovers-and-laybacks-south-west-sydney/,crossover and layback work,section-7
/guides/wollondilly-council-driveway-crossing/,/concrete-driveways-south-west-sydney/,driveway concreting,section-7
/guides/wollondilly-council-driveway-crossing/,/concreters-appin/,Appin,section-7
/guides/wollondilly-council-driveway-crossing/,/concreters-bargo/,Bargo,section-7
/guides/wollondilly-council-driveway-crossing/,/concreters-douglas-park/,Douglas Park,section-7
/guides/wollondilly-council-driveway-crossing/,/concreters-menangle/,Menangle,section-7
/guides/wollondilly-council-driveway-crossing/,/concreters-picton/,Picton,section-7
/guides/wollondilly-council-driveway-crossing/,/concreters-tahmoor/,Tahmoor,section-7
/guides/wollondilly-council-driveway-crossing/,/concreters-the-oaks/,The Oaks,section-7
/guides/wollondilly-council-driveway-crossing/,/concreters-wilton/,Wilton,section-7
/guides/wollondilly-council-driveway-crossing/,/quote/,Get Your FREE Quote Today,section-1
/guides/wollondilly-council-driveway-crossing/,/quote/,Get Your FREE Quote Today,section-7
/plain-concrete-driveway-cost/,/concrete-driveways-south-west-sydney/,concrete driveway scopes,section-3
/plain-concrete-driveway-cost/,/concrete-slabs-south-west-sydney/,concrete slab scopes,section-3
/plain-concrete-driveway-cost/,/quote/,Get Your FREE Quote Today,section-10
/plain-concrete-driveway-cost/,/quote/,on-site quote request,section-3
/quote/,/contact/,contact,section-4
/quote/,/contact/,contact,section-6
/shed-and-garage-slabs-catherine-field/,/concreters-catherine-field/,concreting in Catherine Field,section-8
/shed-and-garage-slabs-catherine-field/,/quote/,Get Your FREE Quote Today,section-16
/shed-and-garage-slabs-catherine-field/,/shed-and-garage-slabs-south-west-sydney/,Shed and Garage Slabs South West Sydney,section-8
/shed-and-garage-slabs-oran-park/,/concreters-oran-park/,concreting in Oran Park,section-8
/shed-and-garage-slabs-oran-park/,/quote/,Get Your FREE Quote Today,section-16
/shed-and-garage-slabs-oran-park/,/shed-and-garage-slabs-south-west-sydney/,Shed and Garage Slabs South West Sydney,section-8
/shed-and-garage-slabs-south-west-sydney/,/concreters-austral/,Shed and Garage Slabs Austral,section-9
/shed-and-garage-slabs-south-west-sydney/,/concreters-catherine-field/,Shed and Garage Slabs Catherine Field,section-9
/shed-and-garage-slabs-south-west-sydney/,/concreters-gledswood-hills/,Shed and Garage Slabs Gledswood Hills,section-9
/shed-and-garage-slabs-south-west-sydney/,/concreters-leppington/,Shed and Garage Slabs Leppington,section-9
/shed-and-garage-slabs-south-west-sydney/,/concreters-oran-park/,Shed and Garage Slabs Oran Park,section-9
/shed-and-garage-slabs-south-west-sydney/,/concreters-spring-farm/,Shed and Garage Slabs Spring Farm,section-9
/shed-and-garage-slabs-south-west-sydney/,/quote/,Get Your FREE Quote Today,section-16
/slab-volume-calculator/,/concrete-driveways-south-west-sydney/,concrete driveway scopes,section-3
/slab-volume-calculator/,/concrete-slabs-south-west-sydney/,concrete slab scopes,section-3
/slab-volume-calculator/,/quote/,Get Your FREE Quote Today,section-10
/slab-volume-calculator/,/quote/,on-site quote request,section-3
/stencilled-concrete-driveway-cost/,/concrete-driveways-south-west-sydney/,concrete driveway scopes,section-3
/stencilled-concrete-driveway-cost/,/concrete-slabs-south-west-sydney/,concrete slab scopes,section-3
/stencilled-concrete-driveway-cost/,/quote/,Get Your FREE Quote Today,section-10
/stencilled-concrete-driveway-cost/,/quote/,on-site quote request,section-3
