marker_id,type,form,source,post_id,slug,url,page_class,tier,status,context,fact_required,who_can_supply,clearable_by,blocks_indexing,resolved
EV-0001,PLACEHOLDER,bracketed,register,12,homepage,/,home,,publish,", Leppington , Gregory Hills , Gledswood Hills , Austral and Harrington Park . Camden ground, levels and council requirements [[PLACEHOLDER: verified CoreX review text and permission to publish]] [[PLACEHOLDER: verified reviewer name]] [[PLACEHOLDER: verified CoreX review text and permission to publish]] [[PLACEHOLD","Verified customer review text, reviewer name, and permission to publish",owner fact,owner fact,yes,no
EV-0002,PLACEHOLDER,bracketed,register,12,homepage,/,home,,publish,"on Park . Camden ground, levels and council requirements [[PLACEHOLDER: verified CoreX review text and permission to publish]] [[PLACEHOLDER: verified reviewer name]] [[PLACEHOLDER: verified CoreX review text and permission to publish]] [[PLACEHOLDER: verified reviewer name]] [[PLACEHOLDER: verified CoreX review tex","Verified customer review text, reviewer name, and permission to publish",owner fact,owner fact,yes,no
EV-0003,PLACEHOLDER,bracketed,register,12,homepage,/,home,,publish,cil requirements [[PLACEHOLDER: verified CoreX review text and permission to publish]] [[PLACEHOLDER: verified reviewer name]] [[PLACEHOLDER: verified CoreX review text and permission to publish]] [[PLACEHOLDER: verified reviewer name]] [[PLACEHOLDER: verified CoreX review text and permission to publish]] [[PLACEHOLD,"Verified customer review text, reviewer name, and permission to publish",owner fact,owner fact,yes,no
EV-0004,PLACEHOLDER,bracketed,register,12,homepage,/,home,,publish,ion to publish]] [[PLACEHOLDER: verified reviewer name]] [[PLACEHOLDER: verified CoreX review text and permission to publish]] [[PLACEHOLDER: verified reviewer name]] [[PLACEHOLDER: verified CoreX review text and permission to publish]] [[PLACEHOLDER: verified reviewer name]] How CoreX scopes concrete work Project,"Verified customer review text, reviewer name, and permission to publish",owner fact,owner fact,yes,no
EV-0005,PLACEHOLDER,bracketed,register,12,homepage,/,home,,publish,reviewer name]] [[PLACEHOLDER: verified CoreX review text and permission to publish]] [[PLACEHOLDER: verified reviewer name]] [[PLACEHOLDER: verified CoreX review text and permission to publish]] [[PLACEHOLDER: verified reviewer name]] How CoreX scopes concrete work Project details can be sent through the quote pag,"Verified customer review text, reviewer name, and permission to publish",owner fact,owner fact,yes,no
EV-0006,PLACEHOLDER,bracketed,register,12,homepage,/,home,,publish,"ion to publish]] [[PLACEHOLDER: verified reviewer name]] [[PLACEHOLDER: verified CoreX review text and permission to publish]] [[PLACEHOLDER: verified reviewer name]] How CoreX scopes concrete work Project details can be sent through the quote page , discussed through contact , checked against the CoreX scope , or h","Verified customer review text, reviewer name, and permission to publish",owner fact,owner fact,yes,no
EV-0007,PLACEHOLDER,bracketed,register,105,concrete-driveways-south-west-sydney,/concrete-driveways-south-west-sydney/,service,,publish,"-driveway scope flags the authority. new-driveway scope documents unresolved excavation plan; new-driveway scope keeps it open. [[PLACEHOLDER: operator-approved concrete driveways range from real CoreX quotes, including the assumptions behind it]] Site assessment for concrete driveways new-driveway scope separates su",Real per-square-metre price ranges from 5+ quoted Camden jobs,owner fact,owner fact,yes,no
EV-0008,PLACEHOLDER,bracketed,register,129,exposed-aggregate-south-west-sydney,/exposed-aggregate-south-west-sydney/,service,,publish,"h scope marks the evidence owner. aggregate-finish scope maps unresolved excavation plan; aggregate-finish scope keeps it open. [[PLACEHOLDER: operator-approved exposed aggregate concrete range from real CoreX quotes, including the assumptions behind it]] Questions about exposed aggregate concrete aggregate-finish sc",Real per-square-metre price ranges from 5+ quoted Camden jobs,owner fact,owner fact,yes,no
EV-0009,PLACEHOLDER,bracketed,register,163,concrete-slabs-south-west-sydney,/concrete-slabs-south-west-sydney/,service,,publish,"lab scope retains the source. residential-slab scope verifies unresolved excavation plan; residential-slab scope keeps it open. [[PLACEHOLDER: operator-approved concrete slabs range from real CoreX quotes, including the assumptions behind it]] What concrete slabs covers in South West Sydney residential-slab scope map",Real per-square-metre price ranges from 5+ quoted Camden jobs,owner fact,owner fact,yes,no
EV-0010,PLACEHOLDER,bracketed,register,178,concrete-paths-south-west-sydney,/concrete-paths-south-west-sydney/,service,,publish,"athway-work scope preserves attribution. pathway-work scope dates unresolved excavation plan; pathway-work scope keeps it open. [[PLACEHOLDER: operator-approved concrete paths and pathways range from real CoreX quotes, including the assumptions behind it]] Get Your FREE Quote Today What concrete paths and pathways cov",Real per-square-metre price ranges from 5+ quoted Camden jobs,owner fact,owner fact,yes,no
EV-0011,PLACEHOLDER,bracketed,register,178,concrete-paths-south-west-sydney,/concrete-paths-south-west-sydney/,service,,publish,urce date. pathway-work scope separates unresolved delivery sequence; pathway-work scope keeps it open. Call us - 03 4517 6915 [[PLACEHOLDER: verified CoreX ABN]] [[PLACEHOLDER: verified CoreX business address]] Mon-Fri 9:00AM - 5:00PM © 2022 All Rights Reserved.,Verified CoreX ABN,owner fact,owner fact,yes,no
EV-0012,PLACEHOLDER,bracketed,register,178,concrete-paths-south-west-sydney,/concrete-paths-south-west-sydney/,service,,publish,tes unresolved delivery sequence; pathway-work scope keeps it open. Call us - 03 4517 6915 [[PLACEHOLDER: verified CoreX ABN]] [[PLACEHOLDER: verified CoreX business address]] Mon-Fri 9:00AM - 5:00PM © 2022 All Rights Reserved.,"Verified CoreX business address, and whether it is staffed",owner fact,owner fact,yes,no
EV-0013,PLACEHOLDER,bracketed,register,195,concrete-patios-south-west-sydney,/concrete-patios-south-west-sydney/,service,,publish,"sco-slab scope flags the authority. alfresco-slab scope measures unresolved excavation plan; alfresco-slab scope keeps it open. [[PLACEHOLDER: operator-approved concrete patios and alfresco slabs range from real CoreX quotes, including the assumptions behind it]] Get Your FREE Quote Today What concrete patios and alfr",Real per-square-metre price ranges from 5+ quoted Camden jobs,owner fact,owner fact,yes,no
EV-0014,PLACEHOLDER,bracketed,register,195,concrete-patios-south-west-sydney,/concrete-patios-south-west-sydney/,service,,publish,ng record. alfresco-slab scope records unresolved delivery sequence; alfresco-slab scope keeps it open. Call us - 03 4517 6915 [[PLACEHOLDER: verified CoreX ABN]] [[PLACEHOLDER: verified CoreX business address]] Mon-Fri 9:00AM - 5:00PM © 2022 All Rights Reserved.,Verified CoreX ABN,owner fact,owner fact,yes,no
EV-0015,PLACEHOLDER,bracketed,register,195,concrete-patios-south-west-sydney,/concrete-patios-south-west-sydney/,service,,publish,ds unresolved delivery sequence; alfresco-slab scope keeps it open. Call us - 03 4517 6915 [[PLACEHOLDER: verified CoreX ABN]] [[PLACEHOLDER: verified CoreX business address]] Mon-Fri 9:00AM - 5:00PM © 2022 All Rights Reserved.,"Verified CoreX business address, and whether it is staffed",owner fact,owner fact,yes,no
EV-0016,REAL_PHOTO_PENDING,bracketed,register,221,concreters-leppington,/concreters-leppington/,suburb,1,publish,as 2870 reference for Leppington when the Leppington evidence reaches that topic; the lot record still controls the decision. [[REAL_PHOTO_PENDING: verified CoreX project in Leppington]] [[REAL_PHOTO_PENDING: verified CoreX project in Leppington]] [[REAL_PHOTO_PENDING: verified CoreX project in Leppington]] Why,A real photograph of completed CoreX work on this page's subject,owner,photo,yes,no
EV-0017,REAL_PHOTO_PENDING,bracketed,register,221,concreters-leppington,/concreters-leppington/,suburb,1,publish,eaches that topic; the lot record still controls the decision. [[REAL_PHOTO_PENDING: verified CoreX project in Leppington]] [[REAL_PHOTO_PENDING: verified CoreX project in Leppington]] [[REAL_PHOTO_PENDING: verified CoreX project in Leppington]] Why Leppington customers choose us Fixed-Price On-Site Quotes in Or,A real photograph of completed CoreX work on this page's subject,owner,photo,yes,no
EV-0018,REAL_PHOTO_PENDING,bracketed,register,221,concreters-leppington,/concreters-leppington/,suburb,1,publish,[[REAL_PHOTO_PENDING: verified CoreX project in Leppington]] [[REAL_PHOTO_PENDING: verified CoreX project in Leppington]] [[REAL_PHOTO_PENDING: verified CoreX project in Leppington]] Why Leppington customers choose us Fixed-Price On-Site Quotes in Oran Park Written scope item 1 is checked against the Leppington,A real photograph of completed CoreX work on this page's subject,owner,photo,yes,no
EV-0019,REQUIRED-RESEARCH,bare,found-in-rendered-copy,221,concreters-leppington,/concreters-leppington/,suburb,1,publish,"ication, depending on which LGA the lot falls in. The recorded Leppington council specification is reproduced without alteration: REQUIRED-RESEARCH: confirm Liverpool City Council vehicle crossing specification, widths, strength and fee schedule at liverpool.nsw.gov.au. Before crossover work in Leppington starts, the p","Liverpool City Council vehicle crossing specification: widths, strength, fee schedule",council source,council source,yes,no
EV-0020,PLACEHOLDER,bracketed,register,321,contact,/contact/,utility,,publish,te dimensions and access constraints through the form. A written project request can also start on the concrete quote page . [[PLACEHOLDER: verified CoreX ABN]] [[PLACEHOLDER: verified CoreX business address]] Mon-Fri 9:00AM - 5:00PM © 2022 All Rights Reserved.,Verified CoreX ABN,owner fact,owner fact,yes,no
EV-0021,PLACEHOLDER,bracketed,register,321,contact,/contact/,utility,,publish,through the form. A written project request can also start on the concrete quote page . [[PLACEHOLDER: verified CoreX ABN]] [[PLACEHOLDER: verified CoreX business address]] Mon-Fri 9:00AM - 5:00PM © 2022 All Rights Reserved.,"Verified CoreX business address, and whether it is staffed",owner fact,owner fact,yes,no
EV-0022,PLACEHOLDER,bracketed,register,474,concreters-oran-park,/concreters-oran-park/,suburb,1,publish,corative finishes above it. We measure on site and give you a fixed price rather than a per-metre estimate off an aerial photo. [[PLACEHOLDER: insert your real per-m² ranges once you've quoted 5+ Camden jobs]],Real per-square-metre price ranges from 5+ quoted Camden jobs,owner fact,owner fact,yes,no
EV-0023,REAL_PHOTO_PENDING,bracketed,register,474,concreters-oran-park,/concreters-oran-park/,suburb,1,publish,"te concrete evidence from the general Oran Park brief; Exposed Aggregate Concrete in Oran Park carries that service decision. [[REAL_PHOTO_PENDING]] [[REAL_PHOTO_PENDING]] [[REAL_PHOTO_PENDING]] WHY CUSTOMERS CHOOSE US Fixed-Price On-Site Quotes in Oran Park We come to you, measure the job on site, and price it",A real photograph of completed CoreX work on this page's subject,owner,photo,yes,no
EV-0024,REAL_PHOTO_PENDING,bracketed,register,474,concreters-oran-park,/concreters-oran-park/,suburb,1,publish,"the general Oran Park brief; Exposed Aggregate Concrete in Oran Park carries that service decision. [[REAL_PHOTO_PENDING]] [[REAL_PHOTO_PENDING]] [[REAL_PHOTO_PENDING]] WHY CUSTOMERS CHOOSE US Fixed-Price On-Site Quotes in Oran Park We come to you, measure the job on site, and price it before we start. Proper B",A real photograph of completed CoreX work on this page's subject,owner,photo,yes,no
EV-0025,REAL_PHOTO_PENDING,bracketed,register,474,concreters-oran-park,/concreters-oran-park/,suburb,1,publish,"ief; Exposed Aggregate Concrete in Oran Park carries that service decision. [[REAL_PHOTO_PENDING]] [[REAL_PHOTO_PENDING]] [[REAL_PHOTO_PENDING]] WHY CUSTOMERS CHOOSE US Fixed-Price On-Site Quotes in Oran Park We come to you, measure the job on site, and price it before we start. Proper Base Preparation and Reinf",A real photograph of completed CoreX work on this page's subject,owner,photo,yes,no
EV-0026,VERIFY,bracketed,register,474,concreters-oran-park,/concreters-oran-park/,suburb,1,publish,il before work starts. We handle the application and the inspections as part of the job so you're not chasing Council yourself. [[VERIFY: confirm whether the Oran Park estate design guidelines require the driveway to be complete before the Occupation Certificate is issued — check the current Oran Park Estate Design Gui,"Council specification, fee or process, from the council's own current source",council source,council source,yes,no
EV-0027,PLACEHOLDER,bracketed,register,555,concrete-driveway-cost-nsw,/guides/concrete-driveway-cost-nsw/,guide,,draft,t-guide identifies the record owner. driveway-cost-guide names unresolved measured geometry; driveway-cost-guide keeps it open. [[PLACEHOLDER: operator-approved amount or range from real CoreX quotes relevant to Concrete Driveway Cost NSW]] driveway-cost-guide states existing surface; driveway-cost-guide retains the,Real per-square-metre price ranges from 5+ quoted Camden jobs,owner fact,owner fact,yes,no
EV-0028,PLACEHOLDER,bracketed,register,555,concrete-driveway-cost-nsw,/guides/concrete-driveway-cost-nsw/,guide,,draft,st-guide marks the evidence owner. driveway-cost-guide attributes unresolved rate evidence; driveway-cost-guide keeps it open. [[PLACEHOLDER: verified CoreX ABN]] [[PLACEHOLDER: verified CoreX business address]] Mon-Fri 9:00AM - 5:00PM © All Rights Reserved.,Verified CoreX ABN,owner fact,owner fact,yes,no
EV-0029,PLACEHOLDER,bracketed,register,555,concrete-driveway-cost-nsw,/guides/concrete-driveway-cost-nsw/,guide,,draft,riveway-cost-guide attributes unresolved rate evidence; driveway-cost-guide keeps it open. [[PLACEHOLDER: verified CoreX ABN]] [[PLACEHOLDER: verified CoreX business address]] Mon-Fri 9:00AM - 5:00PM © All Rights Reserved.,"Verified CoreX business address, and whether it is staffed",owner fact,owner fact,yes,no
EV-0030,PLACEHOLDER,bracketed,register,706,camden-council-driveway-crossing,/guides/camden-council-driveway-crossing/,guide,,draft,ves attribution. camden-council-driveway-guide names unresolved early protection; camden-council-driveway-guide keeps it open. [[PLACEHOLDER: verified CoreX ABN]] [[PLACEHOLDER: verified CoreX business address]] Mon-Fri 9:00AM - 5:00PM © All Rights Reserved.,Verified CoreX ABN,owner fact,owner fact,yes,no
EV-0031,PLACEHOLDER,bracketed,register,706,camden-council-driveway-crossing,/guides/camden-council-driveway-crossing/,guide,,draft,eway-guide names unresolved early protection; camden-council-driveway-guide keeps it open. [[PLACEHOLDER: verified CoreX ABN]] [[PLACEHOLDER: verified CoreX business address]] Mon-Fri 9:00AM - 5:00PM © All Rights Reserved.,"Verified CoreX business address, and whether it is staffed",owner fact,owner fact,yes,no
EV-0032,VERIFY,bracketed,register,706,camden-council-driveway-crossing,/guides/camden-council-driveway-crossing/,guide,,draft,udit trail. camden-council-driveway-guide attributes unresolved measured geometry; camden-council-driveway-guide keeps it open. [[VERIFY: any unresearched figure or process stated under Camden Council Driveway Crossing before publication]] camden-council-driveway-guide maps existing surface; camden-council-driveway-g,"Council specification, fee or process, from the council's own current source",council source,council source,yes,no
EV-0033,PLACEHOLDER,bracketed,register,922,decorative-concrete-south-west-sydney,/decorative-concrete-south-west-sydney/,service,,publish,"scope holds the citation. decorative-finish scope attributes unresolved excavation plan; decorative-finish scope keeps it open. [[PLACEHOLDER: operator-approved decorative concrete range from real CoreX quotes, including the assumptions behind it]] Get Your FREE Quote Today",Real per-square-metre price ranges from 5+ quoted Camden jobs,owner fact,owner fact,yes,no
EV-0034,REAL_PHOTO_PENDING,bracketed,register,969,concreters-gregory-hills,/concreters-gregory-hills/,suburb,1,publish,t reference for Gregory Hills when the Gregory Hills evidence reaches that topic; the lot record still controls the decision. [[REAL_PHOTO_PENDING: verified CoreX project in Gregory Hills]] [[REAL_PHOTO_PENDING: verified CoreX project in Gregory Hills]] [[REAL_PHOTO_PENDING: verified CoreX project in Gregory Hill,A real photograph of completed CoreX work on this page's subject,owner,photo,yes,no
EV-0035,REAL_PHOTO_PENDING,bracketed,register,969,concreters-gregory-hills,/concreters-gregory-hills/,suburb,1,publish,hes that topic; the lot record still controls the decision. [[REAL_PHOTO_PENDING: verified CoreX project in Gregory Hills]] [[REAL_PHOTO_PENDING: verified CoreX project in Gregory Hills]] [[REAL_PHOTO_PENDING: verified CoreX project in Gregory Hills]] Why Gregory Hills customers choose us Fixed-Price On-Site Quo,A real photograph of completed CoreX work on this page's subject,owner,photo,yes,no
EV-0036,REAL_PHOTO_PENDING,bracketed,register,969,concreters-gregory-hills,/concreters-gregory-hills/,suburb,1,publish,AL_PHOTO_PENDING: verified CoreX project in Gregory Hills]] [[REAL_PHOTO_PENDING: verified CoreX project in Gregory Hills]] [[REAL_PHOTO_PENDING: verified CoreX project in Gregory Hills]] Why Gregory Hills customers choose us Fixed-Price On-Site Quotes in Oran Park Written scope item 1 is checked against the Grego,A real photograph of completed CoreX work on this page's subject,owner,photo,yes,no
EV-0037,REAL_PHOTO_PENDING,bracketed,register,1126,concreters-harrington-park,/concreters-harrington-park/,suburb,1,publish,ference for Harrington Park when the Harrington Park evidence reaches that topic; the lot record still controls the decision. [[REAL_PHOTO_PENDING: verified CoreX project in Harrington Park]] [[REAL_PHOTO_PENDING: verified CoreX project in Harrington Park]] [[REAL_PHOTO_PENDING: verified CoreX project in Harringt,A real photograph of completed CoreX work on this page's subject,owner,photo,yes,no
EV-0038,REAL_PHOTO_PENDING,bracketed,register,1126,concreters-harrington-park,/concreters-harrington-park/,suburb,1,publish,s that topic; the lot record still controls the decision. [[REAL_PHOTO_PENDING: verified CoreX project in Harrington Park]] [[REAL_PHOTO_PENDING: verified CoreX project in Harrington Park]] [[REAL_PHOTO_PENDING: verified CoreX project in Harrington Park]] Why Harrington Park customers choose us Fixed-Price On-Si,A real photograph of completed CoreX work on this page's subject,owner,photo,yes,no
EV-0039,REAL_PHOTO_PENDING,bracketed,register,1126,concreters-harrington-park,/concreters-harrington-park/,suburb,1,publish,HOTO_PENDING: verified CoreX project in Harrington Park]] [[REAL_PHOTO_PENDING: verified CoreX project in Harrington Park]] [[REAL_PHOTO_PENDING: verified CoreX project in Harrington Park]] Why Harrington Park customers choose us Fixed-Price On-Site Quotes in Oran Park in Harrington Park Written scope item 1 is ch,A real photograph of completed CoreX work on this page's subject,owner,photo,yes,no
EV-0040,REAL_PHOTO_PENDING,bracketed,register,1163,concreters-austral,/concreters-austral/,suburb,1,publish,e slabs crack reference for Austral when the Austral evidence reaches that topic; the lot record still controls the decision. [[REAL_PHOTO_PENDING: verified CoreX project in Austral]] [[REAL_PHOTO_PENDING: verified CoreX project in Austral]] [[REAL_PHOTO_PENDING: verified CoreX project in Austral]] Why Austral c,A real photograph of completed CoreX work on this page's subject,owner,photo,yes,no
EV-0041,REAL_PHOTO_PENDING,bracketed,register,1163,concreters-austral,/concreters-austral/,suburb,1,publish,e reaches that topic; the lot record still controls the decision. [[REAL_PHOTO_PENDING: verified CoreX project in Austral]] [[REAL_PHOTO_PENDING: verified CoreX project in Austral]] [[REAL_PHOTO_PENDING: verified CoreX project in Austral]] Why Austral customers choose us Fixed-Price On-Site Quotes in Oran Park W,A real photograph of completed CoreX work on this page's subject,owner,photo,yes,no
EV-0042,REAL_PHOTO_PENDING,bracketed,register,1163,concreters-austral,/concreters-austral/,suburb,1,publish,sion. [[REAL_PHOTO_PENDING: verified CoreX project in Austral]] [[REAL_PHOTO_PENDING: verified CoreX project in Austral]] [[REAL_PHOTO_PENDING: verified CoreX project in Austral]] Why Austral customers choose us Fixed-Price On-Site Quotes in Oran Park Written scope item 1 is checked against the Austral site befo,A real photograph of completed CoreX work on this page's subject,owner,photo,yes,no
EV-0043,REQUIRED-RESEARCH,bare,found-in-rendered-copy,1163,concreters-austral,/concreters-austral/,suburb,1,publish,"atch the approved parking facility on the DA or CDC. The recorded Austral council specification is reproduced without alteration: REQUIRED-RESEARCH: confirm Liverpool City Council vehicle crossing specification, widths, strength and fee schedule at liverpool.nsw.gov.au. Before crossover work in Austral starts, the gove","Liverpool City Council vehicle crossing specification: widths, strength, fee schedule",council source,council source,yes,no
EV-0044,PLACEHOLDER,bracketed,register,1363,quote,/quote/,utility,,publish,"ate dimensions, access and preferred finish. Speak with CoreX A price range is not invented before the site inputs are known. [[PLACEHOLDER: operator-approved quote turnaround and inclusions]] Areas covered Questions before submitting can be sent through contact . Request an on-site concrete quote by providing th",Unclassified evidence gap; classify at owner review,owner fact,owner fact,yes,no
EV-0045,PLACEHOLDER,bracketed,register,1363,quote,/quote/,utility,,publish,"sed use, approximate dimensions, access and preferred finish. A price range is not invented before the site inputs are known. [[PLACEHOLDER: operator-approved quote turnaround and inclusions]] Questions before submitting can be sent through contact . [[PLACEHOLDER: verified CoreX ABN]] [[PLACEHOLDER: verified Core",Unclassified evidence gap; classify at owner review,owner fact,owner fact,yes,no
EV-0046,PLACEHOLDER,bracketed,register,1363,quote,/quote/,utility,,publish,[[PLACEHOLDER: operator-approved quote turnaround and inclusions]] Questions before submitting can be sent through contact . [[PLACEHOLDER: verified CoreX ABN]] [[PLACEHOLDER: verified CoreX business address]] Mon-Fri 9:00AM - 5:00PM © 2022 All Rights Reserved.,Verified CoreX ABN,owner fact,owner fact,yes,no
EV-0047,PLACEHOLDER,bracketed,register,1363,quote,/quote/,utility,,publish,te turnaround and inclusions]] Questions before submitting can be sent through contact . [[PLACEHOLDER: verified CoreX ABN]] [[PLACEHOLDER: verified CoreX business address]] Mon-Fri 9:00AM - 5:00PM © 2022 All Rights Reserved.,"Verified CoreX business address, and whether it is staffed",owner fact,owner fact,yes,no
EV-0048,PLACEHOLDER,bracketed,register,1364,about,/about/,utility,,publish,"ents. Speak with CoreX No licence, completed-project count or review claim is published until the operator supplies evidence. [[PLACEHOLDER: verified licence, insurance and operator profile]] Areas covered The current service scope is listed from the Camden concreters homepage . CoreX Concreters Camden scopes con",NSW Fair Trading licence number,owner fact,owner fact,yes,no
EV-0049,PLACEHOLDER,bracketed,register,1364,about,/about/,utility,,publish,"council requirements. No licence, completed-project count or review claim is published until the operator supplies evidence. [[PLACEHOLDER: verified licence, insurance and operator profile]] The current service scope is listed from the Camden concreters homepage . [[PLACEHOLDER: verified CoreX ABN]] [[PLACEHOLDER",NSW Fair Trading licence number,owner fact,owner fact,yes,no
EV-0050,PLACEHOLDER,bracketed,register,1364,about,/about/,utility,,publish,"verified licence, insurance and operator profile]] The current service scope is listed from the Camden concreters homepage . [[PLACEHOLDER: verified CoreX ABN]] [[PLACEHOLDER: verified CoreX business address]] Mon-Fri 9:00AM - 5:00PM © 2022 All Rights Reserved.",Verified CoreX ABN,owner fact,owner fact,yes,no
EV-0051,PLACEHOLDER,bracketed,register,1364,about,/about/,utility,,publish,ator profile]] The current service scope is listed from the Camden concreters homepage . [[PLACEHOLDER: verified CoreX ABN]] [[PLACEHOLDER: verified CoreX business address]] Mon-Fri 9:00AM - 5:00PM © 2022 All Rights Reserved.,"Verified CoreX business address, and whether it is staffed",owner fact,owner fact,yes,no
EV-0052,PLACEHOLDER,bracketed,register,1365,gallery,/gallery/,utility,,publish,"to publish]] Until verified photographs are supplied, service details remain available from the Camden concreters homepage . [[PLACEHOLDER: verified CoreX ABN]] [[PLACEHOLDER: verified CoreX business address]] Mon-Fri 9:00AM - 5:00PM © 2022 All Rights Reserved.",Verified CoreX ABN,owner fact,owner fact,yes,no
EV-0053,PLACEHOLDER,bracketed,register,1365,gallery,/gallery/,utility,,publish,"raphs are supplied, service details remain available from the Camden concreters homepage . [[PLACEHOLDER: verified CoreX ABN]] [[PLACEHOLDER: verified CoreX business address]] Mon-Fri 9:00AM - 5:00PM © 2022 All Rights Reserved.","Verified CoreX business address, and whether it is staffed",owner fact,owner fact,yes,no
EV-0054,REAL_PHOTO_PENDING,bracketed,register,1365,gallery,/gallery/,utility,,publish,"This gallery is reserved for verified CoreX projects completed in Camden and South West Sydney. Speak with CoreX [[REAL_PHOTO_PENDING: project image, suburb, service, completion date and permission to publish]] Areas covered Until verified photographs are supplied, service details remain available from",A real photograph of completed CoreX work on this page's subject,owner,photo,yes,no
EV-0055,REAL_PHOTO_PENDING,bracketed,register,1365,gallery,/gallery/,utility,,publish,"amden concreters homepage . This gallery is reserved for verified CoreX projects completed in Camden and South West Sydney. [[REAL_PHOTO_PENDING: project image, suburb, service, completion date and permission to publish]] Until verified photographs are supplied, service details remain available from the Camden co",A real photograph of completed CoreX work on this page's subject,owner,photo,yes,no
EV-0056,PLACEHOLDER,bracketed,register,1366,concrete-driveway-replacement-south-west-sydney,/concrete-driveway-replacement-south-west-sydney/,service,,publish,"rks the evidence owner. replacement-driveway scope tracks unresolved excavation plan; replacement-driveway scope keeps it open. [[PLACEHOLDER: operator-approved concrete driveway replacement range from real CoreX quotes, including the assumptions behind it]] Site assessment for concrete driveway replacement replaceme",Real per-square-metre price ranges from 5+ quoted Camden jobs,owner fact,owner fact,yes,no
EV-0057,PLACEHOLDER,bracketed,register,1367,shed-and-garage-slabs-south-west-sydney,/shed-and-garage-slabs-south-west-sydney/,service,,publish,"ints; shed-slab scope carries the source date. shed-slab scope notes unresolved excavation plan; shed-slab scope keeps it open. [[PLACEHOLDER: operator-approved shed and garage slabs range from real CoreX quotes, including the assumptions behind it]] What shed and garage slabs covers in South West Sydney shed-slab sc",Real per-square-metre price ranges from 5+ quoted Camden jobs,owner fact,owner fact,yes,no
EV-0058,PLACEHOLDER,bracketed,register,1368,concrete-crossovers-and-laybacks-south-west-sydney,/concrete-crossovers-and-laybacks-south-west-sydney/,service,,publish,"-work scope marks the evidence owner. crossover-work scope maps unresolved excavation plan; crossover-work scope keeps it open. [[PLACEHOLDER: operator-approved concrete crossovers and laybacks range from real CoreX quotes, including the assumptions behind it]] crossover-work scope tests subgrade evidence; crossover-",Real per-square-metre price ranges from 5+ quoted Camden jobs,owner fact,owner fact,yes,no
EV-0059,PLACEHOLDER,bracketed,register,1368,concrete-crossovers-and-laybacks-south-west-sydney,/concrete-crossovers-and-laybacks-south-west-sydney/,service,,publish,ver-work scope holds the citation. crossover-work scope notes unresolved early protection; crossover-work scope keeps it open. [[PLACEHOLDER: verified CoreX ABN]] [[PLACEHOLDER: verified CoreX business address]] Mon-Fri 9:00AM - 5:00PM © All Rights Reserved.,Verified CoreX ABN,owner fact,owner fact,yes,no
EV-0060,PLACEHOLDER,bracketed,register,1368,concrete-crossovers-and-laybacks-south-west-sydney,/concrete-crossovers-and-laybacks-south-west-sydney/,service,,publish,rossover-work scope notes unresolved early protection; crossover-work scope keeps it open. [[PLACEHOLDER: verified CoreX ABN]] [[PLACEHOLDER: verified CoreX business address]] Mon-Fri 9:00AM - 5:00PM © All Rights Reserved.,"Verified CoreX business address, and whether it is staffed",owner fact,owner fact,yes,no
EV-0061,PLACEHOLDER,bracketed,register,1369,commercial-concreting-south-west-sydney,/commercial-concreting-south-west-sydney/,service,,publish,"-work scope carries the source date. hardstand-work scope dates unresolved excavation plan; hardstand-work scope keeps it open. [[PLACEHOLDER: operator-approved commercial concreting range from real CoreX quotes, including the assumptions behind it]] What commercial concreting covers in South West Sydney hardstand-wo",Real per-square-metre price ranges from 5+ quoted Camden jobs,owner fact,owner fact,yes,no
EV-0062,REAL_PHOTO_PENDING,bracketed,register,1370,concreters-gledswood-hills,/concreters-gledswood-hills/,suburb,1,publish,ference for Gledswood Hills when the Gledswood Hills evidence reaches that topic; the lot record still controls the decision. [[REAL_PHOTO_PENDING: verified CoreX project in Gledswood Hills]] [[REAL_PHOTO_PENDING: verified CoreX project in Gledswood Hills]] [[REAL_PHOTO_PENDING: verified CoreX project in Gledswoo,A real photograph of completed CoreX work on this page's subject,owner,photo,yes,no
EV-0063,REAL_PHOTO_PENDING,bracketed,register,1370,concreters-gledswood-hills,/concreters-gledswood-hills/,suburb,1,publish,s that topic; the lot record still controls the decision. [[REAL_PHOTO_PENDING: verified CoreX project in Gledswood Hills]] [[REAL_PHOTO_PENDING: verified CoreX project in Gledswood Hills]] [[REAL_PHOTO_PENDING: verified CoreX project in Gledswood Hills]] Why Gledswood Hills customers choose us Fixed-Price On-Si,A real photograph of completed CoreX work on this page's subject,owner,photo,yes,no
EV-0064,REAL_PHOTO_PENDING,bracketed,register,1370,concreters-gledswood-hills,/concreters-gledswood-hills/,suburb,1,publish,HOTO_PENDING: verified CoreX project in Gledswood Hills]] [[REAL_PHOTO_PENDING: verified CoreX project in Gledswood Hills]] [[REAL_PHOTO_PENDING: verified CoreX project in Gledswood Hills]] Why Gledswood Hills customers choose us Fixed-Price On-Site Quotes in Oran Park Written scope item 1 is checked against the G,A real photograph of completed CoreX work on this page's subject,owner,photo,yes,no
EV-0065,REAL_PHOTO_PENDING,bracketed,register,1371,concreters-catherine-field,/concreters-catherine-field/,suburb,2,draft,ference for Catherine Field when the Catherine Field evidence reaches that topic; the lot record still controls the decision. [[REAL_PHOTO_PENDING: verified CoreX project in Catherine Field]] [[REAL_PHOTO_PENDING: verified CoreX project in Catherine Field]] [[REAL_PHOTO_PENDING: verified CoreX project in Catherin,A real photograph of completed CoreX work on this page's subject,owner,photo,yes,no
EV-0066,REAL_PHOTO_PENDING,bracketed,register,1371,concreters-catherine-field,/concreters-catherine-field/,suburb,2,draft,s that topic; the lot record still controls the decision. [[REAL_PHOTO_PENDING: verified CoreX project in Catherine Field]] [[REAL_PHOTO_PENDING: verified CoreX project in Catherine Field]] [[REAL_PHOTO_PENDING: verified CoreX project in Catherine Field]] Why Catherine Field customers choose us Fixed-Price On-Si,A real photograph of completed CoreX work on this page's subject,owner,photo,yes,no
EV-0067,REAL_PHOTO_PENDING,bracketed,register,1371,concreters-catherine-field,/concreters-catherine-field/,suburb,2,draft,HOTO_PENDING: verified CoreX project in Catherine Field]] [[REAL_PHOTO_PENDING: verified CoreX project in Catherine Field]] [[REAL_PHOTO_PENDING: verified CoreX project in Catherine Field]] Why Catherine Field customers choose us Fixed-Price On-Site Quotes in Oran Park Written scope item 1 is checked against the C,A real photograph of completed CoreX work on this page's subject,owner,photo,yes,no
EV-0068,REAL_PHOTO_PENDING,bracketed,register,1372,concreters-narellan,/concreters-narellan/,suburb,2,draft,vs replace reference for Narellan when the Narellan evidence reaches that topic; the lot record still controls the decision. [[REAL_PHOTO_PENDING: verified CoreX project in Narellan]] [[REAL_PHOTO_PENDING: verified CoreX project in Narellan]] [[REAL_PHOTO_PENDING: verified CoreX project in Narellan]] Why Narell,A real photograph of completed CoreX work on this page's subject,owner,photo,yes,no
EV-0069,REAL_PHOTO_PENDING,bracketed,register,1372,concreters-narellan,/concreters-narellan/,suburb,2,draft,reaches that topic; the lot record still controls the decision. [[REAL_PHOTO_PENDING: verified CoreX project in Narellan]] [[REAL_PHOTO_PENDING: verified CoreX project in Narellan]] [[REAL_PHOTO_PENDING: verified CoreX project in Narellan]] Why Narellan customers choose us Fixed-Price On-Site Quotes in Oran Par,A real photograph of completed CoreX work on this page's subject,owner,photo,yes,no
EV-0070,REAL_PHOTO_PENDING,bracketed,register,1372,concreters-narellan,/concreters-narellan/,suburb,2,draft,on. [[REAL_PHOTO_PENDING: verified CoreX project in Narellan]] [[REAL_PHOTO_PENDING: verified CoreX project in Narellan]] [[REAL_PHOTO_PENDING: verified CoreX project in Narellan]] Why Narellan customers choose us Fixed-Price On-Site Quotes in Oran Park Written scope item 1 is checked against the Narellan site b,A real photograph of completed CoreX work on this page's subject,owner,photo,yes,no
EV-0071,REAL_PHOTO_PENDING,bracketed,register,1375,concreters-mount-annan,/concreters-mount-annan/,suburb,2,draft,atter reference for Mount Annan when the Mount Annan evidence reaches that topic; the lot record still controls the decision. [[REAL_PHOTO_PENDING: verified CoreX project in Mount Annan]] [[REAL_PHOTO_PENDING: verified CoreX project in Mount Annan]] [[REAL_PHOTO_PENDING: verified CoreX project in Mount Annan]] W,A real photograph of completed CoreX work on this page's subject,owner,photo,yes,no
EV-0072,REAL_PHOTO_PENDING,bracketed,register,1375,concreters-mount-annan,/concreters-mount-annan/,suburb,2,draft,aches that topic; the lot record still controls the decision. [[REAL_PHOTO_PENDING: verified CoreX project in Mount Annan]] [[REAL_PHOTO_PENDING: verified CoreX project in Mount Annan]] [[REAL_PHOTO_PENDING: verified CoreX project in Mount Annan]] Why Mount Annan customers choose us Fixed-Price On-Site Quotes in,A real photograph of completed CoreX work on this page's subject,owner,photo,yes,no
EV-0073,REAL_PHOTO_PENDING,bracketed,register,1375,concreters-mount-annan,/concreters-mount-annan/,suburb,2,draft,[[REAL_PHOTO_PENDING: verified CoreX project in Mount Annan]] [[REAL_PHOTO_PENDING: verified CoreX project in Mount Annan]] [[REAL_PHOTO_PENDING: verified CoreX project in Mount Annan]] Why Mount Annan customers choose us Fixed-Price On-Site Quotes in Oran Park Written scope item 1 is checked against the Mount Ann,A real photograph of completed CoreX work on this page's subject,owner,photo,yes,no
EV-0074,REAL_PHOTO_PENDING,bracketed,register,1376,concreters-currans-hill,/concreters-currans-hill/,suburb,3,draft,ing reference for Currans Hill when the Currans Hill evidence reaches that topic; the lot record still controls the decision. [[REAL_PHOTO_PENDING: verified CoreX project in Currans Hill]] [[REAL_PHOTO_PENDING: verified CoreX project in Currans Hill]] [[REAL_PHOTO_PENDING: verified CoreX project in Currans Hill]],A real photograph of completed CoreX work on this page's subject,owner,photo,yes,no
EV-0075,REAL_PHOTO_PENDING,bracketed,register,1376,concreters-currans-hill,/concreters-currans-hill/,suburb,3,draft,ches that topic; the lot record still controls the decision. [[REAL_PHOTO_PENDING: verified CoreX project in Currans Hill]] [[REAL_PHOTO_PENDING: verified CoreX project in Currans Hill]] [[REAL_PHOTO_PENDING: verified CoreX project in Currans Hill]] Why Currans Hill customers choose us Fixed-Price On-Site Quotes,A real photograph of completed CoreX work on this page's subject,owner,photo,yes,no
EV-0076,REAL_PHOTO_PENDING,bracketed,register,1376,concreters-currans-hill,/concreters-currans-hill/,suburb,3,draft,REAL_PHOTO_PENDING: verified CoreX project in Currans Hill]] [[REAL_PHOTO_PENDING: verified CoreX project in Currans Hill]] [[REAL_PHOTO_PENDING: verified CoreX project in Currans Hill]] Why Currans Hill customers choose us Fixed-Price On-Site Quotes in Oran Park in Currans Hill Written scope item 1 is checked aga,A real photograph of completed CoreX work on this page's subject,owner,photo,yes,no
EV-0077,REAL_PHOTO_PENDING,bracketed,register,1377,concreters-spring-farm,/concreters-spring-farm/,suburb,2,draft,racks reference for Spring Farm when the Spring Farm evidence reaches that topic; the lot record still controls the decision. [[REAL_PHOTO_PENDING: verified CoreX project in Spring Farm]] [[REAL_PHOTO_PENDING: verified CoreX project in Spring Farm]] [[REAL_PHOTO_PENDING: verified CoreX project in Spring Farm]] W,A real photograph of completed CoreX work on this page's subject,owner,photo,yes,no
EV-0078,REAL_PHOTO_PENDING,bracketed,register,1377,concreters-spring-farm,/concreters-spring-farm/,suburb,2,draft,aches that topic; the lot record still controls the decision. [[REAL_PHOTO_PENDING: verified CoreX project in Spring Farm]] [[REAL_PHOTO_PENDING: verified CoreX project in Spring Farm]] [[REAL_PHOTO_PENDING: verified CoreX project in Spring Farm]] Why Spring Farm customers choose us Fixed-Price On-Site Quotes in,A real photograph of completed CoreX work on this page's subject,owner,photo,yes,no
EV-0079,REAL_PHOTO_PENDING,bracketed,register,1377,concreters-spring-farm,/concreters-spring-farm/,suburb,2,draft,[[REAL_PHOTO_PENDING: verified CoreX project in Spring Farm]] [[REAL_PHOTO_PENDING: verified CoreX project in Spring Farm]] [[REAL_PHOTO_PENDING: verified CoreX project in Spring Farm]] Why Spring Farm customers choose us Fixed-Price On-Site Quotes in Oran Park Written scope item 1 is checked against the Spring Fa,A real photograph of completed CoreX work on this page's subject,owner,photo,yes,no
EV-0080,REAL_PHOTO_PENDING,bracketed,register,1378,concreters-elderslie,/concreters-elderslie/,suburb,2,draft,s as 2870 reference for Elderslie when the Elderslie evidence reaches that topic; the lot record still controls the decision. [[REAL_PHOTO_PENDING: verified CoreX project in Elderslie]] [[REAL_PHOTO_PENDING: verified CoreX project in Elderslie]] [[REAL_PHOTO_PENDING: verified CoreX project in Elderslie]] Why Eld,A real photograph of completed CoreX work on this page's subject,owner,photo,yes,no
EV-0081,REAL_PHOTO_PENDING,bracketed,register,1378,concreters-elderslie,/concreters-elderslie/,suburb,2,draft,reaches that topic; the lot record still controls the decision. [[REAL_PHOTO_PENDING: verified CoreX project in Elderslie]] [[REAL_PHOTO_PENDING: verified CoreX project in Elderslie]] [[REAL_PHOTO_PENDING: verified CoreX project in Elderslie]] Why Elderslie customers choose us Fixed-Price On-Site Quotes in Oran,A real photograph of completed CoreX work on this page's subject,owner,photo,yes,no
EV-0082,REAL_PHOTO_PENDING,bracketed,register,1378,concreters-elderslie,/concreters-elderslie/,suburb,2,draft,. [[REAL_PHOTO_PENDING: verified CoreX project in Elderslie]] [[REAL_PHOTO_PENDING: verified CoreX project in Elderslie]] [[REAL_PHOTO_PENDING: verified CoreX project in Elderslie]] Why Elderslie customers choose us Fixed-Price On-Site Quotes in Oran Park in Elderslie Written scope item 1 is checked against the,A real photograph of completed CoreX work on this page's subject,owner,photo,yes,no
EV-0083,REAL_PHOTO_PENDING,bracketed,register,1379,concreters-cobbitty,/concreters-cobbitty/,suburb,3,draft,n explained reference for Cobbitty when the Cobbitty evidence reaches that topic; the lot record still controls the decision. [[REAL_PHOTO_PENDING: verified CoreX project in Cobbitty]] [[REAL_PHOTO_PENDING: verified CoreX project in Cobbitty]] [[REAL_PHOTO_PENDING: verified CoreX project in Cobbitty]] Why Cobbit,A real photograph of completed CoreX work on this page's subject,owner,photo,yes,no
EV-0084,REAL_PHOTO_PENDING,bracketed,register,1379,concreters-cobbitty,/concreters-cobbitty/,suburb,3,draft,reaches that topic; the lot record still controls the decision. [[REAL_PHOTO_PENDING: verified CoreX project in Cobbitty]] [[REAL_PHOTO_PENDING: verified CoreX project in Cobbitty]] [[REAL_PHOTO_PENDING: verified CoreX project in Cobbitty]] Why Cobbitty customers choose us Fixed-Price On-Site Quotes in Oran Par,A real photograph of completed CoreX work on this page's subject,owner,photo,yes,no
EV-0085,REAL_PHOTO_PENDING,bracketed,register,1379,concreters-cobbitty,/concreters-cobbitty/,suburb,3,draft,on. [[REAL_PHOTO_PENDING: verified CoreX project in Cobbitty]] [[REAL_PHOTO_PENDING: verified CoreX project in Cobbitty]] [[REAL_PHOTO_PENDING: verified CoreX project in Cobbitty]] Why Cobbitty customers choose us Fixed-Price On-Site Quotes in Oran Park Written scope item 1 is checked against the Cobbitty site b,A real photograph of completed CoreX work on this page's subject,owner,photo,yes,no
EV-0086,REAL_PHOTO_PENDING,bracketed,register,1387,concreters-edmondson-park,/concreters-edmondson-park/,suburb,2,draft,reference for Edmondson Park when the Edmondson Park evidence reaches that topic; the lot record still controls the decision. [[REAL_PHOTO_PENDING: verified CoreX project in Edmondson Park]] [[REAL_PHOTO_PENDING: verified CoreX project in Edmondson Park]] [[REAL_PHOTO_PENDING: verified CoreX project in Edmondson,A real photograph of completed CoreX work on this page's subject,owner,photo,yes,no
EV-0087,REAL_PHOTO_PENDING,bracketed,register,1387,concreters-edmondson-park,/concreters-edmondson-park/,suburb,2,draft,es that topic; the lot record still controls the decision. [[REAL_PHOTO_PENDING: verified CoreX project in Edmondson Park]] [[REAL_PHOTO_PENDING: verified CoreX project in Edmondson Park]] [[REAL_PHOTO_PENDING: verified CoreX project in Edmondson Park]] Why Edmondson Park customers choose us Fixed-Price On-Site,A real photograph of completed CoreX work on this page's subject,owner,photo,yes,no
EV-0088,REAL_PHOTO_PENDING,bracketed,register,1387,concreters-edmondson-park,/concreters-edmondson-park/,suburb,2,draft,_PHOTO_PENDING: verified CoreX project in Edmondson Park]] [[REAL_PHOTO_PENDING: verified CoreX project in Edmondson Park]] [[REAL_PHOTO_PENDING: verified CoreX project in Edmondson Park]] Why Edmondson Park customers choose us Fixed-Price On-Site Quotes in Oran Park Written scope item 1 is checked against the Edm,A real photograph of completed CoreX work on this page's subject,owner,photo,yes,no
EV-0089,REQUIRED-RESEARCH,bare,found-in-rendered-copy,1387,concreters-edmondson-park,/concreters-edmondson-park/,suburb,2,draft,"ally a committee resolution before you start. The recorded Edmondson Park council specification is reproduced without alteration: REQUIRED-RESEARCH: confirm Liverpool City Council vehicle crossing specification, widths, strength and fee schedule at liverpool.nsw.gov.au. Before crossover work in Edmondson Park starts, t","Liverpool City Council vehicle crossing specification: widths, strength, fee schedule",council source,council source,yes,no
EV-0090,REAL_PHOTO_PENDING,bracketed,register,1388,concreters-bringelly,/concreters-bringelly/,suburb,3,draft,tand cost reference for Bringelly when the Bringelly evidence reaches that topic; the lot record still controls the decision. [[REAL_PHOTO_PENDING: verified CoreX project in Bringelly]] [[REAL_PHOTO_PENDING: verified CoreX project in Bringelly]] [[REAL_PHOTO_PENDING: verified CoreX project in Bringelly]] Why Bri,A real photograph of completed CoreX work on this page's subject,owner,photo,yes,no
EV-0091,REAL_PHOTO_PENDING,bracketed,register,1388,concreters-bringelly,/concreters-bringelly/,suburb,3,draft,reaches that topic; the lot record still controls the decision. [[REAL_PHOTO_PENDING: verified CoreX project in Bringelly]] [[REAL_PHOTO_PENDING: verified CoreX project in Bringelly]] [[REAL_PHOTO_PENDING: verified CoreX project in Bringelly]] Why Bringelly customers choose us Fixed-Price On-Site Quotes in Oran,A real photograph of completed CoreX work on this page's subject,owner,photo,yes,no
EV-0092,REAL_PHOTO_PENDING,bracketed,register,1388,concreters-bringelly,/concreters-bringelly/,suburb,3,draft,. [[REAL_PHOTO_PENDING: verified CoreX project in Bringelly]] [[REAL_PHOTO_PENDING: verified CoreX project in Bringelly]] [[REAL_PHOTO_PENDING: verified CoreX project in Bringelly]] Why Bringelly customers choose us Fixed-Price On-Site Quotes in Oran Park in Bringelly Written scope item 1 is checked against the,A real photograph of completed CoreX work on this page's subject,owner,photo,yes,no
EV-0093,VERIFY,bare,found-in-rendered-copy,1388,concreters-bringelly,/concreters-bringelly/,suburb,3,draft,"cial 78%. The Bringelly service emphasis follows that recorded mix. The Bringelly research brief assigns postcode 2556, authority VERIFY — Liverpool City Council / Camden Council boundary and primary query concreters bringelly. Those Bringelly identifiers must agree across the import record. The supplied Bringelly quer",Governing LGA per lot and the approval path; the sentence also asserts verification that has not occurred,council source,council source,yes,no
EV-0094,VERIFY,bare,found-in-rendered-copy,1388,concreters-bringelly,/concreters-bringelly/,suburb,3,draft,"it does not remove the need for planned joints, support and drainage in Bringelly. The verified approval path for Bringelly is: VERIFY the governing LGA per lot on the NSW Planning Portal before quoting. Industrial slabs typically sit under DA conditions rather than a standalone driveway application. The recorded Bri",Governing LGA per lot and the approval path; the sentence also asserts verification that has not occurred,council source,council source,yes,no
EV-0095,VERIFY,bare,found-in-rendered-copy,1388,concreters-bringelly,/concreters-bringelly/,suburb,3,draft,"sment under AS 2159 is a real input on industrial slabs here, not a formality. For Bringelly, the verified project record says: VERIFY the governing LGA per lot on the NSW Planning Portal before quoting. Industrial slabs typically sit under DA conditions rather than a standalone driveway application.",Governing LGA per lot and the approval path; the sentence also asserts verification that has not occurred,council source,council source,yes,no
EV-0096,REQUIRED-RESEARCH,bare,found-in-rendered-copy,1388,concreters-bringelly,/concreters-bringelly/,suburb,3,draft,"ons rather than a standalone driveway application. The recorded Bringelly council specification is reproduced without alteration: REQUIRED-RESEARCH: confirm Liverpool City Council vehicle crossing specification, widths, strength and fee schedule at liverpool.nsw.gov.au. Before crossover work in Bringelly starts, the go","Liverpool City Council vehicle crossing specification: widths, strength, fee schedule",council source,council source,yes,no
EV-0097,VERIFY,bracketed,register,1425,liverpool-council-vehicle-crossing,/guides/liverpool-council-vehicle-crossing/,guide,,draft,"observation into a project specification. The current Liverpool City Council numeric specification remains a verification item. [[VERIFY: current Liverpool City Council vehicle-crossing specification, application, fees, inspections, widths and grades before this guide is published]] Get Your FREE Quote Today Call us -","Council specification, fee or process, from the council's own current source",council source,council source,yes,no
EV-0098,VERIFY,bracketed,register,1426,campbelltown-council-driveway-crossing,/guides/campbelltown-council-driveway-crossing/,guide,,draft,"ervation into a project specification. The current Campbelltown City Council numeric specification remains a verification item. [[VERIFY: current Campbelltown City Council vehicle-crossing specification, application, fees, inspections, widths and grades before this guide is published]] Get Your FREE Quote Today Call u","Council specification, fee or process, from the council's own current source",council source,council source,yes,no
EV-0099,VERIFY,bracketed,register,1427,wollondilly-council-driveway-crossing,/guides/wollondilly-council-driveway-crossing/,guide,,draft,"ervation into a project specification. The current Wollondilly Shire Council numeric specification remains a verification item. [[VERIFY: current Wollondilly Shire Council vehicle-crossing specification, application, fees, inspections, widths and grades before this guide is published]] Get Your FREE Quote Today Call u","Council specification, fee or process, from the council's own current source",council source,council source,yes,no
EV-0100,PLACEHOLDER,bracketed,register,1457,driveway-cost-calculator,/driveway-cost-calculator/,cost_comparison,,draft,"idence owner. driveway-cost-calculator-review maps unresolved measured geometry; driveway-cost-calculator-review keeps it open. [[PLACEHOLDER: operator-approved rates, formula, assumptions and effective date for Driveway Cost Calculator from real CoreX quotes]] driveway-cost-calculator-review cites existing surface;",Real per-square-metre price ranges from 5+ quoted Camden jobs,owner fact,owner fact,yes,no
EV-0101,PLACEHOLDER,bracketed,register,1457,driveway-cost-calculator,/driveway-cost-calculator/,cost_comparison,,draft,ance visible. driveway-cost-calculator-review records unresolved rate evidence; driveway-cost-calculator-review keeps it open. [[PLACEHOLDER: verified CoreX ABN]] [[PLACEHOLDER: verified CoreX business address]] Mon-Fri 9:00AM - 5:00PM © All Rights Reserved.,Verified CoreX ABN,owner fact,owner fact,yes,no
EV-0102,PLACEHOLDER,bracketed,register,1457,driveway-cost-calculator,/driveway-cost-calculator/,cost_comparison,,draft,or-review records unresolved rate evidence; driveway-cost-calculator-review keeps it open. [[PLACEHOLDER: verified CoreX ABN]] [[PLACEHOLDER: verified CoreX business address]] Mon-Fri 9:00AM - 5:00PM © All Rights Reserved.,"Verified CoreX business address, and whether it is staffed",owner fact,owner fact,yes,no
EV-0103,PLACEHOLDER,bracketed,register,1458,slab-volume-calculator,/slab-volume-calculator/,cost_comparison,,draft,"record owner. slab-volume-calculator-review verifies unresolved measured geometry; slab-volume-calculator-review keeps it open. [[PLACEHOLDER: operator-approved rates, formula, assumptions and effective date for Slab Volume Calculator from real CoreX quotes]] slab-volume-calculator-review lists existing surface; slab",Real per-square-metre price ranges from 5+ quoted Camden jobs,owner fact,owner fact,yes,no
EV-0104,PLACEHOLDER,bracketed,register,1458,slab-volume-calculator,/slab-volume-calculator/,cost_comparison,,draft,he evidence owner. slab-volume-calculator-review checks unresolved rate evidence; slab-volume-calculator-review keeps it open. [[PLACEHOLDER: verified CoreX ABN]] [[PLACEHOLDER: verified CoreX business address]] Mon-Fri 9:00AM - 5:00PM © All Rights Reserved.,Verified CoreX ABN,owner fact,owner fact,yes,no
EV-0105,PLACEHOLDER,bracketed,register,1458,slab-volume-calculator,/slab-volume-calculator/,cost_comparison,,draft,lator-review checks unresolved rate evidence; slab-volume-calculator-review keeps it open. [[PLACEHOLDER: verified CoreX ABN]] [[PLACEHOLDER: verified CoreX business address]] Mon-Fri 9:00AM - 5:00PM © All Rights Reserved.,"Verified CoreX business address, and whether it is staffed",owner fact,owner fact,yes,no
EV-0106,PLACEHOLDER,bracketed,register,1463,plain-concrete-driveway-cost,/plain-concrete-driveway-cost/,cost_comparison,,draft,"s the evidence owner. plain-driveway-cost-review checks unresolved measured geometry; plain-driveway-cost-review keeps it open. [[PLACEHOLDER: operator-approved rates, formula, assumptions and effective date for Plain Concrete Driveway Cost from real CoreX quotes]] plain-driveway-cost-review separates existing surfac",Real per-square-metre price ranges from 5+ quoted Camden jobs,owner fact,owner fact,yes,no
EV-0107,PLACEHOLDER,bracketed,register,1463,plain-concrete-driveway-cost,/plain-concrete-driveway-cost/,cost_comparison,,draft,keeps provenance visible. plain-driveway-cost-review lists unresolved rate evidence; plain-driveway-cost-review keeps it open. [[PLACEHOLDER: verified CoreX ABN]] [[PLACEHOLDER: verified CoreX business address]] Mon-Fri 9:00AM - 5:00PM © All Rights Reserved.,Verified CoreX ABN,owner fact,owner fact,yes,no
EV-0108,PLACEHOLDER,bracketed,register,1463,plain-concrete-driveway-cost,/plain-concrete-driveway-cost/,cost_comparison,,draft,eway-cost-review lists unresolved rate evidence; plain-driveway-cost-review keeps it open. [[PLACEHOLDER: verified CoreX ABN]] [[PLACEHOLDER: verified CoreX business address]] Mon-Fri 9:00AM - 5:00PM © All Rights Reserved.,"Verified CoreX business address, and whether it is staffed",owner fact,owner fact,yes,no
EV-0109,PLACEHOLDER,bracketed,register,1464,exposed-aggregate-driveway-cost,/exposed-aggregate-driveway-cost/,cost_comparison,,draft,"tion. exposed-aggregate-driveway-review measures unresolved measured geometry; exposed-aggregate-driveway-review keeps it open. [[PLACEHOLDER: operator-approved rates, formula, assumptions and effective date for Exposed Aggregate Driveway Cost from real CoreX quotes]] exposed-aggregate-driveway-review verifies existi",Real per-square-metre price ranges from 5+ quoted Camden jobs,owner fact,owner fact,yes,no
EV-0110,PLACEHOLDER,bracketed,register,1464,exposed-aggregate-driveway-cost,/exposed-aggregate-driveway-cost/,cost_comparison,,draft,is explicit. exposed-aggregate-driveway-review logs unresolved rate evidence; exposed-aggregate-driveway-review keeps it open. [[PLACEHOLDER: verified CoreX ABN]] [[PLACEHOLDER: verified CoreX business address]] Mon-Fri 9:00AM - 5:00PM © All Rights Reserved.,Verified CoreX ABN,owner fact,owner fact,yes,no
EV-0111,PLACEHOLDER,bracketed,register,1464,exposed-aggregate-driveway-cost,/exposed-aggregate-driveway-cost/,cost_comparison,,draft,way-review logs unresolved rate evidence; exposed-aggregate-driveway-review keeps it open. [[PLACEHOLDER: verified CoreX ABN]] [[PLACEHOLDER: verified CoreX business address]] Mon-Fri 9:00AM - 5:00PM © All Rights Reserved.,"Verified CoreX business address, and whether it is staffed",owner fact,owner fact,yes,no
EV-0112,PLACEHOLDER,bracketed,register,1465,coloured-concrete-driveway-cost,/coloured-concrete-driveway-cost/,cost_comparison,,draft,"the reference. coloured-driveway-cost-review states unresolved measured geometry; coloured-driveway-cost-review keeps it open. [[PLACEHOLDER: operator-approved rates, formula, assumptions and effective date for Coloured Concrete Driveway Cost from real CoreX quotes]] coloured-driveway-cost-review records existing su",Real per-square-metre price ranges from 5+ quoted Camden jobs,owner fact,owner fact,yes,no
EV-0113,PLACEHOLDER,bracketed,register,1465,coloured-concrete-driveway-cost,/coloured-concrete-driveway-cost/,cost_comparison,,draft,retains the source. coloured-driveway-cost-review maps unresolved rate evidence; coloured-driveway-cost-review keeps it open. [[PLACEHOLDER: verified CoreX ABN]] [[PLACEHOLDER: verified CoreX business address]] Mon-Fri 9:00AM - 5:00PM © All Rights Reserved.,Verified CoreX ABN,owner fact,owner fact,yes,no
EV-0114,PLACEHOLDER,bracketed,register,1465,coloured-concrete-driveway-cost,/coloured-concrete-driveway-cost/,cost_comparison,,draft,ay-cost-review maps unresolved rate evidence; coloured-driveway-cost-review keeps it open. [[PLACEHOLDER: verified CoreX ABN]] [[PLACEHOLDER: verified CoreX business address]] Mon-Fri 9:00AM - 5:00PM © All Rights Reserved.,"Verified CoreX business address, and whether it is staffed",owner fact,owner fact,yes,no
EV-0115,PLACEHOLDER,bracketed,register,1466,stencilled-concrete-driveway-cost,/stencilled-concrete-driveway-cost/,cost_comparison,,draft,"dence owner. stencilled-driveway-cost-review dates unresolved measured geometry; stencilled-driveway-cost-review keeps it open. [[PLACEHOLDER: operator-approved rates, formula, assumptions and effective date for Stencilled Concrete Driveway Cost from real CoreX quotes]] stencilled-driveway-cost-review notes existing",Real per-square-metre price ranges from 5+ quoted Camden jobs,owner fact,owner fact,yes,no
EV-0116,PLACEHOLDER,bracketed,register,1466,stencilled-concrete-driveway-cost,/stencilled-concrete-driveway-cost/,cost_comparison,,draft,nance visible. stencilled-driveway-cost-review tracks unresolved rate evidence; stencilled-driveway-cost-review keeps it open. [[PLACEHOLDER: verified CoreX ABN]] [[PLACEHOLDER: verified CoreX business address]] Mon-Fri 9:00AM - 5:00PM © All Rights Reserved.,Verified CoreX ABN,owner fact,owner fact,yes,no
EV-0117,PLACEHOLDER,bracketed,register,1466,stencilled-concrete-driveway-cost,/stencilled-concrete-driveway-cost/,cost_comparison,,draft,ost-review tracks unresolved rate evidence; stencilled-driveway-cost-review keeps it open. [[PLACEHOLDER: verified CoreX ABN]] [[PLACEHOLDER: verified CoreX business address]] Mon-Fri 9:00AM - 5:00PM © All Rights Reserved.,"Verified CoreX business address, and whether it is staffed",owner fact,owner fact,yes,no
EV-0118,PLACEHOLDER,bracketed,register,1467,concrete-crossovers-and-laybacks-oran-park,/concrete-crossovers-and-laybacks-oran-park/,intersection,,draft,er scope marks the evidence owner. oran-crossover scope notes unresolved measured geometry; oran-crossover scope keeps it open. [[PLACEHOLDER: real CoreX quoted range for concrete crossovers and laybacks in Oran Park and the site inputs behind it]] oran-crossover scope tests existing surface; oran-crossover scope car,Real per-square-metre price ranges from 5+ quoted Camden jobs,owner fact,owner fact,yes,no
EV-0119,PLACEHOLDER,bracketed,register,1467,concrete-crossovers-and-laybacks-oran-park,/concrete-crossovers-and-laybacks-oran-park/,intersection,,draft,ossover scope retains the source. oran-crossover scope tracks unresolved early protection; oran-crossover scope keeps it open. [[PLACEHOLDER: verified CoreX ABN]] [[PLACEHOLDER: verified CoreX business address]] Mon-Fri 9:00AM - 5:00PM © All Rights Reserved.,Verified CoreX ABN,owner fact,owner fact,yes,no
EV-0120,PLACEHOLDER,bracketed,register,1467,concrete-crossovers-and-laybacks-oran-park,/concrete-crossovers-and-laybacks-oran-park/,intersection,,draft,an-crossover scope tracks unresolved early protection; oran-crossover scope keeps it open. [[PLACEHOLDER: verified CoreX ABN]] [[PLACEHOLDER: verified CoreX business address]] Mon-Fri 9:00AM - 5:00PM © All Rights Reserved.,"Verified CoreX business address, and whether it is staffed",owner fact,owner fact,yes,no
EV-0121,PLACEHOLDER,bracketed,register,1468,concrete-driveways-oran-park,/concrete-driveways-oran-park/,intersection,,draft,scope keeps provenance visible. oran-driveway scope attributes unresolved measured geometry; oran-driveway scope keeps it open. [[PLACEHOLDER: real CoreX quoted range for concrete driveways in Oran Park and the site inputs behind it]] Questions about Concrete Driveways Oran Park oran-driveway scope maps existing surf,Real per-square-metre price ranges from 5+ quoted Camden jobs,owner fact,owner fact,yes,no
EV-0122,PLACEHOLDER,bracketed,register,1469,shed-and-garage-slabs-oran-park,/shed-and-garage-slabs-oran-park/,intersection,,draft,on; oran-shed scope preserves attribution. oran-shed scope records unresolved measured geometry; oran-shed scope keeps it open. [[PLACEHOLDER: real CoreX quoted range for shed and garage slabs in Oran Park and the site inputs behind it]] Shed and Garage Slabs Oran Park cost inputs oran-shed scope dates existing surfa,Real per-square-metre price ranges from 5+ quoted Camden jobs,owner fact,owner fact,yes,no
EV-0123,PLACEHOLDER,bracketed,register,1470,exposed-aggregate-oran-park,/exposed-aggregate-oran-park/,intersection,,draft,te scope keeps provenance visible. oran-aggregate scope notes unresolved measured geometry; oran-aggregate scope keeps it open. [[PLACEHOLDER: real CoreX quoted range for exposed aggregate concrete in Oran Park and the site inputs behind it]] Exposed Aggregate Concrete Oran Park process and specification oran-aggrega,Real per-square-metre price ranges from 5+ quoted Camden jobs,owner fact,owner fact,yes,no
EV-0124,PLACEHOLDER,bracketed,register,1471,concrete-crossovers-and-laybacks-leppington,/concrete-crossovers-and-laybacks-leppington/,intersection,,draft,ps provenance visible. leppington-crossover scope lists unresolved measured geometry; leppington-crossover scope keeps it open. [[PLACEHOLDER: real CoreX quoted range for concrete crossovers and laybacks in Leppington and the site inputs behind it]] leppington-crossover scope names existing surface; leppington-crosso,Real per-square-metre price ranges from 5+ quoted Camden jobs,owner fact,owner fact,yes,no
EV-0125,PLACEHOLDER,bracketed,register,1471,concrete-crossovers-and-laybacks-leppington,/concrete-crossovers-and-laybacks-leppington/,intersection,,draft,ries the source date. leppington-crossover scope checks unresolved early protection; leppington-crossover scope keeps it open. [[PLACEHOLDER: verified CoreX ABN]] [[PLACEHOLDER: verified CoreX business address]] Mon-Fri 9:00AM - 5:00PM © All Rights Reserved.,Verified CoreX ABN,owner fact,owner fact,yes,no
EV-0126,PLACEHOLDER,bracketed,register,1471,concrete-crossovers-and-laybacks-leppington,/concrete-crossovers-and-laybacks-leppington/,intersection,,draft,ssover scope checks unresolved early protection; leppington-crossover scope keeps it open. [[PLACEHOLDER: verified CoreX ABN]] [[PLACEHOLDER: verified CoreX business address]] Mon-Fri 9:00AM - 5:00PM © All Rights Reserved.,"Verified CoreX business address, and whether it is staffed",owner fact,owner fact,yes,no
EV-0127,PLACEHOLDER,bracketed,register,1472,concrete-slabs-leppington,/concrete-slabs-leppington/,intersection,,draft,lab scope retains the source. leppington-slab scope measures unresolved measured geometry; leppington-slab scope keeps it open. [[PLACEHOLDER: real CoreX quoted range for concrete slabs in Leppington and the site inputs behind it]] Concrete Slabs Leppington cost inputs leppington-slab scope verifies existing surface;,Real per-square-metre price ranges from 5+ quoted Camden jobs,owner fact,owner fact,yes,no
EV-0128,PLACEHOLDER,bracketed,register,1473,concrete-driveways-leppington,/concrete-driveways-leppington/,intersection,,draft,ope holds the citation. leppington-driveway scope tracks unresolved measured geometry; leppington-driveway scope keeps it open. [[PLACEHOLDER: real CoreX quoted range for concrete driveways in Leppington and the site inputs behind it]] Questions about Concrete Driveways Leppington leppington-driveway scope documents,Real per-square-metre price ranges from 5+ quoted Camden jobs,owner fact,owner fact,yes,no
EV-0129,PLACEHOLDER,bracketed,register,1474,commercial-concreting-gregory-hills,/commercial-concreting-gregory-hills/,intersection,,draft,links the supporting record. gregory-hardstand scope notes unresolved measured geometry; gregory-hardstand scope keeps it open. [[PLACEHOLDER: real CoreX quoted range for commercial concreting in Gregory Hills and the site inputs behind it]] Commercial Concreting Gregory Hills cost inputs gregory-hardstand scope test,Real per-square-metre price ranges from 5+ quoted Camden jobs,owner fact,owner fact,yes,no
EV-0130,PLACEHOLDER,bracketed,register,1475,concrete-slabs-gregory-hills,/concrete-slabs-gregory-hills/,intersection,,draft,ry-slab scope marks the evidence owner. gregory-slab scope logs unresolved measured geometry; gregory-slab scope keeps it open. [[PLACEHOLDER: real CoreX quoted range for concrete slabs in Gregory Hills and the site inputs behind it]] Concrete Slabs Gregory Hills cost inputs gregory-slab scope checks existing surface,Real per-square-metre price ranges from 5+ quoted Camden jobs,owner fact,owner fact,yes,no
EV-0131,PLACEHOLDER,bracketed,register,1476,concrete-slabs-gledswood-hills,/concrete-slabs-gledswood-hills/,intersection,,draft,ood-slab scope retains the source. gledswood-slab scope cites unresolved measured geometry; gledswood-slab scope keeps it open. [[PLACEHOLDER: real CoreX quoted range for concrete slabs in Gledswood Hills and the site inputs behind it]] Concrete Slabs Gledswood Hills cost inputs gledswood-slab scope tracks existing s,Real per-square-metre price ranges from 5+ quoted Camden jobs,owner fact,owner fact,yes,no
EV-0132,PLACEHOLDER,bracketed,register,1477,exposed-aggregate-gledswood-hills,/exposed-aggregate-gledswood-hills/,intersection,,draft,eeps provenance visible. gledswood-aggregate scope cites unresolved measured geometry; gledswood-aggregate scope keeps it open. [[PLACEHOLDER: real CoreX quoted range for exposed aggregate concrete in Gledswood Hills and the site inputs behind it]] Exposed Aggregate Concrete Gledswood Hills process and specification,Real per-square-metre price ranges from 5+ quoted Camden jobs,owner fact,owner fact,yes,no
EV-0133,PLACEHOLDER,bracketed,register,1478,concrete-patios-gledswood-hills,/concrete-patios-gledswood-hills/,intersection,,draft,tio scope preserves attribution. gledswood-patio scope tests unresolved measured geometry; gledswood-patio scope keeps it open. [[PLACEHOLDER: real CoreX quoted range for concrete patios and alfresco slabs in Gledswood Hills and the site inputs behind it]] Concrete Patios and Alfresco Slabs Gledswood Hills cost inputs,Real per-square-metre price ranges from 5+ quoted Camden jobs,owner fact,owner fact,yes,no
EV-0134,PLACEHOLDER,bracketed,register,1478,concrete-patios-gledswood-hills,/concrete-patios-gledswood-hills/,intersection,,draft,erence. gledswood-patio scope checks unresolved delivery sequence; gledswood-patio scope keeps it open. Call us - 03 4517 6915 [[PLACEHOLDER: verified CoreX ABN]] [[PLACEHOLDER: verified CoreX business address]] Mon-Fri 9:00AM - 5:00PM © 2022 All Rights Reserved.,Verified CoreX ABN,owner fact,owner fact,yes,no
EV-0135,PLACEHOLDER,bracketed,register,1478,concrete-patios-gledswood-hills,/concrete-patios-gledswood-hills/,intersection,,draft,unresolved delivery sequence; gledswood-patio scope keeps it open. Call us - 03 4517 6915 [[PLACEHOLDER: verified CoreX ABN]] [[PLACEHOLDER: verified CoreX business address]] Mon-Fri 9:00AM - 5:00PM © 2022 All Rights Reserved.,"Verified CoreX business address, and whether it is staffed",owner fact,owner fact,yes,no
EV-0136,PLACEHOLDER,bracketed,register,1479,concrete-driveways-austral,/concrete-driveways-austral/,intersection,,draft,cope stores the reference. austral-driveway scope documents unresolved measured geometry; austral-driveway scope keeps it open. [[PLACEHOLDER: real CoreX quoted range for concrete driveways in Austral and the site inputs behind it]] Questions about Concrete Driveways Austral austral-driveway scope measures existing s,Real per-square-metre price ranges from 5+ quoted Camden jobs,owner fact,owner fact,yes,no
EV-0137,PLACEHOLDER,bracketed,register,1480,concrete-slabs-austral,/concrete-slabs-austral/,intersection,,draft,l-slab scope marks the evidence owner. austral-slab scope names unresolved measured geometry; austral-slab scope keeps it open. [[PLACEHOLDER: real CoreX quoted range for concrete slabs in Austral and the site inputs behind it]] Concrete Slabs Austral cost inputs austral-slab scope states existing surface; austral-sl,Real per-square-metre price ranges from 5+ quoted Camden jobs,owner fact,owner fact,yes,no
EV-0138,PLACEHOLDER,bracketed,register,1481,concrete-crossovers-and-laybacks-austral,/concrete-crossovers-and-laybacks-austral/,intersection,,draft,ope carries the source date. austral-crossover scope notes unresolved measured geometry; austral-crossover scope keeps it open. [[PLACEHOLDER: real CoreX quoted range for concrete crossovers and laybacks in Austral and the site inputs behind it]] austral-crossover scope tests existing surface; austral-crossover scope,Real per-square-metre price ranges from 5+ quoted Camden jobs,owner fact,owner fact,yes,no
EV-0139,PLACEHOLDER,bracketed,register,1481,concrete-crossovers-and-laybacks-austral,/concrete-crossovers-and-laybacks-austral/,intersection,,draft,e keeps provenance visible. austral-crossover scope tracks unresolved early protection; austral-crossover scope keeps it open. [[PLACEHOLDER: verified CoreX ABN]] [[PLACEHOLDER: verified CoreX business address]] Mon-Fri 9:00AM - 5:00PM © All Rights Reserved.,Verified CoreX ABN,owner fact,owner fact,yes,no
EV-0140,PLACEHOLDER,bracketed,register,1481,concrete-crossovers-and-laybacks-austral,/concrete-crossovers-and-laybacks-austral/,intersection,,draft,crossover scope tracks unresolved early protection; austral-crossover scope keeps it open. [[PLACEHOLDER: verified CoreX ABN]] [[PLACEHOLDER: verified CoreX business address]] Mon-Fri 9:00AM - 5:00PM © All Rights Reserved.,"Verified CoreX business address, and whether it is staffed",owner fact,owner fact,yes,no
EV-0141,PLACEHOLDER,bracketed,register,1482,exposed-aggregate-harrington-park,/exposed-aggregate-harrington-park/,intersection,,draft,e flags the authority. harrington-aggregate scope cites unresolved measured geometry; harrington-aggregate scope keeps it open. [[PLACEHOLDER: real CoreX quoted range for exposed aggregate concrete in Harrington Park and the site inputs behind it]] Exposed Aggregate Concrete Harrington Park process and specification,Real per-square-metre price ranges from 5+ quoted Camden jobs,owner fact,owner fact,yes,no
EV-0142,PLACEHOLDER,bracketed,register,1483,decorative-concrete-harrington-park,/decorative-concrete-harrington-park/,intersection,,draft,eserves attribution. harrington-decorative scope cites unresolved measured geometry; harrington-decorative scope keeps it open. [[PLACEHOLDER: real CoreX quoted range for decorative concrete in Harrington Park and the site inputs behind it]] harrington-decorative scope tracks existing surface; harrington-decorative s,Real per-square-metre price ranges from 5+ quoted Camden jobs,owner fact,owner fact,yes,no
EV-0143,PLACEHOLDER,bracketed,register,1484,concrete-driveway-replacement-harrington-park,/concrete-driveway-replacement-harrington-park/,intersection,,draft,es attribution. harrington-replacement scope verifies unresolved measured geometry; harrington-replacement scope keeps it open. [[PLACEHOLDER: real CoreX quoted range for concrete driveway replacement in Harrington Park and the site inputs behind it]] Questions about Concrete Driveway Replacement Harrington Park harr,Real per-square-metre price ranges from 5+ quoted Camden jobs,owner fact,owner fact,yes,no
EV-0144,PLACEHOLDER,bracketed,register,1485,concrete-driveways-catherine-field,/concrete-driveways-catherine-field/,intersection,,draft,ope preserves attribution. catherine-driveway scope notes unresolved measured geometry; catherine-driveway scope keeps it open. [[PLACEHOLDER: real CoreX quoted range for concrete driveways in Catherine Field and the site inputs behind it]] Questions about Concrete Driveways Catherine Field catherine-driveway scope t,Real per-square-metre price ranges from 5+ quoted Camden jobs,owner fact,owner fact,yes,no
EV-0145,PLACEHOLDER,bracketed,register,1486,shed-and-garage-slabs-catherine-field,/shed-and-garage-slabs-catherine-field/,intersection,,draft,cope keeps the basis explicit. catherine-shed scope documents unresolved measured geometry; catherine-shed scope keeps it open. [[PLACEHOLDER: real CoreX quoted range for shed and garage slabs in Catherine Field and the site inputs behind it]] Shed and Garage Slabs Catherine Field cost inputs catherine-shed scope mea,Real per-square-metre price ranges from 5+ quoted Camden jobs,owner fact,owner fact,yes,no
EV-0146,PLACEHOLDER,bracketed,register,1487,concrete-paths-edmondson-park,/concrete-paths-edmondson-park/,intersection,,draft,th scope preserves attribution. edmondson-path scope measures unresolved measured geometry; edmondson-path scope keeps it open. [[PLACEHOLDER: real CoreX quoted range for concrete paths and pathways in Edmondson Park and the site inputs behind it]] Concrete Paths and Pathways Edmondson Park cost inputs edmondson-path,Real per-square-metre price ranges from 5+ quoted Camden jobs,owner fact,owner fact,yes,no
EV-0147,PLACEHOLDER,bracketed,register,1487,concrete-paths-edmondson-park,/concrete-paths-edmondson-park/,intersection,,draft,reference. edmondson-path scope lists unresolved delivery sequence; edmondson-path scope keeps it open. Call us - 03 4517 6915 [[PLACEHOLDER: verified CoreX ABN]] [[PLACEHOLDER: verified CoreX business address]] Mon-Fri 9:00AM - 5:00PM © 2022 All Rights Reserved.,Verified CoreX ABN,owner fact,owner fact,yes,no
EV-0148,PLACEHOLDER,bracketed,register,1487,concrete-paths-edmondson-park,/concrete-paths-edmondson-park/,intersection,,draft,s unresolved delivery sequence; edmondson-path scope keeps it open. Call us - 03 4517 6915 [[PLACEHOLDER: verified CoreX ABN]] [[PLACEHOLDER: verified CoreX business address]] Mon-Fri 9:00AM - 5:00PM © 2022 All Rights Reserved.,"Verified CoreX business address, and whether it is staffed",owner fact,owner fact,yes,no
EV-0149,PLACEHOLDER,bracketed,register,1488,concrete-patios-edmondson-park,/concrete-patios-edmondson-park/,intersection,,draft,pe links the supporting record. edmondson-patio scope states unresolved measured geometry; edmondson-patio scope keeps it open. [[PLACEHOLDER: real CoreX quoted range for concrete patios and alfresco slabs in Edmondson Park and the site inputs behind it]] Concrete Patios and Alfresco Slabs Edmondson Park cost inputs,Real per-square-metre price ranges from 5+ quoted Camden jobs,owner fact,owner fact,yes,no
EV-0150,PLACEHOLDER,bracketed,register,1488,concrete-patios-edmondson-park,/concrete-patios-edmondson-park/,intersection,,draft,xplicit. edmondson-patio scope dates unresolved delivery sequence; edmondson-patio scope keeps it open. Call us - 03 4517 6915 [[PLACEHOLDER: verified CoreX ABN]] [[PLACEHOLDER: verified CoreX business address]] Mon-Fri 9:00AM - 5:00PM © 2022 All Rights Reserved.,Verified CoreX ABN,owner fact,owner fact,yes,no
EV-0151,PLACEHOLDER,bracketed,register,1488,concrete-patios-edmondson-park,/concrete-patios-edmondson-park/,intersection,,draft,unresolved delivery sequence; edmondson-patio scope keeps it open. Call us - 03 4517 6915 [[PLACEHOLDER: verified CoreX ABN]] [[PLACEHOLDER: verified CoreX business address]] Mon-Fri 9:00AM - 5:00PM © 2022 All Rights Reserved.,"Verified CoreX business address, and whether it is staffed",owner fact,owner fact,yes,no
EV-0152,PLACEHOLDER,bracketed,register,1489,concrete-driveways-edmondson-park,/concrete-driveways-edmondson-park/,intersection,,draft,e marks the evidence owner. edmondson-driveway scope maps unresolved measured geometry; edmondson-driveway scope keeps it open. [[PLACEHOLDER: real CoreX quoted range for concrete driveways in Edmondson Park and the site inputs behind it]] Questions about Concrete Driveways Edmondson Park edmondson-driveway scope cit,Real per-square-metre price ranges from 5+ quoted Camden jobs,owner fact,owner fact,yes,no
EV-0153,PLACEHOLDER,bracketed,register,1490,commercial-concreting-narellan,/commercial-concreting-narellan/,intersection,,draft,e leaves an audit trail. narellan-hardstand scope records unresolved measured geometry; narellan-hardstand scope keeps it open. [[PLACEHOLDER: real CoreX quoted range for commercial concreting in Narellan and the site inputs behind it]] Commercial Concreting Narellan cost inputs narellan-hardstand scope dates existin,Real per-square-metre price ranges from 5+ quoted Camden jobs,owner fact,owner fact,yes,no
EV-0154,PLACEHOLDER,bracketed,register,1491,concrete-driveway-replacement-narellan,/concrete-driveway-replacement-narellan/,intersection,,draft,ps provenance visible. narellan-replacement scope notes unresolved measured geometry; narellan-replacement scope keeps it open. [[PLACEHOLDER: real CoreX quoted range for concrete driveway replacement in Narellan and the site inputs behind it]] Questions about Concrete Driveway Replacement Narellan narellan-replaceme,Real per-square-metre price ranges from 5+ quoted Camden jobs,owner fact,owner fact,yes,no
EV-0155,PLACEHOLDER,bracketed,register,1492,concrete-driveway-replacement-mount-annan,/concrete-driveway-replacement-mount-annan/,intersection,,draft,leaves an audit trail. mount-replacement scope attributes unresolved measured geometry; mount-replacement scope keeps it open. [[PLACEHOLDER: real CoreX quoted range for concrete driveway replacement in Mount Annan and the site inputs behind it]] Questions about Concrete Driveway Replacement Mount Annan mount-replac,Real per-square-metre price ranges from 5+ quoted Camden jobs,owner fact,owner fact,yes,no
EV-0156,PLACEHOLDER,bracketed,register,1493,concrete-driveways-spring-farm,/concrete-driveways-spring-farm/,intersection,,draft,iveway scope flags the authority. spring-driveway scope maps unresolved measured geometry; spring-driveway scope keeps it open. [[PLACEHOLDER: real CoreX quoted range for concrete driveways in Spring Farm and the site inputs behind it]] Questions about Concrete Driveways Spring Farm spring-driveway scope cites existi,Real per-square-metre price ranges from 5+ quoted Camden jobs,owner fact,owner fact,yes,no
EV-0157,PLACEHOLDER,bracketed,register,1494,concrete-crossovers-and-laybacks-spring-farm,/concrete-crossovers-and-laybacks-spring-farm/,intersection,,draft,ope preserves attribution. spring-crossover scope separates unresolved measured geometry; spring-crossover scope keeps it open. [[PLACEHOLDER: real CoreX quoted range for concrete crossovers and laybacks in Spring Farm and the site inputs behind it]] spring-crossover scope attributes existing surface; spring-crossove,Real per-square-metre price ranges from 5+ quoted Camden jobs,owner fact,owner fact,yes,no
EV-0158,PLACEHOLDER,bracketed,register,1494,concrete-crossovers-and-laybacks-spring-farm,/concrete-crossovers-and-laybacks-spring-farm/,intersection,,draft,r scope leaves an audit trail. spring-crossover scope lists unresolved early protection; spring-crossover scope keeps it open. [[PLACEHOLDER: verified CoreX ABN]] [[PLACEHOLDER: verified CoreX business address]] Mon-Fri 9:00AM - 5:00PM © All Rights Reserved.,Verified CoreX ABN,owner fact,owner fact,yes,no
EV-0159,PLACEHOLDER,bracketed,register,1494,concrete-crossovers-and-laybacks-spring-farm,/concrete-crossovers-and-laybacks-spring-farm/,intersection,,draft,g-crossover scope lists unresolved early protection; spring-crossover scope keeps it open. [[PLACEHOLDER: verified CoreX ABN]] [[PLACEHOLDER: verified CoreX business address]] Mon-Fri 9:00AM - 5:00PM © All Rights Reserved.,"Verified CoreX business address, and whether it is staffed",owner fact,owner fact,yes,no
EV-0160,PLACEHOLDER,bracketed,register,1495,concrete-patios-elderslie,/concrete-patios-elderslie/,intersection,,draft,io scope leaves an audit trail. elderslie-patio scope states unresolved measured geometry; elderslie-patio scope keeps it open. [[PLACEHOLDER: real CoreX quoted range for concrete patios and alfresco slabs in Elderslie and the site inputs behind it]] Concrete Patios and Alfresco Slabs Elderslie cost inputs elderslie-,Real per-square-metre price ranges from 5+ quoted Camden jobs,owner fact,owner fact,yes,no
EV-0161,PLACEHOLDER,bracketed,register,1495,concrete-patios-elderslie,/concrete-patios-elderslie/,intersection,,draft,d owner. elderslie-patio scope dates unresolved delivery sequence; elderslie-patio scope keeps it open. Call us - 03 4517 6915 [[PLACEHOLDER: verified CoreX ABN]] [[PLACEHOLDER: verified CoreX business address]] Mon-Fri 9:00AM - 5:00PM © 2022 All Rights Reserved.,Verified CoreX ABN,owner fact,owner fact,yes,no
EV-0162,PLACEHOLDER,bracketed,register,1495,concrete-patios-elderslie,/concrete-patios-elderslie/,intersection,,draft,unresolved delivery sequence; elderslie-patio scope keeps it open. Call us - 03 4517 6915 [[PLACEHOLDER: verified CoreX ABN]] [[PLACEHOLDER: verified CoreX business address]] Mon-Fri 9:00AM - 5:00PM © 2022 All Rights Reserved.,"Verified CoreX business address, and whether it is staffed",owner fact,owner fact,yes,no
EV-0163,PLACEHOLDER,bracketed,register,1496,concrete-crossovers-and-laybacks-currans-hill,/concrete-crossovers-and-laybacks-currans-hill/,intersection,,draft,er scope flags the authority. currans-crossover scope maps unresolved measured geometry; currans-crossover scope keeps it open. [[PLACEHOLDER: real CoreX quoted range for concrete crossovers and laybacks in Currans Hill and the site inputs behind it]] currans-crossover scope cites existing surface; currans-crossover,Real per-square-metre price ranges from 5+ quoted Camden jobs,owner fact,owner fact,yes,no
EV-0164,PLACEHOLDER,bracketed,register,1496,concrete-crossovers-and-laybacks-currans-hill,/concrete-crossovers-and-laybacks-currans-hill/,intersection,,draft,e keeps the basis explicit. currans-crossover scope states unresolved early protection; currans-crossover scope keeps it open. [[PLACEHOLDER: verified CoreX ABN]] [[PLACEHOLDER: verified CoreX business address]] Mon-Fri 9:00AM - 5:00PM © All Rights Reserved.,Verified CoreX ABN,owner fact,owner fact,yes,no
EV-0165,PLACEHOLDER,bracketed,register,1496,concrete-crossovers-and-laybacks-currans-hill,/concrete-crossovers-and-laybacks-currans-hill/,intersection,,draft,crossover scope states unresolved early protection; currans-crossover scope keeps it open. [[PLACEHOLDER: verified CoreX ABN]] [[PLACEHOLDER: verified CoreX business address]] Mon-Fri 9:00AM - 5:00PM © All Rights Reserved.,"Verified CoreX business address, and whether it is staffed",owner fact,owner fact,yes,no
EV-0166,PLACEHOLDER,bracketed,register,1497,concrete-driveway-replacement-currans-hill,/concrete-driveway-replacement-currans-hill/,intersection,,draft,eeps the basis explicit. currans-replacement scope notes unresolved measured geometry; currans-replacement scope keeps it open. [[PLACEHOLDER: real CoreX quoted range for concrete driveway replacement in Currans Hill and the site inputs behind it]] Questions about Concrete Driveway Replacement Currans Hill currans-re,Real per-square-metre price ranges from 5+ quoted Camden jobs,owner fact,owner fact,yes,no
EV-0167,PLACEHOLDER,bracketed,register,1498,concrete-driveways-cobbitty,/concrete-driveways-cobbitty/,intersection,,draft,pe carries the source date. cobbitty-driveway scope states unresolved measured geometry; cobbitty-driveway scope keeps it open. [[PLACEHOLDER: real CoreX quoted range for concrete driveways in Cobbitty and the site inputs behind it]] Questions about Concrete Driveways Cobbitty cobbitty-driveway scope records existing,Real per-square-metre price ranges from 5+ quoted Camden jobs,owner fact,owner fact,yes,no
EV-0168,PLACEHOLDER,bracketed,register,1499,commercial-concreting-cobbitty,/commercial-concreting-cobbitty/,intersection,,draft,scope flags the authority. cobbitty-hardstand scope cites unresolved measured geometry; cobbitty-hardstand scope keeps it open. [[PLACEHOLDER: real CoreX quoted range for commercial concreting in Cobbitty and the site inputs behind it]] Commercial Concreting Cobbitty cost inputs cobbitty-hardstand scope tracks existi,Real per-square-metre price ranges from 5+ quoted Camden jobs,owner fact,owner fact,yes,no
EV-0169,PLACEHOLDER,bracketed,register,1500,commercial-concreting-bringelly,/commercial-concreting-bringelly/,intersection,,draft,serves attribution. bringelly-hardstand scope attributes unresolved measured geometry; bringelly-hardstand scope keeps it open. [[PLACEHOLDER: real CoreX quoted range for commercial concreting in Bringelly and the site inputs behind it]] Commercial Concreting Bringelly cost inputs bringelly-hardstand scope maps exist,Real per-square-metre price ranges from 5+ quoted Camden jobs,owner fact,owner fact,yes,no
EV-0170,PLACEHOLDER,bracketed,register,1501,concrete-slabs-bringelly,/concrete-slabs-bringelly/,intersection,,draft,scope identifies the record owner. bringelly-slab scope tests unresolved measured geometry; bringelly-slab scope keeps it open. [[PLACEHOLDER: real CoreX quoted range for concrete slabs in Bringelly and the site inputs behind it]] Concrete Slabs Bringelly cost inputs bringelly-slab scope logs existing surface; bringe,Real per-square-metre price ranges from 5+ quoted Camden jobs,owner fact,owner fact,yes,no
EV-0171,REQUIRED-RESEARCH-FIELD,data-field,suburbs-expanded.json,1373,concreters-narellan-vale,/concreters-narellan-vale/,suburb,3,draft,suburbs-expanded.json field 'unique_local_variable' for Narellan Vale,Researched unique local variable for Narellan Vale,research,research,yes,no
EV-0172,REQUIRED-RESEARCH-FIELD,data-field,suburbs-expanded.json,1373,concreters-narellan-vale,/concreters-narellan-vale/,suburb,3,draft,suburbs-expanded.json field 'ground_conditions' for Narellan Vale,Researched ground conditions for Narellan Vale,research,research,yes,no
EV-0173,REQUIRED-RESEARCH-FIELD,data-field,suburbs-expanded.json,1374,concreters-smeaton-grange,/concreters-smeaton-grange/,suburb,3,draft,suburbs-expanded.json field 'unique_local_variable' for Smeaton Grange,Researched unique local variable for Smeaton Grange,research,research,yes,no
EV-0174,REQUIRED-RESEARCH-FIELD,data-field,suburbs-expanded.json,1374,concreters-smeaton-grange,/concreters-smeaton-grange/,suburb,3,draft,suburbs-expanded.json field 'ground_conditions' for Smeaton Grange,Researched ground conditions for Smeaton Grange,research,research,yes,no
EV-0175,REQUIRED-RESEARCH-FIELD,data-field,suburbs-expanded.json,1380,concreters-camden-south,/concreters-camden-south/,suburb,3,draft,suburbs-expanded.json field 'unique_local_variable' for Camden South,Researched unique local variable for Camden South,research,research,yes,no
EV-0176,REQUIRED-RESEARCH-FIELD,data-field,suburbs-expanded.json,1380,concreters-camden-south,/concreters-camden-south/,suburb,3,draft,suburbs-expanded.json field 'ground_conditions' for Camden South,Researched ground conditions for Camden South,research,research,yes,no
EV-0177,REQUIRED-RESEARCH-FIELD,data-field,suburbs-expanded.json,1381,concreters-kirkham,/concreters-kirkham/,suburb,4,draft,suburbs-expanded.json field 'unique_local_variable' for Kirkham,Researched unique local variable for Kirkham,research,research,yes,no
EV-0178,REQUIRED-RESEARCH-FIELD,data-field,suburbs-expanded.json,1381,concreters-kirkham,/concreters-kirkham/,suburb,4,draft,suburbs-expanded.json field 'ground_conditions' for Kirkham,Researched ground conditions for Kirkham,research,research,yes,no
EV-0179,REQUIRED-RESEARCH-FIELD,data-field,suburbs-expanded.json,1382,concreters-grasmere,/concreters-grasmere/,suburb,4,draft,suburbs-expanded.json field 'unique_local_variable' for Grasmere,Researched unique local variable for Grasmere,research,research,yes,no
EV-0180,REQUIRED-RESEARCH-FIELD,data-field,suburbs-expanded.json,1382,concreters-grasmere,/concreters-grasmere/,suburb,4,draft,suburbs-expanded.json field 'ground_conditions' for Grasmere,Researched ground conditions for Grasmere,research,research,yes,no
EV-0181,REQUIRED-RESEARCH-FIELD,data-field,suburbs-expanded.json,1383,concreters-ellis-lane,/concreters-ellis-lane/,suburb,4,draft,suburbs-expanded.json field 'unique_local_variable' for Ellis Lane,Researched unique local variable for Ellis Lane,research,research,yes,no
EV-0182,REQUIRED-RESEARCH-FIELD,data-field,suburbs-expanded.json,1383,concreters-ellis-lane,/concreters-ellis-lane/,suburb,4,draft,suburbs-expanded.json field 'ground_conditions' for Ellis Lane,Researched ground conditions for Ellis Lane,research,research,yes,no
EV-0183,REQUIRED-RESEARCH-FIELD,data-field,suburbs-expanded.json,1384,concreters-theresa-park,/concreters-theresa-park/,suburb,4,draft,suburbs-expanded.json field 'unique_local_variable' for Theresa Park,Researched unique local variable for Theresa Park,research,research,yes,no
EV-0184,REQUIRED-RESEARCH-FIELD,data-field,suburbs-expanded.json,1384,concreters-theresa-park,/concreters-theresa-park/,suburb,4,draft,suburbs-expanded.json field 'ground_conditions' for Theresa Park,Researched ground conditions for Theresa Park,research,research,yes,no
EV-0185,REQUIRED-RESEARCH-FIELD,data-field,suburbs-expanded.json,1385,concreters-camden-park,/concreters-camden-park/,suburb,4,draft,suburbs-expanded.json field 'unique_local_variable' for Camden Park,Researched unique local variable for Camden Park,research,research,yes,no
EV-0186,REQUIRED-RESEARCH-FIELD,data-field,suburbs-expanded.json,1385,concreters-camden-park,/concreters-camden-park/,suburb,4,draft,suburbs-expanded.json field 'ground_conditions' for Camden Park,Researched ground conditions for Camden Park,research,research,yes,no
EV-0187,REQUIRED-RESEARCH-FIELD,data-field,suburbs-expanded.json,1386,concreters-cawdor,/concreters-cawdor/,suburb,4,draft,suburbs-expanded.json field 'unique_local_variable' for Cawdor,Researched unique local variable for Cawdor,research,research,yes,no
EV-0188,REQUIRED-RESEARCH-FIELD,data-field,suburbs-expanded.json,1386,concreters-cawdor,/concreters-cawdor/,suburb,4,draft,suburbs-expanded.json field 'ground_conditions' for Cawdor,Researched ground conditions for Cawdor,research,research,yes,no
EV-0189,REQUIRED-RESEARCH-FIELD,data-field,suburbs-expanded.json,1389,concreters-rossmore,/concreters-rossmore/,suburb,4,draft,suburbs-expanded.json field 'unique_local_variable' for Rossmore,Researched unique local variable for Rossmore,research,research,yes,no
EV-0190,REQUIRED-RESEARCH-FIELD,data-field,suburbs-expanded.json,1389,concreters-rossmore,/concreters-rossmore/,suburb,4,draft,suburbs-expanded.json field 'ground_conditions' for Rossmore,Researched ground conditions for Rossmore,research,research,yes,no
EV-0191,REQUIRED-RESEARCH-FIELD,data-field,suburbs-expanded.json,1390,concreters-middleton-grange,/concreters-middleton-grange/,suburb,2,draft,suburbs-expanded.json field 'unique_local_variable' for Middleton Grange,Researched unique local variable for Middleton Grange,research,research,yes,no
EV-0192,REQUIRED-RESEARCH-FIELD,data-field,suburbs-expanded.json,1390,concreters-middleton-grange,/concreters-middleton-grange/,suburb,2,draft,suburbs-expanded.json field 'ground_conditions' for Middleton Grange,Researched ground conditions for Middleton Grange,research,research,yes,no
EV-0193,REQUIRED-RESEARCH-FIELD,data-field,suburbs-expanded.json,1391,concreters-west-hoxton,/concreters-west-hoxton/,suburb,3,draft,suburbs-expanded.json field 'unique_local_variable' for West Hoxton,Researched unique local variable for West Hoxton,research,research,yes,no
EV-0194,REQUIRED-RESEARCH-FIELD,data-field,suburbs-expanded.json,1391,concreters-west-hoxton,/concreters-west-hoxton/,suburb,3,draft,suburbs-expanded.json field 'ground_conditions' for West Hoxton,Researched ground conditions for West Hoxton,research,research,yes,no
EV-0195,REQUIRED-RESEARCH-FIELD,data-field,suburbs-expanded.json,1392,concreters-hoxton-park,/concreters-hoxton-park/,suburb,3,draft,suburbs-expanded.json field 'unique_local_variable' for Hoxton Park,Researched unique local variable for Hoxton Park,research,research,yes,no
EV-0196,REQUIRED-RESEARCH-FIELD,data-field,suburbs-expanded.json,1392,concreters-hoxton-park,/concreters-hoxton-park/,suburb,3,draft,suburbs-expanded.json field 'ground_conditions' for Hoxton Park,Researched ground conditions for Hoxton Park,research,research,yes,no
EV-0197,REQUIRED-RESEARCH-FIELD,data-field,suburbs-expanded.json,1393,concreters-carnes-hill,/concreters-carnes-hill/,suburb,3,draft,suburbs-expanded.json field 'unique_local_variable' for Carnes Hill,Researched unique local variable for Carnes Hill,research,research,yes,no
EV-0198,REQUIRED-RESEARCH-FIELD,data-field,suburbs-expanded.json,1393,concreters-carnes-hill,/concreters-carnes-hill/,suburb,3,draft,suburbs-expanded.json field 'ground_conditions' for Carnes Hill,Researched ground conditions for Carnes Hill,research,research,yes,no
EV-0199,REQUIRED-RESEARCH-FIELD,data-field,suburbs-expanded.json,1394,concreters-horningsea-park,/concreters-horningsea-park/,suburb,4,draft,suburbs-expanded.json field 'unique_local_variable' for Horningsea Park,Researched unique local variable for Horningsea Park,research,research,yes,no
EV-0200,REQUIRED-RESEARCH-FIELD,data-field,suburbs-expanded.json,1394,concreters-horningsea-park,/concreters-horningsea-park/,suburb,4,draft,suburbs-expanded.json field 'ground_conditions' for Horningsea Park,Researched ground conditions for Horningsea Park,research,research,yes,no
EV-0201,REQUIRED-RESEARCH-FIELD,data-field,suburbs-expanded.json,1395,concreters-elizabeth-hills,/concreters-elizabeth-hills/,suburb,4,draft,suburbs-expanded.json field 'unique_local_variable' for Elizabeth Hills,Researched unique local variable for Elizabeth Hills,research,research,yes,no
EV-0202,REQUIRED-RESEARCH-FIELD,data-field,suburbs-expanded.json,1395,concreters-elizabeth-hills,/concreters-elizabeth-hills/,suburb,4,draft,suburbs-expanded.json field 'ground_conditions' for Elizabeth Hills,Researched ground conditions for Elizabeth Hills,research,research,yes,no
EV-0203,REQUIRED-RESEARCH-FIELD,data-field,suburbs-expanded.json,1396,concreters-len-waters-estate,/concreters-len-waters-estate/,suburb,4,draft,suburbs-expanded.json field 'unique_local_variable' for Len Waters Estate,Researched unique local variable for Len Waters Estate,research,research,yes,no
EV-0204,REQUIRED-RESEARCH-FIELD,data-field,suburbs-expanded.json,1396,concreters-len-waters-estate,/concreters-len-waters-estate/,suburb,4,draft,suburbs-expanded.json field 'ground_conditions' for Len Waters Estate,Researched ground conditions for Len Waters Estate,research,research,yes,no
EV-0205,REQUIRED-RESEARCH-FIELD,data-field,suburbs-expanded.json,1397,concreters-cecil-hills,/concreters-cecil-hills/,suburb,3,draft,suburbs-expanded.json field 'unique_local_variable' for Cecil Hills,Researched unique local variable for Cecil Hills,research,research,yes,no
EV-0206,REQUIRED-RESEARCH-FIELD,data-field,suburbs-expanded.json,1397,concreters-cecil-hills,/concreters-cecil-hills/,suburb,3,draft,suburbs-expanded.json field 'ground_conditions' for Cecil Hills,Researched ground conditions for Cecil Hills,research,research,yes,no
EV-0207,REQUIRED-RESEARCH-FIELD,data-field,suburbs-expanded.json,1398,concreters-prestons,/concreters-prestons/,suburb,3,draft,suburbs-expanded.json field 'unique_local_variable' for Prestons,Researched unique local variable for Prestons,research,research,yes,no
EV-0208,REQUIRED-RESEARCH-FIELD,data-field,suburbs-expanded.json,1398,concreters-prestons,/concreters-prestons/,suburb,3,draft,suburbs-expanded.json field 'ground_conditions' for Prestons,Researched ground conditions for Prestons,research,research,yes,no
EV-0209,REQUIRED-RESEARCH-FIELD,data-field,suburbs-expanded.json,1399,concreters-casula,/concreters-casula/,suburb,3,draft,suburbs-expanded.json field 'unique_local_variable' for Casula,Researched unique local variable for Casula,research,research,yes,no
EV-0210,REQUIRED-RESEARCH-FIELD,data-field,suburbs-expanded.json,1399,concreters-casula,/concreters-casula/,suburb,3,draft,suburbs-expanded.json field 'ground_conditions' for Casula,Researched ground conditions for Casula,research,research,yes,no
EV-0211,REQUIRED-RESEARCH-FIELD,data-field,suburbs-expanded.json,1400,concreters-moorebank,/concreters-moorebank/,suburb,3,draft,suburbs-expanded.json field 'unique_local_variable' for Moorebank,Researched unique local variable for Moorebank,research,research,yes,no
EV-0212,REQUIRED-RESEARCH-FIELD,data-field,suburbs-expanded.json,1400,concreters-moorebank,/concreters-moorebank/,suburb,3,draft,suburbs-expanded.json field 'ground_conditions' for Moorebank,Researched ground conditions for Moorebank,research,research,yes,no
EV-0213,REQUIRED-RESEARCH-FIELD,data-field,suburbs-expanded.json,1401,concreters-chipping-norton,/concreters-chipping-norton/,suburb,4,draft,suburbs-expanded.json field 'unique_local_variable' for Chipping Norton,Researched unique local variable for Chipping Norton,research,research,yes,no
EV-0214,REQUIRED-RESEARCH-FIELD,data-field,suburbs-expanded.json,1401,concreters-chipping-norton,/concreters-chipping-norton/,suburb,4,draft,suburbs-expanded.json field 'ground_conditions' for Chipping Norton,Researched ground conditions for Chipping Norton,research,research,yes,no
EV-0215,REQUIRED-RESEARCH-FIELD,data-field,suburbs-expanded.json,1402,concreters-wattle-grove,/concreters-wattle-grove/,suburb,4,draft,suburbs-expanded.json field 'unique_local_variable' for Wattle Grove,Researched unique local variable for Wattle Grove,research,research,yes,no
EV-0216,REQUIRED-RESEARCH-FIELD,data-field,suburbs-expanded.json,1402,concreters-wattle-grove,/concreters-wattle-grove/,suburb,4,draft,suburbs-expanded.json field 'ground_conditions' for Wattle Grove,Researched ground conditions for Wattle Grove,research,research,yes,no
EV-0217,REQUIRED-RESEARCH-FIELD,data-field,suburbs-expanded.json,1403,concreters-kemps-creek,/concreters-kemps-creek/,suburb,4,draft,suburbs-expanded.json field 'unique_local_variable' for Kemps Creek,Researched unique local variable for Kemps Creek,research,research,yes,no
EV-0218,REQUIRED-RESEARCH-FIELD,data-field,suburbs-expanded.json,1403,concreters-kemps-creek,/concreters-kemps-creek/,suburb,4,draft,suburbs-expanded.json field 'ground_conditions' for Kemps Creek,Researched ground conditions for Kemps Creek,research,research,yes,no
EV-0219,REQUIRED-RESEARCH-FIELD,data-field,suburbs-expanded.json,1404,concreters-cecil-park,/concreters-cecil-park/,suburb,4,draft,suburbs-expanded.json field 'unique_local_variable' for Cecil Park,Researched unique local variable for Cecil Park,research,research,yes,no
EV-0220,REQUIRED-RESEARCH-FIELD,data-field,suburbs-expanded.json,1404,concreters-cecil-park,/concreters-cecil-park/,suburb,4,draft,suburbs-expanded.json field 'ground_conditions' for Cecil Park,Researched ground conditions for Cecil Park,research,research,yes,no
EV-0221,REQUIRED-RESEARCH-FIELD,data-field,suburbs-expanded.json,1405,concreters-campbelltown,/concreters-campbelltown/,suburb,2,draft,suburbs-expanded.json field 'unique_local_variable' for Campbelltown,Researched unique local variable for Campbelltown,research,research,yes,no
EV-0222,REQUIRED-RESEARCH-FIELD,data-field,suburbs-expanded.json,1405,concreters-campbelltown,/concreters-campbelltown/,suburb,2,draft,suburbs-expanded.json field 'ground_conditions' for Campbelltown,Researched ground conditions for Campbelltown,research,research,yes,no
EV-0223,REQUIRED-RESEARCH-FIELD,data-field,suburbs-expanded.json,1406,concreters-leumeah,/concreters-leumeah/,suburb,3,draft,suburbs-expanded.json field 'unique_local_variable' for Leumeah,Researched unique local variable for Leumeah,research,research,yes,no
EV-0224,REQUIRED-RESEARCH-FIELD,data-field,suburbs-expanded.json,1406,concreters-leumeah,/concreters-leumeah/,suburb,3,draft,suburbs-expanded.json field 'ground_conditions' for Leumeah,Researched ground conditions for Leumeah,research,research,yes,no
EV-0225,REQUIRED-RESEARCH-FIELD,data-field,suburbs-expanded.json,1407,concreters-minto,/concreters-minto/,suburb,3,draft,suburbs-expanded.json field 'unique_local_variable' for Minto,Researched unique local variable for Minto,research,research,yes,no
EV-0226,REQUIRED-RESEARCH-FIELD,data-field,suburbs-expanded.json,1407,concreters-minto,/concreters-minto/,suburb,3,draft,suburbs-expanded.json field 'ground_conditions' for Minto,Researched ground conditions for Minto,research,research,yes,no
EV-0227,REQUIRED-RESEARCH-FIELD,data-field,suburbs-expanded.json,1408,concreters-ingleburn,/concreters-ingleburn/,suburb,3,draft,suburbs-expanded.json field 'unique_local_variable' for Ingleburn,Researched unique local variable for Ingleburn,research,research,yes,no
EV-0228,REQUIRED-RESEARCH-FIELD,data-field,suburbs-expanded.json,1408,concreters-ingleburn,/concreters-ingleburn/,suburb,3,draft,suburbs-expanded.json field 'ground_conditions' for Ingleburn,Researched ground conditions for Ingleburn,research,research,yes,no
EV-0229,REQUIRED-RESEARCH-FIELD,data-field,suburbs-expanded.json,1409,concreters-glenfield,/concreters-glenfield/,suburb,4,draft,suburbs-expanded.json field 'unique_local_variable' for Glenfield,Researched unique local variable for Glenfield,research,research,yes,no
EV-0230,REQUIRED-RESEARCH-FIELD,data-field,suburbs-expanded.json,1409,concreters-glenfield,/concreters-glenfield/,suburb,4,draft,suburbs-expanded.json field 'ground_conditions' for Glenfield,Researched ground conditions for Glenfield,research,research,yes,no
EV-0231,REQUIRED-RESEARCH-FIELD,data-field,suburbs-expanded.json,1410,concreters-macquarie-fields,/concreters-macquarie-fields/,suburb,4,draft,suburbs-expanded.json field 'unique_local_variable' for Macquarie Fields,Researched unique local variable for Macquarie Fields,research,research,yes,no
EV-0232,REQUIRED-RESEARCH-FIELD,data-field,suburbs-expanded.json,1410,concreters-macquarie-fields,/concreters-macquarie-fields/,suburb,4,draft,suburbs-expanded.json field 'ground_conditions' for Macquarie Fields,Researched ground conditions for Macquarie Fields,research,research,yes,no
EV-0233,REQUIRED-RESEARCH-FIELD,data-field,suburbs-expanded.json,1411,concreters-raby,/concreters-raby/,suburb,4,draft,suburbs-expanded.json field 'unique_local_variable' for Raby,Researched unique local variable for Raby,research,research,yes,no
EV-0234,REQUIRED-RESEARCH-FIELD,data-field,suburbs-expanded.json,1411,concreters-raby,/concreters-raby/,suburb,4,draft,suburbs-expanded.json field 'ground_conditions' for Raby,Researched ground conditions for Raby,research,research,yes,no
EV-0235,REQUIRED-RESEARCH-FIELD,data-field,suburbs-expanded.json,1412,concreters-eagle-vale,/concreters-eagle-vale/,suburb,4,draft,suburbs-expanded.json field 'unique_local_variable' for Eagle Vale,Researched unique local variable for Eagle Vale,research,research,yes,no
EV-0236,REQUIRED-RESEARCH-FIELD,data-field,suburbs-expanded.json,1412,concreters-eagle-vale,/concreters-eagle-vale/,suburb,4,draft,suburbs-expanded.json field 'ground_conditions' for Eagle Vale,Researched ground conditions for Eagle Vale,research,research,yes,no
EV-0237,REQUIRED-RESEARCH-FIELD,data-field,suburbs-expanded.json,1413,concreters-bradbury,/concreters-bradbury/,suburb,4,draft,suburbs-expanded.json field 'unique_local_variable' for Bradbury,Researched unique local variable for Bradbury,research,research,yes,no
EV-0238,REQUIRED-RESEARCH-FIELD,data-field,suburbs-expanded.json,1413,concreters-bradbury,/concreters-bradbury/,suburb,4,draft,suburbs-expanded.json field 'ground_conditions' for Bradbury,Researched ground conditions for Bradbury,research,research,yes,no
EV-0239,REQUIRED-RESEARCH-FIELD,data-field,suburbs-expanded.json,1414,concreters-glen-alpine,/concreters-glen-alpine/,suburb,4,draft,suburbs-expanded.json field 'unique_local_variable' for Glen Alpine,Researched unique local variable for Glen Alpine,research,research,yes,no
EV-0240,REQUIRED-RESEARCH-FIELD,data-field,suburbs-expanded.json,1414,concreters-glen-alpine,/concreters-glen-alpine/,suburb,4,draft,suburbs-expanded.json field 'ground_conditions' for Glen Alpine,Researched ground conditions for Glen Alpine,research,research,yes,no
EV-0241,REQUIRED-RESEARCH-FIELD,data-field,suburbs-expanded.json,1415,concreters-gilead,/concreters-gilead/,suburb,3,draft,suburbs-expanded.json field 'unique_local_variable' for Gilead,Researched unique local variable for Gilead,research,research,yes,no
EV-0242,REQUIRED-RESEARCH-FIELD,data-field,suburbs-expanded.json,1415,concreters-gilead,/concreters-gilead/,suburb,3,draft,suburbs-expanded.json field 'ground_conditions' for Gilead,Researched ground conditions for Gilead,research,research,yes,no
EV-0243,REQUIRED-RESEARCH-FIELD,data-field,suburbs-expanded.json,1416,concreters-menangle-park,/concreters-menangle-park/,suburb,3,draft,suburbs-expanded.json field 'unique_local_variable' for Menangle Park,Researched unique local variable for Menangle Park,research,research,yes,no
EV-0244,REQUIRED-RESEARCH-FIELD,data-field,suburbs-expanded.json,1416,concreters-menangle-park,/concreters-menangle-park/,suburb,3,draft,suburbs-expanded.json field 'ground_conditions' for Menangle Park,Researched ground conditions for Menangle Park,research,research,yes,no
EV-0245,REQUIRED-RESEARCH-FIELD,data-field,suburbs-expanded.json,1417,concreters-wilton,/concreters-wilton/,suburb,2,draft,suburbs-expanded.json field 'unique_local_variable' for Wilton,Researched unique local variable for Wilton,research,research,yes,no
EV-0246,REQUIRED-RESEARCH-FIELD,data-field,suburbs-expanded.json,1417,concreters-wilton,/concreters-wilton/,suburb,2,draft,suburbs-expanded.json field 'ground_conditions' for Wilton,Researched ground conditions for Wilton,research,research,yes,no
EV-0247,REQUIRED-RESEARCH-FIELD,data-field,suburbs-expanded.json,1418,concreters-picton,/concreters-picton/,suburb,3,draft,suburbs-expanded.json field 'unique_local_variable' for Picton,Researched unique local variable for Picton,research,research,yes,no
EV-0248,REQUIRED-RESEARCH-FIELD,data-field,suburbs-expanded.json,1418,concreters-picton,/concreters-picton/,suburb,3,draft,suburbs-expanded.json field 'ground_conditions' for Picton,Researched ground conditions for Picton,research,research,yes,no
EV-0249,REQUIRED-RESEARCH-FIELD,data-field,suburbs-expanded.json,1419,concreters-tahmoor,/concreters-tahmoor/,suburb,3,draft,suburbs-expanded.json field 'unique_local_variable' for Tahmoor,Researched unique local variable for Tahmoor,research,research,yes,no
EV-0250,REQUIRED-RESEARCH-FIELD,data-field,suburbs-expanded.json,1419,concreters-tahmoor,/concreters-tahmoor/,suburb,3,draft,suburbs-expanded.json field 'ground_conditions' for Tahmoor,Researched ground conditions for Tahmoor,research,research,yes,no
EV-0251,REQUIRED-RESEARCH-FIELD,data-field,suburbs-expanded.json,1420,concreters-appin,/concreters-appin/,suburb,3,draft,suburbs-expanded.json field 'unique_local_variable' for Appin,Researched unique local variable for Appin,research,research,yes,no
EV-0252,REQUIRED-RESEARCH-FIELD,data-field,suburbs-expanded.json,1420,concreters-appin,/concreters-appin/,suburb,3,draft,suburbs-expanded.json field 'ground_conditions' for Appin,Researched ground conditions for Appin,research,research,yes,no
EV-0253,REQUIRED-RESEARCH-FIELD,data-field,suburbs-expanded.json,1421,concreters-douglas-park,/concreters-douglas-park/,suburb,4,draft,suburbs-expanded.json field 'unique_local_variable' for Douglas Park,Researched unique local variable for Douglas Park,research,research,yes,no
EV-0254,REQUIRED-RESEARCH-FIELD,data-field,suburbs-expanded.json,1421,concreters-douglas-park,/concreters-douglas-park/,suburb,4,draft,suburbs-expanded.json field 'ground_conditions' for Douglas Park,Researched ground conditions for Douglas Park,research,research,yes,no
EV-0255,REQUIRED-RESEARCH-FIELD,data-field,suburbs-expanded.json,1422,concreters-menangle,/concreters-menangle/,suburb,4,draft,suburbs-expanded.json field 'unique_local_variable' for Menangle,Researched unique local variable for Menangle,research,research,yes,no
EV-0256,REQUIRED-RESEARCH-FIELD,data-field,suburbs-expanded.json,1422,concreters-menangle,/concreters-menangle/,suburb,4,draft,suburbs-expanded.json field 'ground_conditions' for Menangle,Researched ground conditions for Menangle,research,research,yes,no
EV-0257,REQUIRED-RESEARCH-FIELD,data-field,suburbs-expanded.json,1423,concreters-the-oaks,/concreters-the-oaks/,suburb,4,draft,suburbs-expanded.json field 'unique_local_variable' for The Oaks,Researched unique local variable for The Oaks,research,research,yes,no
EV-0258,REQUIRED-RESEARCH-FIELD,data-field,suburbs-expanded.json,1423,concreters-the-oaks,/concreters-the-oaks/,suburb,4,draft,suburbs-expanded.json field 'ground_conditions' for The Oaks,Researched ground conditions for The Oaks,research,research,yes,no
EV-0259,REQUIRED-RESEARCH-FIELD,data-field,suburbs-expanded.json,1424,concreters-bargo,/concreters-bargo/,suburb,4,draft,suburbs-expanded.json field 'unique_local_variable' for Bargo,Researched unique local variable for Bargo,research,research,yes,no
EV-0260,REQUIRED-RESEARCH-FIELD,data-field,suburbs-expanded.json,1424,concreters-bargo,/concreters-bargo/,suburb,4,draft,suburbs-expanded.json field 'ground_conditions' for Bargo,Researched ground conditions for Bargo,research,research,yes,no
