URL,Page type,Current WordPress status,Current robots setting,Placeholder count,Photo marker count,Verification marker count,Phone verified,Form dependency,Business-evidence dependency,Index-ready,Exact missing evidence,Recommended action,Page ID,Slug,Page class,Tier,Build status,Blocking marker IDs,Blocking count,Clearable by,Wave assignment,Effective robots directive,Withdrawn,Withdrawal reason
/concreters-oran-park/,suburb,publish,"global staging: noindex,nofollow,noarchive; page: noindex,follow",1,3,1,no — number present,none in page content,yes — legal/operating identity; plus any listed page-specific evidence,no,"verified legal/operating identity for CoreX Concreters Camden; ownership and call-routing proof for 03 4517 6915; confirm whether the Oran Park estate design guidelines require the driveway to be complete before the Occupation Certificate is issued — check the current Oran Park Estate Design Guidelines before publishing this claim.; verified project photograph, location/service/date record and permission to publish; insert your real per-m² ranges once you've quoted 5+ Camden jobs; authoritative media/Astra import and logged-out visual QA","Keep protected and noindex; resolve every listed item, then repeat staging QA before approval.",474,concreters-oran-park,suburb,1,built,EV-0022;EV-0023;EV-0024;EV-0025;EV-0026,5,council source;owner fact;photo,1,"noindex,follow",no,
/concreters-leppington/,suburb,publish,"global staging: noindex,nofollow,noarchive; page: noindex,follow",0,3,0,no — number present,none in page content,yes — legal/operating identity; plus any listed page-specific evidence,no,verified legal/operating identity for CoreX Concreters Camden; ownership and call-routing proof for 03 4517 6915; verified CoreX project in Leppington; authoritative media/Astra import and logged-out visual QA,"Keep protected and noindex; resolve every listed item, then repeat staging QA before approval.",221,concreters-leppington,suburb,1,built,EV-0016;EV-0017;EV-0018;EV-0019,4,council source;photo,1,"noindex,follow",no,
/concreters-gregory-hills/,suburb,publish,"global staging: noindex,nofollow,noarchive; page: noindex,follow",0,3,0,no — number present,none in page content,yes — legal/operating identity; plus any listed page-specific evidence,no,verified legal/operating identity for CoreX Concreters Camden; ownership and call-routing proof for 03 4517 6915; verified CoreX project in Gregory Hills; authoritative media/Astra import and logged-out visual QA,"Keep protected and noindex; resolve every listed item, then repeat staging QA before approval.",969,concreters-gregory-hills,suburb,1,built,EV-0034;EV-0035;EV-0036,3,photo,1,"noindex,follow",no,
/concreters-gledswood-hills/,suburb,publish,"global staging: noindex,nofollow,noarchive; page: noindex,follow",0,3,0,no — number present,none in page content,yes — legal/operating identity; plus any listed page-specific evidence,no,verified legal/operating identity for CoreX Concreters Camden; ownership and call-routing proof for 03 4517 6915; verified CoreX project in Gledswood Hills; authoritative media/Astra import and logged-out visual QA,"Keep protected and noindex; resolve every listed item, then repeat staging QA before approval.",1370,concreters-gledswood-hills,suburb,1,built,EV-0062;EV-0063;EV-0064,3,photo,1,"noindex,follow",no,
/concreters-austral/,suburb,publish,"global staging: noindex,nofollow,noarchive; page: noindex,follow",0,3,0,no — number present,none in page content,yes — legal/operating identity; plus any listed page-specific evidence,no,verified legal/operating identity for CoreX Concreters Camden; ownership and call-routing proof for 03 4517 6915; verified CoreX project in Austral; authoritative media/Astra import and logged-out visual QA,"Keep protected and noindex; resolve every listed item, then repeat staging QA before approval.",1163,concreters-austral,suburb,1,built,EV-0040;EV-0041;EV-0042;EV-0043,4,council source;photo,1,"noindex,follow",no,
/concreters-harrington-park/,suburb,publish,"global staging: noindex,nofollow,noarchive; page: noindex,follow",0,3,0,no — number present,none in page content,yes — legal/operating identity; plus any listed page-specific evidence,no,verified legal/operating identity for CoreX Concreters Camden; ownership and call-routing proof for 03 4517 6915; verified CoreX project in Harrington Park; authoritative media/Astra import and logged-out visual QA,"Keep protected and noindex; resolve every listed item, then repeat staging QA before approval.",1126,concreters-harrington-park,suburb,1,built,EV-0037;EV-0038;EV-0039,3,photo,1,"noindex,follow",no,
/,home,publish,"global staging: noindex,nofollow,noarchive; page: default (no page override)",6,0,0,no — number present,none in page content,yes — legal/operating identity; plus any listed page-specific evidence,no,verified legal/operating identity for CoreX Concreters Camden; ownership and call-routing proof for 03 4517 6915; verified CoreX review text and permission to publish; verified reviewer name; authoritative media/Astra import and logged-out visual QA,"Keep protected and noindex; resolve every listed item, then repeat staging QA before approval.",12,homepage,home,,built,EV-0001;EV-0002;EV-0003;EV-0004;EV-0005;EV-0006,6,owner fact,1,"noindex,follow",no,
/contact/,utility,publish,"global staging: noindex,nofollow,noarchive; page: default (no page override)",2,0,0,no — number present,Fluent Forms ID 3 + verified recipient/privacy/SMTP,yes — legal/operating identity; plus any listed page-specific evidence,no,"verified legal/operating identity for CoreX Concreters Camden; ownership and call-routing proof for 03 4517 6915; approved Fluent Forms form 3, recipient email, privacy basis, SMTP and delivery test; verified CoreX ABN; verified CoreX business address; authoritative media/Astra import and logged-out visual QA","Keep protected and noindex; resolve every listed item, then repeat staging QA before approval.",321,contact,utility,,built,EV-0020;EV-0021,2,owner fact,1,"noindex,follow",no,
/quote/,utility,publish,"global staging: noindex,nofollow,noarchive; page: default (no page override)",4,0,0,no — global contact presentation unverified,Fluent Forms ID 3 + verified recipient/privacy/SMTP,yes — legal/operating identity; plus any listed page-specific evidence,no,"verified legal/operating identity for CoreX Concreters Camden; verified global header/footer phone after Astra settings are supplied; approved Fluent Forms form 3, recipient email, privacy basis, SMTP and delivery test; operator-approved quote turnaround and inclusions; verified CoreX ABN; verified CoreX business address; authoritative media/Astra import and logged-out visual QA","Keep protected and noindex; resolve every listed item, then repeat staging QA before approval.",1363,quote,utility,,built,EV-0044;EV-0045;EV-0046;EV-0047,4,owner fact,1,"noindex,follow",no,
/about/,utility,publish,"global staging: noindex,nofollow,noarchive; page: default (no page override)",4,0,0,no — global contact presentation unverified,Fluent Forms ID 3 + verified recipient/privacy/SMTP,yes — legal/operating identity; plus any listed page-specific evidence,no,"verified legal/operating identity for CoreX Concreters Camden; verified global header/footer phone after Astra settings are supplied; approved Fluent Forms form 3, recipient email, privacy basis, SMTP and delivery test; verified licence, insurance and operator profile; verified CoreX ABN; verified CoreX business address; authoritative media/Astra import and logged-out visual QA","Keep protected and noindex; resolve every listed item, then repeat staging QA before approval.",1364,about,utility,,built,EV-0048;EV-0049;EV-0050;EV-0051,4,owner fact,1,"noindex,follow",no,
/gallery/,utility,publish,"global staging: noindex,nofollow,noarchive; page: noindex,follow",2,2,0,no — global contact presentation unverified,Fluent Forms ID 3 + verified recipient/privacy/SMTP,yes — legal/operating identity; plus any listed page-specific evidence,no,"verified legal/operating identity for CoreX Concreters Camden; verified global header/footer phone after Astra settings are supplied; approved Fluent Forms form 3, recipient email, privacy basis, SMTP and delivery test; project image, suburb, service, completion date and permission to publish; verified CoreX ABN; verified CoreX business address; authoritative media/Astra import and logged-out visual QA","Keep protected and noindex; resolve every listed item, then repeat staging QA before approval.",1365,gallery,utility,,built,EV-0052;EV-0053;EV-0054;EV-0055,4,owner fact;photo,1,"noindex,follow",no,
/concrete-driveways-south-west-sydney/,service,publish,"global staging: noindex,nofollow,noarchive; page: default (no page override)",1,0,0,no — number present,none in page content,yes — legal/operating identity; plus any listed page-specific evidence,no,"verified legal/operating identity for CoreX Concreters Camden; ownership and call-routing proof for 03 4517 6915; operator-approved concrete driveways range from real CoreX quotes, including the assumptions behind it; authoritative media/Astra import and logged-out visual QA","Keep protected and noindex; resolve every listed item, then repeat staging QA before approval.",105,concrete-driveways-south-west-sydney,service,,built,EV-0007,1,owner fact,1,"noindex,follow",no,
/concrete-driveway-replacement-south-west-sydney/,service,publish,"global staging: noindex,nofollow,noarchive; page: default (no page override)",1,0,0,no — number present,none in page content,yes — legal/operating identity; plus any listed page-specific evidence,no,"verified legal/operating identity for CoreX Concreters Camden; ownership and call-routing proof for 03 4517 6915; operator-approved concrete driveway replacement range from real CoreX quotes, including the assumptions behind it; authoritative media/Astra import and logged-out visual QA","Keep protected and noindex; resolve every listed item, then repeat staging QA before approval.",1366,concrete-driveway-replacement-south-west-sydney,service,,built,EV-0056,1,owner fact,1,"noindex,follow",no,
/concrete-slabs-south-west-sydney/,service,publish,"global staging: noindex,nofollow,noarchive; page: default (no page override)",1,0,0,no — global contact presentation unverified,none in page content,yes — legal/operating identity; plus any listed page-specific evidence,no,"verified legal/operating identity for CoreX Concreters Camden; verified global header/footer phone after Astra settings are supplied; operator-approved concrete slabs range from real CoreX quotes, including the assumptions behind it; authoritative media/Astra import and logged-out visual QA","Keep protected and noindex; resolve every listed item, then repeat staging QA before approval.",163,concrete-slabs-south-west-sydney,service,,built,EV-0009,1,owner fact,1,"noindex,follow",no,
/shed-and-garage-slabs-south-west-sydney/,service,publish,"global staging: noindex,nofollow,noarchive; page: default (no page override)",1,0,0,no — global contact presentation unverified,none in page content,yes — legal/operating identity; plus any listed page-specific evidence,no,"verified legal/operating identity for CoreX Concreters Camden; verified global header/footer phone after Astra settings are supplied; operator-approved shed and garage slabs range from real CoreX quotes, including the assumptions behind it; authoritative media/Astra import and logged-out visual QA","Keep protected and noindex; resolve every listed item, then repeat staging QA before approval.",1367,shed-and-garage-slabs-south-west-sydney,service,,built,EV-0057,1,owner fact,1,"noindex,follow",no,
/exposed-aggregate-south-west-sydney/,service,publish,"global staging: noindex,nofollow,noarchive; page: default (no page override)",1,0,0,no — global contact presentation unverified,none in page content,yes — legal/operating identity; plus any listed page-specific evidence,no,"verified legal/operating identity for CoreX Concreters Camden; verified global header/footer phone after Astra settings are supplied; operator-approved exposed aggregate concrete range from real CoreX quotes, including the assumptions behind it; authoritative media/Astra import and logged-out visual QA","Keep protected and noindex; resolve every listed item, then repeat staging QA before approval.",129,exposed-aggregate-south-west-sydney,service,,built,EV-0008,1,owner fact,1,"noindex,follow",no,
/decorative-concrete-south-west-sydney/,service,publish,"global staging: noindex,nofollow,noarchive; page: default (no page override)",1,0,0,no — global contact presentation unverified,none in page content,yes — legal/operating identity; plus any listed page-specific evidence,no,"verified legal/operating identity for CoreX Concreters Camden; verified global header/footer phone after Astra settings are supplied; operator-approved decorative concrete range from real CoreX quotes, including the assumptions behind it; authoritative media/Astra import and logged-out visual QA","Keep protected and noindex; resolve every listed item, then repeat staging QA before approval.",922,decorative-concrete-south-west-sydney,service,,built,EV-0033,1,owner fact,1,"noindex,follow",no,
/concrete-patios-south-west-sydney/,service,publish,"global staging: noindex,nofollow,noarchive; page: default (no page override)",3,0,0,no — number present,none in page content,yes — legal/operating identity; plus any listed page-specific evidence,no,"verified legal/operating identity for CoreX Concreters Camden; ownership and call-routing proof for 03 4517 6915; operator-approved concrete patios and alfresco slabs range from real CoreX quotes, including the assumptions behind it; verified CoreX ABN; verified CoreX business address; authoritative media/Astra import and logged-out visual QA","Keep protected and noindex; resolve every listed item, then repeat staging QA before approval.",195,concrete-patios-south-west-sydney,service,,built,EV-0013;EV-0014;EV-0015,3,owner fact,1,"noindex,follow",no,
/concrete-paths-south-west-sydney/,service,publish,"global staging: noindex,nofollow,noarchive; page: default (no page override)",3,0,0,no — number present,none in page content,yes — legal/operating identity; plus any listed page-specific evidence,no,"verified legal/operating identity for CoreX Concreters Camden; ownership and call-routing proof for 03 4517 6915; operator-approved concrete paths and pathways range from real CoreX quotes, including the assumptions behind it; verified CoreX ABN; verified CoreX business address; authoritative media/Astra import and logged-out visual QA","Keep protected and noindex; resolve every listed item, then repeat staging QA before approval.",178,concrete-paths-south-west-sydney,service,,built,EV-0010;EV-0011;EV-0012,3,owner fact,1,"noindex,follow",no,
/concrete-crossovers-and-laybacks-south-west-sydney/,service,publish,"global staging: noindex,nofollow,noarchive; page: default (no page override)",3,0,0,no — global contact presentation unverified,none in page content,yes — legal/operating identity; plus any listed page-specific evidence,no,"verified legal/operating identity for CoreX Concreters Camden; verified global header/footer phone after Astra settings are supplied; operator-approved concrete crossovers and laybacks range from real CoreX quotes, including the assumptions behind it; verified CoreX ABN; verified CoreX business address; authoritative media/Astra import and logged-out visual QA","Keep protected and noindex; resolve every listed item, then repeat staging QA before approval.",1368,concrete-crossovers-and-laybacks-south-west-sydney,service,,built,EV-0058;EV-0059;EV-0060,3,owner fact,1,"noindex,follow",no,
/commercial-concreting-south-west-sydney/,service,publish,"global staging: noindex,nofollow,noarchive; page: default (no page override)",1,0,0,no — global contact presentation unverified,none in page content,yes — legal/operating identity; plus any listed page-specific evidence,no,"verified legal/operating identity for CoreX Concreters Camden; verified global header/footer phone after Astra settings are supplied; operator-approved commercial concreting range from real CoreX quotes, including the assumptions behind it; authoritative media/Astra import and logged-out visual QA","Keep protected and noindex; resolve every listed item, then repeat staging QA before approval.",1369,commercial-concreting-south-west-sydney,service,,built,EV-0061,1,owner fact,1,"noindex,follow",no,
/guides/,guide_hub,draft,"global staging: noindex,nofollow,noarchive; page: noindex,follow",0,0,0,no — number present,none in page content,yes — legal/operating identity; plus any listed page-specific evidence,no,verified legal/operating identity for CoreX Concreters Camden; ownership and call-routing proof for 03 4517 6915; page-specific publication-wave approval; authoritative media/Astra import and logged-out visual QA,"Keep draft; resolve page evidence and wave gate, then stage and QA before any status change.",1502,guides,guide_hub,,built,,0,,none — WITHDRAWN (D21),"noindex,follow",YES,"DECISION-04 D21 — SEVERE coherence failure, same disposition as the 35 intersections. Excluded at import; NOT deleted from the immutable WXR. Research inputs retained as rebuild material; expansion-300-pages.md §5 guide taxonomy stays valid."
/guides/broom-finish-concrete/,guide,draft,"global staging: noindex,nofollow,noarchive; page: noindex,follow",0,0,0,no — number present,none in page content,yes — legal/operating identity; plus any listed page-specific evidence,no,verified legal/operating identity for CoreX Concreters Camden; ownership and call-routing proof for 03 4517 6915; page-specific publication-wave approval; authoritative media/Astra import and logged-out visual QA,"Keep draft; resolve page evidence and wave gate, then stage and QA before any status change.",1447,broom-finish-concrete,guide,,built,,0,,none — WITHDRAWN (D21),"noindex,follow",YES,"DECISION-04 D21 — SEVERE coherence failure, same disposition as the 35 intersections. Excluded at import; NOT deleted from the immutable WXR. Research inputs retained as rebuild material; expansion-300-pages.md §5 guide taxonomy stays valid."
/guides/camden-council-driveway-crossing/,guide,draft,"global staging: noindex,nofollow,noarchive; page: noindex,follow",2,0,1,no — global contact presentation unverified,none in page content,yes — legal/operating identity; plus any listed page-specific evidence,no,verified legal/operating identity for CoreX Concreters Camden; verified global header/footer phone after Astra settings are supplied; any unresearched figure or process stated under Camden Council Driveway Crossing before publication; verified CoreX ABN; verified CoreX business address; page-specific publication-wave approval; authoritative media/Astra import and logged-out visual QA,"Keep draft; resolve page evidence and wave gate, then stage and QA before any status change.",706,camden-council-driveway-crossing,guide,,built,EV-0030;EV-0031;EV-0032,3,council source;owner fact,none — WITHDRAWN (D21),"noindex,follow",YES,"DECISION-04 D21 — SEVERE coherence failure, same disposition as the 35 intersections. Excluded at import; NOT deleted from the immutable WXR. Research inputs retained as rebuild material; expansion-300-pages.md §5 guide taxonomy stays valid."
/guides/campbelltown-council-driveway-crossing/,guide,draft,"global staging: noindex,nofollow,noarchive; page: noindex,follow",0,0,1,no — number present,none in page content,yes — legal/operating identity; plus any listed page-specific evidence,no,"verified legal/operating identity for CoreX Concreters Camden; ownership and call-routing proof for 03 4517 6915; current Campbelltown City Council vehicle-crossing specification, application, fees, inspections, widths and grades before this guide is published; page-specific publication-wave approval; authoritative media/Astra import and logged-out visual QA","Keep draft; resolve page evidence and wave gate, then stage and QA before any status change.",1426,campbelltown-council-driveway-crossing,guide,,built,EV-0098,1,council source,none — WITHDRAWN (D21),"noindex,follow",YES,"DECISION-04 D21 — SEVERE coherence failure, same disposition as the 35 intersections. Excluded at import; NOT deleted from the immutable WXR. Research inputs retained as rebuild material; expansion-300-pages.md §5 guide taxonomy stays valid."
/guides/coloured-concrete-explained/,guide,draft,"global staging: noindex,nofollow,noarchive; page: noindex,follow",0,0,0,no — number present,none in page content,yes — legal/operating identity; plus any listed page-specific evidence,no,verified legal/operating identity for CoreX Concreters Camden; ownership and call-routing proof for 03 4517 6915; page-specific publication-wave approval; authoritative media/Astra import and logged-out visual QA,"Keep draft; resolve page evidence and wave gate, then stage and QA before any status change.",1445,coloured-concrete-explained,guide,,built,,0,,none — WITHDRAWN (D21),"noindex,follow",YES,"DECISION-04 D21 — SEVERE coherence failure, same disposition as the 35 intersections. Excluded at import; NOT deleted from the immutable WXR. Research inputs retained as rebuild material; expansion-300-pages.md §5 guide taxonomy stays valid."
/guides/commercial-hardstand-cost/,guide,draft,"global staging: noindex,nofollow,noarchive; page: noindex,follow",0,0,0,no — number present,none in page content,yes — legal/operating identity; plus any listed page-specific evidence,no,verified legal/operating identity for CoreX Concreters Camden; ownership and call-routing proof for 03 4517 6915; page-specific publication-wave approval; authoritative media/Astra import and logged-out visual QA,"Keep draft; resolve page evidence and wave gate, then stage and QA before any status change.",1442,commercial-hardstand-cost,guide,,built,,0,,none — WITHDRAWN (D21),"noindex,follow",YES,"DECISION-04 D21 — SEVERE coherence failure, same disposition as the 35 intersections. Excluded at import; NOT deleted from the immutable WXR. Research inputs retained as rebuild material; expansion-300-pages.md §5 guide taxonomy stays valid."
/guides/concrete-crack-types-and-which-matter/,guide,draft,"global staging: noindex,nofollow,noarchive; page: noindex,follow",0,0,0,no — number present,none in page content,yes — legal/operating identity; plus any listed page-specific evidence,no,verified legal/operating identity for CoreX Concreters Camden; ownership and call-routing proof for 03 4517 6915; page-specific publication-wave approval; authoritative media/Astra import and logged-out visual QA,"Keep draft; resolve page evidence and wave gate, then stage and QA before any status change.",1451,concrete-crack-types-and-which-matter,guide,,built,,0,,none — WITHDRAWN (D21),"noindex,follow",YES,"DECISION-04 D21 — SEVERE coherence failure, same disposition as the 35 intersections. Excluded at import; NOT deleted from the immutable WXR. Research inputs retained as rebuild material; expansion-300-pages.md §5 guide taxonomy stays valid."
/guides/concrete-driveway-cost-nsw/,guide,draft,"global staging: noindex,nofollow,noarchive; page: noindex,follow",3,0,0,no — global contact presentation unverified,none in page content,yes — legal/operating identity; plus any listed page-specific evidence,no,verified legal/operating identity for CoreX Concreters Camden; verified global header/footer phone after Astra settings are supplied; operator-approved amount or range from real CoreX quotes relevant to Concrete Driveway Cost NSW; verified CoreX ABN; verified CoreX business address; page-specific publication-wave approval; authoritative media/Astra import and logged-out visual QA,"Keep draft; resolve page evidence and wave gate, then stage and QA before any status change.",555,concrete-driveway-cost-nsw,guide,,built,EV-0027;EV-0028;EV-0029,3,owner fact,none — WITHDRAWN (D21),"noindex,follow",YES,"DECISION-04 D21 — SEVERE coherence failure, same disposition as the 35 intersections. Excluded at import; NOT deleted from the immutable WXR. Research inputs retained as rebuild material; expansion-300-pages.md §5 guide taxonomy stays valid."
/guides/concrete-efflorescence/,guide,draft,"global staging: noindex,nofollow,noarchive; page: noindex,follow",0,0,0,no — number present,none in page content,yes — legal/operating identity; plus any listed page-specific evidence,no,verified legal/operating identity for CoreX Concreters Camden; ownership and call-routing proof for 03 4517 6915; page-specific publication-wave approval; authoritative media/Astra import and logged-out visual QA,"Keep draft; resolve page evidence and wave gate, then stage and QA before any status change.",1455,concrete-efflorescence,guide,,built,,0,,none — WITHDRAWN (D21),"noindex,follow",YES,"DECISION-04 D21 — SEVERE coherence failure, same disposition as the 35 intersections. Excluded at import; NOT deleted from the immutable WXR. Research inputs retained as rebuild material; expansion-300-pages.md §5 guide taxonomy stays valid."
/guides/concrete-repair-vs-replace/,guide,draft,"global staging: noindex,nofollow,noarchive; page: noindex,follow",0,0,0,no — number present,none in page content,yes — legal/operating identity; plus any listed page-specific evidence,no,verified legal/operating identity for CoreX Concreters Camden; ownership and call-routing proof for 03 4517 6915; page-specific publication-wave approval; authoritative media/Astra import and logged-out visual QA,"Keep draft; resolve page evidence and wave gate, then stage and QA before any status change.",1452,concrete-repair-vs-replace,guide,,built,,0,,none — WITHDRAWN (D21),"noindex,follow",YES,"DECISION-04 D21 — SEVERE coherence failure, same disposition as the 35 intersections. Excluded at import; NOT deleted from the immutable WXR. Research inputs retained as rebuild material; expansion-300-pages.md §5 guide taxonomy stays valid."
/guides/concrete-slab-cost-per-m2/,guide,draft,"global staging: noindex,nofollow,noarchive; page: noindex,follow",0,0,0,no — number present,none in page content,yes — legal/operating identity; plus any listed page-specific evidence,no,verified legal/operating identity for CoreX Concreters Camden; ownership and call-routing proof for 03 4517 6915; page-specific publication-wave approval; authoritative media/Astra import and logged-out visual QA,"Keep draft; resolve page evidence and wave gate, then stage and QA before any status change.",1438,concrete-slab-cost-per-m2,guide,,built,,0,,none — WITHDRAWN (D21),"noindex,follow",YES,"DECISION-04 D21 — SEVERE coherence failure, same disposition as the 35 intersections. Excluded at import; NOT deleted from the immutable WXR. Research inputs retained as rebuild material; expansion-300-pages.md §5 guide taxonomy stays valid."
/guides/concrete-strength-grades-explained/,guide,draft,"global staging: noindex,nofollow,noarchive; page: noindex,follow",0,0,0,no — number present,none in page content,yes — legal/operating identity; plus any listed page-specific evidence,no,verified legal/operating identity for CoreX Concreters Camden; ownership and call-routing proof for 03 4517 6915; page-specific publication-wave approval; authoritative media/Astra import and logged-out visual QA,"Keep draft; resolve page evidence and wave gate, then stage and QA before any status change.",1434,concrete-strength-grades-explained,guide,,built,,0,,none — WITHDRAWN (D21),"noindex,follow",YES,"DECISION-04 D21 — SEVERE coherence failure, same disposition as the 35 intersections. Excluded at import; NOT deleted from the immutable WXR. Research inputs retained as rebuild material; expansion-300-pages.md §5 guide taxonomy stays valid."
/guides/concrete-vs-pavers-vs-asphalt/,guide,draft,"global staging: noindex,nofollow,noarchive; page: noindex,follow",0,0,0,no — number present,none in page content,yes — legal/operating identity; plus any listed page-specific evidence,no,verified legal/operating identity for CoreX Concreters Camden; ownership and call-routing proof for 03 4517 6915; page-specific publication-wave approval; authoritative media/Astra import and logged-out visual QA,"Keep draft; resolve page evidence and wave gate, then stage and QA before any status change.",1450,concrete-vs-pavers-vs-asphalt,guide,,built,,0,,none — WITHDRAWN (D21),"noindex,follow",YES,"DECISION-04 D21 — SEVERE coherence failure, same disposition as the 35 intersections. Excluded at import; NOT deleted from the immutable WXR. Research inputs retained as rebuild material; expansion-300-pages.md §5 guide taxonomy stays valid."
/guides/control-joints-and-saw-cut-timing/,guide,draft,"global staging: noindex,nofollow,noarchive; page: noindex,follow",0,0,0,no — number present,none in page content,yes — legal/operating identity; plus any listed page-specific evidence,no,verified legal/operating identity for CoreX Concreters Camden; ownership and call-routing proof for 03 4517 6915; page-specific publication-wave approval; authoritative media/Astra import and logged-out visual QA,"Keep draft; resolve page evidence and wave gate, then stage and QA before any status change.",1437,control-joints-and-saw-cut-timing,guide,,built,,0,,none — WITHDRAWN (D21),"noindex,follow",YES,"DECISION-04 D21 — SEVERE coherence failure, same disposition as the 35 intersections. Excluded at import; NOT deleted from the immutable WXR. Research inputs retained as rebuild material; expansion-300-pages.md §5 guide taxonomy stays valid."
/guides/curing-concrete-in-summer-vs-winter/,guide,draft,"global staging: noindex,nofollow,noarchive; page: noindex,follow",0,0,0,no — number present,none in page content,yes — legal/operating identity; plus any listed page-specific evidence,no,verified legal/operating identity for CoreX Concreters Camden; ownership and call-routing proof for 03 4517 6915; page-specific publication-wave approval; authoritative media/Astra import and logged-out visual QA,"Keep draft; resolve page evidence and wave gate, then stage and QA before any status change.",1454,curing-concrete-in-summer-vs-winter,guide,,built,,0,,none — WITHDRAWN (D21),"noindex,follow",YES,"DECISION-04 D21 — SEVERE coherence failure, same disposition as the 35 intersections. Excluded at import; NOT deleted from the immutable WXR. Research inputs retained as rebuild material; expansion-300-pages.md §5 guide taxonomy stays valid."
/guides/do-i-need-council-approval-driveway-nsw/,guide,draft,"global staging: noindex,nofollow,noarchive; page: noindex,follow",0,0,0,no — number present,none in page content,yes — legal/operating identity; plus any listed page-specific evidence,no,verified legal/operating identity for CoreX Concreters Camden; ownership and call-routing proof for 03 4517 6915; page-specific publication-wave approval; authoritative media/Astra import and logged-out visual QA,"Keep draft; resolve page evidence and wave gate, then stage and QA before any status change.",1429,do-i-need-council-approval-driveway-nsw,guide,,built,,0,,none — WITHDRAWN (D21),"noindex,follow",YES,"DECISION-04 D21 — SEVERE coherence failure, same disposition as the 35 intersections. Excluded at import; NOT deleted from the immutable WXR. Research inputs retained as rebuild material; expansion-300-pages.md §5 guide taxonomy stays valid."
/guides/driveway-crossover-cost-nsw/,guide,draft,"global staging: noindex,nofollow,noarchive; page: noindex,follow",0,0,0,no — number present,none in page content,yes — legal/operating identity; plus any listed page-specific evidence,no,verified legal/operating identity for CoreX Concreters Camden; ownership and call-routing proof for 03 4517 6915; page-specific publication-wave approval; authoritative media/Astra import and logged-out visual QA,"Keep draft; resolve page evidence and wave gate, then stage and QA before any status change.",1428,driveway-crossover-cost-nsw,guide,,built,,0,,none — WITHDRAWN (D21),"noindex,follow",YES,"DECISION-04 D21 — SEVERE coherence failure, same disposition as the 35 intersections. Excluded at import; NOT deleted from the immutable WXR. Research inputs retained as rebuild material; expansion-300-pages.md §5 guide taxonomy stays valid."
/guides/engineered-fill-and-why-new-estate-slabs-crack/,guide,draft,"global staging: noindex,nofollow,noarchive; page: noindex,follow",0,0,0,no — number present,none in page content,yes — legal/operating identity; plus any listed page-specific evidence,no,verified legal/operating identity for CoreX Concreters Camden; ownership and call-routing proof for 03 4517 6915; page-specific publication-wave approval; authoritative media/Astra import and logged-out visual QA,"Keep draft; resolve page evidence and wave gate, then stage and QA before any status change.",1432,engineered-fill-and-why-new-estate-slabs-crack,guide,,built,,0,,none — WITHDRAWN (D21),"noindex,follow",YES,"DECISION-04 D21 — SEVERE coherence failure, same disposition as the 35 intersections. Excluded at import; NOT deleted from the immutable WXR. Research inputs retained as rebuild material; expansion-300-pages.md §5 guide taxonomy stays valid."
/guides/exposed-aggregate-cost/,guide,draft,"global staging: noindex,nofollow,noarchive; page: noindex,follow",0,0,0,no — number present,none in page content,yes — legal/operating identity; plus any listed page-specific evidence,no,verified legal/operating identity for CoreX Concreters Camden; ownership and call-routing proof for 03 4517 6915; page-specific publication-wave approval; authoritative media/Astra import and logged-out visual QA,"Keep draft; resolve page evidence and wave gate, then stage and QA before any status change.",1439,exposed-aggregate-cost,guide,,built,,0,,none — WITHDRAWN (D21),"noindex,follow",YES,"DECISION-04 D21 — SEVERE coherence failure, same disposition as the 35 intersections. Excluded at import; NOT deleted from the immutable WXR. Research inputs retained as rebuild material; expansion-300-pages.md §5 guide taxonomy stays valid."
/guides/exposed-aggregate-vs-stencil/,guide,draft,"global staging: noindex,nofollow,noarchive; page: noindex,follow",0,0,0,no — number present,none in page content,yes — legal/operating identity; plus any listed page-specific evidence,no,verified legal/operating identity for CoreX Concreters Camden; ownership and call-routing proof for 03 4517 6915; page-specific publication-wave approval; authoritative media/Astra import and logged-out visual QA,"Keep draft; resolve page evidence and wave gate, then stage and QA before any status change.",1444,exposed-aggregate-vs-stencil,guide,,built,,0,,none — WITHDRAWN (D21),"noindex,follow",YES,"DECISION-04 D21 — SEVERE coherence failure, same disposition as the 35 intersections. Excluded at import; NOT deleted from the immutable WXR. Research inputs retained as rebuild material; expansion-300-pages.md §5 guide taxonomy stays valid."
/guides/honed-and-polished-concrete/,guide,draft,"global staging: noindex,nofollow,noarchive; page: noindex,follow",0,0,0,no — number present,none in page content,yes — legal/operating identity; plus any listed page-specific evidence,no,verified legal/operating identity for CoreX Concreters Camden; ownership and call-routing proof for 03 4517 6915; page-specific publication-wave approval; authoritative media/Astra import and logged-out visual QA,"Keep draft; resolve page evidence and wave gate, then stage and QA before any status change.",1446,honed-and-polished-concrete,guide,,built,,0,,none — WITHDRAWN (D21),"noindex,follow",YES,"DECISION-04 D21 — SEVERE coherence failure, same disposition as the 35 intersections. Excluded at import; NOT deleted from the immutable WXR. Research inputs retained as rebuild material; expansion-300-pages.md §5 guide taxonomy stays valid."
/guides/how-long-before-you-can-drive-on-concrete/,guide,draft,"global staging: noindex,nofollow,noarchive; page: noindex,follow",0,0,0,no — number present,none in page content,yes — legal/operating identity; plus any listed page-specific evidence,no,verified legal/operating identity for CoreX Concreters Camden; ownership and call-routing proof for 03 4517 6915; page-specific publication-wave approval; authoritative media/Astra import and logged-out visual QA,"Keep draft; resolve page evidence and wave gate, then stage and QA before any status change.",1453,how-long-before-you-can-drive-on-concrete,guide,,built,,0,,none — WITHDRAWN (D21),"noindex,follow",YES,"DECISION-04 D21 — SEVERE coherence failure, same disposition as the 35 intersections. Excluded at import; NOT deleted from the immutable WXR. Research inputs retained as rebuild material; expansion-300-pages.md §5 guide taxonomy stays valid."
/guides/liverpool-council-vehicle-crossing/,guide,draft,"global staging: noindex,nofollow,noarchive; page: noindex,follow",0,0,1,no — number present,none in page content,yes — legal/operating identity; plus any listed page-specific evidence,no,"verified legal/operating identity for CoreX Concreters Camden; ownership and call-routing proof for 03 4517 6915; current Liverpool City Council vehicle-crossing specification, application, fees, inspections, widths and grades before this guide is published; page-specific publication-wave approval; authoritative media/Astra import and logged-out visual QA","Keep draft; resolve page evidence and wave gate, then stage and QA before any status change.",1425,liverpool-council-vehicle-crossing,guide,,built,EV-0097,1,council source,none — WITHDRAWN (D21),"noindex,follow",YES,"DECISION-04 D21 — SEVERE coherence failure, same disposition as the 35 intersections. Excluded at import; NOT deleted from the immutable WXR. Research inputs retained as rebuild material; expansion-300-pages.md §5 guide taxonomy stays valid."
/guides/non-slip-finishes-for-pools-and-slopes/,guide,draft,"global staging: noindex,nofollow,noarchive; page: noindex,follow",0,0,0,no — number present,none in page content,yes — legal/operating identity; plus any listed page-specific evidence,no,verified legal/operating identity for CoreX Concreters Camden; ownership and call-routing proof for 03 4517 6915; page-specific publication-wave approval; authoritative media/Astra import and logged-out visual QA,"Keep draft; resolve page evidence and wave gate, then stage and QA before any status change.",1448,non-slip-finishes-for-pools-and-slopes,guide,,built,,0,,none — WITHDRAWN (D21),"noindex,follow",YES,"DECISION-04 D21 — SEVERE coherence failure, same disposition as the 35 intersections. Excluded at import; NOT deleted from the immutable WXR. Research inputs retained as rebuild material; expansion-300-pages.md §5 guide taxonomy stays valid."
/guides/reactive-clay-slabs-as2870/,guide,draft,"global staging: noindex,nofollow,noarchive; page: noindex,follow",0,0,0,no — number present,none in page content,yes — legal/operating identity; plus any listed page-specific evidence,no,verified legal/operating identity for CoreX Concreters Camden; ownership and call-routing proof for 03 4517 6915; page-specific publication-wave approval; authoritative media/Astra import and logged-out visual QA,"Keep draft; resolve page evidence and wave gate, then stage and QA before any status change.",1430,reactive-clay-slabs-as2870,guide,,built,,0,,none — WITHDRAWN (D21),"noindex,follow",YES,"DECISION-04 D21 — SEVERE coherence failure, same disposition as the 35 intersections. Excluded at import; NOT deleted from the immutable WXR. Research inputs retained as rebuild material; expansion-300-pages.md §5 guide taxonomy stays valid."
/guides/removing-oil-stains-and-tyre-marks-from-concrete/,guide,draft,"global staging: noindex,nofollow,noarchive; page: noindex,follow",0,0,0,no — number present,none in page content,yes — legal/operating identity; plus any listed page-specific evidence,no,verified legal/operating identity for CoreX Concreters Camden; ownership and call-routing proof for 03 4517 6915; page-specific publication-wave approval; authoritative media/Astra import and logged-out visual QA,"Keep draft; resolve page evidence and wave gate, then stage and QA before any status change.",1456,removing-oil-stains-and-tyre-marks-from-concrete,guide,,built,,0,,none — WITHDRAWN (D21),"noindex,follow",YES,"DECISION-04 D21 — SEVERE coherence failure, same disposition as the 35 intersections. Excluded at import; NOT deleted from the immutable WXR. Research inputs retained as rebuild material; expansion-300-pages.md §5 guide taxonomy stays valid."
/guides/salinity-and-concrete-western-sydney/,guide,draft,"global staging: noindex,nofollow,noarchive; page: noindex,follow",0,0,0,no — number present,none in page content,yes — legal/operating identity; plus any listed page-specific evidence,no,verified legal/operating identity for CoreX Concreters Camden; ownership and call-routing proof for 03 4517 6915; page-specific publication-wave approval; authoritative media/Astra import and logged-out visual QA,"Keep draft; resolve page evidence and wave gate, then stage and QA before any status change.",1431,salinity-and-concrete-western-sydney,guide,,built,,0,,none — WITHDRAWN (D21),"noindex,follow",YES,"DECISION-04 D21 — SEVERE coherence failure, same disposition as the 35 intersections. Excluded at import; NOT deleted from the immutable WXR. Research inputs retained as rebuild material; expansion-300-pages.md §5 guide taxonomy stays valid."
/guides/sealing-and-resealing-concrete/,guide,draft,"global staging: noindex,nofollow,noarchive; page: noindex,follow",0,0,0,no — number present,none in page content,yes — legal/operating identity; plus any listed page-specific evidence,no,verified legal/operating identity for CoreX Concreters Camden; ownership and call-routing proof for 03 4517 6915; page-specific publication-wave approval; authoritative media/Astra import and logged-out visual QA,"Keep draft; resolve page evidence and wave gate, then stage and QA before any status change.",1449,sealing-and-resealing-concrete,guide,,built,,0,,none — WITHDRAWN (D21),"noindex,follow",YES,"DECISION-04 D21 — SEVERE coherence failure, same disposition as the 35 intersections. Excluded at import; NOT deleted from the immutable WXR. Research inputs retained as rebuild material; expansion-300-pages.md §5 guide taxonomy stays valid."
/guides/shed-slab-cost/,guide,draft,"global staging: noindex,nofollow,noarchive; page: noindex,follow",0,0,0,no — number present,none in page content,yes — legal/operating identity; plus any listed page-specific evidence,no,verified legal/operating identity for CoreX Concreters Camden; ownership and call-routing proof for 03 4517 6915; page-specific publication-wave approval; authoritative media/Astra import and logged-out visual QA,"Keep draft; resolve page evidence and wave gate, then stage and QA before any status change.",1441,shed-slab-cost,guide,,built,,0,,none — WITHDRAWN (D21),"noindex,follow",YES,"DECISION-04 D21 — SEVERE coherence failure, same disposition as the 35 intersections. Excluded at import; NOT deleted from the immutable WXR. Research inputs retained as rebuild material; expansion-300-pages.md §5 guide taxonomy stays valid."
/guides/site-classification-explained/,guide,draft,"global staging: noindex,nofollow,noarchive; page: noindex,follow",0,0,0,no — number present,none in page content,yes — legal/operating identity; plus any listed page-specific evidence,no,verified legal/operating identity for CoreX Concreters Camden; ownership and call-routing proof for 03 4517 6915; page-specific publication-wave approval; authoritative media/Astra import and logged-out visual QA,"Keep draft; resolve page evidence and wave gate, then stage and QA before any status change.",1433,site-classification-explained,guide,,built,,0,,none — WITHDRAWN (D21),"noindex,follow",YES,"DECISION-04 D21 — SEVERE coherence failure, same disposition as the 35 intersections. Excluded at import; NOT deleted from the immutable WXR. Research inputs retained as rebuild material; expansion-300-pages.md §5 guide taxonomy stays valid."
/guides/sl72-vs-sl82-reinforcement/,guide,draft,"global staging: noindex,nofollow,noarchive; page: noindex,follow",0,0,0,no — number present,none in page content,yes — legal/operating identity; plus any listed page-specific evidence,no,verified legal/operating identity for CoreX Concreters Camden; ownership and call-routing proof for 03 4517 6915; page-specific publication-wave approval; authoritative media/Astra import and logged-out visual QA,"Keep draft; resolve page evidence and wave gate, then stage and QA before any status change.",1435,sl72-vs-sl82-reinforcement,guide,,built,,0,,none — WITHDRAWN (D21),"noindex,follow",YES,"DECISION-04 D21 — SEVERE coherence failure, same disposition as the 35 intersections. Excluded at import; NOT deleted from the immutable WXR. Research inputs retained as rebuild material; expansion-300-pages.md §5 guide taxonomy stays valid."
/guides/slab-thickness-for-driveways-vs-sheds/,guide,draft,"global staging: noindex,nofollow,noarchive; page: noindex,follow",0,0,0,no — number present,none in page content,yes — legal/operating identity; plus any listed page-specific evidence,no,verified legal/operating identity for CoreX Concreters Camden; ownership and call-routing proof for 03 4517 6915; page-specific publication-wave approval; authoritative media/Astra import and logged-out visual QA,"Keep draft; resolve page evidence and wave gate, then stage and QA before any status change.",1436,slab-thickness-for-driveways-vs-sheds,guide,,built,,0,,none — WITHDRAWN (D21),"noindex,follow",YES,"DECISION-04 D21 — SEVERE coherence failure, same disposition as the 35 intersections. Excluded at import; NOT deleted from the immutable WXR. Research inputs retained as rebuild material; expansion-300-pages.md §5 guide taxonomy stays valid."
/guides/stencilled-vs-stamped-concrete-cost/,guide,draft,"global staging: noindex,nofollow,noarchive; page: noindex,follow",0,0,0,no — number present,none in page content,yes — legal/operating identity; plus any listed page-specific evidence,no,verified legal/operating identity for CoreX Concreters Camden; ownership and call-routing proof for 03 4517 6915; page-specific publication-wave approval; authoritative media/Astra import and logged-out visual QA,"Keep draft; resolve page evidence and wave gate, then stage and QA before any status change.",1440,stencilled-vs-stamped-concrete-cost,guide,,built,,0,,none — WITHDRAWN (D21),"noindex,follow",YES,"DECISION-04 D21 — SEVERE coherence failure, same disposition as the 35 intersections. Excluded at import; NOT deleted from the immutable WXR. Research inputs retained as rebuild material; expansion-300-pages.md §5 guide taxonomy stays valid."
/guides/what-actually-moves-a-concrete-quote/,guide,draft,"global staging: noindex,nofollow,noarchive; page: noindex,follow",0,0,0,no — number present,none in page content,yes — legal/operating identity; plus any listed page-specific evidence,no,verified legal/operating identity for CoreX Concreters Camden; ownership and call-routing proof for 03 4517 6915; page-specific publication-wave approval; authoritative media/Astra import and logged-out visual QA,"Keep draft; resolve page evidence and wave gate, then stage and QA before any status change.",1443,what-actually-moves-a-concrete-quote,guide,,built,,0,,none — WITHDRAWN (D21),"noindex,follow",YES,"DECISION-04 D21 — SEVERE coherence failure, same disposition as the 35 intersections. Excluded at import; NOT deleted from the immutable WXR. Research inputs retained as rebuild material; expansion-300-pages.md §5 guide taxonomy stays valid."
/guides/why-concrete-cracks/,guide,draft,"global staging: noindex,nofollow,noarchive; page: noindex,follow",0,0,0,no — number present,none in page content,yes — legal/operating identity; plus any listed page-specific evidence,no,verified legal/operating identity for CoreX Concreters Camden; ownership and call-routing proof for 03 4517 6915; page-specific publication-wave approval; authoritative media/Astra import and logged-out visual QA,"Keep draft; resolve page evidence and wave gate, then stage and QA before any status change.",1215,why-concrete-cracks,guide,,built,,0,,none — WITHDRAWN (D21),"noindex,follow",YES,"DECISION-04 D21 — SEVERE coherence failure, same disposition as the 35 intersections. Excluded at import; NOT deleted from the immutable WXR. Research inputs retained as rebuild material; expansion-300-pages.md §5 guide taxonomy stays valid."
/guides/wollondilly-council-driveway-crossing/,guide,draft,"global staging: noindex,nofollow,noarchive; page: noindex,follow",0,0,1,no — number present,none in page content,yes — legal/operating identity; plus any listed page-specific evidence,no,"verified legal/operating identity for CoreX Concreters Camden; ownership and call-routing proof for 03 4517 6915; current Wollondilly Shire Council vehicle-crossing specification, application, fees, inspections, widths and grades before this guide is published; page-specific publication-wave approval; authoritative media/Astra import and logged-out visual QA","Keep draft; resolve page evidence and wave gate, then stage and QA before any status change.",1427,wollondilly-council-driveway-crossing,guide,,built,EV-0099,1,council source,none — WITHDRAWN (D21),"noindex,follow",YES,"DECISION-04 D21 — SEVERE coherence failure, same disposition as the 35 intersections. Excluded at import; NOT deleted from the immutable WXR. Research inputs retained as rebuild material; expansion-300-pages.md §5 guide taxonomy stays valid."
/concreters-appin/,suburb,draft,"global staging: noindex,nofollow,noarchive; page: noindex,follow",0,0,0,no — number present,none in page content,yes — legal/operating identity; plus any listed page-specific evidence,no,verified legal/operating identity for CoreX Concreters Camden; ownership and call-routing proof for 03 4517 6915; page-specific publication-wave approval; authoritative media/Astra import and logged-out visual QA,"Keep draft; resolve page evidence and wave gate, then stage and QA before any status change.",1420,concreters-appin,suburb,3,built,EV-0251;EV-0252,2,research,none — unresearched,"noindex,follow",no,
/concreters-bargo/,suburb,draft,"global staging: noindex,nofollow,noarchive; page: noindex,follow",0,0,0,no — number present,none in page content,yes — legal/operating identity; plus any listed page-specific evidence,no,verified legal/operating identity for CoreX Concreters Camden; ownership and call-routing proof for 03 4517 6915; page-specific publication-wave approval; authoritative media/Astra import and logged-out visual QA,"Keep draft; resolve page evidence and wave gate, then stage and QA before any status change.",1424,concreters-bargo,suburb,4,built,EV-0259;EV-0260,2,research,none — unresearched,"noindex,follow",no,
/concreters-bradbury/,suburb,draft,"global staging: noindex,nofollow,noarchive; page: noindex,follow",0,0,0,no — number present,none in page content,yes — legal/operating identity; plus any listed page-specific evidence,no,verified legal/operating identity for CoreX Concreters Camden; ownership and call-routing proof for 03 4517 6915; page-specific publication-wave approval; authoritative media/Astra import and logged-out visual QA,"Keep draft; resolve page evidence and wave gate, then stage and QA before any status change.",1413,concreters-bradbury,suburb,4,built,EV-0237;EV-0238,2,research,none — unresearched,"noindex,follow",no,
/concreters-bringelly/,suburb,draft,"global staging: noindex,nofollow,noarchive; page: noindex,follow",0,3,0,no — number present,none in page content,yes — legal/operating identity; plus any listed page-specific evidence,no,verified legal/operating identity for CoreX Concreters Camden; ownership and call-routing proof for 03 4517 6915; verified CoreX project in Bringelly; page-specific publication-wave approval; authoritative media/Astra import and logged-out visual QA,"Keep draft; resolve page evidence and wave gate, then stage and QA before any status change.",1388,concreters-bringelly,suburb,3,built,EV-0090;EV-0091;EV-0092;EV-0093;EV-0094;EV-0095;EV-0096,7,council source;photo,none — unresearched,"noindex,follow",no,
/concreters-camden-park/,suburb,draft,"global staging: noindex,nofollow,noarchive; page: noindex,follow",0,0,0,no — number present,none in page content,yes — legal/operating identity; plus any listed page-specific evidence,no,verified legal/operating identity for CoreX Concreters Camden; ownership and call-routing proof for 03 4517 6915; page-specific publication-wave approval; authoritative media/Astra import and logged-out visual QA,"Keep draft; resolve page evidence and wave gate, then stage and QA before any status change.",1385,concreters-camden-park,suburb,4,built,EV-0185;EV-0186,2,research,none — unresearched,"noindex,follow",no,
/concreters-camden-south/,suburb,draft,"global staging: noindex,nofollow,noarchive; page: noindex,follow",0,0,0,no — number present,none in page content,yes — legal/operating identity; plus any listed page-specific evidence,no,verified legal/operating identity for CoreX Concreters Camden; ownership and call-routing proof for 03 4517 6915; page-specific publication-wave approval; authoritative media/Astra import and logged-out visual QA,"Keep draft; resolve page evidence and wave gate, then stage and QA before any status change.",1380,concreters-camden-south,suburb,3,built,EV-0175;EV-0176,2,research,none — unresearched,"noindex,follow",no,
/concreters-campbelltown/,suburb,draft,"global staging: noindex,nofollow,noarchive; page: noindex,follow",0,0,0,no — number present,none in page content,yes — legal/operating identity; plus any listed page-specific evidence,no,verified legal/operating identity for CoreX Concreters Camden; ownership and call-routing proof for 03 4517 6915; page-specific publication-wave approval; authoritative media/Astra import and logged-out visual QA,"Keep draft; resolve page evidence and wave gate, then stage and QA before any status change.",1405,concreters-campbelltown,suburb,2,built,EV-0221;EV-0222,2,research,3 pending Stage 27,"noindex,follow",no,
/concreters-carnes-hill/,suburb,draft,"global staging: noindex,nofollow,noarchive; page: noindex,follow",0,0,0,no — number present,none in page content,yes — legal/operating identity; plus any listed page-specific evidence,no,verified legal/operating identity for CoreX Concreters Camden; ownership and call-routing proof for 03 4517 6915; page-specific publication-wave approval; authoritative media/Astra import and logged-out visual QA,"Keep draft; resolve page evidence and wave gate, then stage and QA before any status change.",1393,concreters-carnes-hill,suburb,3,built,EV-0197;EV-0198,2,research,none — unresearched,"noindex,follow",no,
/concreters-casula/,suburb,draft,"global staging: noindex,nofollow,noarchive; page: noindex,follow",0,0,0,no — number present,none in page content,yes — legal/operating identity; plus any listed page-specific evidence,no,verified legal/operating identity for CoreX Concreters Camden; ownership and call-routing proof for 03 4517 6915; page-specific publication-wave approval; authoritative media/Astra import and logged-out visual QA,"Keep draft; resolve page evidence and wave gate, then stage and QA before any status change.",1399,concreters-casula,suburb,3,built,EV-0209;EV-0210,2,research,none — unresearched,"noindex,follow",no,
/concreters-catherine-field/,suburb,draft,"global staging: noindex,nofollow,noarchive; page: noindex,follow",0,3,0,no — number present,none in page content,yes — legal/operating identity; plus any listed page-specific evidence,no,verified legal/operating identity for CoreX Concreters Camden; ownership and call-routing proof for 03 4517 6915; verified CoreX project in Catherine Field; page-specific publication-wave approval; authoritative media/Astra import and logged-out visual QA,"Keep draft; resolve page evidence and wave gate, then stage and QA before any status change.",1371,concreters-catherine-field,suburb,2,built,EV-0065;EV-0066;EV-0067,3,photo,3 pending Stage 27,"noindex,follow",no,
/concreters-cawdor/,suburb,draft,"global staging: noindex,nofollow,noarchive; page: noindex,follow",0,0,0,no — number present,none in page content,yes — legal/operating identity; plus any listed page-specific evidence,no,verified legal/operating identity for CoreX Concreters Camden; ownership and call-routing proof for 03 4517 6915; page-specific publication-wave approval; authoritative media/Astra import and logged-out visual QA,"Keep draft; resolve page evidence and wave gate, then stage and QA before any status change.",1386,concreters-cawdor,suburb,4,built,EV-0187;EV-0188,2,research,none — unresearched,"noindex,follow",no,
/concreters-cecil-hills/,suburb,draft,"global staging: noindex,nofollow,noarchive; page: noindex,follow",0,0,0,no — number present,none in page content,yes — legal/operating identity; plus any listed page-specific evidence,no,verified legal/operating identity for CoreX Concreters Camden; ownership and call-routing proof for 03 4517 6915; page-specific publication-wave approval; authoritative media/Astra import and logged-out visual QA,"Keep draft; resolve page evidence and wave gate, then stage and QA before any status change.",1397,concreters-cecil-hills,suburb,3,built,EV-0205;EV-0206,2,research,none — unresearched,"noindex,follow",no,
/concreters-cecil-park/,suburb,draft,"global staging: noindex,nofollow,noarchive; page: noindex,follow",0,0,0,no — number present,none in page content,yes — legal/operating identity; plus any listed page-specific evidence,no,verified legal/operating identity for CoreX Concreters Camden; ownership and call-routing proof for 03 4517 6915; page-specific publication-wave approval; authoritative media/Astra import and logged-out visual QA,"Keep draft; resolve page evidence and wave gate, then stage and QA before any status change.",1404,concreters-cecil-park,suburb,4,built,EV-0219;EV-0220,2,research,none — unresearched,"noindex,follow",no,
/concreters-chipping-norton/,suburb,draft,"global staging: noindex,nofollow,noarchive; page: noindex,follow",0,0,0,no — number present,none in page content,yes — legal/operating identity; plus any listed page-specific evidence,no,verified legal/operating identity for CoreX Concreters Camden; ownership and call-routing proof for 03 4517 6915; page-specific publication-wave approval; authoritative media/Astra import and logged-out visual QA,"Keep draft; resolve page evidence and wave gate, then stage and QA before any status change.",1401,concreters-chipping-norton,suburb,4,built,EV-0213;EV-0214,2,research,none — unresearched,"noindex,follow",no,
/concreters-cobbitty/,suburb,draft,"global staging: noindex,nofollow,noarchive; page: noindex,follow",0,3,0,no — number present,none in page content,yes — legal/operating identity; plus any listed page-specific evidence,no,verified legal/operating identity for CoreX Concreters Camden; ownership and call-routing proof for 03 4517 6915; verified CoreX project in Cobbitty; page-specific publication-wave approval; authoritative media/Astra import and logged-out visual QA,"Keep draft; resolve page evidence and wave gate, then stage and QA before any status change.",1379,concreters-cobbitty,suburb,3,built,EV-0083;EV-0084;EV-0085,3,photo,none — unresearched,"noindex,follow",no,
/concreters-currans-hill/,suburb,draft,"global staging: noindex,nofollow,noarchive; page: noindex,follow",0,3,0,no — number present,none in page content,yes — legal/operating identity; plus any listed page-specific evidence,no,verified legal/operating identity for CoreX Concreters Camden; ownership and call-routing proof for 03 4517 6915; verified CoreX project in Currans Hill; page-specific publication-wave approval; authoritative media/Astra import and logged-out visual QA,"Keep draft; resolve page evidence and wave gate, then stage and QA before any status change.",1376,concreters-currans-hill,suburb,3,built,EV-0074;EV-0075;EV-0076,3,photo,none — unresearched,"noindex,follow",no,
/concreters-douglas-park/,suburb,draft,"global staging: noindex,nofollow,noarchive; page: noindex,follow",0,0,0,no — number present,none in page content,yes — legal/operating identity; plus any listed page-specific evidence,no,verified legal/operating identity for CoreX Concreters Camden; ownership and call-routing proof for 03 4517 6915; page-specific publication-wave approval; authoritative media/Astra import and logged-out visual QA,"Keep draft; resolve page evidence and wave gate, then stage and QA before any status change.",1421,concreters-douglas-park,suburb,4,built,EV-0253;EV-0254,2,research,none — unresearched,"noindex,follow",no,
/concreters-eagle-vale/,suburb,draft,"global staging: noindex,nofollow,noarchive; page: noindex,follow",0,0,0,no — number present,none in page content,yes — legal/operating identity; plus any listed page-specific evidence,no,verified legal/operating identity for CoreX Concreters Camden; ownership and call-routing proof for 03 4517 6915; page-specific publication-wave approval; authoritative media/Astra import and logged-out visual QA,"Keep draft; resolve page evidence and wave gate, then stage and QA before any status change.",1412,concreters-eagle-vale,suburb,4,built,EV-0235;EV-0236,2,research,none — unresearched,"noindex,follow",no,
/concreters-edmondson-park/,suburb,draft,"global staging: noindex,nofollow,noarchive; page: noindex,follow",0,3,0,no — number present,none in page content,yes — legal/operating identity; plus any listed page-specific evidence,no,verified legal/operating identity for CoreX Concreters Camden; ownership and call-routing proof for 03 4517 6915; verified CoreX project in Edmondson Park; page-specific publication-wave approval; authoritative media/Astra import and logged-out visual QA,"Keep draft; resolve page evidence and wave gate, then stage and QA before any status change.",1387,concreters-edmondson-park,suburb,2,built,EV-0086;EV-0087;EV-0088;EV-0089,4,council source;photo,3 pending Stage 27,"noindex,follow",no,
/concreters-elderslie/,suburb,draft,"global staging: noindex,nofollow,noarchive; page: noindex,follow",0,3,0,no — number present,none in page content,yes — legal/operating identity; plus any listed page-specific evidence,no,verified legal/operating identity for CoreX Concreters Camden; ownership and call-routing proof for 03 4517 6915; verified CoreX project in Elderslie; page-specific publication-wave approval; authoritative media/Astra import and logged-out visual QA,"Keep draft; resolve page evidence and wave gate, then stage and QA before any status change.",1378,concreters-elderslie,suburb,2,built,EV-0080;EV-0081;EV-0082,3,photo,3 pending Stage 27,"noindex,follow",no,
/concreters-elizabeth-hills/,suburb,draft,"global staging: noindex,nofollow,noarchive; page: noindex,follow",0,0,0,no — number present,none in page content,yes — legal/operating identity; plus any listed page-specific evidence,no,verified legal/operating identity for CoreX Concreters Camden; ownership and call-routing proof for 03 4517 6915; page-specific publication-wave approval; authoritative media/Astra import and logged-out visual QA,"Keep draft; resolve page evidence and wave gate, then stage and QA before any status change.",1395,concreters-elizabeth-hills,suburb,4,built,EV-0201;EV-0202,2,research,none — unresearched,"noindex,follow",no,
/concreters-ellis-lane/,suburb,draft,"global staging: noindex,nofollow,noarchive; page: noindex,follow",0,0,0,no — number present,none in page content,yes — legal/operating identity; plus any listed page-specific evidence,no,verified legal/operating identity for CoreX Concreters Camden; ownership and call-routing proof for 03 4517 6915; page-specific publication-wave approval; authoritative media/Astra import and logged-out visual QA,"Keep draft; resolve page evidence and wave gate, then stage and QA before any status change.",1383,concreters-ellis-lane,suburb,4,built,EV-0181;EV-0182,2,research,none — unresearched,"noindex,follow",no,
/concreters-gilead/,suburb,draft,"global staging: noindex,nofollow,noarchive; page: noindex,follow",0,0,0,no — number present,none in page content,yes — legal/operating identity; plus any listed page-specific evidence,no,verified legal/operating identity for CoreX Concreters Camden; ownership and call-routing proof for 03 4517 6915; page-specific publication-wave approval; authoritative media/Astra import and logged-out visual QA,"Keep draft; resolve page evidence and wave gate, then stage and QA before any status change.",1415,concreters-gilead,suburb,3,built,EV-0241;EV-0242,2,research,none — unresearched,"noindex,follow",no,
/concreters-glen-alpine/,suburb,draft,"global staging: noindex,nofollow,noarchive; page: noindex,follow",0,0,0,no — number present,none in page content,yes — legal/operating identity; plus any listed page-specific evidence,no,verified legal/operating identity for CoreX Concreters Camden; ownership and call-routing proof for 03 4517 6915; page-specific publication-wave approval; authoritative media/Astra import and logged-out visual QA,"Keep draft; resolve page evidence and wave gate, then stage and QA before any status change.",1414,concreters-glen-alpine,suburb,4,built,EV-0239;EV-0240,2,research,none — unresearched,"noindex,follow",no,
/concreters-glenfield/,suburb,draft,"global staging: noindex,nofollow,noarchive; page: noindex,follow",0,0,0,no — number present,none in page content,yes — legal/operating identity; plus any listed page-specific evidence,no,verified legal/operating identity for CoreX Concreters Camden; ownership and call-routing proof for 03 4517 6915; page-specific publication-wave approval; authoritative media/Astra import and logged-out visual QA,"Keep draft; resolve page evidence and wave gate, then stage and QA before any status change.",1409,concreters-glenfield,suburb,4,built,EV-0229;EV-0230,2,research,none — unresearched,"noindex,follow",no,
/concreters-grasmere/,suburb,draft,"global staging: noindex,nofollow,noarchive; page: noindex,follow",0,0,0,no — number present,none in page content,yes — legal/operating identity; plus any listed page-specific evidence,no,verified legal/operating identity for CoreX Concreters Camden; ownership and call-routing proof for 03 4517 6915; page-specific publication-wave approval; authoritative media/Astra import and logged-out visual QA,"Keep draft; resolve page evidence and wave gate, then stage and QA before any status change.",1382,concreters-grasmere,suburb,4,built,EV-0179;EV-0180,2,research,none — unresearched,"noindex,follow",no,
/concreters-horningsea-park/,suburb,draft,"global staging: noindex,nofollow,noarchive; page: noindex,follow",0,0,0,no — number present,none in page content,yes — legal/operating identity; plus any listed page-specific evidence,no,verified legal/operating identity for CoreX Concreters Camden; ownership and call-routing proof for 03 4517 6915; page-specific publication-wave approval; authoritative media/Astra import and logged-out visual QA,"Keep draft; resolve page evidence and wave gate, then stage and QA before any status change.",1394,concreters-horningsea-park,suburb,4,built,EV-0199;EV-0200,2,research,none — unresearched,"noindex,follow",no,
/concreters-hoxton-park/,suburb,draft,"global staging: noindex,nofollow,noarchive; page: noindex,follow",0,0,0,no — number present,none in page content,yes — legal/operating identity; plus any listed page-specific evidence,no,verified legal/operating identity for CoreX Concreters Camden; ownership and call-routing proof for 03 4517 6915; page-specific publication-wave approval; authoritative media/Astra import and logged-out visual QA,"Keep draft; resolve page evidence and wave gate, then stage and QA before any status change.",1392,concreters-hoxton-park,suburb,3,built,EV-0195;EV-0196,2,research,none — unresearched,"noindex,follow",no,
/concreters-ingleburn/,suburb,draft,"global staging: noindex,nofollow,noarchive; page: noindex,follow",0,0,0,no — number present,none in page content,yes — legal/operating identity; plus any listed page-specific evidence,no,verified legal/operating identity for CoreX Concreters Camden; ownership and call-routing proof for 03 4517 6915; page-specific publication-wave approval; authoritative media/Astra import and logged-out visual QA,"Keep draft; resolve page evidence and wave gate, then stage and QA before any status change.",1408,concreters-ingleburn,suburb,3,built,EV-0227;EV-0228,2,research,none — unresearched,"noindex,follow",no,
/concreters-kemps-creek/,suburb,draft,"global staging: noindex,nofollow,noarchive; page: noindex,follow",0,0,0,no — number present,none in page content,yes — legal/operating identity; plus any listed page-specific evidence,no,verified legal/operating identity for CoreX Concreters Camden; ownership and call-routing proof for 03 4517 6915; page-specific publication-wave approval; authoritative media/Astra import and logged-out visual QA,"Keep draft; resolve page evidence and wave gate, then stage and QA before any status change.",1403,concreters-kemps-creek,suburb,4,built,EV-0217;EV-0218,2,research,none — unresearched,"noindex,follow",no,
/concreters-kirkham/,suburb,draft,"global staging: noindex,nofollow,noarchive; page: noindex,follow",0,0,0,no — number present,none in page content,yes — legal/operating identity; plus any listed page-specific evidence,no,verified legal/operating identity for CoreX Concreters Camden; ownership and call-routing proof for 03 4517 6915; page-specific publication-wave approval; authoritative media/Astra import and logged-out visual QA,"Keep draft; resolve page evidence and wave gate, then stage and QA before any status change.",1381,concreters-kirkham,suburb,4,built,EV-0177;EV-0178,2,research,none — unresearched,"noindex,follow",no,
/concreters-len-waters-estate/,suburb,draft,"global staging: noindex,nofollow,noarchive; page: noindex,follow",0,0,0,no — number present,none in page content,yes — legal/operating identity; plus any listed page-specific evidence,no,verified legal/operating identity for CoreX Concreters Camden; ownership and call-routing proof for 03 4517 6915; page-specific publication-wave approval; authoritative media/Astra import and logged-out visual QA,"Keep draft; resolve page evidence and wave gate, then stage and QA before any status change.",1396,concreters-len-waters-estate,suburb,4,built,EV-0203;EV-0204,2,research,none — unresearched,"noindex,follow",no,
/concreters-leumeah/,suburb,draft,"global staging: noindex,nofollow,noarchive; page: noindex,follow",0,0,0,no — number present,none in page content,yes — legal/operating identity; plus any listed page-specific evidence,no,verified legal/operating identity for CoreX Concreters Camden; ownership and call-routing proof for 03 4517 6915; page-specific publication-wave approval; authoritative media/Astra import and logged-out visual QA,"Keep draft; resolve page evidence and wave gate, then stage and QA before any status change.",1406,concreters-leumeah,suburb,3,built,EV-0223;EV-0224,2,research,none — unresearched,"noindex,follow",no,
/concreters-macquarie-fields/,suburb,draft,"global staging: noindex,nofollow,noarchive; page: noindex,follow",0,0,0,no — number present,none in page content,yes — legal/operating identity; plus any listed page-specific evidence,no,verified legal/operating identity for CoreX Concreters Camden; ownership and call-routing proof for 03 4517 6915; page-specific publication-wave approval; authoritative media/Astra import and logged-out visual QA,"Keep draft; resolve page evidence and wave gate, then stage and QA before any status change.",1410,concreters-macquarie-fields,suburb,4,built,EV-0231;EV-0232,2,research,none — unresearched,"noindex,follow",no,
/concreters-menangle-park/,suburb,draft,"global staging: noindex,nofollow,noarchive; page: noindex,follow",0,0,0,no — number present,none in page content,yes — legal/operating identity; plus any listed page-specific evidence,no,verified legal/operating identity for CoreX Concreters Camden; ownership and call-routing proof for 03 4517 6915; page-specific publication-wave approval; authoritative media/Astra import and logged-out visual QA,"Keep draft; resolve page evidence and wave gate, then stage and QA before any status change.",1416,concreters-menangle-park,suburb,3,built,EV-0243;EV-0244,2,research,none — unresearched,"noindex,follow",no,
/concreters-menangle/,suburb,draft,"global staging: noindex,nofollow,noarchive; page: noindex,follow",0,0,0,no — number present,none in page content,yes — legal/operating identity; plus any listed page-specific evidence,no,verified legal/operating identity for CoreX Concreters Camden; ownership and call-routing proof for 03 4517 6915; page-specific publication-wave approval; authoritative media/Astra import and logged-out visual QA,"Keep draft; resolve page evidence and wave gate, then stage and QA before any status change.",1422,concreters-menangle,suburb,4,built,EV-0255;EV-0256,2,research,none — unresearched,"noindex,follow",no,
/concreters-middleton-grange/,suburb,draft,"global staging: noindex,nofollow,noarchive; page: noindex,follow",0,0,0,no — number present,none in page content,yes — legal/operating identity; plus any listed page-specific evidence,no,verified legal/operating identity for CoreX Concreters Camden; ownership and call-routing proof for 03 4517 6915; page-specific publication-wave approval; authoritative media/Astra import and logged-out visual QA,"Keep draft; resolve page evidence and wave gate, then stage and QA before any status change.",1390,concreters-middleton-grange,suburb,2,built,EV-0191;EV-0192,2,research,3 pending Stage 27,"noindex,follow",no,
/concreters-minto/,suburb,draft,"global staging: noindex,nofollow,noarchive; page: noindex,follow",0,0,0,no — number present,none in page content,yes — legal/operating identity; plus any listed page-specific evidence,no,verified legal/operating identity for CoreX Concreters Camden; ownership and call-routing proof for 03 4517 6915; page-specific publication-wave approval; authoritative media/Astra import and logged-out visual QA,"Keep draft; resolve page evidence and wave gate, then stage and QA before any status change.",1407,concreters-minto,suburb,3,built,EV-0225;EV-0226,2,research,none — unresearched,"noindex,follow",no,
/concreters-moorebank/,suburb,draft,"global staging: noindex,nofollow,noarchive; page: noindex,follow",0,0,0,no — number present,none in page content,yes — legal/operating identity; plus any listed page-specific evidence,no,verified legal/operating identity for CoreX Concreters Camden; ownership and call-routing proof for 03 4517 6915; page-specific publication-wave approval; authoritative media/Astra import and logged-out visual QA,"Keep draft; resolve page evidence and wave gate, then stage and QA before any status change.",1400,concreters-moorebank,suburb,3,built,EV-0211;EV-0212,2,research,none — unresearched,"noindex,follow",no,
/concreters-mount-annan/,suburb,draft,"global staging: noindex,nofollow,noarchive; page: noindex,follow",0,3,0,no — number present,none in page content,yes — legal/operating identity; plus any listed page-specific evidence,no,verified legal/operating identity for CoreX Concreters Camden; ownership and call-routing proof for 03 4517 6915; verified CoreX project in Mount Annan; page-specific publication-wave approval; authoritative media/Astra import and logged-out visual QA,"Keep draft; resolve page evidence and wave gate, then stage and QA before any status change.",1375,concreters-mount-annan,suburb,2,built,EV-0071;EV-0072;EV-0073,3,photo,3 pending Stage 27,"noindex,follow",no,
/concreters-narellan-vale/,suburb,draft,"global staging: noindex,nofollow,noarchive; page: noindex,follow",0,0,0,no — number present,none in page content,yes — legal/operating identity; plus any listed page-specific evidence,no,verified legal/operating identity for CoreX Concreters Camden; ownership and call-routing proof for 03 4517 6915; page-specific publication-wave approval; authoritative media/Astra import and logged-out visual QA,"Keep draft; resolve page evidence and wave gate, then stage and QA before any status change.",1373,concreters-narellan-vale,suburb,3,built,EV-0171;EV-0172,2,research,none — unresearched,"noindex,follow",no,
/concreters-narellan/,suburb,draft,"global staging: noindex,nofollow,noarchive; page: noindex,follow",0,3,0,no — number present,none in page content,yes — legal/operating identity; plus any listed page-specific evidence,no,verified legal/operating identity for CoreX Concreters Camden; ownership and call-routing proof for 03 4517 6915; verified CoreX project in Narellan; page-specific publication-wave approval; authoritative media/Astra import and logged-out visual QA,"Keep draft; resolve page evidence and wave gate, then stage and QA before any status change.",1372,concreters-narellan,suburb,2,built,EV-0068;EV-0069;EV-0070,3,photo,3 pending Stage 27,"noindex,follow",no,
/concreters-picton/,suburb,draft,"global staging: noindex,nofollow,noarchive; page: noindex,follow",0,0,0,no — number present,none in page content,yes — legal/operating identity; plus any listed page-specific evidence,no,verified legal/operating identity for CoreX Concreters Camden; ownership and call-routing proof for 03 4517 6915; page-specific publication-wave approval; authoritative media/Astra import and logged-out visual QA,"Keep draft; resolve page evidence and wave gate, then stage and QA before any status change.",1418,concreters-picton,suburb,3,built,EV-0247;EV-0248,2,research,none — unresearched,"noindex,follow",no,
/concreters-prestons/,suburb,draft,"global staging: noindex,nofollow,noarchive; page: noindex,follow",0,0,0,no — number present,none in page content,yes — legal/operating identity; plus any listed page-specific evidence,no,verified legal/operating identity for CoreX Concreters Camden; ownership and call-routing proof for 03 4517 6915; page-specific publication-wave approval; authoritative media/Astra import and logged-out visual QA,"Keep draft; resolve page evidence and wave gate, then stage and QA before any status change.",1398,concreters-prestons,suburb,3,built,EV-0207;EV-0208,2,research,none — unresearched,"noindex,follow",no,
/concreters-raby/,suburb,draft,"global staging: noindex,nofollow,noarchive; page: noindex,follow",0,0,0,no — number present,none in page content,yes — legal/operating identity; plus any listed page-specific evidence,no,verified legal/operating identity for CoreX Concreters Camden; ownership and call-routing proof for 03 4517 6915; page-specific publication-wave approval; authoritative media/Astra import and logged-out visual QA,"Keep draft; resolve page evidence and wave gate, then stage and QA before any status change.",1411,concreters-raby,suburb,4,built,EV-0233;EV-0234,2,research,none — unresearched,"noindex,follow",no,
/concreters-rossmore/,suburb,draft,"global staging: noindex,nofollow,noarchive; page: noindex,follow",0,0,0,no — number present,none in page content,yes — legal/operating identity; plus any listed page-specific evidence,no,verified legal/operating identity for CoreX Concreters Camden; ownership and call-routing proof for 03 4517 6915; page-specific publication-wave approval; authoritative media/Astra import and logged-out visual QA,"Keep draft; resolve page evidence and wave gate, then stage and QA before any status change.",1389,concreters-rossmore,suburb,4,built,EV-0189;EV-0190,2,research,none — unresearched,"noindex,follow",no,
/concreters-smeaton-grange/,suburb,draft,"global staging: noindex,nofollow,noarchive; page: noindex,follow",0,0,0,no — number present,none in page content,yes — legal/operating identity; plus any listed page-specific evidence,no,verified legal/operating identity for CoreX Concreters Camden; ownership and call-routing proof for 03 4517 6915; page-specific publication-wave approval; authoritative media/Astra import and logged-out visual QA,"Keep draft; resolve page evidence and wave gate, then stage and QA before any status change.",1374,concreters-smeaton-grange,suburb,3,built,EV-0173;EV-0174,2,research,none — unresearched,"noindex,follow",no,
/concreters-spring-farm/,suburb,draft,"global staging: noindex,nofollow,noarchive; page: noindex,follow",0,3,0,no — number present,none in page content,yes — legal/operating identity; plus any listed page-specific evidence,no,verified legal/operating identity for CoreX Concreters Camden; ownership and call-routing proof for 03 4517 6915; verified CoreX project in Spring Farm; page-specific publication-wave approval; authoritative media/Astra import and logged-out visual QA,"Keep draft; resolve page evidence and wave gate, then stage and QA before any status change.",1377,concreters-spring-farm,suburb,2,built,EV-0077;EV-0078;EV-0079,3,photo,3 pending Stage 27,"noindex,follow",no,
/concreters-tahmoor/,suburb,draft,"global staging: noindex,nofollow,noarchive; page: noindex,follow",0,0,0,no — number present,none in page content,yes — legal/operating identity; plus any listed page-specific evidence,no,verified legal/operating identity for CoreX Concreters Camden; ownership and call-routing proof for 03 4517 6915; page-specific publication-wave approval; authoritative media/Astra import and logged-out visual QA,"Keep draft; resolve page evidence and wave gate, then stage and QA before any status change.",1419,concreters-tahmoor,suburb,3,built,EV-0249;EV-0250,2,research,none — unresearched,"noindex,follow",no,
/concreters-the-oaks/,suburb,draft,"global staging: noindex,nofollow,noarchive; page: noindex,follow",0,0,0,no — number present,none in page content,yes — legal/operating identity; plus any listed page-specific evidence,no,verified legal/operating identity for CoreX Concreters Camden; ownership and call-routing proof for 03 4517 6915; page-specific publication-wave approval; authoritative media/Astra import and logged-out visual QA,"Keep draft; resolve page evidence and wave gate, then stage and QA before any status change.",1423,concreters-the-oaks,suburb,4,built,EV-0257;EV-0258,2,research,none — unresearched,"noindex,follow",no,
/concreters-theresa-park/,suburb,draft,"global staging: noindex,nofollow,noarchive; page: noindex,follow",0,0,0,no — number present,none in page content,yes — legal/operating identity; plus any listed page-specific evidence,no,verified legal/operating identity for CoreX Concreters Camden; ownership and call-routing proof for 03 4517 6915; page-specific publication-wave approval; authoritative media/Astra import and logged-out visual QA,"Keep draft; resolve page evidence and wave gate, then stage and QA before any status change.",1384,concreters-theresa-park,suburb,4,built,EV-0183;EV-0184,2,research,none — unresearched,"noindex,follow",no,
/concreters-wattle-grove/,suburb,draft,"global staging: noindex,nofollow,noarchive; page: noindex,follow",0,0,0,no — number present,none in page content,yes — legal/operating identity; plus any listed page-specific evidence,no,verified legal/operating identity for CoreX Concreters Camden; ownership and call-routing proof for 03 4517 6915; page-specific publication-wave approval; authoritative media/Astra import and logged-out visual QA,"Keep draft; resolve page evidence and wave gate, then stage and QA before any status change.",1402,concreters-wattle-grove,suburb,4,built,EV-0215;EV-0216,2,research,none — unresearched,"noindex,follow",no,
/concreters-west-hoxton/,suburb,draft,"global staging: noindex,nofollow,noarchive; page: noindex,follow",0,0,0,no — number present,none in page content,yes — legal/operating identity; plus any listed page-specific evidence,no,verified legal/operating identity for CoreX Concreters Camden; ownership and call-routing proof for 03 4517 6915; page-specific publication-wave approval; authoritative media/Astra import and logged-out visual QA,"Keep draft; resolve page evidence and wave gate, then stage and QA before any status change.",1391,concreters-west-hoxton,suburb,3,built,EV-0193;EV-0194,2,research,none — unresearched,"noindex,follow",no,
/concreters-wilton/,suburb,draft,"global staging: noindex,nofollow,noarchive; page: noindex,follow",0,0,0,no — number present,none in page content,yes — legal/operating identity; plus any listed page-specific evidence,no,verified legal/operating identity for CoreX Concreters Camden; ownership and call-routing proof for 03 4517 6915; page-specific publication-wave approval; authoritative media/Astra import and logged-out visual QA,"Keep draft; resolve page evidence and wave gate, then stage and QA before any status change.",1417,concreters-wilton,suburb,2,built,EV-0245;EV-0246,2,research,3 pending Stage 27,"noindex,follow",no,
/concrete-crossovers-and-laybacks-oran-park/,intersection,draft,"global staging: noindex,nofollow,noarchive; page: noindex,follow",3,0,0,no — global contact presentation unverified,none in page content,yes — legal/operating identity; plus any listed page-specific evidence,no,verified legal/operating identity for CoreX Concreters Camden; verified global header/footer phone after Astra settings are supplied; real CoreX quoted range for concrete crossovers and laybacks in Oran Park and the site inputs behind it; verified CoreX ABN; verified CoreX business address; page-specific publication-wave approval; authoritative media/Astra import and logged-out visual QA,"Keep draft; resolve page evidence and wave gate, then stage and QA before any status change.",1467,concrete-crossovers-and-laybacks-oran-park,intersection,,built,EV-0118;EV-0119;EV-0120,3,owner fact,none — WITHDRAWN (D16),"noindex,follow",YES,DECISION-03 D16 — entirely template filler; withdrawn from the architecture and excluded at import. Not deleted from the immutable WXR. Rebuild input retained in intersection-differentiators.json.
/concrete-driveways-oran-park/,intersection,draft,"global staging: noindex,nofollow,noarchive; page: noindex,follow",1,0,0,no — number present,none in page content,yes — legal/operating identity; plus any listed page-specific evidence,no,verified legal/operating identity for CoreX Concreters Camden; ownership and call-routing proof for 03 4517 6915; real CoreX quoted range for concrete driveways in Oran Park and the site inputs behind it; page-specific publication-wave approval; authoritative media/Astra import and logged-out visual QA,"Keep draft; resolve page evidence and wave gate, then stage and QA before any status change.",1468,concrete-driveways-oran-park,intersection,,built,EV-0121,1,owner fact,none — WITHDRAWN (D16),"noindex,follow",YES,DECISION-03 D16 — entirely template filler; withdrawn from the architecture and excluded at import. Not deleted from the immutable WXR. Rebuild input retained in intersection-differentiators.json.
/shed-and-garage-slabs-oran-park/,intersection,draft,"global staging: noindex,nofollow,noarchive; page: noindex,follow",1,0,0,no — global contact presentation unverified,none in page content,yes — legal/operating identity; plus any listed page-specific evidence,no,verified legal/operating identity for CoreX Concreters Camden; verified global header/footer phone after Astra settings are supplied; real CoreX quoted range for shed and garage slabs in Oran Park and the site inputs behind it; page-specific publication-wave approval; authoritative media/Astra import and logged-out visual QA,"Keep draft; resolve page evidence and wave gate, then stage and QA before any status change.",1469,shed-and-garage-slabs-oran-park,intersection,,built,EV-0122,1,owner fact,none — WITHDRAWN (D16),"noindex,follow",YES,DECISION-03 D16 — entirely template filler; withdrawn from the architecture and excluded at import. Not deleted from the immutable WXR. Rebuild input retained in intersection-differentiators.json.
/exposed-aggregate-oran-park/,intersection,draft,"global staging: noindex,nofollow,noarchive; page: noindex,follow",1,0,0,no — global contact presentation unverified,none in page content,yes — legal/operating identity; plus any listed page-specific evidence,no,verified legal/operating identity for CoreX Concreters Camden; verified global header/footer phone after Astra settings are supplied; real CoreX quoted range for exposed aggregate concrete in Oran Park and the site inputs behind it; page-specific publication-wave approval; authoritative media/Astra import and logged-out visual QA,"Keep draft; resolve page evidence and wave gate, then stage and QA before any status change.",1470,exposed-aggregate-oran-park,intersection,,built,EV-0123,1,owner fact,none — WITHDRAWN (D16),"noindex,follow",YES,DECISION-03 D16 — entirely template filler; withdrawn from the architecture and excluded at import. Not deleted from the immutable WXR. Rebuild input retained in intersection-differentiators.json.
/concrete-crossovers-and-laybacks-leppington/,intersection,draft,"global staging: noindex,nofollow,noarchive; page: noindex,follow",3,0,0,no — global contact presentation unverified,none in page content,yes — legal/operating identity; plus any listed page-specific evidence,no,verified legal/operating identity for CoreX Concreters Camden; verified global header/footer phone after Astra settings are supplied; real CoreX quoted range for concrete crossovers and laybacks in Leppington and the site inputs behind it; verified CoreX ABN; verified CoreX business address; page-specific publication-wave approval; authoritative media/Astra import and logged-out visual QA,"Keep draft; resolve page evidence and wave gate, then stage and QA before any status change.",1471,concrete-crossovers-and-laybacks-leppington,intersection,,built,EV-0124;EV-0125;EV-0126,3,owner fact,none — WITHDRAWN (D16),"noindex,follow",YES,DECISION-03 D16 — entirely template filler; withdrawn from the architecture and excluded at import. Not deleted from the immutable WXR. Rebuild input retained in intersection-differentiators.json.
/concrete-slabs-leppington/,intersection,draft,"global staging: noindex,nofollow,noarchive; page: noindex,follow",1,0,0,no — global contact presentation unverified,none in page content,yes — legal/operating identity; plus any listed page-specific evidence,no,verified legal/operating identity for CoreX Concreters Camden; verified global header/footer phone after Astra settings are supplied; real CoreX quoted range for concrete slabs in Leppington and the site inputs behind it; page-specific publication-wave approval; authoritative media/Astra import and logged-out visual QA,"Keep draft; resolve page evidence and wave gate, then stage and QA before any status change.",1472,concrete-slabs-leppington,intersection,,built,EV-0127,1,owner fact,none — WITHDRAWN (D16),"noindex,follow",YES,DECISION-03 D16 — entirely template filler; withdrawn from the architecture and excluded at import. Not deleted from the immutable WXR. Rebuild input retained in intersection-differentiators.json.
/concrete-driveways-leppington/,intersection,draft,"global staging: noindex,nofollow,noarchive; page: noindex,follow",1,0,0,no — number present,none in page content,yes — legal/operating identity; plus any listed page-specific evidence,no,verified legal/operating identity for CoreX Concreters Camden; ownership and call-routing proof for 03 4517 6915; real CoreX quoted range for concrete driveways in Leppington and the site inputs behind it; page-specific publication-wave approval; authoritative media/Astra import and logged-out visual QA,"Keep draft; resolve page evidence and wave gate, then stage and QA before any status change.",1473,concrete-driveways-leppington,intersection,,built,EV-0128,1,owner fact,none — WITHDRAWN (D16),"noindex,follow",YES,DECISION-03 D16 — entirely template filler; withdrawn from the architecture and excluded at import. Not deleted from the immutable WXR. Rebuild input retained in intersection-differentiators.json.
/commercial-concreting-gregory-hills/,intersection,draft,"global staging: noindex,nofollow,noarchive; page: noindex,follow",1,0,0,no — global contact presentation unverified,none in page content,yes — legal/operating identity; plus any listed page-specific evidence,no,verified legal/operating identity for CoreX Concreters Camden; verified global header/footer phone after Astra settings are supplied; real CoreX quoted range for commercial concreting in Gregory Hills and the site inputs behind it; page-specific publication-wave approval; authoritative media/Astra import and logged-out visual QA,"Keep draft; resolve page evidence and wave gate, then stage and QA before any status change.",1474,commercial-concreting-gregory-hills,intersection,,built,EV-0129,1,owner fact,none — WITHDRAWN (D16),"noindex,follow",YES,DECISION-03 D16 — entirely template filler; withdrawn from the architecture and excluded at import. Not deleted from the immutable WXR. Rebuild input retained in intersection-differentiators.json.
/concrete-slabs-gregory-hills/,intersection,draft,"global staging: noindex,nofollow,noarchive; page: noindex,follow",1,0,0,no — global contact presentation unverified,none in page content,yes — legal/operating identity; plus any listed page-specific evidence,no,verified legal/operating identity for CoreX Concreters Camden; verified global header/footer phone after Astra settings are supplied; real CoreX quoted range for concrete slabs in Gregory Hills and the site inputs behind it; page-specific publication-wave approval; authoritative media/Astra import and logged-out visual QA,"Keep draft; resolve page evidence and wave gate, then stage and QA before any status change.",1475,concrete-slabs-gregory-hills,intersection,,built,EV-0130,1,owner fact,none — WITHDRAWN (D16),"noindex,follow",YES,DECISION-03 D16 — entirely template filler; withdrawn from the architecture and excluded at import. Not deleted from the immutable WXR. Rebuild input retained in intersection-differentiators.json.
/concrete-slabs-gledswood-hills/,intersection,draft,"global staging: noindex,nofollow,noarchive; page: noindex,follow",1,0,0,no — global contact presentation unverified,none in page content,yes — legal/operating identity; plus any listed page-specific evidence,no,verified legal/operating identity for CoreX Concreters Camden; verified global header/footer phone after Astra settings are supplied; real CoreX quoted range for concrete slabs in Gledswood Hills and the site inputs behind it; page-specific publication-wave approval; authoritative media/Astra import and logged-out visual QA,"Keep draft; resolve page evidence and wave gate, then stage and QA before any status change.",1476,concrete-slabs-gledswood-hills,intersection,,built,EV-0131,1,owner fact,none — WITHDRAWN (D16),"noindex,follow",YES,DECISION-03 D16 — entirely template filler; withdrawn from the architecture and excluded at import. Not deleted from the immutable WXR. Rebuild input retained in intersection-differentiators.json.
/exposed-aggregate-gledswood-hills/,intersection,draft,"global staging: noindex,nofollow,noarchive; page: noindex,follow",1,0,0,no — global contact presentation unverified,none in page content,yes — legal/operating identity; plus any listed page-specific evidence,no,verified legal/operating identity for CoreX Concreters Camden; verified global header/footer phone after Astra settings are supplied; real CoreX quoted range for exposed aggregate concrete in Gledswood Hills and the site inputs behind it; page-specific publication-wave approval; authoritative media/Astra import and logged-out visual QA,"Keep draft; resolve page evidence and wave gate, then stage and QA before any status change.",1477,exposed-aggregate-gledswood-hills,intersection,,built,EV-0132,1,owner fact,none — WITHDRAWN (D16),"noindex,follow",YES,DECISION-03 D16 — entirely template filler; withdrawn from the architecture and excluded at import. Not deleted from the immutable WXR. Rebuild input retained in intersection-differentiators.json.
/concrete-patios-gledswood-hills/,intersection,draft,"global staging: noindex,nofollow,noarchive; page: noindex,follow",3,0,0,no — number present,none in page content,yes — legal/operating identity; plus any listed page-specific evidence,no,verified legal/operating identity for CoreX Concreters Camden; ownership and call-routing proof for 03 4517 6915; real CoreX quoted range for concrete patios and alfresco slabs in Gledswood Hills and the site inputs behind it; verified CoreX ABN; verified CoreX business address; page-specific publication-wave approval; authoritative media/Astra import and logged-out visual QA,"Keep draft; resolve page evidence and wave gate, then stage and QA before any status change.",1478,concrete-patios-gledswood-hills,intersection,,built,EV-0133;EV-0134;EV-0135,3,owner fact,none — WITHDRAWN (D16),"noindex,follow",YES,DECISION-03 D16 — entirely template filler; withdrawn from the architecture and excluded at import. Not deleted from the immutable WXR. Rebuild input retained in intersection-differentiators.json.
/concrete-driveways-austral/,intersection,draft,"global staging: noindex,nofollow,noarchive; page: noindex,follow",1,0,0,no — number present,none in page content,yes — legal/operating identity; plus any listed page-specific evidence,no,verified legal/operating identity for CoreX Concreters Camden; ownership and call-routing proof for 03 4517 6915; real CoreX quoted range for concrete driveways in Austral and the site inputs behind it; page-specific publication-wave approval; authoritative media/Astra import and logged-out visual QA,"Keep draft; resolve page evidence and wave gate, then stage and QA before any status change.",1479,concrete-driveways-austral,intersection,,built,EV-0136,1,owner fact,none — WITHDRAWN (D16),"noindex,follow",YES,DECISION-03 D16 — entirely template filler; withdrawn from the architecture and excluded at import. Not deleted from the immutable WXR. Rebuild input retained in intersection-differentiators.json.
/concrete-slabs-austral/,intersection,draft,"global staging: noindex,nofollow,noarchive; page: noindex,follow",1,0,0,no — global contact presentation unverified,none in page content,yes — legal/operating identity; plus any listed page-specific evidence,no,verified legal/operating identity for CoreX Concreters Camden; verified global header/footer phone after Astra settings are supplied; real CoreX quoted range for concrete slabs in Austral and the site inputs behind it; page-specific publication-wave approval; authoritative media/Astra import and logged-out visual QA,"Keep draft; resolve page evidence and wave gate, then stage and QA before any status change.",1480,concrete-slabs-austral,intersection,,built,EV-0137,1,owner fact,none — WITHDRAWN (D16),"noindex,follow",YES,DECISION-03 D16 — entirely template filler; withdrawn from the architecture and excluded at import. Not deleted from the immutable WXR. Rebuild input retained in intersection-differentiators.json.
/concrete-crossovers-and-laybacks-austral/,intersection,draft,"global staging: noindex,nofollow,noarchive; page: noindex,follow",3,0,0,no — global contact presentation unverified,none in page content,yes — legal/operating identity; plus any listed page-specific evidence,no,verified legal/operating identity for CoreX Concreters Camden; verified global header/footer phone after Astra settings are supplied; real CoreX quoted range for concrete crossovers and laybacks in Austral and the site inputs behind it; verified CoreX ABN; verified CoreX business address; page-specific publication-wave approval; authoritative media/Astra import and logged-out visual QA,"Keep draft; resolve page evidence and wave gate, then stage and QA before any status change.",1481,concrete-crossovers-and-laybacks-austral,intersection,,built,EV-0138;EV-0139;EV-0140,3,owner fact,none — WITHDRAWN (D16),"noindex,follow",YES,DECISION-03 D16 — entirely template filler; withdrawn from the architecture and excluded at import. Not deleted from the immutable WXR. Rebuild input retained in intersection-differentiators.json.
/exposed-aggregate-harrington-park/,intersection,draft,"global staging: noindex,nofollow,noarchive; page: noindex,follow",1,0,0,no — global contact presentation unverified,none in page content,yes — legal/operating identity; plus any listed page-specific evidence,no,verified legal/operating identity for CoreX Concreters Camden; verified global header/footer phone after Astra settings are supplied; real CoreX quoted range for exposed aggregate concrete in Harrington Park and the site inputs behind it; page-specific publication-wave approval; authoritative media/Astra import and logged-out visual QA,"Keep draft; resolve page evidence and wave gate, then stage and QA before any status change.",1482,exposed-aggregate-harrington-park,intersection,,built,EV-0141,1,owner fact,none — WITHDRAWN (D16),"noindex,follow",YES,DECISION-03 D16 — entirely template filler; withdrawn from the architecture and excluded at import. Not deleted from the immutable WXR. Rebuild input retained in intersection-differentiators.json.
/decorative-concrete-harrington-park/,intersection,draft,"global staging: noindex,nofollow,noarchive; page: noindex,follow",1,0,0,no — global contact presentation unverified,none in page content,yes — legal/operating identity; plus any listed page-specific evidence,no,verified legal/operating identity for CoreX Concreters Camden; verified global header/footer phone after Astra settings are supplied; real CoreX quoted range for decorative concrete in Harrington Park and the site inputs behind it; page-specific publication-wave approval; authoritative media/Astra import and logged-out visual QA,"Keep draft; resolve page evidence and wave gate, then stage and QA before any status change.",1483,decorative-concrete-harrington-park,intersection,,built,EV-0142,1,owner fact,none — WITHDRAWN (D16),"noindex,follow",YES,DECISION-03 D16 — entirely template filler; withdrawn from the architecture and excluded at import. Not deleted from the immutable WXR. Rebuild input retained in intersection-differentiators.json.
/concrete-driveway-replacement-harrington-park/,intersection,draft,"global staging: noindex,nofollow,noarchive; page: noindex,follow",1,0,0,no — number present,none in page content,yes — legal/operating identity; plus any listed page-specific evidence,no,verified legal/operating identity for CoreX Concreters Camden; ownership and call-routing proof for 03 4517 6915; real CoreX quoted range for concrete driveway replacement in Harrington Park and the site inputs behind it; page-specific publication-wave approval; authoritative media/Astra import and logged-out visual QA,"Keep draft; resolve page evidence and wave gate, then stage and QA before any status change.",1484,concrete-driveway-replacement-harrington-park,intersection,,built,EV-0143,1,owner fact,none — WITHDRAWN (D16),"noindex,follow",YES,DECISION-03 D16 — entirely template filler; withdrawn from the architecture and excluded at import. Not deleted from the immutable WXR. Rebuild input retained in intersection-differentiators.json.
/concrete-driveways-catherine-field/,intersection,draft,"global staging: noindex,nofollow,noarchive; page: noindex,follow",1,0,0,no — number present,none in page content,yes — legal/operating identity; plus any listed page-specific evidence,no,verified legal/operating identity for CoreX Concreters Camden; ownership and call-routing proof for 03 4517 6915; real CoreX quoted range for concrete driveways in Catherine Field and the site inputs behind it; page-specific publication-wave approval; authoritative media/Astra import and logged-out visual QA,"Keep draft; resolve page evidence and wave gate, then stage and QA before any status change.",1485,concrete-driveways-catherine-field,intersection,,built,EV-0144,1,owner fact,none — WITHDRAWN (D16),"noindex,follow",YES,DECISION-03 D16 — entirely template filler; withdrawn from the architecture and excluded at import. Not deleted from the immutable WXR. Rebuild input retained in intersection-differentiators.json.
/shed-and-garage-slabs-catherine-field/,intersection,draft,"global staging: noindex,nofollow,noarchive; page: noindex,follow",1,0,0,no — global contact presentation unverified,none in page content,yes — legal/operating identity; plus any listed page-specific evidence,no,verified legal/operating identity for CoreX Concreters Camden; verified global header/footer phone after Astra settings are supplied; real CoreX quoted range for shed and garage slabs in Catherine Field and the site inputs behind it; page-specific publication-wave approval; authoritative media/Astra import and logged-out visual QA,"Keep draft; resolve page evidence and wave gate, then stage and QA before any status change.",1486,shed-and-garage-slabs-catherine-field,intersection,,built,EV-0145,1,owner fact,none — WITHDRAWN (D16),"noindex,follow",YES,DECISION-03 D16 — entirely template filler; withdrawn from the architecture and excluded at import. Not deleted from the immutable WXR. Rebuild input retained in intersection-differentiators.json.
/concrete-paths-edmondson-park/,intersection,draft,"global staging: noindex,nofollow,noarchive; page: noindex,follow",3,0,0,no — number present,none in page content,yes — legal/operating identity; plus any listed page-specific evidence,no,verified legal/operating identity for CoreX Concreters Camden; ownership and call-routing proof for 03 4517 6915; real CoreX quoted range for concrete paths and pathways in Edmondson Park and the site inputs behind it; verified CoreX ABN; verified CoreX business address; page-specific publication-wave approval; authoritative media/Astra import and logged-out visual QA,"Keep draft; resolve page evidence and wave gate, then stage and QA before any status change.",1487,concrete-paths-edmondson-park,intersection,,built,EV-0146;EV-0147;EV-0148,3,owner fact,none — WITHDRAWN (D16),"noindex,follow",YES,DECISION-03 D16 — entirely template filler; withdrawn from the architecture and excluded at import. Not deleted from the immutable WXR. Rebuild input retained in intersection-differentiators.json.
/concrete-patios-edmondson-park/,intersection,draft,"global staging: noindex,nofollow,noarchive; page: noindex,follow",3,0,0,no — number present,none in page content,yes — legal/operating identity; plus any listed page-specific evidence,no,verified legal/operating identity for CoreX Concreters Camden; ownership and call-routing proof for 03 4517 6915; real CoreX quoted range for concrete patios and alfresco slabs in Edmondson Park and the site inputs behind it; verified CoreX ABN; verified CoreX business address; page-specific publication-wave approval; authoritative media/Astra import and logged-out visual QA,"Keep draft; resolve page evidence and wave gate, then stage and QA before any status change.",1488,concrete-patios-edmondson-park,intersection,,built,EV-0149;EV-0150;EV-0151,3,owner fact,none — WITHDRAWN (D16),"noindex,follow",YES,DECISION-03 D16 — entirely template filler; withdrawn from the architecture and excluded at import. Not deleted from the immutable WXR. Rebuild input retained in intersection-differentiators.json.
/concrete-driveways-edmondson-park/,intersection,draft,"global staging: noindex,nofollow,noarchive; page: noindex,follow",1,0,0,no — number present,none in page content,yes — legal/operating identity; plus any listed page-specific evidence,no,verified legal/operating identity for CoreX Concreters Camden; ownership and call-routing proof for 03 4517 6915; real CoreX quoted range for concrete driveways in Edmondson Park and the site inputs behind it; page-specific publication-wave approval; authoritative media/Astra import and logged-out visual QA,"Keep draft; resolve page evidence and wave gate, then stage and QA before any status change.",1489,concrete-driveways-edmondson-park,intersection,,built,EV-0152,1,owner fact,none — WITHDRAWN (D16),"noindex,follow",YES,DECISION-03 D16 — entirely template filler; withdrawn from the architecture and excluded at import. Not deleted from the immutable WXR. Rebuild input retained in intersection-differentiators.json.
/commercial-concreting-narellan/,intersection,draft,"global staging: noindex,nofollow,noarchive; page: noindex,follow",1,0,0,no — global contact presentation unverified,none in page content,yes — legal/operating identity; plus any listed page-specific evidence,no,verified legal/operating identity for CoreX Concreters Camden; verified global header/footer phone after Astra settings are supplied; real CoreX quoted range for commercial concreting in Narellan and the site inputs behind it; page-specific publication-wave approval; authoritative media/Astra import and logged-out visual QA,"Keep draft; resolve page evidence and wave gate, then stage and QA before any status change.",1490,commercial-concreting-narellan,intersection,,built,EV-0153,1,owner fact,none — WITHDRAWN (D16),"noindex,follow",YES,DECISION-03 D16 — entirely template filler; withdrawn from the architecture and excluded at import. Not deleted from the immutable WXR. Rebuild input retained in intersection-differentiators.json.
/concrete-driveway-replacement-narellan/,intersection,draft,"global staging: noindex,nofollow,noarchive; page: noindex,follow",1,0,0,no — number present,none in page content,yes — legal/operating identity; plus any listed page-specific evidence,no,verified legal/operating identity for CoreX Concreters Camden; ownership and call-routing proof for 03 4517 6915; real CoreX quoted range for concrete driveway replacement in Narellan and the site inputs behind it; page-specific publication-wave approval; authoritative media/Astra import and logged-out visual QA,"Keep draft; resolve page evidence and wave gate, then stage and QA before any status change.",1491,concrete-driveway-replacement-narellan,intersection,,built,EV-0154,1,owner fact,none — WITHDRAWN (D16),"noindex,follow",YES,DECISION-03 D16 — entirely template filler; withdrawn from the architecture and excluded at import. Not deleted from the immutable WXR. Rebuild input retained in intersection-differentiators.json.
/concrete-driveway-replacement-mount-annan/,intersection,draft,"global staging: noindex,nofollow,noarchive; page: noindex,follow",1,0,0,no — number present,none in page content,yes — legal/operating identity; plus any listed page-specific evidence,no,verified legal/operating identity for CoreX Concreters Camden; ownership and call-routing proof for 03 4517 6915; real CoreX quoted range for concrete driveway replacement in Mount Annan and the site inputs behind it; page-specific publication-wave approval; authoritative media/Astra import and logged-out visual QA,"Keep draft; resolve page evidence and wave gate, then stage and QA before any status change.",1492,concrete-driveway-replacement-mount-annan,intersection,,built,EV-0155,1,owner fact,none — WITHDRAWN (D16),"noindex,follow",YES,DECISION-03 D16 — entirely template filler; withdrawn from the architecture and excluded at import. Not deleted from the immutable WXR. Rebuild input retained in intersection-differentiators.json.
/concrete-driveways-spring-farm/,intersection,draft,"global staging: noindex,nofollow,noarchive; page: noindex,follow",1,0,0,no — number present,none in page content,yes — legal/operating identity; plus any listed page-specific evidence,no,verified legal/operating identity for CoreX Concreters Camden; ownership and call-routing proof for 03 4517 6915; real CoreX quoted range for concrete driveways in Spring Farm and the site inputs behind it; page-specific publication-wave approval; authoritative media/Astra import and logged-out visual QA,"Keep draft; resolve page evidence and wave gate, then stage and QA before any status change.",1493,concrete-driveways-spring-farm,intersection,,built,EV-0156,1,owner fact,none — WITHDRAWN (D16),"noindex,follow",YES,DECISION-03 D16 — entirely template filler; withdrawn from the architecture and excluded at import. Not deleted from the immutable WXR. Rebuild input retained in intersection-differentiators.json.
/concrete-crossovers-and-laybacks-spring-farm/,intersection,draft,"global staging: noindex,nofollow,noarchive; page: noindex,follow",3,0,0,no — global contact presentation unverified,none in page content,yes — legal/operating identity; plus any listed page-specific evidence,no,verified legal/operating identity for CoreX Concreters Camden; verified global header/footer phone after Astra settings are supplied; real CoreX quoted range for concrete crossovers and laybacks in Spring Farm and the site inputs behind it; verified CoreX ABN; verified CoreX business address; page-specific publication-wave approval; authoritative media/Astra import and logged-out visual QA,"Keep draft; resolve page evidence and wave gate, then stage and QA before any status change.",1494,concrete-crossovers-and-laybacks-spring-farm,intersection,,built,EV-0157;EV-0158;EV-0159,3,owner fact,none — WITHDRAWN (D16),"noindex,follow",YES,DECISION-03 D16 — entirely template filler; withdrawn from the architecture and excluded at import. Not deleted from the immutable WXR. Rebuild input retained in intersection-differentiators.json.
/concrete-patios-elderslie/,intersection,draft,"global staging: noindex,nofollow,noarchive; page: noindex,follow",3,0,0,no — number present,none in page content,yes — legal/operating identity; plus any listed page-specific evidence,no,verified legal/operating identity for CoreX Concreters Camden; ownership and call-routing proof for 03 4517 6915; real CoreX quoted range for concrete patios and alfresco slabs in Elderslie and the site inputs behind it; verified CoreX ABN; verified CoreX business address; page-specific publication-wave approval; authoritative media/Astra import and logged-out visual QA,"Keep draft; resolve page evidence and wave gate, then stage and QA before any status change.",1495,concrete-patios-elderslie,intersection,,built,EV-0160;EV-0161;EV-0162,3,owner fact,none — WITHDRAWN (D16),"noindex,follow",YES,DECISION-03 D16 — entirely template filler; withdrawn from the architecture and excluded at import. Not deleted from the immutable WXR. Rebuild input retained in intersection-differentiators.json.
/concrete-crossovers-and-laybacks-currans-hill/,intersection,draft,"global staging: noindex,nofollow,noarchive; page: noindex,follow",3,0,0,no — global contact presentation unverified,none in page content,yes — legal/operating identity; plus any listed page-specific evidence,no,verified legal/operating identity for CoreX Concreters Camden; verified global header/footer phone after Astra settings are supplied; real CoreX quoted range for concrete crossovers and laybacks in Currans Hill and the site inputs behind it; verified CoreX ABN; verified CoreX business address; page-specific publication-wave approval; authoritative media/Astra import and logged-out visual QA,"Keep draft; resolve page evidence and wave gate, then stage and QA before any status change.",1496,concrete-crossovers-and-laybacks-currans-hill,intersection,,built,EV-0163;EV-0164;EV-0165,3,owner fact,none — WITHDRAWN (D16),"noindex,follow",YES,DECISION-03 D16 — entirely template filler; withdrawn from the architecture and excluded at import. Not deleted from the immutable WXR. Rebuild input retained in intersection-differentiators.json.
/concrete-driveway-replacement-currans-hill/,intersection,draft,"global staging: noindex,nofollow,noarchive; page: noindex,follow",1,0,0,no — number present,none in page content,yes — legal/operating identity; plus any listed page-specific evidence,no,verified legal/operating identity for CoreX Concreters Camden; ownership and call-routing proof for 03 4517 6915; real CoreX quoted range for concrete driveway replacement in Currans Hill and the site inputs behind it; page-specific publication-wave approval; authoritative media/Astra import and logged-out visual QA,"Keep draft; resolve page evidence and wave gate, then stage and QA before any status change.",1497,concrete-driveway-replacement-currans-hill,intersection,,built,EV-0166,1,owner fact,none — WITHDRAWN (D16),"noindex,follow",YES,DECISION-03 D16 — entirely template filler; withdrawn from the architecture and excluded at import. Not deleted from the immutable WXR. Rebuild input retained in intersection-differentiators.json.
/concrete-driveways-cobbitty/,intersection,draft,"global staging: noindex,nofollow,noarchive; page: noindex,follow",1,0,0,no — number present,none in page content,yes — legal/operating identity; plus any listed page-specific evidence,no,verified legal/operating identity for CoreX Concreters Camden; ownership and call-routing proof for 03 4517 6915; real CoreX quoted range for concrete driveways in Cobbitty and the site inputs behind it; page-specific publication-wave approval; authoritative media/Astra import and logged-out visual QA,"Keep draft; resolve page evidence and wave gate, then stage and QA before any status change.",1498,concrete-driveways-cobbitty,intersection,,built,EV-0167,1,owner fact,none — WITHDRAWN (D16),"noindex,follow",YES,DECISION-03 D16 — entirely template filler; withdrawn from the architecture and excluded at import. Not deleted from the immutable WXR. Rebuild input retained in intersection-differentiators.json.
/commercial-concreting-cobbitty/,intersection,draft,"global staging: noindex,nofollow,noarchive; page: noindex,follow",1,0,0,no — global contact presentation unverified,none in page content,yes — legal/operating identity; plus any listed page-specific evidence,no,verified legal/operating identity for CoreX Concreters Camden; verified global header/footer phone after Astra settings are supplied; real CoreX quoted range for commercial concreting in Cobbitty and the site inputs behind it; page-specific publication-wave approval; authoritative media/Astra import and logged-out visual QA,"Keep draft; resolve page evidence and wave gate, then stage and QA before any status change.",1499,commercial-concreting-cobbitty,intersection,,built,EV-0168,1,owner fact,none — WITHDRAWN (D16),"noindex,follow",YES,DECISION-03 D16 — entirely template filler; withdrawn from the architecture and excluded at import. Not deleted from the immutable WXR. Rebuild input retained in intersection-differentiators.json.
/commercial-concreting-bringelly/,intersection,draft,"global staging: noindex,nofollow,noarchive; page: noindex,follow",1,0,0,no — global contact presentation unverified,none in page content,yes — legal/operating identity; plus any listed page-specific evidence,no,verified legal/operating identity for CoreX Concreters Camden; verified global header/footer phone after Astra settings are supplied; real CoreX quoted range for commercial concreting in Bringelly and the site inputs behind it; page-specific publication-wave approval; authoritative media/Astra import and logged-out visual QA,"Keep draft; resolve page evidence and wave gate, then stage and QA before any status change.",1500,commercial-concreting-bringelly,intersection,,built,EV-0169,1,owner fact,none — WITHDRAWN (D16),"noindex,follow",YES,DECISION-03 D16 — entirely template filler; withdrawn from the architecture and excluded at import. Not deleted from the immutable WXR. Rebuild input retained in intersection-differentiators.json.
/concrete-slabs-bringelly/,intersection,draft,"global staging: noindex,nofollow,noarchive; page: noindex,follow",1,0,0,no — global contact presentation unverified,none in page content,yes — legal/operating identity; plus any listed page-specific evidence,no,verified legal/operating identity for CoreX Concreters Camden; verified global header/footer phone after Astra settings are supplied; real CoreX quoted range for concrete slabs in Bringelly and the site inputs behind it; page-specific publication-wave approval; authoritative media/Astra import and logged-out visual QA,"Keep draft; resolve page evidence and wave gate, then stage and QA before any status change.",1501,concrete-slabs-bringelly,intersection,,built,EV-0170,1,owner fact,none — WITHDRAWN (D16),"noindex,follow",YES,DECISION-03 D16 — entirely template filler; withdrawn from the architecture and excluded at import. Not deleted from the immutable WXR. Rebuild input retained in intersection-differentiators.json.
/coloured-concrete-driveway-cost/,cost_comparison,draft,"global staging: noindex,nofollow,noarchive; page: noindex,follow",3,0,0,no — global contact presentation unverified,none in page content,yes — legal/operating identity; plus any listed page-specific evidence,no,"verified legal/operating identity for CoreX Concreters Camden; verified global header/footer phone after Astra settings are supplied; operator-approved rates, formula, assumptions and effective date for Coloured Concrete Driveway Cost from real CoreX quotes; verified CoreX ABN; verified CoreX business address; page-specific publication-wave approval; authoritative media/Astra import and logged-out visual QA","Keep draft; resolve page evidence and wave gate, then stage and QA before any status change.",1465,coloured-concrete-driveway-cost,cost_comparison,,built,EV-0112;EV-0113;EV-0114,3,owner fact,none — WITHDRAWN (D21),"noindex,follow",YES,"DECISION-04 D21 — SEVERE coherence failure, same disposition as the 35 intersections. Excluded at import; NOT deleted from the immutable WXR. Research inputs retained as rebuild material; expansion-300-pages.md §5 guide taxonomy stays valid."
/concrete-vs-asphalt/,cost_comparison,draft,"global staging: noindex,nofollow,noarchive; page: noindex,follow",0,0,0,no — number present,none in page content,yes — legal/operating identity; plus any listed page-specific evidence,no,verified legal/operating identity for CoreX Concreters Camden; ownership and call-routing proof for 03 4517 6915; page-specific publication-wave approval; authoritative media/Astra import and logged-out visual QA,"Keep draft; resolve page evidence and wave gate, then stage and QA before any status change.",1460,concrete-vs-asphalt,cost_comparison,,built,,0,,none — WITHDRAWN (D21),"noindex,follow",YES,"DECISION-04 D21 — SEVERE coherence failure, same disposition as the 35 intersections. Excluded at import; NOT deleted from the immutable WXR. Research inputs retained as rebuild material; expansion-300-pages.md §5 guide taxonomy stays valid."
/concrete-vs-pavers/,cost_comparison,draft,"global staging: noindex,nofollow,noarchive; page: noindex,follow",0,0,0,no — number present,none in page content,yes — legal/operating identity; plus any listed page-specific evidence,no,verified legal/operating identity for CoreX Concreters Camden; ownership and call-routing proof for 03 4517 6915; page-specific publication-wave approval; authoritative media/Astra import and logged-out visual QA,"Keep draft; resolve page evidence and wave gate, then stage and QA before any status change.",1459,concrete-vs-pavers,cost_comparison,,built,,0,,none — WITHDRAWN (D21),"noindex,follow",YES,"DECISION-04 D21 — SEVERE coherence failure, same disposition as the 35 intersections. Excluded at import; NOT deleted from the immutable WXR. Research inputs retained as rebuild material; expansion-300-pages.md §5 guide taxonomy stays valid."
/diy-concrete-vs-hiring-a-concreter/,cost_comparison,draft,"global staging: noindex,nofollow,noarchive; page: noindex,follow",0,0,0,no — number present,none in page content,yes — legal/operating identity; plus any listed page-specific evidence,no,verified legal/operating identity for CoreX Concreters Camden; ownership and call-routing proof for 03 4517 6915; page-specific publication-wave approval; authoritative media/Astra import and logged-out visual QA,"Keep draft; resolve page evidence and wave gate, then stage and QA before any status change.",1462,diy-concrete-vs-hiring-a-concreter,cost_comparison,,built,,0,,none — WITHDRAWN (D21),"noindex,follow",YES,"DECISION-04 D21 — SEVERE coherence failure, same disposition as the 35 intersections. Excluded at import; NOT deleted from the immutable WXR. Research inputs retained as rebuild material; expansion-300-pages.md §5 guide taxonomy stays valid."
/driveway-cost-calculator/,cost_comparison,draft,"global staging: noindex,nofollow,noarchive; page: noindex,follow",3,0,0,no — global contact presentation unverified,none in page content,yes — legal/operating identity; plus any listed page-specific evidence,no,"verified legal/operating identity for CoreX Concreters Camden; verified global header/footer phone after Astra settings are supplied; operator-approved rates, formula, assumptions and effective date for Driveway Cost Calculator from real CoreX quotes; verified CoreX ABN; verified CoreX business address; page-specific publication-wave approval; authoritative media/Astra import and logged-out visual QA","Keep draft; resolve page evidence and wave gate, then stage and QA before any status change.",1457,driveway-cost-calculator,cost_comparison,,built,EV-0100;EV-0101;EV-0102,3,owner fact,none — WITHDRAWN (D21),"noindex,follow",YES,"DECISION-04 D21 — SEVERE coherence failure, same disposition as the 35 intersections. Excluded at import; NOT deleted from the immutable WXR. Research inputs retained as rebuild material; expansion-300-pages.md §5 guide taxonomy stays valid."
/exposed-aggregate-driveway-cost/,cost_comparison,draft,"global staging: noindex,nofollow,noarchive; page: noindex,follow",3,0,0,no — global contact presentation unverified,none in page content,yes — legal/operating identity; plus any listed page-specific evidence,no,"verified legal/operating identity for CoreX Concreters Camden; verified global header/footer phone after Astra settings are supplied; operator-approved rates, formula, assumptions and effective date for Exposed Aggregate Driveway Cost from real CoreX quotes; verified CoreX ABN; verified CoreX business address; page-specific publication-wave approval; authoritative media/Astra import and logged-out visual QA","Keep draft; resolve page evidence and wave gate, then stage and QA before any status change.",1464,exposed-aggregate-driveway-cost,cost_comparison,,built,EV-0109;EV-0110;EV-0111,3,owner fact,none — WITHDRAWN (D21),"noindex,follow",YES,"DECISION-04 D21 — SEVERE coherence failure, same disposition as the 35 intersections. Excluded at import; NOT deleted from the immutable WXR. Research inputs retained as rebuild material; expansion-300-pages.md §5 guide taxonomy stays valid."
/exposed-aggregate-vs-plain-concrete/,cost_comparison,draft,"global staging: noindex,nofollow,noarchive; page: noindex,follow",0,0,0,no — number present,none in page content,yes — legal/operating identity; plus any listed page-specific evidence,no,verified legal/operating identity for CoreX Concreters Camden; ownership and call-routing proof for 03 4517 6915; page-specific publication-wave approval; authoritative media/Astra import and logged-out visual QA,"Keep draft; resolve page evidence and wave gate, then stage and QA before any status change.",1461,exposed-aggregate-vs-plain-concrete,cost_comparison,,built,,0,,none — WITHDRAWN (D21),"noindex,follow",YES,"DECISION-04 D21 — SEVERE coherence failure, same disposition as the 35 intersections. Excluded at import; NOT deleted from the immutable WXR. Research inputs retained as rebuild material; expansion-300-pages.md §5 guide taxonomy stays valid."
/plain-concrete-driveway-cost/,cost_comparison,draft,"global staging: noindex,nofollow,noarchive; page: noindex,follow",3,0,0,no — global contact presentation unverified,none in page content,yes — legal/operating identity; plus any listed page-specific evidence,no,"verified legal/operating identity for CoreX Concreters Camden; verified global header/footer phone after Astra settings are supplied; operator-approved rates, formula, assumptions and effective date for Plain Concrete Driveway Cost from real CoreX quotes; verified CoreX ABN; verified CoreX business address; page-specific publication-wave approval; authoritative media/Astra import and logged-out visual QA","Keep draft; resolve page evidence and wave gate, then stage and QA before any status change.",1463,plain-concrete-driveway-cost,cost_comparison,,built,EV-0106;EV-0107;EV-0108,3,owner fact,none — WITHDRAWN (D21),"noindex,follow",YES,"DECISION-04 D21 — SEVERE coherence failure, same disposition as the 35 intersections. Excluded at import; NOT deleted from the immutable WXR. Research inputs retained as rebuild material; expansion-300-pages.md §5 guide taxonomy stays valid."
/slab-volume-calculator/,cost_comparison,draft,"global staging: noindex,nofollow,noarchive; page: noindex,follow",3,0,0,no — global contact presentation unverified,none in page content,yes — legal/operating identity; plus any listed page-specific evidence,no,"verified legal/operating identity for CoreX Concreters Camden; verified global header/footer phone after Astra settings are supplied; operator-approved rates, formula, assumptions and effective date for Slab Volume Calculator from real CoreX quotes; verified CoreX ABN; verified CoreX business address; page-specific publication-wave approval; authoritative media/Astra import and logged-out visual QA","Keep draft; resolve page evidence and wave gate, then stage and QA before any status change.",1458,slab-volume-calculator,cost_comparison,,built,EV-0103;EV-0104;EV-0105,3,owner fact,none — WITHDRAWN (D21),"noindex,follow",YES,"DECISION-04 D21 — SEVERE coherence failure, same disposition as the 35 intersections. Excluded at import; NOT deleted from the immutable WXR. Research inputs retained as rebuild material; expansion-300-pages.md §5 guide taxonomy stays valid."
/stencilled-concrete-driveway-cost/,cost_comparison,draft,"global staging: noindex,nofollow,noarchive; page: noindex,follow",3,0,0,no — global contact presentation unverified,none in page content,yes — legal/operating identity; plus any listed page-specific evidence,no,"verified legal/operating identity for CoreX Concreters Camden; verified global header/footer phone after Astra settings are supplied; operator-approved rates, formula, assumptions and effective date for Stencilled Concrete Driveway Cost from real CoreX quotes; verified CoreX ABN; verified CoreX business address; page-specific publication-wave approval; authoritative media/Astra import and logged-out visual QA","Keep draft; resolve page evidence and wave gate, then stage and QA before any status change.",1466,stencilled-concrete-driveway-cost,cost_comparison,,built,EV-0115;EV-0116;EV-0117,3,owner fact,none — WITHDRAWN (D21),"noindex,follow",YES,"DECISION-04 D21 — SEVERE coherence failure, same disposition as the 35 intersections. Excluded at import; NOT deleted from the immutable WXR. Research inputs retained as rebuild material; expansion-300-pages.md §5 guide taxonomy stays valid."
(slug pending Stage 31 approval),cost_comparison,not yet created,"noindex (on import, per §4.31.5)",0,0,0,no,none,four LGA fee schedules,no,"Camden, Liverpool, Campbelltown and Wollondilly crossover figures, each with source_url and sighted_date",Build at Stage 31 after slug and module outline are approved,(unallocated — above highest occupied ID in both files),(pending),cost_comparison,,not yet built — §4.31,,4,council source,separate build target under §4.31 — D21 retains the calculator; the 10 BUILT cost/comparison pages are withdrawn,"noindex,follow",no,
