alt_text,attachment_id,filename,pages_sharing_this_alt,page,reason,action
Concrete project detail camden,17,concrete-project-detail-camden-17.jpg,15,concrete-driveway-replacement-harrington-park,"alt stored on the attachment, so it repeats verbatim on every page using the image",write alt text for this page's context
Concrete project detail camden,17,concrete-project-detail-camden-17.jpg,15,concrete-driveways-edmondson-park,"alt stored on the attachment, so it repeats verbatim on every page using the image",write alt text for this page's context
Concrete project detail camden,17,concrete-project-detail-camden-17.jpg,15,concrete-efflorescence,"alt stored on the attachment, so it repeats verbatim on every page using the image",write alt text for this page's context
Concrete project detail camden,17,concrete-project-detail-camden-17.jpg,15,concrete-patios-gledswood-hills,"alt stored on the attachment, so it repeats verbatim on every page using the image",write alt text for this page's context
Concrete project detail camden,17,concrete-project-detail-camden-17.jpg,15,concrete-vs-pavers,"alt stored on the attachment, so it repeats verbatim on every page using the image",write alt text for this page's context
Concrete project detail camden,17,concrete-project-detail-camden-17.jpg,15,concreters-catherine-field,"alt stored on the attachment, so it repeats verbatim on every page using the image",write alt text for this page's context
Concrete project detail camden,17,concrete-project-detail-camden-17.jpg,15,concreters-edmondson-park,"alt stored on the attachment, so it repeats verbatim on every page using the image",write alt text for this page's context
Concrete project detail camden,17,concrete-project-detail-camden-17.jpg,15,concreters-gregory-hills,"alt stored on the attachment, so it repeats verbatim on every page using the image",write alt text for this page's context
Concrete project detail camden,17,concrete-project-detail-camden-17.jpg,15,concreters-menangle-park,"alt stored on the attachment, so it repeats verbatim on every page using the image",write alt text for this page's context
Concrete project detail camden,17,concrete-project-detail-camden-17.jpg,15,concreters-prestons,"alt stored on the attachment, so it repeats verbatim on every page using the image",write alt text for this page's context
Concrete project detail camden,17,concrete-project-detail-camden-17.jpg,15,decorative-concrete-south-west-sydney,"alt stored on the attachment, so it repeats verbatim on every page using the image",write alt text for this page's context
Concrete project detail camden,17,concrete-project-detail-camden-17.jpg,15,exposed-aggregate-cost,"alt stored on the attachment, so it repeats verbatim on every page using the image",write alt text for this page's context
Concrete project detail camden,17,concrete-project-detail-camden-17.jpg,15,homepage,"alt stored on the attachment, so it repeats verbatim on every page using the image",write alt text for this page's context
Concrete project detail camden,17,concrete-project-detail-camden-17.jpg,15,shed-and-garage-slabs-oran-park,"alt stored on the attachment, so it repeats verbatim on every page using the image",write alt text for this page's context
Concrete project detail camden,17,concrete-project-detail-camden-17.jpg,15,shed-slab-cost,"alt stored on the attachment, so it repeats verbatim on every page using the image",write alt text for this page's context
Concrete project detail camden,18,concrete-project-detail-camden-18.jpg,15,concrete-driveway-replacement-harrington-park,"alt stored on the attachment, so it repeats verbatim on every page using the image",write alt text for this page's context
Concrete project detail camden,18,concrete-project-detail-camden-18.jpg,15,concrete-driveways-edmondson-park,"alt stored on the attachment, so it repeats verbatim on every page using the image",write alt text for this page's context
Concrete project detail camden,18,concrete-project-detail-camden-18.jpg,15,concrete-efflorescence,"alt stored on the attachment, so it repeats verbatim on every page using the image",write alt text for this page's context
Concrete project detail camden,18,concrete-project-detail-camden-18.jpg,15,concrete-patios-gledswood-hills,"alt stored on the attachment, so it repeats verbatim on every page using the image",write alt text for this page's context
Concrete project detail camden,18,concrete-project-detail-camden-18.jpg,15,concrete-vs-pavers,"alt stored on the attachment, so it repeats verbatim on every page using the image",write alt text for this page's context
Concrete project detail camden,18,concrete-project-detail-camden-18.jpg,15,concreters-catherine-field,"alt stored on the attachment, so it repeats verbatim on every page using the image",write alt text for this page's context
Concrete project detail camden,18,concrete-project-detail-camden-18.jpg,15,concreters-edmondson-park,"alt stored on the attachment, so it repeats verbatim on every page using the image",write alt text for this page's context
Concrete project detail camden,18,concrete-project-detail-camden-18.jpg,15,concreters-gregory-hills,"alt stored on the attachment, so it repeats verbatim on every page using the image",write alt text for this page's context
Concrete project detail camden,18,concrete-project-detail-camden-18.jpg,15,concreters-menangle-park,"alt stored on the attachment, so it repeats verbatim on every page using the image",write alt text for this page's context
Concrete project detail camden,18,concrete-project-detail-camden-18.jpg,15,concreters-prestons,"alt stored on the attachment, so it repeats verbatim on every page using the image",write alt text for this page's context
Concrete project detail camden,18,concrete-project-detail-camden-18.jpg,15,diy-concrete-vs-hiring-a-concreter,"alt stored on the attachment, so it repeats verbatim on every page using the image",write alt text for this page's context
Concrete project detail camden,18,concrete-project-detail-camden-18.jpg,15,exposed-aggregate-cost,"alt stored on the attachment, so it repeats verbatim on every page using the image",write alt text for this page's context
Concrete project detail camden,18,concrete-project-detail-camden-18.jpg,15,homepage,"alt stored on the attachment, so it repeats verbatim on every page using the image",write alt text for this page's context
Concrete project detail camden,18,concrete-project-detail-camden-18.jpg,15,shed-and-garage-slabs-oran-park,"alt stored on the attachment, so it repeats verbatim on every page using the image",write alt text for this page's context
Concrete project detail camden,18,concrete-project-detail-camden-18.jpg,15,shed-slab-cost,"alt stored on the attachment, so it repeats verbatim on every page using the image",write alt text for this page's context
Concrete project detail camden,19,concrete-project-detail-camden-19.jpg,15,concrete-driveway-replacement-harrington-park,"alt stored on the attachment, so it repeats verbatim on every page using the image",write alt text for this page's context
Concrete project detail camden,19,concrete-project-detail-camden-19.jpg,15,concrete-driveways-edmondson-park,"alt stored on the attachment, so it repeats verbatim on every page using the image",write alt text for this page's context
Concrete project detail camden,19,concrete-project-detail-camden-19.jpg,15,concrete-efflorescence,"alt stored on the attachment, so it repeats verbatim on every page using the image",write alt text for this page's context
Concrete project detail camden,19,concrete-project-detail-camden-19.jpg,15,concrete-patios-gledswood-hills,"alt stored on the attachment, so it repeats verbatim on every page using the image",write alt text for this page's context
Concrete project detail camden,19,concrete-project-detail-camden-19.jpg,15,concrete-vs-pavers,"alt stored on the attachment, so it repeats verbatim on every page using the image",write alt text for this page's context
Concrete project detail camden,19,concrete-project-detail-camden-19.jpg,15,concreters-catherine-field,"alt stored on the attachment, so it repeats verbatim on every page using the image",write alt text for this page's context
Concrete project detail camden,19,concrete-project-detail-camden-19.jpg,15,concreters-edmondson-park,"alt stored on the attachment, so it repeats verbatim on every page using the image",write alt text for this page's context
Concrete project detail camden,19,concrete-project-detail-camden-19.jpg,15,concreters-gregory-hills,"alt stored on the attachment, so it repeats verbatim on every page using the image",write alt text for this page's context
Concrete project detail camden,19,concrete-project-detail-camden-19.jpg,15,concreters-menangle-park,"alt stored on the attachment, so it repeats verbatim on every page using the image",write alt text for this page's context
Concrete project detail camden,19,concrete-project-detail-camden-19.jpg,15,concreters-prestons,"alt stored on the attachment, so it repeats verbatim on every page using the image",write alt text for this page's context
Concrete project detail camden,19,concrete-project-detail-camden-19.jpg,15,diy-concrete-vs-hiring-a-concreter,"alt stored on the attachment, so it repeats verbatim on every page using the image",write alt text for this page's context
Concrete project detail camden,19,concrete-project-detail-camden-19.jpg,15,exposed-aggregate-cost,"alt stored on the attachment, so it repeats verbatim on every page using the image",write alt text for this page's context
Concrete project detail camden,19,concrete-project-detail-camden-19.jpg,15,homepage,"alt stored on the attachment, so it repeats verbatim on every page using the image",write alt text for this page's context
Concrete project detail camden,19,concrete-project-detail-camden-19.jpg,15,shed-and-garage-slabs-oran-park,"alt stored on the attachment, so it repeats verbatim on every page using the image",write alt text for this page's context
Concrete project detail camden,19,concrete-project-detail-camden-19.jpg,15,shed-slab-cost,"alt stored on the attachment, so it repeats verbatim on every page using the image",write alt text for this page's context
Concrete tesimonial 4 camden,46,concrete-tesimonial-4-camden-46.webp,15,concrete-driveway-replacement-mount-annan,"alt stored on the attachment, so it repeats verbatim on every page using the image",write alt text for this page's context
Concrete tesimonial 4 camden,46,concrete-tesimonial-4-camden-46.webp,15,concrete-driveways-edmondson-park,"alt stored on the attachment, so it repeats verbatim on every page using the image",write alt text for this page's context
Concrete tesimonial 4 camden,46,concrete-tesimonial-4-camden-46.webp,15,concrete-efflorescence,"alt stored on the attachment, so it repeats verbatim on every page using the image",write alt text for this page's context
Concrete tesimonial 4 camden,46,concrete-tesimonial-4-camden-46.webp,15,concrete-patios-gledswood-hills,"alt stored on the attachment, so it repeats verbatim on every page using the image",write alt text for this page's context
Concrete tesimonial 4 camden,46,concrete-tesimonial-4-camden-46.webp,15,concrete-vs-pavers,"alt stored on the attachment, so it repeats verbatim on every page using the image",write alt text for this page's context
Concrete tesimonial 4 camden,46,concrete-tesimonial-4-camden-46.webp,15,concreters-catherine-field,"alt stored on the attachment, so it repeats verbatim on every page using the image",write alt text for this page's context
Concrete tesimonial 4 camden,46,concrete-tesimonial-4-camden-46.webp,15,concreters-edmondson-park,"alt stored on the attachment, so it repeats verbatim on every page using the image",write alt text for this page's context
Concrete tesimonial 4 camden,46,concrete-tesimonial-4-camden-46.webp,15,concreters-gregory-hills,"alt stored on the attachment, so it repeats verbatim on every page using the image",write alt text for this page's context
Concrete tesimonial 4 camden,46,concrete-tesimonial-4-camden-46.webp,15,concreters-menangle,"alt stored on the attachment, so it repeats verbatim on every page using the image",write alt text for this page's context
Concrete tesimonial 4 camden,46,concrete-tesimonial-4-camden-46.webp,15,concreters-prestons,"alt stored on the attachment, so it repeats verbatim on every page using the image",write alt text for this page's context
Concrete tesimonial 4 camden,46,concrete-tesimonial-4-camden-46.webp,15,diy-concrete-vs-hiring-a-concreter,"alt stored on the attachment, so it repeats verbatim on every page using the image",write alt text for this page's context
Concrete tesimonial 4 camden,46,concrete-tesimonial-4-camden-46.webp,15,exposed-aggregate-cost,"alt stored on the attachment, so it repeats verbatim on every page using the image",write alt text for this page's context
Concrete tesimonial 4 camden,46,concrete-tesimonial-4-camden-46.webp,15,homepage,"alt stored on the attachment, so it repeats verbatim on every page using the image",write alt text for this page's context
Concrete tesimonial 4 camden,46,concrete-tesimonial-4-camden-46.webp,15,shed-and-garage-slabs-oran-park,"alt stored on the attachment, so it repeats verbatim on every page using the image",write alt text for this page's context
Concrete tesimonial 4 camden,46,concrete-tesimonial-4-camden-46.webp,15,shed-slab-cost,"alt stored on the attachment, so it repeats verbatim on every page using the image",write alt text for this page's context
Concrete testimonial 6 camden,47,concrete-testimonial-6-camden-47.webp,15,concrete-driveway-replacement-mount-annan,"alt stored on the attachment, so it repeats verbatim on every page using the image",write alt text for this page's context
Concrete testimonial 6 camden,47,concrete-testimonial-6-camden-47.webp,15,concrete-driveways-edmondson-park,"alt stored on the attachment, so it repeats verbatim on every page using the image",write alt text for this page's context
Concrete testimonial 6 camden,47,concrete-testimonial-6-camden-47.webp,15,concrete-efflorescence,"alt stored on the attachment, so it repeats verbatim on every page using the image",write alt text for this page's context
Concrete testimonial 6 camden,47,concrete-testimonial-6-camden-47.webp,15,concrete-patios-south-west-sydney,"alt stored on the attachment, so it repeats verbatim on every page using the image",write alt text for this page's context
Concrete testimonial 6 camden,47,concrete-testimonial-6-camden-47.webp,15,concrete-vs-pavers,"alt stored on the attachment, so it repeats verbatim on every page using the image",write alt text for this page's context
Concrete testimonial 6 camden,47,concrete-testimonial-6-camden-47.webp,15,concreters-catherine-field,"alt stored on the attachment, so it repeats verbatim on every page using the image",write alt text for this page's context
Concrete testimonial 6 camden,47,concrete-testimonial-6-camden-47.webp,15,concreters-edmondson-park,"alt stored on the attachment, so it repeats verbatim on every page using the image",write alt text for this page's context
Concrete testimonial 6 camden,47,concrete-testimonial-6-camden-47.webp,15,concreters-harrington-park,"alt stored on the attachment, so it repeats verbatim on every page using the image",write alt text for this page's context
Concrete testimonial 6 camden,47,concrete-testimonial-6-camden-47.webp,15,concreters-menangle,"alt stored on the attachment, so it repeats verbatim on every page using the image",write alt text for this page's context
Concrete testimonial 6 camden,47,concrete-testimonial-6-camden-47.webp,15,concreters-raby,"alt stored on the attachment, so it repeats verbatim on every page using the image",write alt text for this page's context
Concrete testimonial 6 camden,47,concrete-testimonial-6-camden-47.webp,15,diy-concrete-vs-hiring-a-concreter,"alt stored on the attachment, so it repeats verbatim on every page using the image",write alt text for this page's context
Concrete testimonial 6 camden,47,concrete-testimonial-6-camden-47.webp,15,exposed-aggregate-cost,"alt stored on the attachment, so it repeats verbatim on every page using the image",write alt text for this page's context
Concrete testimonial 6 camden,47,concrete-testimonial-6-camden-47.webp,15,homepage,"alt stored on the attachment, so it repeats verbatim on every page using the image",write alt text for this page's context
Concrete testimonial 6 camden,47,concrete-testimonial-6-camden-47.webp,15,shed-and-garage-slabs-south-west-sydney,"alt stored on the attachment, so it repeats verbatim on every page using the image",write alt text for this page's context
Concrete testimonial 6 camden,47,concrete-testimonial-6-camden-47.webp,15,shed-slab-cost,"alt stored on the attachment, so it repeats verbatim on every page using the image",write alt text for this page's context
Concrete testimonial 3 camden,48,concrete-testimonial-3-camden-48.webp,15,concrete-driveway-replacement-mount-annan,"alt stored on the attachment, so it repeats verbatim on every page using the image",write alt text for this page's context
Concrete testimonial 3 camden,48,concrete-testimonial-3-camden-48.webp,15,concrete-driveways-edmondson-park,"alt stored on the attachment, so it repeats verbatim on every page using the image",write alt text for this page's context
Concrete testimonial 3 camden,48,concrete-testimonial-3-camden-48.webp,15,concrete-efflorescence,"alt stored on the attachment, so it repeats verbatim on every page using the image",write alt text for this page's context
Concrete testimonial 3 camden,48,concrete-testimonial-3-camden-48.webp,15,concrete-patios-south-west-sydney,"alt stored on the attachment, so it repeats verbatim on every page using the image",write alt text for this page's context
Concrete testimonial 3 camden,48,concrete-testimonial-3-camden-48.webp,15,concrete-vs-pavers,"alt stored on the attachment, so it repeats verbatim on every page using the image",write alt text for this page's context
Concrete testimonial 3 camden,48,concrete-testimonial-3-camden-48.webp,15,concreters-catherine-field,"alt stored on the attachment, so it repeats verbatim on every page using the image",write alt text for this page's context
Concrete testimonial 3 camden,48,concrete-testimonial-3-camden-48.webp,15,concreters-edmondson-park,"alt stored on the attachment, so it repeats verbatim on every page using the image",write alt text for this page's context
Concrete testimonial 3 camden,48,concrete-testimonial-3-camden-48.webp,15,concreters-harrington-park,"alt stored on the attachment, so it repeats verbatim on every page using the image",write alt text for this page's context
Concrete testimonial 3 camden,48,concrete-testimonial-3-camden-48.webp,15,concreters-menangle,"alt stored on the attachment, so it repeats verbatim on every page using the image",write alt text for this page's context
Concrete testimonial 3 camden,48,concrete-testimonial-3-camden-48.webp,15,concreters-raby,"alt stored on the attachment, so it repeats verbatim on every page using the image",write alt text for this page's context
Concrete testimonial 3 camden,48,concrete-testimonial-3-camden-48.webp,15,diy-concrete-vs-hiring-a-concreter,"alt stored on the attachment, so it repeats verbatim on every page using the image",write alt text for this page's context
Concrete testimonial 3 camden,48,concrete-testimonial-3-camden-48.webp,15,exposed-aggregate-cost,"alt stored on the attachment, so it repeats verbatim on every page using the image",write alt text for this page's context
Concrete testimonial 3 camden,48,concrete-testimonial-3-camden-48.webp,15,homepage,"alt stored on the attachment, so it repeats verbatim on every page using the image",write alt text for this page's context
Concrete testimonial 3 camden,48,concrete-testimonial-3-camden-48.webp,15,shed-and-garage-slabs-south-west-sydney,"alt stored on the attachment, so it repeats verbatim on every page using the image",write alt text for this page's context
Concrete testimonial 3 camden,48,concrete-testimonial-3-camden-48.webp,15,shed-slab-cost,"alt stored on the attachment, so it repeats verbatim on every page using the image",write alt text for this page's context
Concrete testimonial 1 camden,49,concrete-testimonial-1-camden-49.webp,15,commercial-concreting-bringelly,"alt stored on the attachment, so it repeats verbatim on every page using the image",write alt text for this page's context
Concrete testimonial 1 camden,49,concrete-testimonial-1-camden-49.webp,15,concrete-driveway-replacement-mount-annan,"alt stored on the attachment, so it repeats verbatim on every page using the image",write alt text for this page's context
Concrete testimonial 1 camden,49,concrete-testimonial-1-camden-49.webp,15,concrete-driveways-edmondson-park,"alt stored on the attachment, so it repeats verbatim on every page using the image",write alt text for this page's context
Concrete testimonial 1 camden,49,concrete-testimonial-1-camden-49.webp,15,concrete-efflorescence,"alt stored on the attachment, so it repeats verbatim on every page using the image",write alt text for this page's context
Concrete testimonial 1 camden,49,concrete-testimonial-1-camden-49.webp,15,concrete-patios-south-west-sydney,"alt stored on the attachment, so it repeats verbatim on every page using the image",write alt text for this page's context
Concrete testimonial 1 camden,49,concrete-testimonial-1-camden-49.webp,15,concreters-appin,"alt stored on the attachment, so it repeats verbatim on every page using the image",write alt text for this page's context
Concrete testimonial 1 camden,49,concrete-testimonial-1-camden-49.webp,15,concreters-catherine-field,"alt stored on the attachment, so it repeats verbatim on every page using the image",write alt text for this page's context
Concrete testimonial 1 camden,49,concrete-testimonial-1-camden-49.webp,15,concreters-edmondson-park,"alt stored on the attachment, so it repeats verbatim on every page using the image",write alt text for this page's context
Concrete testimonial 1 camden,49,concrete-testimonial-1-camden-49.webp,15,concreters-harrington-park,"alt stored on the attachment, so it repeats verbatim on every page using the image",write alt text for this page's context
Concrete testimonial 1 camden,49,concrete-testimonial-1-camden-49.webp,15,concreters-menangle,"alt stored on the attachment, so it repeats verbatim on every page using the image",write alt text for this page's context
Concrete testimonial 1 camden,49,concrete-testimonial-1-camden-49.webp,15,concreters-raby,"alt stored on the attachment, so it repeats verbatim on every page using the image",write alt text for this page's context
Concrete testimonial 1 camden,49,concrete-testimonial-1-camden-49.webp,15,diy-concrete-vs-hiring-a-concreter,"alt stored on the attachment, so it repeats verbatim on every page using the image",write alt text for this page's context
Concrete testimonial 1 camden,49,concrete-testimonial-1-camden-49.webp,15,exposed-aggregate-cost,"alt stored on the attachment, so it repeats verbatim on every page using the image",write alt text for this page's context
Concrete testimonial 1 camden,49,concrete-testimonial-1-camden-49.webp,15,shed-and-garage-slabs-south-west-sydney,"alt stored on the attachment, so it repeats verbatim on every page using the image",write alt text for this page's context
Concrete testimonial 1 camden,49,concrete-testimonial-1-camden-49.webp,15,shed-slab-cost,"alt stored on the attachment, so it repeats verbatim on every page using the image",write alt text for this page's context
Exposed aggregate concrete camden,50,exposed-aggregate-concrete-camden-50.jpg,69,commercial-concreting-bringelly,"alt stored on the attachment, so it repeats verbatim on every page using the image",write alt text for this page's context
Exposed aggregate concrete camden,50,exposed-aggregate-concrete-camden-50.jpg,69,concrete-driveway-replacement-mount-annan,"alt stored on the attachment, so it repeats verbatim on every page using the image",write alt text for this page's context
Exposed aggregate concrete camden,50,exposed-aggregate-concrete-camden-50.jpg,69,concrete-driveways-edmondson-park,"alt stored on the attachment, so it repeats verbatim on every page using the image",write alt text for this page's context
Exposed aggregate concrete camden,50,exposed-aggregate-concrete-camden-50.jpg,69,concrete-patios-south-west-sydney,"alt stored on the attachment, so it repeats verbatim on every page using the image",write alt text for this page's context
Exposed aggregate concrete camden,50,exposed-aggregate-concrete-camden-50.jpg,69,concrete-repair-vs-replace,"alt stored on the attachment, so it repeats verbatim on every page using the image",write alt text for this page's context
Exposed aggregate concrete camden,50,exposed-aggregate-concrete-camden-50.jpg,69,concreters-appin,"alt stored on the attachment, so it repeats verbatim on every page using the image",write alt text for this page's context
Exposed aggregate concrete camden,50,exposed-aggregate-concrete-camden-50.jpg,69,concreters-austral,"alt stored on the attachment, so it repeats verbatim on every page using the image",write alt text for this page's context
Exposed aggregate concrete camden,50,exposed-aggregate-concrete-camden-50.jpg,69,concreters-bargo,"alt stored on the attachment, so it repeats verbatim on every page using the image",write alt text for this page's context
Exposed aggregate concrete camden,50,exposed-aggregate-concrete-camden-50.jpg,69,concreters-bradbury,"alt stored on the attachment, so it repeats verbatim on every page using the image",write alt text for this page's context
Exposed aggregate concrete camden,50,exposed-aggregate-concrete-camden-50.jpg,69,concreters-bringelly,"alt stored on the attachment, so it repeats verbatim on every page using the image",write alt text for this page's context
Exposed aggregate concrete camden,50,exposed-aggregate-concrete-camden-50.jpg,69,concreters-camden-park,"alt stored on the attachment, so it repeats verbatim on every page using the image",write alt text for this page's context
Exposed aggregate concrete camden,50,exposed-aggregate-concrete-camden-50.jpg,69,concreters-camden-south,"alt stored on the attachment, so it repeats verbatim on every page using the image",write alt text for this page's context
Exposed aggregate concrete camden,50,exposed-aggregate-concrete-camden-50.jpg,69,concreters-campbelltown,"alt stored on the attachment, so it repeats verbatim on every page using the image",write alt text for this page's context
Exposed aggregate concrete camden,50,exposed-aggregate-concrete-camden-50.jpg,69,concreters-carnes-hill,"alt stored on the attachment, so it repeats verbatim on every page using the image",write alt text for this page's context
Exposed aggregate concrete camden,50,exposed-aggregate-concrete-camden-50.jpg,69,concreters-casula,"alt stored on the attachment, so it repeats verbatim on every page using the image",write alt text for this page's context
Exposed aggregate concrete camden,50,exposed-aggregate-concrete-camden-50.jpg,69,concreters-catherine-field,"alt stored on the attachment, so it repeats verbatim on every page using the image",write alt text for this page's context
Exposed aggregate concrete camden,50,exposed-aggregate-concrete-camden-50.jpg,69,concreters-cawdor,"alt stored on the attachment, so it repeats verbatim on every page using the image",write alt text for this page's context
Exposed aggregate concrete camden,50,exposed-aggregate-concrete-camden-50.jpg,69,concreters-cecil-hills,"alt stored on the attachment, so it repeats verbatim on every page using the image",write alt text for this page's context
Exposed aggregate concrete camden,50,exposed-aggregate-concrete-camden-50.jpg,69,concreters-cecil-park,"alt stored on the attachment, so it repeats verbatim on every page using the image",write alt text for this page's context
Exposed aggregate concrete camden,50,exposed-aggregate-concrete-camden-50.jpg,69,concreters-chipping-norton,"alt stored on the attachment, so it repeats verbatim on every page using the image",write alt text for this page's context
Exposed aggregate concrete camden,50,exposed-aggregate-concrete-camden-50.jpg,69,concreters-cobbitty,"alt stored on the attachment, so it repeats verbatim on every page using the image",write alt text for this page's context
Exposed aggregate concrete camden,50,exposed-aggregate-concrete-camden-50.jpg,69,concreters-currans-hill,"alt stored on the attachment, so it repeats verbatim on every page using the image",write alt text for this page's context
Exposed aggregate concrete camden,50,exposed-aggregate-concrete-camden-50.jpg,69,concreters-douglas-park,"alt stored on the attachment, so it repeats verbatim on every page using the image",write alt text for this page's context
Exposed aggregate concrete camden,50,exposed-aggregate-concrete-camden-50.jpg,69,concreters-eagle-vale,"alt stored on the attachment, so it repeats verbatim on every page using the image",write alt text for this page's context
Exposed aggregate concrete camden,50,exposed-aggregate-concrete-camden-50.jpg,69,concreters-edmondson-park,"alt stored on the attachment, so it repeats verbatim on every page using the image",write alt text for this page's context
Exposed aggregate concrete camden,50,exposed-aggregate-concrete-camden-50.jpg,69,concreters-elderslie,"alt stored on the attachment, so it repeats verbatim on every page using the image",write alt text for this page's context
Exposed aggregate concrete camden,50,exposed-aggregate-concrete-camden-50.jpg,69,concreters-elizabeth-hills,"alt stored on the attachment, so it repeats verbatim on every page using the image",write alt text for this page's context
Exposed aggregate concrete camden,50,exposed-aggregate-concrete-camden-50.jpg,69,concreters-ellis-lane,"alt stored on the attachment, so it repeats verbatim on every page using the image",write alt text for this page's context
Exposed aggregate concrete camden,50,exposed-aggregate-concrete-camden-50.jpg,69,concreters-gilead,"alt stored on the attachment, so it repeats verbatim on every page using the image",write alt text for this page's context
Exposed aggregate concrete camden,50,exposed-aggregate-concrete-camden-50.jpg,69,concreters-gledswood-hills,"alt stored on the attachment, so it repeats verbatim on every page using the image",write alt text for this page's context
Exposed aggregate concrete camden,50,exposed-aggregate-concrete-camden-50.jpg,69,concreters-glen-alpine,"alt stored on the attachment, so it repeats verbatim on every page using the image",write alt text for this page's context
Exposed aggregate concrete camden,50,exposed-aggregate-concrete-camden-50.jpg,69,concreters-glenfield,"alt stored on the attachment, so it repeats verbatim on every page using the image",write alt text for this page's context
Exposed aggregate concrete camden,50,exposed-aggregate-concrete-camden-50.jpg,69,concreters-grasmere,"alt stored on the attachment, so it repeats verbatim on every page using the image",write alt text for this page's context
Exposed aggregate concrete camden,50,exposed-aggregate-concrete-camden-50.jpg,69,concreters-gregory-hills,"alt stored on the attachment, so it repeats verbatim on every page using the image",write alt text for this page's context
Exposed aggregate concrete camden,50,exposed-aggregate-concrete-camden-50.jpg,69,concreters-harrington-park,"alt stored on the attachment, so it repeats verbatim on every page using the image",write alt text for this page's context
Exposed aggregate concrete camden,50,exposed-aggregate-concrete-camden-50.jpg,69,concreters-horningsea-park,"alt stored on the attachment, so it repeats verbatim on every page using the image",write alt text for this page's context
Exposed aggregate concrete camden,50,exposed-aggregate-concrete-camden-50.jpg,69,concreters-hoxton-park,"alt stored on the attachment, so it repeats verbatim on every page using the image",write alt text for this page's context
Exposed aggregate concrete camden,50,exposed-aggregate-concrete-camden-50.jpg,69,concreters-ingleburn,"alt stored on the attachment, so it repeats verbatim on every page using the image",write alt text for this page's context
Exposed aggregate concrete camden,50,exposed-aggregate-concrete-camden-50.jpg,69,concreters-kemps-creek,"alt stored on the attachment, so it repeats verbatim on every page using the image",write alt text for this page's context
Exposed aggregate concrete camden,50,exposed-aggregate-concrete-camden-50.jpg,69,concreters-kirkham,"alt stored on the attachment, so it repeats verbatim on every page using the image",write alt text for this page's context
Exposed aggregate concrete camden,50,exposed-aggregate-concrete-camden-50.jpg,69,concreters-len-waters-estate,"alt stored on the attachment, so it repeats verbatim on every page using the image",write alt text for this page's context
Exposed aggregate concrete camden,50,exposed-aggregate-concrete-camden-50.jpg,69,concreters-leppington,"alt stored on the attachment, so it repeats verbatim on every page using the image",write alt text for this page's context
Exposed aggregate concrete camden,50,exposed-aggregate-concrete-camden-50.jpg,69,concreters-leumeah,"alt stored on the attachment, so it repeats verbatim on every page using the image",write alt text for this page's context
Exposed aggregate concrete camden,50,exposed-aggregate-concrete-camden-50.jpg,69,concreters-macquarie-fields,"alt stored on the attachment, so it repeats verbatim on every page using the image",write alt text for this page's context
Exposed aggregate concrete camden,50,exposed-aggregate-concrete-camden-50.jpg,69,concreters-menangle,"alt stored on the attachment, so it repeats verbatim on every page using the image",write alt text for this page's context
Exposed aggregate concrete camden,50,exposed-aggregate-concrete-camden-50.jpg,69,concreters-menangle-park,"alt stored on the attachment, so it repeats verbatim on every page using the image",write alt text for this page's context
Exposed aggregate concrete camden,50,exposed-aggregate-concrete-camden-50.jpg,69,concreters-middleton-grange,"alt stored on the attachment, so it repeats verbatim on every page using the image",write alt text for this page's context
Exposed aggregate concrete camden,50,exposed-aggregate-concrete-camden-50.jpg,69,concreters-minto,"alt stored on the attachment, so it repeats verbatim on every page using the image",write alt text for this page's context
Exposed aggregate concrete camden,50,exposed-aggregate-concrete-camden-50.jpg,69,concreters-moorebank,"alt stored on the attachment, so it repeats verbatim on every page using the image",write alt text for this page's context
Exposed aggregate concrete camden,50,exposed-aggregate-concrete-camden-50.jpg,69,concreters-mount-annan,"alt stored on the attachment, so it repeats verbatim on every page using the image",write alt text for this page's context
Exposed aggregate concrete camden,50,exposed-aggregate-concrete-camden-50.jpg,69,concreters-narellan,"alt stored on the attachment, so it repeats verbatim on every page using the image",write alt text for this page's context
Exposed aggregate concrete camden,50,exposed-aggregate-concrete-camden-50.jpg,69,concreters-narellan-vale,"alt stored on the attachment, so it repeats verbatim on every page using the image",write alt text for this page's context
Exposed aggregate concrete camden,50,exposed-aggregate-concrete-camden-50.jpg,69,concreters-oran-park,"alt stored on the attachment, so it repeats verbatim on every page using the image",write alt text for this page's context
Exposed aggregate concrete camden,50,exposed-aggregate-concrete-camden-50.jpg,69,concreters-picton,"alt stored on the attachment, so it repeats verbatim on every page using the image",write alt text for this page's context
Exposed aggregate concrete camden,50,exposed-aggregate-concrete-camden-50.jpg,69,concreters-prestons,"alt stored on the attachment, so it repeats verbatim on every page using the image",write alt text for this page's context
Exposed aggregate concrete camden,50,exposed-aggregate-concrete-camden-50.jpg,69,concreters-raby,"alt stored on the attachment, so it repeats verbatim on every page using the image",write alt text for this page's context
Exposed aggregate concrete camden,50,exposed-aggregate-concrete-camden-50.jpg,69,concreters-rossmore,"alt stored on the attachment, so it repeats verbatim on every page using the image",write alt text for this page's context
Exposed aggregate concrete camden,50,exposed-aggregate-concrete-camden-50.jpg,69,concreters-smeaton-grange,"alt stored on the attachment, so it repeats verbatim on every page using the image",write alt text for this page's context
Exposed aggregate concrete camden,50,exposed-aggregate-concrete-camden-50.jpg,69,concreters-spring-farm,"alt stored on the attachment, so it repeats verbatim on every page using the image",write alt text for this page's context
Exposed aggregate concrete camden,50,exposed-aggregate-concrete-camden-50.jpg,69,concreters-tahmoor,"alt stored on the attachment, so it repeats verbatim on every page using the image",write alt text for this page's context
Exposed aggregate concrete camden,50,exposed-aggregate-concrete-camden-50.jpg,69,concreters-the-oaks,"alt stored on the attachment, so it repeats verbatim on every page using the image",write alt text for this page's context
Exposed aggregate concrete camden,50,exposed-aggregate-concrete-camden-50.jpg,69,concreters-theresa-park,"alt stored on the attachment, so it repeats verbatim on every page using the image",write alt text for this page's context
Exposed aggregate concrete camden,50,exposed-aggregate-concrete-camden-50.jpg,69,concreters-wattle-grove,"alt stored on the attachment, so it repeats verbatim on every page using the image",write alt text for this page's context
Exposed aggregate concrete camden,50,exposed-aggregate-concrete-camden-50.jpg,69,concreters-west-hoxton,"alt stored on the attachment, so it repeats verbatim on every page using the image",write alt text for this page's context
Exposed aggregate concrete camden,50,exposed-aggregate-concrete-camden-50.jpg,69,concreters-wilton,"alt stored on the attachment, so it repeats verbatim on every page using the image",write alt text for this page's context
Exposed aggregate concrete camden,50,exposed-aggregate-concrete-camden-50.jpg,69,diy-concrete-vs-hiring-a-concreter,"alt stored on the attachment, so it repeats verbatim on every page using the image",write alt text for this page's context
Exposed aggregate concrete camden,50,exposed-aggregate-concrete-camden-50.jpg,69,exposed-aggregate-vs-stencil,"alt stored on the attachment, so it repeats verbatim on every page using the image",write alt text for this page's context
Exposed aggregate concrete camden,50,exposed-aggregate-concrete-camden-50.jpg,69,shed-and-garage-slabs-south-west-sydney,"alt stored on the attachment, so it repeats verbatim on every page using the image",write alt text for this page's context
Exposed aggregate concrete camden,50,exposed-aggregate-concrete-camden-50.jpg,69,site-classification-explained,"alt stored on the attachment, so it repeats verbatim on every page using the image",write alt text for this page's context
Concrete testimonial 2 camden,51,concrete-testimonial-2-camden-51.webp,15,commercial-concreting-bringelly,"alt stored on the attachment, so it repeats verbatim on every page using the image",write alt text for this page's context
Concrete testimonial 2 camden,51,concrete-testimonial-2-camden-51.webp,15,concrete-driveway-replacement-mount-annan,"alt stored on the attachment, so it repeats verbatim on every page using the image",write alt text for this page's context
Concrete testimonial 2 camden,51,concrete-testimonial-2-camden-51.webp,15,concrete-driveways-edmondson-park,"alt stored on the attachment, so it repeats verbatim on every page using the image",write alt text for this page's context
Concrete testimonial 2 camden,51,concrete-testimonial-2-camden-51.webp,15,concrete-repair-vs-replace,"alt stored on the attachment, so it repeats verbatim on every page using the image",write alt text for this page's context
Concrete testimonial 2 camden,51,concrete-testimonial-2-camden-51.webp,15,concrete-slabs-austral,"alt stored on the attachment, so it repeats verbatim on every page using the image",write alt text for this page's context
Concrete testimonial 2 camden,51,concrete-testimonial-2-camden-51.webp,15,concreters-appin,"alt stored on the attachment, so it repeats verbatim on every page using the image",write alt text for this page's context
Concrete testimonial 2 camden,51,concrete-testimonial-2-camden-51.webp,15,concreters-catherine-field,"alt stored on the attachment, so it repeats verbatim on every page using the image",write alt text for this page's context
Concrete testimonial 2 camden,51,concrete-testimonial-2-camden-51.webp,15,concreters-elderslie,"alt stored on the attachment, so it repeats verbatim on every page using the image",write alt text for this page's context
Concrete testimonial 2 camden,51,concrete-testimonial-2-camden-51.webp,15,concreters-harrington-park,"alt stored on the attachment, so it repeats verbatim on every page using the image",write alt text for this page's context
Concrete testimonial 2 camden,51,concrete-testimonial-2-camden-51.webp,15,concreters-middleton-grange,"alt stored on the attachment, so it repeats verbatim on every page using the image",write alt text for this page's context
Concrete testimonial 2 camden,51,concrete-testimonial-2-camden-51.webp,15,concreters-raby,"alt stored on the attachment, so it repeats verbatim on every page using the image",write alt text for this page's context
Concrete testimonial 2 camden,51,concrete-testimonial-2-camden-51.webp,15,exposed-aggregate-gledswood-hills,"alt stored on the attachment, so it repeats verbatim on every page using the image",write alt text for this page's context
Concrete testimonial 2 camden,51,concrete-testimonial-2-camden-51.webp,15,exposed-aggregate-vs-stencil,"alt stored on the attachment, so it repeats verbatim on every page using the image",write alt text for this page's context
Concrete testimonial 2 camden,51,concrete-testimonial-2-camden-51.webp,15,shed-and-garage-slabs-south-west-sydney,"alt stored on the attachment, so it repeats verbatim on every page using the image",write alt text for this page's context
Concrete testimonial 2 camden,51,concrete-testimonial-2-camden-51.webp,15,site-classification-explained,"alt stored on the attachment, so it repeats verbatim on every page using the image",write alt text for this page's context
Concrete testimonial 1 1 camden,52,concrete-testimonial-1-1-camden-52.webp,15,commercial-concreting-bringelly,"alt stored on the attachment, so it repeats verbatim on every page using the image",write alt text for this page's context
Concrete testimonial 1 1 camden,52,concrete-testimonial-1-1-camden-52.webp,15,concrete-driveway-replacement-mount-annan,"alt stored on the attachment, so it repeats verbatim on every page using the image",write alt text for this page's context
Concrete testimonial 1 1 camden,52,concrete-testimonial-1-1-camden-52.webp,15,concrete-driveways-edmondson-park,"alt stored on the attachment, so it repeats verbatim on every page using the image",write alt text for this page's context
Concrete testimonial 1 1 camden,52,concrete-testimonial-1-1-camden-52.webp,15,concrete-repair-vs-replace,"alt stored on the attachment, so it repeats verbatim on every page using the image",write alt text for this page's context
Concrete testimonial 1 1 camden,52,concrete-testimonial-1-1-camden-52.webp,15,concrete-slabs-austral,"alt stored on the attachment, so it repeats verbatim on every page using the image",write alt text for this page's context
Concrete testimonial 1 1 camden,52,concrete-testimonial-1-1-camden-52.webp,15,concreters-appin,"alt stored on the attachment, so it repeats verbatim on every page using the image",write alt text for this page's context
Concrete testimonial 1 1 camden,52,concrete-testimonial-1-1-camden-52.webp,15,concreters-catherine-field,"alt stored on the attachment, so it repeats verbatim on every page using the image",write alt text for this page's context
Concrete testimonial 1 1 camden,52,concrete-testimonial-1-1-camden-52.webp,15,concreters-elderslie,"alt stored on the attachment, so it repeats verbatim on every page using the image",write alt text for this page's context
Concrete testimonial 1 1 camden,52,concrete-testimonial-1-1-camden-52.webp,15,concreters-harrington-park,"alt stored on the attachment, so it repeats verbatim on every page using the image",write alt text for this page's context
Concrete testimonial 1 1 camden,52,concrete-testimonial-1-1-camden-52.webp,15,concreters-middleton-grange,"alt stored on the attachment, so it repeats verbatim on every page using the image",write alt text for this page's context
Concrete testimonial 1 1 camden,52,concrete-testimonial-1-1-camden-52.webp,15,concreters-rossmore,"alt stored on the attachment, so it repeats verbatim on every page using the image",write alt text for this page's context
Concrete testimonial 1 1 camden,52,concrete-testimonial-1-1-camden-52.webp,15,exposed-aggregate-gledswood-hills,"alt stored on the attachment, so it repeats verbatim on every page using the image",write alt text for this page's context
Concrete testimonial 1 1 camden,52,concrete-testimonial-1-1-camden-52.webp,15,exposed-aggregate-vs-stencil,"alt stored on the attachment, so it repeats verbatim on every page using the image",write alt text for this page's context
Concrete testimonial 1 1 camden,52,concrete-testimonial-1-1-camden-52.webp,15,shed-and-garage-slabs-south-west-sydney,"alt stored on the attachment, so it repeats verbatim on every page using the image",write alt text for this page's context
Concrete testimonial 1 1 camden,52,concrete-testimonial-1-1-camden-52.webp,15,site-classification-explained,"alt stored on the attachment, so it repeats verbatim on every page using the image",write alt text for this page's context
Patiosandpathways camden,53,patiosandpathways-camden-53.webp,15,commercial-concreting-bringelly,"alt stored on the attachment, so it repeats verbatim on every page using the image",write alt text for this page's context
Patiosandpathways camden,53,patiosandpathways-camden-53.webp,15,concrete-driveway-replacement-mount-annan,"alt stored on the attachment, so it repeats verbatim on every page using the image",write alt text for this page's context
Patiosandpathways camden,53,patiosandpathways-camden-53.webp,15,concrete-driveways-leppington,"alt stored on the attachment, so it repeats verbatim on every page using the image",write alt text for this page's context
Patiosandpathways camden,53,patiosandpathways-camden-53.webp,15,concrete-repair-vs-replace,"alt stored on the attachment, so it repeats verbatim on every page using the image",write alt text for this page's context
Patiosandpathways camden,53,patiosandpathways-camden-53.webp,15,concrete-slabs-austral,"alt stored on the attachment, so it repeats verbatim on every page using the image",write alt text for this page's context
Patiosandpathways camden,53,patiosandpathways-camden-53.webp,15,concreters-appin,"alt stored on the attachment, so it repeats verbatim on every page using the image",write alt text for this page's context
Patiosandpathways camden,53,patiosandpathways-camden-53.webp,15,concreters-catherine-field,"alt stored on the attachment, so it repeats verbatim on every page using the image",write alt text for this page's context
Patiosandpathways camden,53,patiosandpathways-camden-53.webp,15,concreters-elderslie,"alt stored on the attachment, so it repeats verbatim on every page using the image",write alt text for this page's context
Patiosandpathways camden,53,patiosandpathways-camden-53.webp,15,concreters-harrington-park,"alt stored on the attachment, so it repeats verbatim on every page using the image",write alt text for this page's context
Patiosandpathways camden,53,patiosandpathways-camden-53.webp,15,concreters-middleton-grange,"alt stored on the attachment, so it repeats verbatim on every page using the image",write alt text for this page's context
Patiosandpathways camden,53,patiosandpathways-camden-53.webp,15,concreters-rossmore,"alt stored on the attachment, so it repeats verbatim on every page using the image",write alt text for this page's context
Patiosandpathways camden,53,patiosandpathways-camden-53.webp,15,exposed-aggregate-gledswood-hills,"alt stored on the attachment, so it repeats verbatim on every page using the image",write alt text for this page's context
Patiosandpathways camden,53,patiosandpathways-camden-53.webp,15,exposed-aggregate-vs-stencil,"alt stored on the attachment, so it repeats verbatim on every page using the image",write alt text for this page's context
Patiosandpathways camden,53,patiosandpathways-camden-53.webp,15,shed-and-garage-slabs-south-west-sydney,"alt stored on the attachment, so it repeats verbatim on every page using the image",write alt text for this page's context
Patiosandpathways camden,53,patiosandpathways-camden-53.webp,15,site-classification-explained,"alt stored on the attachment, so it repeats verbatim on every page using the image",write alt text for this page's context
Coloured detailed concrete camden,54,coloured-detailed-concrete-camden-54.jpg,15,commercial-concreting-bringelly,"alt stored on the attachment, so it repeats verbatim on every page using the image",write alt text for this page's context
Coloured detailed concrete camden,54,coloured-detailed-concrete-camden-54.jpg,15,concrete-driveway-replacement-mount-annan,"alt stored on the attachment, so it repeats verbatim on every page using the image",write alt text for this page's context
Coloured detailed concrete camden,54,coloured-detailed-concrete-camden-54.jpg,15,concrete-driveways-leppington,"alt stored on the attachment, so it repeats verbatim on every page using the image",write alt text for this page's context
Coloured detailed concrete camden,54,coloured-detailed-concrete-camden-54.jpg,15,concrete-repair-vs-replace,"alt stored on the attachment, so it repeats verbatim on every page using the image",write alt text for this page's context
Coloured detailed concrete camden,54,coloured-detailed-concrete-camden-54.jpg,15,concrete-slabs-austral,"alt stored on the attachment, so it repeats verbatim on every page using the image",write alt text for this page's context
Coloured detailed concrete camden,54,coloured-detailed-concrete-camden-54.jpg,15,concreters-austral,"alt stored on the attachment, so it repeats verbatim on every page using the image",write alt text for this page's context
Coloured detailed concrete camden,54,coloured-detailed-concrete-camden-54.jpg,15,concreters-catherine-field,"alt stored on the attachment, so it repeats verbatim on every page using the image",write alt text for this page's context
Coloured detailed concrete camden,54,coloured-detailed-concrete-camden-54.jpg,15,concreters-elderslie,"alt stored on the attachment, so it repeats verbatim on every page using the image",write alt text for this page's context
Coloured detailed concrete camden,54,coloured-detailed-concrete-camden-54.jpg,15,concreters-harrington-park,"alt stored on the attachment, so it repeats verbatim on every page using the image",write alt text for this page's context
Coloured detailed concrete camden,54,coloured-detailed-concrete-camden-54.jpg,15,concreters-middleton-grange,"alt stored on the attachment, so it repeats verbatim on every page using the image",write alt text for this page's context
Coloured detailed concrete camden,54,coloured-detailed-concrete-camden-54.jpg,15,concreters-rossmore,"alt stored on the attachment, so it repeats verbatim on every page using the image",write alt text for this page's context
Coloured detailed concrete camden,54,coloured-detailed-concrete-camden-54.jpg,15,exposed-aggregate-gledswood-hills,"alt stored on the attachment, so it repeats verbatim on every page using the image",write alt text for this page's context
Coloured detailed concrete camden,54,coloured-detailed-concrete-camden-54.jpg,15,exposed-aggregate-vs-stencil,"alt stored on the attachment, so it repeats verbatim on every page using the image",write alt text for this page's context
Coloured detailed concrete camden,54,coloured-detailed-concrete-camden-54.jpg,15,shed-and-garage-slabs-south-west-sydney,"alt stored on the attachment, so it repeats verbatim on every page using the image",write alt text for this page's context
Coloured detailed concrete camden,54,coloured-detailed-concrete-camden-54.jpg,15,site-classification-explained,"alt stored on the attachment, so it repeats verbatim on every page using the image",write alt text for this page's context
Patiosconcrete camden,55,patiosconcrete-camden-55.jpg,15,commercial-concreting-bringelly,"alt stored on the attachment, so it repeats verbatim on every page using the image",write alt text for this page's context
Patiosconcrete camden,55,patiosconcrete-camden-55.jpg,15,concrete-driveway-replacement-mount-annan,"alt stored on the attachment, so it repeats verbatim on every page using the image",write alt text for this page's context
Patiosconcrete camden,55,patiosconcrete-camden-55.jpg,15,concrete-driveways-leppington,"alt stored on the attachment, so it repeats verbatim on every page using the image",write alt text for this page's context
Patiosconcrete camden,55,patiosconcrete-camden-55.jpg,15,concrete-repair-vs-replace,"alt stored on the attachment, so it repeats verbatim on every page using the image",write alt text for this page's context
Patiosconcrete camden,55,patiosconcrete-camden-55.jpg,15,concrete-slabs-austral,"alt stored on the attachment, so it repeats verbatim on every page using the image",write alt text for this page's context
Patiosconcrete camden,55,patiosconcrete-camden-55.jpg,15,concreters-austral,"alt stored on the attachment, so it repeats verbatim on every page using the image",write alt text for this page's context
Patiosconcrete camden,55,patiosconcrete-camden-55.jpg,15,concreters-cawdor,"alt stored on the attachment, so it repeats verbatim on every page using the image",write alt text for this page's context
Patiosconcrete camden,55,patiosconcrete-camden-55.jpg,15,concreters-elderslie,"alt stored on the attachment, so it repeats verbatim on every page using the image",write alt text for this page's context
Patiosconcrete camden,55,patiosconcrete-camden-55.jpg,15,concreters-harrington-park,"alt stored on the attachment, so it repeats verbatim on every page using the image",write alt text for this page's context
Patiosconcrete camden,55,patiosconcrete-camden-55.jpg,15,concreters-middleton-grange,"alt stored on the attachment, so it repeats verbatim on every page using the image",write alt text for this page's context
Patiosconcrete camden,55,patiosconcrete-camden-55.jpg,15,concreters-rossmore,"alt stored on the attachment, so it repeats verbatim on every page using the image",write alt text for this page's context
Patiosconcrete camden,55,patiosconcrete-camden-55.jpg,15,exposed-aggregate-gledswood-hills,"alt stored on the attachment, so it repeats verbatim on every page using the image",write alt text for this page's context
Patiosconcrete camden,55,patiosconcrete-camden-55.jpg,15,exposed-aggregate-vs-stencil,"alt stored on the attachment, so it repeats verbatim on every page using the image",write alt text for this page's context
Patiosconcrete camden,55,patiosconcrete-camden-55.jpg,15,shed-and-garage-slabs-south-west-sydney,"alt stored on the attachment, so it repeats verbatim on every page using the image",write alt text for this page's context
Patiosconcrete camden,55,patiosconcrete-camden-55.jpg,15,site-classification-explained,"alt stored on the attachment, so it repeats verbatim on every page using the image",write alt text for this page's context
Reinforcedheavydutyconcrete camden,121,reinforcedheavydutyconcrete-camden-121.webp,14,commercial-concreting-bringelly,"alt stored on the attachment, so it repeats verbatim on every page using the image",write alt text for this page's context
Reinforcedheavydutyconcrete camden,121,reinforcedheavydutyconcrete-camden-121.webp,14,concrete-driveway-replacement-mount-annan,"alt stored on the attachment, so it repeats verbatim on every page using the image",write alt text for this page's context
Reinforcedheavydutyconcrete camden,121,reinforcedheavydutyconcrete-camden-121.webp,14,concrete-driveways-leppington,"alt stored on the attachment, so it repeats verbatim on every page using the image",write alt text for this page's context
Reinforcedheavydutyconcrete camden,121,reinforcedheavydutyconcrete-camden-121.webp,14,concrete-repair-vs-replace,"alt stored on the attachment, so it repeats verbatim on every page using the image",write alt text for this page's context
Reinforcedheavydutyconcrete camden,121,reinforcedheavydutyconcrete-camden-121.webp,14,concrete-slabs-austral,"alt stored on the attachment, so it repeats verbatim on every page using the image",write alt text for this page's context
Reinforcedheavydutyconcrete camden,121,reinforcedheavydutyconcrete-camden-121.webp,14,concreters-austral,"alt stored on the attachment, so it repeats verbatim on every page using the image",write alt text for this page's context
Reinforcedheavydutyconcrete camden,121,reinforcedheavydutyconcrete-camden-121.webp,14,concreters-cawdor,"alt stored on the attachment, so it repeats verbatim on every page using the image",write alt text for this page's context
Reinforcedheavydutyconcrete camden,121,reinforcedheavydutyconcrete-camden-121.webp,14,concreters-elderslie,"alt stored on the attachment, so it repeats verbatim on every page using the image",write alt text for this page's context
Reinforcedheavydutyconcrete camden,121,reinforcedheavydutyconcrete-camden-121.webp,14,concreters-harrington-park,"alt stored on the attachment, so it repeats verbatim on every page using the image",write alt text for this page's context
Reinforcedheavydutyconcrete camden,121,reinforcedheavydutyconcrete-camden-121.webp,14,concreters-minto,"alt stored on the attachment, so it repeats verbatim on every page using the image",write alt text for this page's context
Reinforcedheavydutyconcrete camden,121,reinforcedheavydutyconcrete-camden-121.webp,14,concreters-rossmore,"alt stored on the attachment, so it repeats verbatim on every page using the image",write alt text for this page's context
Reinforcedheavydutyconcrete camden,121,reinforcedheavydutyconcrete-camden-121.webp,14,exposed-aggregate-harrington-park,"alt stored on the attachment, so it repeats verbatim on every page using the image",write alt text for this page's context
Reinforcedheavydutyconcrete camden,121,reinforcedheavydutyconcrete-camden-121.webp,14,exposed-aggregate-vs-stencil,"alt stored on the attachment, so it repeats verbatim on every page using the image",write alt text for this page's context
Reinforcedheavydutyconcrete camden,121,reinforcedheavydutyconcrete-camden-121.webp,14,site-classification-explained,"alt stored on the attachment, so it repeats verbatim on every page using the image",write alt text for this page's context
Paths and pathwaysconcrete camden,144,paths-and-pathwaysconcrete-camden-144.jpg,14,commercial-concreting-bringelly,"alt stored on the attachment, so it repeats verbatim on every page using the image",write alt text for this page's context
Paths and pathwaysconcrete camden,144,paths-and-pathwaysconcrete-camden-144.jpg,14,concrete-driveway-replacement-narellan,"alt stored on the attachment, so it repeats verbatim on every page using the image",write alt text for this page's context
Paths and pathwaysconcrete camden,144,paths-and-pathwaysconcrete-camden-144.jpg,14,concrete-driveways-leppington,"alt stored on the attachment, so it repeats verbatim on every page using the image",write alt text for this page's context
Paths and pathwaysconcrete camden,144,paths-and-pathwaysconcrete-camden-144.jpg,14,concrete-slab-cost-per-m2,"alt stored on the attachment, so it repeats verbatim on every page using the image",write alt text for this page's context
Paths and pathwaysconcrete camden,144,paths-and-pathwaysconcrete-camden-144.jpg,14,concrete-slabs-austral,"alt stored on the attachment, so it repeats verbatim on every page using the image",write alt text for this page's context
Paths and pathwaysconcrete camden,144,paths-and-pathwaysconcrete-camden-144.jpg,14,concreters-austral,"alt stored on the attachment, so it repeats verbatim on every page using the image",write alt text for this page's context
Paths and pathwaysconcrete camden,144,paths-and-pathwaysconcrete-camden-144.jpg,14,concreters-cawdor,"alt stored on the attachment, so it repeats verbatim on every page using the image",write alt text for this page's context
Paths and pathwaysconcrete camden,144,paths-and-pathwaysconcrete-camden-144.jpg,14,concreters-elderslie,"alt stored on the attachment, so it repeats verbatim on every page using the image",write alt text for this page's context
Paths and pathwaysconcrete camden,144,paths-and-pathwaysconcrete-camden-144.jpg,14,concreters-harrington-park,"alt stored on the attachment, so it repeats verbatim on every page using the image",write alt text for this page's context
Paths and pathwaysconcrete camden,144,paths-and-pathwaysconcrete-camden-144.jpg,14,concreters-minto,"alt stored on the attachment, so it repeats verbatim on every page using the image",write alt text for this page's context
Paths and pathwaysconcrete camden,144,paths-and-pathwaysconcrete-camden-144.jpg,14,concreters-smeaton-grange,"alt stored on the attachment, so it repeats verbatim on every page using the image",write alt text for this page's context
Paths and pathwaysconcrete camden,144,paths-and-pathwaysconcrete-camden-144.jpg,14,exposed-aggregate-harrington-park,"alt stored on the attachment, so it repeats verbatim on every page using the image",write alt text for this page's context
Paths and pathwaysconcrete camden,144,paths-and-pathwaysconcrete-camden-144.jpg,14,honed-and-polished-concrete,"alt stored on the attachment, so it repeats verbatim on every page using the image",write alt text for this page's context
Paths and pathwaysconcrete camden,144,paths-and-pathwaysconcrete-camden-144.jpg,14,sl72-vs-sl82-reinforcement,"alt stored on the attachment, so it repeats verbatim on every page using the image",write alt text for this page's context
Patiosandalfrescoconcrete camden,145,patiosandalfrescoconcrete-camden-145.jpg,14,commercial-concreting-cobbitty,"alt stored on the attachment, so it repeats verbatim on every page using the image",write alt text for this page's context
Patiosandalfrescoconcrete camden,145,patiosandalfrescoconcrete-camden-145.jpg,14,concrete-driveway-replacement-narellan,"alt stored on the attachment, so it repeats verbatim on every page using the image",write alt text for this page's context
Patiosandalfrescoconcrete camden,145,patiosandalfrescoconcrete-camden-145.jpg,14,concrete-driveways-leppington,"alt stored on the attachment, so it repeats verbatim on every page using the image",write alt text for this page's context
Patiosandalfrescoconcrete camden,145,patiosandalfrescoconcrete-camden-145.jpg,14,concrete-slab-cost-per-m2,"alt stored on the attachment, so it repeats verbatim on every page using the image",write alt text for this page's context
Patiosandalfrescoconcrete camden,145,patiosandalfrescoconcrete-camden-145.jpg,14,concrete-slabs-austral,"alt stored on the attachment, so it repeats verbatim on every page using the image",write alt text for this page's context
Patiosandalfrescoconcrete camden,145,patiosandalfrescoconcrete-camden-145.jpg,14,concreters-austral,"alt stored on the attachment, so it repeats verbatim on every page using the image",write alt text for this page's context
Patiosandalfrescoconcrete camden,145,patiosandalfrescoconcrete-camden-145.jpg,14,concreters-cawdor,"alt stored on the attachment, so it repeats verbatim on every page using the image",write alt text for this page's context
Patiosandalfrescoconcrete camden,145,patiosandalfrescoconcrete-camden-145.jpg,14,concreters-elderslie,"alt stored on the attachment, so it repeats verbatim on every page using the image",write alt text for this page's context
Patiosandalfrescoconcrete camden,145,patiosandalfrescoconcrete-camden-145.jpg,14,concreters-harrington-park,"alt stored on the attachment, so it repeats verbatim on every page using the image",write alt text for this page's context
Patiosandalfrescoconcrete camden,145,patiosandalfrescoconcrete-camden-145.jpg,14,concreters-minto,"alt stored on the attachment, so it repeats verbatim on every page using the image",write alt text for this page's context
Patiosandalfrescoconcrete camden,145,patiosandalfrescoconcrete-camden-145.jpg,14,concreters-smeaton-grange,"alt stored on the attachment, so it repeats verbatim on every page using the image",write alt text for this page's context
Patiosandalfrescoconcrete camden,145,patiosandalfrescoconcrete-camden-145.jpg,14,exposed-aggregate-harrington-park,"alt stored on the attachment, so it repeats verbatim on every page using the image",write alt text for this page's context
Patiosandalfrescoconcrete camden,145,patiosandalfrescoconcrete-camden-145.jpg,14,honed-and-polished-concrete,"alt stored on the attachment, so it repeats verbatim on every page using the image",write alt text for this page's context
Patiosandalfrescoconcrete camden,145,patiosandalfrescoconcrete-camden-145.jpg,14,sl72-vs-sl82-reinforcement,"alt stored on the attachment, so it repeats verbatim on every page using the image",write alt text for this page's context
Concretepoolsurronds camden,146,concretepoolsurronds-camden-146.jpg,14,commercial-concreting-cobbitty,"alt stored on the attachment, so it repeats verbatim on every page using the image",write alt text for this page's context
Concretepoolsurronds camden,146,concretepoolsurronds-camden-146.jpg,14,concrete-driveway-replacement-narellan,"alt stored on the attachment, so it repeats verbatim on every page using the image",write alt text for this page's context
Concretepoolsurronds camden,146,concretepoolsurronds-camden-146.jpg,14,concrete-driveways-leppington,"alt stored on the attachment, so it repeats verbatim on every page using the image",write alt text for this page's context
Concretepoolsurronds camden,146,concretepoolsurronds-camden-146.jpg,14,concrete-slab-cost-per-m2,"alt stored on the attachment, so it repeats verbatim on every page using the image",write alt text for this page's context
Concretepoolsurronds camden,146,concretepoolsurronds-camden-146.jpg,14,concrete-slabs-austral,"alt stored on the attachment, so it repeats verbatim on every page using the image",write alt text for this page's context
Concretepoolsurronds camden,146,concretepoolsurronds-camden-146.jpg,14,concreters-austral,"alt stored on the attachment, so it repeats verbatim on every page using the image",write alt text for this page's context
Concretepoolsurronds camden,146,concretepoolsurronds-camden-146.jpg,14,concreters-cawdor,"alt stored on the attachment, so it repeats verbatim on every page using the image",write alt text for this page's context
Concretepoolsurronds camden,146,concretepoolsurronds-camden-146.jpg,14,concreters-elderslie,"alt stored on the attachment, so it repeats verbatim on every page using the image",write alt text for this page's context
Concretepoolsurronds camden,146,concretepoolsurronds-camden-146.jpg,14,concreters-horningsea-park,"alt stored on the attachment, so it repeats verbatim on every page using the image",write alt text for this page's context
Concretepoolsurronds camden,146,concretepoolsurronds-camden-146.jpg,14,concreters-minto,"alt stored on the attachment, so it repeats verbatim on every page using the image",write alt text for this page's context
Concretepoolsurronds camden,146,concretepoolsurronds-camden-146.jpg,14,concreters-smeaton-grange,"alt stored on the attachment, so it repeats verbatim on every page using the image",write alt text for this page's context
Concretepoolsurronds camden,146,concretepoolsurronds-camden-146.jpg,14,exposed-aggregate-harrington-park,"alt stored on the attachment, so it repeats verbatim on every page using the image",write alt text for this page's context
Concretepoolsurronds camden,146,concretepoolsurronds-camden-146.jpg,14,honed-and-polished-concrete,"alt stored on the attachment, so it repeats verbatim on every page using the image",write alt text for this page's context
Concretepoolsurronds camden,146,concretepoolsurronds-camden-146.jpg,14,sl72-vs-sl82-reinforcement,"alt stored on the attachment, so it repeats verbatim on every page using the image",write alt text for this page's context
Shedslabconcrete camden,166,shedslabconcrete-camden-166.jpg,14,commercial-concreting-cobbitty,"alt stored on the attachment, so it repeats verbatim on every page using the image",write alt text for this page's context
Shedslabconcrete camden,166,shedslabconcrete-camden-166.jpg,14,concrete-driveway-replacement-narellan,"alt stored on the attachment, so it repeats verbatim on every page using the image",write alt text for this page's context
Shedslabconcrete camden,166,shedslabconcrete-camden-166.jpg,14,concrete-driveways-leppington,"alt stored on the attachment, so it repeats verbatim on every page using the image",write alt text for this page's context
Shedslabconcrete camden,166,shedslabconcrete-camden-166.jpg,14,concrete-slab-cost-per-m2,"alt stored on the attachment, so it repeats verbatim on every page using the image",write alt text for this page's context
Shedslabconcrete camden,166,shedslabconcrete-camden-166.jpg,14,concrete-slabs-bringelly,"alt stored on the attachment, so it repeats verbatim on every page using the image",write alt text for this page's context
Shedslabconcrete camden,166,shedslabconcrete-camden-166.jpg,14,concreters-austral,"alt stored on the attachment, so it repeats verbatim on every page using the image",write alt text for this page's context
Shedslabconcrete camden,166,shedslabconcrete-camden-166.jpg,14,concreters-cecil-hills,"alt stored on the attachment, so it repeats verbatim on every page using the image",write alt text for this page's context
Shedslabconcrete camden,166,shedslabconcrete-camden-166.jpg,14,concreters-elderslie,"alt stored on the attachment, so it repeats verbatim on every page using the image",write alt text for this page's context
Shedslabconcrete camden,166,shedslabconcrete-camden-166.jpg,14,concreters-horningsea-park,"alt stored on the attachment, so it repeats verbatim on every page using the image",write alt text for this page's context
Shedslabconcrete camden,166,shedslabconcrete-camden-166.jpg,14,concreters-minto,"alt stored on the attachment, so it repeats verbatim on every page using the image",write alt text for this page's context
Shedslabconcrete camden,166,shedslabconcrete-camden-166.jpg,14,concreters-smeaton-grange,"alt stored on the attachment, so it repeats verbatim on every page using the image",write alt text for this page's context
Shedslabconcrete camden,166,shedslabconcrete-camden-166.jpg,14,exposed-aggregate-harrington-park,"alt stored on the attachment, so it repeats verbatim on every page using the image",write alt text for this page's context
Shedslabconcrete camden,166,shedslabconcrete-camden-166.jpg,14,honed-and-polished-concrete,"alt stored on the attachment, so it repeats verbatim on every page using the image",write alt text for this page's context
Shedslabconcrete camden,166,shedslabconcrete-camden-166.jpg,14,sl72-vs-sl82-reinforcement,"alt stored on the attachment, so it repeats verbatim on every page using the image",write alt text for this page's context
Garage slabs concrete camden,167,garage-slabs-concrete-camden-167.jpg,14,commercial-concreting-cobbitty,"alt stored on the attachment, so it repeats verbatim on every page using the image",write alt text for this page's context
Garage slabs concrete camden,167,garage-slabs-concrete-camden-167.jpg,14,concrete-driveway-replacement-narellan,"alt stored on the attachment, so it repeats verbatim on every page using the image",write alt text for this page's context
Garage slabs concrete camden,167,garage-slabs-concrete-camden-167.jpg,14,concrete-driveways-leppington,"alt stored on the attachment, so it repeats verbatim on every page using the image",write alt text for this page's context
Garage slabs concrete camden,167,garage-slabs-concrete-camden-167.jpg,14,concrete-slab-cost-per-m2,"alt stored on the attachment, so it repeats verbatim on every page using the image",write alt text for this page's context
Garage slabs concrete camden,167,garage-slabs-concrete-camden-167.jpg,14,concrete-slabs-bringelly,"alt stored on the attachment, so it repeats verbatim on every page using the image",write alt text for this page's context
Garage slabs concrete camden,167,garage-slabs-concrete-camden-167.jpg,14,concreters-austral,"alt stored on the attachment, so it repeats verbatim on every page using the image",write alt text for this page's context
Garage slabs concrete camden,167,garage-slabs-concrete-camden-167.jpg,14,concreters-cecil-hills,"alt stored on the attachment, so it repeats verbatim on every page using the image",write alt text for this page's context
Garage slabs concrete camden,167,garage-slabs-concrete-camden-167.jpg,14,concreters-elderslie,"alt stored on the attachment, so it repeats verbatim on every page using the image",write alt text for this page's context
Garage slabs concrete camden,167,garage-slabs-concrete-camden-167.jpg,14,concreters-horningsea-park,"alt stored on the attachment, so it repeats verbatim on every page using the image",write alt text for this page's context
Garage slabs concrete camden,167,garage-slabs-concrete-camden-167.jpg,14,concreters-moorebank,"alt stored on the attachment, so it repeats verbatim on every page using the image",write alt text for this page's context
Garage slabs concrete camden,167,garage-slabs-concrete-camden-167.jpg,14,concreters-smeaton-grange,"alt stored on the attachment, so it repeats verbatim on every page using the image",write alt text for this page's context
Garage slabs concrete camden,167,garage-slabs-concrete-camden-167.jpg,14,exposed-aggregate-oran-park,"alt stored on the attachment, so it repeats verbatim on every page using the image",write alt text for this page's context
Garage slabs concrete camden,167,garage-slabs-concrete-camden-167.jpg,14,honed-and-polished-concrete,"alt stored on the attachment, so it repeats verbatim on every page using the image",write alt text for this page's context
Garage slabs concrete camden,167,garage-slabs-concrete-camden-167.jpg,14,sl72-vs-sl82-reinforcement,"alt stored on the attachment, so it repeats verbatim on every page using the image",write alt text for this page's context
Extension and floor slabs concrete camden,168,extension-and-floor-slabs-concrete-camden-168.jpg,14,commercial-concreting-cobbitty,"alt stored on the attachment, so it repeats verbatim on every page using the image",write alt text for this page's context
Extension and floor slabs concrete camden,168,extension-and-floor-slabs-concrete-camden-168.jpg,14,concrete-driveway-replacement-narellan,"alt stored on the attachment, so it repeats verbatim on every page using the image",write alt text for this page's context
Extension and floor slabs concrete camden,168,extension-and-floor-slabs-concrete-camden-168.jpg,14,concrete-driveways-leppington,"alt stored on the attachment, so it repeats verbatim on every page using the image",write alt text for this page's context
Extension and floor slabs concrete camden,168,extension-and-floor-slabs-concrete-camden-168.jpg,14,concrete-slab-cost-per-m2,"alt stored on the attachment, so it repeats verbatim on every page using the image",write alt text for this page's context
Extension and floor slabs concrete camden,168,extension-and-floor-slabs-concrete-camden-168.jpg,14,concrete-slabs-bringelly,"alt stored on the attachment, so it repeats verbatim on every page using the image",write alt text for this page's context
Extension and floor slabs concrete camden,168,extension-and-floor-slabs-concrete-camden-168.jpg,14,concreters-austral,"alt stored on the attachment, so it repeats verbatim on every page using the image",write alt text for this page's context
Extension and floor slabs concrete camden,168,extension-and-floor-slabs-concrete-camden-168.jpg,14,concreters-cecil-hills,"alt stored on the attachment, so it repeats verbatim on every page using the image",write alt text for this page's context
Extension and floor slabs concrete camden,168,extension-and-floor-slabs-concrete-camden-168.jpg,14,concreters-elderslie,"alt stored on the attachment, so it repeats verbatim on every page using the image",write alt text for this page's context
Extension and floor slabs concrete camden,168,extension-and-floor-slabs-concrete-camden-168.jpg,14,concreters-horningsea-park,"alt stored on the attachment, so it repeats verbatim on every page using the image",write alt text for this page's context
Extension and floor slabs concrete camden,168,extension-and-floor-slabs-concrete-camden-168.jpg,14,concreters-moorebank,"alt stored on the attachment, so it repeats verbatim on every page using the image",write alt text for this page's context
Extension and floor slabs concrete camden,168,extension-and-floor-slabs-concrete-camden-168.jpg,14,concreters-spring-farm,"alt stored on the attachment, so it repeats verbatim on every page using the image",write alt text for this page's context
Extension and floor slabs concrete camden,168,extension-and-floor-slabs-concrete-camden-168.jpg,14,exposed-aggregate-oran-park,"alt stored on the attachment, so it repeats verbatim on every page using the image",write alt text for this page's context
Extension and floor slabs concrete camden,168,extension-and-floor-slabs-concrete-camden-168.jpg,14,honed-and-polished-concrete,"alt stored on the attachment, so it repeats verbatim on every page using the image",write alt text for this page's context
Extension and floor slabs concrete camden,168,extension-and-floor-slabs-concrete-camden-168.jpg,14,sl72-vs-sl82-reinforcement,"alt stored on the attachment, so it repeats verbatim on every page using the image",write alt text for this page's context
Side access paths concrete camden,181,side-access-paths-concrete-camden-181.jpg,14,commercial-concreting-cobbitty,"alt stored on the attachment, so it repeats verbatim on every page using the image",write alt text for this page's context
Side access paths concrete camden,181,side-access-paths-concrete-camden-181.jpg,14,concrete-driveway-replacement-narellan,"alt stored on the attachment, so it repeats verbatim on every page using the image",write alt text for this page's context
Side access paths concrete camden,181,side-access-paths-concrete-camden-181.jpg,14,concrete-driveways-leppington,"alt stored on the attachment, so it repeats verbatim on every page using the image",write alt text for this page's context
Side access paths concrete camden,181,side-access-paths-concrete-camden-181.jpg,14,concrete-slab-cost-per-m2,"alt stored on the attachment, so it repeats verbatim on every page using the image",write alt text for this page's context
Side access paths concrete camden,181,side-access-paths-concrete-camden-181.jpg,14,concrete-slabs-bringelly,"alt stored on the attachment, so it repeats verbatim on every page using the image",write alt text for this page's context
Side access paths concrete camden,181,side-access-paths-concrete-camden-181.jpg,14,concreters-austral,"alt stored on the attachment, so it repeats verbatim on every page using the image",write alt text for this page's context
Side access paths concrete camden,181,side-access-paths-concrete-camden-181.jpg,14,concreters-cecil-hills,"alt stored on the attachment, so it repeats verbatim on every page using the image",write alt text for this page's context
Side access paths concrete camden,181,side-access-paths-concrete-camden-181.jpg,14,concreters-elizabeth-hills,"alt stored on the attachment, so it repeats verbatim on every page using the image",write alt text for this page's context
Side access paths concrete camden,181,side-access-paths-concrete-camden-181.jpg,14,concreters-horningsea-park,"alt stored on the attachment, so it repeats verbatim on every page using the image",write alt text for this page's context
Side access paths concrete camden,181,side-access-paths-concrete-camden-181.jpg,14,concreters-moorebank,"alt stored on the attachment, so it repeats verbatim on every page using the image",write alt text for this page's context
Side access paths concrete camden,181,side-access-paths-concrete-camden-181.jpg,14,concreters-spring-farm,"alt stored on the attachment, so it repeats verbatim on every page using the image",write alt text for this page's context
Side access paths concrete camden,181,side-access-paths-concrete-camden-181.jpg,14,exposed-aggregate-oran-park,"alt stored on the attachment, so it repeats verbatim on every page using the image",write alt text for this page's context
Side access paths concrete camden,181,side-access-paths-concrete-camden-181.jpg,14,honed-and-polished-concrete,"alt stored on the attachment, so it repeats verbatim on every page using the image",write alt text for this page's context
Side access paths concrete camden,181,side-access-paths-concrete-camden-181.jpg,14,sl72-vs-sl82-reinforcement,"alt stored on the attachment, so it repeats verbatim on every page using the image",write alt text for this page's context
Concrete garden paths and connecting paths concrete camden,182,concrete-garden-paths-and-connecting-paths-concrete-camden-182.jpg,14,commercial-concreting-cobbitty,"alt stored on the attachment, so it repeats verbatim on every page using the image",write alt text for this page's context
Concrete garden paths and connecting paths concrete camden,182,concrete-garden-paths-and-connecting-paths-concrete-camden-182.jpg,14,concrete-driveway-replacement-narellan,"alt stored on the attachment, so it repeats verbatim on every page using the image",write alt text for this page's context
Concrete garden paths and connecting paths concrete camden,182,concrete-garden-paths-and-connecting-paths-concrete-camden-182.jpg,14,concrete-driveways-oran-park,"alt stored on the attachment, so it repeats verbatim on every page using the image",write alt text for this page's context
Concrete garden paths and connecting paths concrete camden,182,concrete-garden-paths-and-connecting-paths-concrete-camden-182.jpg,14,concrete-slabs-bringelly,"alt stored on the attachment, so it repeats verbatim on every page using the image",write alt text for this page's context
Concrete garden paths and connecting paths concrete camden,182,concrete-garden-paths-and-connecting-paths-concrete-camden-182.jpg,14,concrete-strength-grades-explained,"alt stored on the attachment, so it repeats verbatim on every page using the image",write alt text for this page's context
Concrete garden paths and connecting paths concrete camden,182,concrete-garden-paths-and-connecting-paths-concrete-camden-182.jpg,14,concreters-austral,"alt stored on the attachment, so it repeats verbatim on every page using the image",write alt text for this page's context
Concrete garden paths and connecting paths concrete camden,182,concrete-garden-paths-and-connecting-paths-concrete-camden-182.jpg,14,concreters-cecil-hills,"alt stored on the attachment, so it repeats verbatim on every page using the image",write alt text for this page's context
Concrete garden paths and connecting paths concrete camden,182,concrete-garden-paths-and-connecting-paths-concrete-camden-182.jpg,14,concreters-elizabeth-hills,"alt stored on the attachment, so it repeats verbatim on every page using the image",write alt text for this page's context
Concrete garden paths and connecting paths concrete camden,182,concrete-garden-paths-and-connecting-paths-concrete-camden-182.jpg,14,concreters-hoxton-park,"alt stored on the attachment, so it repeats verbatim on every page using the image",write alt text for this page's context
Concrete garden paths and connecting paths concrete camden,182,concrete-garden-paths-and-connecting-paths-concrete-camden-182.jpg,14,concreters-moorebank,"alt stored on the attachment, so it repeats verbatim on every page using the image",write alt text for this page's context
Concrete garden paths and connecting paths concrete camden,182,concrete-garden-paths-and-connecting-paths-concrete-camden-182.jpg,14,concreters-spring-farm,"alt stored on the attachment, so it repeats verbatim on every page using the image",write alt text for this page's context
Concrete garden paths and connecting paths concrete camden,182,concrete-garden-paths-and-connecting-paths-concrete-camden-182.jpg,14,exposed-aggregate-oran-park,"alt stored on the attachment, so it repeats verbatim on every page using the image",write alt text for this page's context
Concrete garden paths and connecting paths concrete camden,182,concrete-garden-paths-and-connecting-paths-concrete-camden-182.jpg,14,how-long-before-you-can-drive-on-concrete,"alt stored on the attachment, so it repeats verbatim on every page using the image",write alt text for this page's context
Concrete garden paths and connecting paths concrete camden,182,concrete-garden-paths-and-connecting-paths-concrete-camden-182.jpg,14,slab-thickness-for-driveways-vs-sheds,"alt stored on the attachment, so it repeats verbatim on every page using the image",write alt text for this page's context
Front and entry paths concrete camden,183,front-and-entry-paths-concrete-camden-183.jpg,14,commercial-concreting-cobbitty,"alt stored on the attachment, so it repeats verbatim on every page using the image",write alt text for this page's context
Front and entry paths concrete camden,183,front-and-entry-paths-concrete-camden-183.jpg,14,concrete-driveway-replacement-narellan,"alt stored on the attachment, so it repeats verbatim on every page using the image",write alt text for this page's context
Front and entry paths concrete camden,183,front-and-entry-paths-concrete-camden-183.jpg,14,concrete-driveways-oran-park,"alt stored on the attachment, so it repeats verbatim on every page using the image",write alt text for this page's context
Front and entry paths concrete camden,183,front-and-entry-paths-concrete-camden-183.jpg,14,concrete-slabs-bringelly,"alt stored on the attachment, so it repeats verbatim on every page using the image",write alt text for this page's context
Front and entry paths concrete camden,183,front-and-entry-paths-concrete-camden-183.jpg,14,concrete-strength-grades-explained,"alt stored on the attachment, so it repeats verbatim on every page using the image",write alt text for this page's context
Front and entry paths concrete camden,183,front-and-entry-paths-concrete-camden-183.jpg,14,concreters-austral,"alt stored on the attachment, so it repeats verbatim on every page using the image",write alt text for this page's context
Front and entry paths concrete camden,183,front-and-entry-paths-concrete-camden-183.jpg,14,concreters-cecil-park,"alt stored on the attachment, so it repeats verbatim on every page using the image",write alt text for this page's context
Front and entry paths concrete camden,183,front-and-entry-paths-concrete-camden-183.jpg,14,concreters-elizabeth-hills,"alt stored on the attachment, so it repeats verbatim on every page using the image",write alt text for this page's context
Front and entry paths concrete camden,183,front-and-entry-paths-concrete-camden-183.jpg,14,concreters-hoxton-park,"alt stored on the attachment, so it repeats verbatim on every page using the image",write alt text for this page's context
Front and entry paths concrete camden,183,front-and-entry-paths-concrete-camden-183.jpg,14,concreters-moorebank,"alt stored on the attachment, so it repeats verbatim on every page using the image",write alt text for this page's context
Front and entry paths concrete camden,183,front-and-entry-paths-concrete-camden-183.jpg,14,concreters-spring-farm,"alt stored on the attachment, so it repeats verbatim on every page using the image",write alt text for this page's context
Front and entry paths concrete camden,183,front-and-entry-paths-concrete-camden-183.jpg,14,exposed-aggregate-oran-park,"alt stored on the attachment, so it repeats verbatim on every page using the image",write alt text for this page's context
Front and entry paths concrete camden,183,front-and-entry-paths-concrete-camden-183.jpg,14,how-long-before-you-can-drive-on-concrete,"alt stored on the attachment, so it repeats verbatim on every page using the image",write alt text for this page's context
Front and entry paths concrete camden,183,front-and-entry-paths-concrete-camden-183.jpg,14,slab-thickness-for-driveways-vs-sheds,"alt stored on the attachment, so it repeats verbatim on every page using the image",write alt text for this page's context
Accessible paths concrete camden,184,accessible-paths-concrete-camden-184.jpg,14,commercial-concreting-cobbitty,"alt stored on the attachment, so it repeats verbatim on every page using the image",write alt text for this page's context
Accessible paths concrete camden,184,accessible-paths-concrete-camden-184.jpg,14,concrete-driveway-replacement-narellan,"alt stored on the attachment, so it repeats verbatim on every page using the image",write alt text for this page's context
Accessible paths concrete camden,184,accessible-paths-concrete-camden-184.jpg,14,concrete-driveways-oran-park,"alt stored on the attachment, so it repeats verbatim on every page using the image",write alt text for this page's context
Accessible paths concrete camden,184,accessible-paths-concrete-camden-184.jpg,14,concrete-slabs-bringelly,"alt stored on the attachment, so it repeats verbatim on every page using the image",write alt text for this page's context
Accessible paths concrete camden,184,accessible-paths-concrete-camden-184.jpg,14,concrete-strength-grades-explained,"alt stored on the attachment, so it repeats verbatim on every page using the image",write alt text for this page's context
Accessible paths concrete camden,184,accessible-paths-concrete-camden-184.jpg,14,concreters-bargo,"alt stored on the attachment, so it repeats verbatim on every page using the image",write alt text for this page's context
Accessible paths concrete camden,184,accessible-paths-concrete-camden-184.jpg,14,concreters-cecil-park,"alt stored on the attachment, so it repeats verbatim on every page using the image",write alt text for this page's context
Accessible paths concrete camden,184,accessible-paths-concrete-camden-184.jpg,14,concreters-elizabeth-hills,"alt stored on the attachment, so it repeats verbatim on every page using the image",write alt text for this page's context
Accessible paths concrete camden,184,accessible-paths-concrete-camden-184.jpg,14,concreters-hoxton-park,"alt stored on the attachment, so it repeats verbatim on every page using the image",write alt text for this page's context
Accessible paths concrete camden,184,accessible-paths-concrete-camden-184.jpg,14,concreters-mount-annan,"alt stored on the attachment, so it repeats verbatim on every page using the image",write alt text for this page's context
Accessible paths concrete camden,184,accessible-paths-concrete-camden-184.jpg,14,concreters-spring-farm,"alt stored on the attachment, so it repeats verbatim on every page using the image",write alt text for this page's context
Accessible paths concrete camden,184,accessible-paths-concrete-camden-184.jpg,14,exposed-aggregate-south-west-sydney,"alt stored on the attachment, so it repeats verbatim on every page using the image",write alt text for this page's context
Accessible paths concrete camden,184,accessible-paths-concrete-camden-184.jpg,14,how-long-before-you-can-drive-on-concrete,"alt stored on the attachment, so it repeats verbatim on every page using the image",write alt text for this page's context
Accessible paths concrete camden,184,accessible-paths-concrete-camden-184.jpg,14,slab-thickness-for-driveways-vs-sheds,"alt stored on the attachment, so it repeats verbatim on every page using the image",write alt text for this page's context
Concretejob2camden,226,concretejob2camden-226.jpg,14,commercial-concreting-gregory-hills,"alt stored on the attachment, so it repeats verbatim on every page using the image",write alt text for this page's context
Concretejob2camden,226,concretejob2camden-226.jpg,14,concrete-driveway-replacement-narellan,"alt stored on the attachment, so it repeats verbatim on every page using the image",write alt text for this page's context
Concretejob2camden,226,concretejob2camden-226.jpg,14,concrete-driveways-oran-park,"alt stored on the attachment, so it repeats verbatim on every page using the image",write alt text for this page's context
Concretejob2camden,226,concretejob2camden-226.jpg,14,concrete-slabs-bringelly,"alt stored on the attachment, so it repeats verbatim on every page using the image",write alt text for this page's context
Concretejob2camden,226,concretejob2camden-226.jpg,14,concrete-strength-grades-explained,"alt stored on the attachment, so it repeats verbatim on every page using the image",write alt text for this page's context
Concretejob2camden,226,concretejob2camden-226.jpg,14,concreters-bargo,"alt stored on the attachment, so it repeats verbatim on every page using the image",write alt text for this page's context
Concretejob2camden,226,concretejob2camden-226.jpg,14,concreters-cecil-park,"alt stored on the attachment, so it repeats verbatim on every page using the image",write alt text for this page's context
Concretejob2camden,226,concretejob2camden-226.jpg,14,concreters-elizabeth-hills,"alt stored on the attachment, so it repeats verbatim on every page using the image",write alt text for this page's context
Concretejob2camden,226,concretejob2camden-226.jpg,14,concreters-hoxton-park,"alt stored on the attachment, so it repeats verbatim on every page using the image",write alt text for this page's context
Concretejob2camden,226,concretejob2camden-226.jpg,14,concreters-mount-annan,"alt stored on the attachment, so it repeats verbatim on every page using the image",write alt text for this page's context
Concretejob2camden,226,concretejob2camden-226.jpg,14,concreters-spring-farm,"alt stored on the attachment, so it repeats verbatim on every page using the image",write alt text for this page's context
Concretejob2camden,226,concretejob2camden-226.jpg,14,exposed-aggregate-south-west-sydney,"alt stored on the attachment, so it repeats verbatim on every page using the image",write alt text for this page's context
Concretejob2camden,226,concretejob2camden-226.jpg,14,how-long-before-you-can-drive-on-concrete,"alt stored on the attachment, so it repeats verbatim on every page using the image",write alt text for this page's context
Concretejob2camden,226,concretejob2camden-226.jpg,14,slab-thickness-for-driveways-vs-sheds,"alt stored on the attachment, so it repeats verbatim on every page using the image",write alt text for this page's context
Backyard patio concreter camden,227,backyard-patio-concreter-camden-227.jpg,14,commercial-concreting-gregory-hills,"alt stored on the attachment, so it repeats verbatim on every page using the image",write alt text for this page's context
Backyard patio concreter camden,227,backyard-patio-concreter-camden-227.jpg,14,concrete-driveway-replacement-south-west-sydney,"alt stored on the attachment, so it repeats verbatim on every page using the image",write alt text for this page's context
Backyard patio concreter camden,227,backyard-patio-concreter-camden-227.jpg,14,concrete-driveways-oran-park,"alt stored on the attachment, so it repeats verbatim on every page using the image",write alt text for this page's context
Backyard patio concreter camden,227,backyard-patio-concreter-camden-227.jpg,14,concrete-slabs-bringelly,"alt stored on the attachment, so it repeats verbatim on every page using the image",write alt text for this page's context
Backyard patio concreter camden,227,backyard-patio-concreter-camden-227.jpg,14,concrete-strength-grades-explained,"alt stored on the attachment, so it repeats verbatim on every page using the image",write alt text for this page's context
Backyard patio concreter camden,227,backyard-patio-concreter-camden-227.jpg,14,concreters-bargo,"alt stored on the attachment, so it repeats verbatim on every page using the image",write alt text for this page's context
Backyard patio concreter camden,227,backyard-patio-concreter-camden-227.jpg,14,concreters-cecil-park,"alt stored on the attachment, so it repeats verbatim on every page using the image",write alt text for this page's context
Backyard patio concreter camden,227,backyard-patio-concreter-camden-227.jpg,14,concreters-ellis-lane,"alt stored on the attachment, so it repeats verbatim on every page using the image",write alt text for this page's context
Backyard patio concreter camden,227,backyard-patio-concreter-camden-227.jpg,14,concreters-hoxton-park,"alt stored on the attachment, so it repeats verbatim on every page using the image",write alt text for this page's context
Backyard patio concreter camden,227,backyard-patio-concreter-camden-227.jpg,14,concreters-mount-annan,"alt stored on the attachment, so it repeats verbatim on every page using the image",write alt text for this page's context
Backyard patio concreter camden,227,backyard-patio-concreter-camden-227.jpg,14,concreters-spring-farm,"alt stored on the attachment, so it repeats verbatim on every page using the image",write alt text for this page's context
Backyard patio concreter camden,227,backyard-patio-concreter-camden-227.jpg,14,exposed-aggregate-south-west-sydney,"alt stored on the attachment, so it repeats verbatim on every page using the image",write alt text for this page's context
Backyard patio concreter camden,227,backyard-patio-concreter-camden-227.jpg,14,how-long-before-you-can-drive-on-concrete,"alt stored on the attachment, so it repeats verbatim on every page using the image",write alt text for this page's context
Backyard patio concreter camden,227,backyard-patio-concreter-camden-227.jpg,14,slab-thickness-for-driveways-vs-sheds,"alt stored on the attachment, so it repeats verbatim on every page using the image",write alt text for this page's context
Concretejob1camden,228,concretejob1camden-228.jpg,14,commercial-concreting-gregory-hills,"alt stored on the attachment, so it repeats verbatim on every page using the image",write alt text for this page's context
Concretejob1camden,228,concretejob1camden-228.jpg,14,concrete-driveway-replacement-south-west-sydney,"alt stored on the attachment, so it repeats verbatim on every page using the image",write alt text for this page's context
Concretejob1camden,228,concretejob1camden-228.jpg,14,concrete-driveways-oran-park,"alt stored on the attachment, so it repeats verbatim on every page using the image",write alt text for this page's context
Concretejob1camden,228,concretejob1camden-228.jpg,14,concrete-slabs-gledswood-hills,"alt stored on the attachment, so it repeats verbatim on every page using the image",write alt text for this page's context
Concretejob1camden,228,concretejob1camden-228.jpg,14,concrete-strength-grades-explained,"alt stored on the attachment, so it repeats verbatim on every page using the image",write alt text for this page's context
Concretejob1camden,228,concretejob1camden-228.jpg,14,concreters-bargo,"alt stored on the attachment, so it repeats verbatim on every page using the image",write alt text for this page's context
Concretejob1camden,228,concretejob1camden-228.jpg,14,concreters-cecil-park,"alt stored on the attachment, so it repeats verbatim on every page using the image",write alt text for this page's context
Concretejob1camden,228,concretejob1camden-228.jpg,14,concreters-ellis-lane,"alt stored on the attachment, so it repeats verbatim on every page using the image",write alt text for this page's context
Concretejob1camden,228,concretejob1camden-228.jpg,14,concreters-ingleburn,"alt stored on the attachment, so it repeats verbatim on every page using the image",write alt text for this page's context
Concretejob1camden,228,concretejob1camden-228.jpg,14,concreters-mount-annan,"alt stored on the attachment, so it repeats verbatim on every page using the image",write alt text for this page's context
Concretejob1camden,228,concretejob1camden-228.jpg,14,concreters-spring-farm,"alt stored on the attachment, so it repeats verbatim on every page using the image",write alt text for this page's context
Concretejob1camden,228,concretejob1camden-228.jpg,14,exposed-aggregate-south-west-sydney,"alt stored on the attachment, so it repeats verbatim on every page using the image",write alt text for this page's context
Concretejob1camden,228,concretejob1camden-228.jpg,14,how-long-before-you-can-drive-on-concrete,"alt stored on the attachment, so it repeats verbatim on every page using the image",write alt text for this page's context
Concretejob1camden,228,concretejob1camden-228.jpg,14,slab-thickness-for-driveways-vs-sheds,"alt stored on the attachment, so it repeats verbatim on every page using the image",write alt text for this page's context
Cropped chatgpt image jul 6 2026 01 52 19 pm camden,272,cropped-chatgpt-image-jul-6-2026-01-52-19-pm-camden-272.png,14,camden-council-driveway-crossing,"alt stored on the attachment, so it repeats verbatim on every page using the image",write alt text for this page's context
Cropped chatgpt image jul 6 2026 01 52 19 pm camden,272,cropped-chatgpt-image-jul-6-2026-01-52-19-pm-camden-272.png,14,coloured-concrete-driveway-cost,"alt stored on the attachment, so it repeats verbatim on every page using the image",write alt text for this page's context
Cropped chatgpt image jul 6 2026 01 52 19 pm camden,272,cropped-chatgpt-image-jul-6-2026-01-52-19-pm-camden-272.png,14,concrete-crossovers-and-laybacks-austral,"alt stored on the attachment, so it repeats verbatim on every page using the image",write alt text for this page's context
Cropped chatgpt image jul 6 2026 01 52 19 pm camden,272,cropped-chatgpt-image-jul-6-2026-01-52-19-pm-camden-272.png,14,concrete-crossovers-and-laybacks-currans-hill,"alt stored on the attachment, so it repeats verbatim on every page using the image",write alt text for this page's context
Cropped chatgpt image jul 6 2026 01 52 19 pm camden,272,cropped-chatgpt-image-jul-6-2026-01-52-19-pm-camden-272.png,14,concrete-crossovers-and-laybacks-leppington,"alt stored on the attachment, so it repeats verbatim on every page using the image",write alt text for this page's context
Cropped chatgpt image jul 6 2026 01 52 19 pm camden,272,cropped-chatgpt-image-jul-6-2026-01-52-19-pm-camden-272.png,14,concrete-crossovers-and-laybacks-oran-park,"alt stored on the attachment, so it repeats verbatim on every page using the image",write alt text for this page's context
Cropped chatgpt image jul 6 2026 01 52 19 pm camden,272,cropped-chatgpt-image-jul-6-2026-01-52-19-pm-camden-272.png,14,concrete-crossovers-and-laybacks-south-west-sydney,"alt stored on the attachment, so it repeats verbatim on every page using the image",write alt text for this page's context
Cropped chatgpt image jul 6 2026 01 52 19 pm camden,272,cropped-chatgpt-image-jul-6-2026-01-52-19-pm-camden-272.png,14,concrete-crossovers-and-laybacks-spring-farm,"alt stored on the attachment, so it repeats verbatim on every page using the image",write alt text for this page's context
Cropped chatgpt image jul 6 2026 01 52 19 pm camden,272,cropped-chatgpt-image-jul-6-2026-01-52-19-pm-camden-272.png,14,concrete-driveway-cost-nsw,"alt stored on the attachment, so it repeats verbatim on every page using the image",write alt text for this page's context
Cropped chatgpt image jul 6 2026 01 52 19 pm camden,272,cropped-chatgpt-image-jul-6-2026-01-52-19-pm-camden-272.png,14,driveway-cost-calculator,"alt stored on the attachment, so it repeats verbatim on every page using the image",write alt text for this page's context
Cropped chatgpt image jul 6 2026 01 52 19 pm camden,272,cropped-chatgpt-image-jul-6-2026-01-52-19-pm-camden-272.png,14,exposed-aggregate-driveway-cost,"alt stored on the attachment, so it repeats verbatim on every page using the image",write alt text for this page's context
Cropped chatgpt image jul 6 2026 01 52 19 pm camden,272,cropped-chatgpt-image-jul-6-2026-01-52-19-pm-camden-272.png,14,plain-concrete-driveway-cost,"alt stored on the attachment, so it repeats verbatim on every page using the image",write alt text for this page's context
Cropped chatgpt image jul 6 2026 01 52 19 pm camden,272,cropped-chatgpt-image-jul-6-2026-01-52-19-pm-camden-272.png,14,slab-volume-calculator,"alt stored on the attachment, so it repeats verbatim on every page using the image",write alt text for this page's context
Cropped chatgpt image jul 6 2026 01 52 19 pm camden,272,cropped-chatgpt-image-jul-6-2026-01-52-19-pm-camden-272.png,14,stencilled-concrete-driveway-cost,"alt stored on the attachment, so it repeats verbatim on every page using the image",write alt text for this page's context
Image placeholder hero camden,275,image-placeholder-hero-camden-275.jpeg,14,commercial-concreting-gregory-hills,"alt stored on the attachment, so it repeats verbatim on every page using the image",write alt text for this page's context
Image placeholder hero camden,275,image-placeholder-hero-camden-275.jpeg,14,concrete-driveway-replacement-south-west-sydney,"alt stored on the attachment, so it repeats verbatim on every page using the image",write alt text for this page's context
Image placeholder hero camden,275,image-placeholder-hero-camden-275.jpeg,14,concrete-driveways-oran-park,"alt stored on the attachment, so it repeats verbatim on every page using the image",write alt text for this page's context
Image placeholder hero camden,275,image-placeholder-hero-camden-275.jpeg,14,concrete-slabs-gledswood-hills,"alt stored on the attachment, so it repeats verbatim on every page using the image",write alt text for this page's context
Image placeholder hero camden,275,image-placeholder-hero-camden-275.jpeg,14,concrete-strength-grades-explained,"alt stored on the attachment, so it repeats verbatim on every page using the image",write alt text for this page's context
Image placeholder hero camden,275,image-placeholder-hero-camden-275.jpeg,14,concreters-bargo,"alt stored on the attachment, so it repeats verbatim on every page using the image",write alt text for this page's context
Image placeholder hero camden,275,image-placeholder-hero-camden-275.jpeg,14,concreters-chipping-norton,"alt stored on the attachment, so it repeats verbatim on every page using the image",write alt text for this page's context
Image placeholder hero camden,275,image-placeholder-hero-camden-275.jpeg,14,concreters-ellis-lane,"alt stored on the attachment, so it repeats verbatim on every page using the image",write alt text for this page's context
Image placeholder hero camden,275,image-placeholder-hero-camden-275.jpeg,14,concreters-ingleburn,"alt stored on the attachment, so it repeats verbatim on every page using the image",write alt text for this page's context
Image placeholder hero camden,275,image-placeholder-hero-camden-275.jpeg,14,concreters-mount-annan,"alt stored on the attachment, so it repeats verbatim on every page using the image",write alt text for this page's context
Image placeholder hero camden,275,image-placeholder-hero-camden-275.jpeg,14,concreters-spring-farm,"alt stored on the attachment, so it repeats verbatim on every page using the image",write alt text for this page's context
Image placeholder hero camden,275,image-placeholder-hero-camden-275.jpeg,14,exposed-aggregate-south-west-sydney,"alt stored on the attachment, so it repeats verbatim on every page using the image",write alt text for this page's context
Image placeholder hero camden,275,image-placeholder-hero-camden-275.jpeg,14,how-long-before-you-can-drive-on-concrete,"alt stored on the attachment, so it repeats verbatim on every page using the image",write alt text for this page's context
Image placeholder hero camden,275,image-placeholder-hero-camden-275.jpeg,14,slab-thickness-for-driveways-vs-sheds,"alt stored on the attachment, so it repeats verbatim on every page using the image",write alt text for this page's context
Image contact 1 camden,276,image-contact-1-camden-276.jpg,14,commercial-concreting-gregory-hills,"alt stored on the attachment, so it repeats verbatim on every page using the image",write alt text for this page's context
Image contact 1 camden,276,image-contact-1-camden-276.jpg,14,concrete-driveway-replacement-south-west-sydney,"alt stored on the attachment, so it repeats verbatim on every page using the image",write alt text for this page's context
Image contact 1 camden,276,image-contact-1-camden-276.jpg,14,concrete-driveways-oran-park,"alt stored on the attachment, so it repeats verbatim on every page using the image",write alt text for this page's context
Image contact 1 camden,276,image-contact-1-camden-276.jpg,14,concrete-slabs-gledswood-hills,"alt stored on the attachment, so it repeats verbatim on every page using the image",write alt text for this page's context
Image contact 1 camden,276,image-contact-1-camden-276.jpg,14,concrete-vs-pavers-vs-asphalt,"alt stored on the attachment, so it repeats verbatim on every page using the image",write alt text for this page's context
Image contact 1 camden,276,image-contact-1-camden-276.jpg,14,concreters-bradbury,"alt stored on the attachment, so it repeats verbatim on every page using the image",write alt text for this page's context
Image contact 1 camden,276,image-contact-1-camden-276.jpg,14,concreters-chipping-norton,"alt stored on the attachment, so it repeats verbatim on every page using the image",write alt text for this page's context
Image contact 1 camden,276,image-contact-1-camden-276.jpg,14,concreters-ellis-lane,"alt stored on the attachment, so it repeats verbatim on every page using the image",write alt text for this page's context
Image contact 1 camden,276,image-contact-1-camden-276.jpg,14,concreters-ingleburn,"alt stored on the attachment, so it repeats verbatim on every page using the image",write alt text for this page's context
Image contact 1 camden,276,image-contact-1-camden-276.jpg,14,concreters-mount-annan,"alt stored on the attachment, so it repeats verbatim on every page using the image",write alt text for this page's context
Image contact 1 camden,276,image-contact-1-camden-276.jpg,14,concreters-spring-farm,"alt stored on the attachment, so it repeats verbatim on every page using the image",write alt text for this page's context
Image contact 1 camden,276,image-contact-1-camden-276.jpg,14,exposed-aggregate-vs-plain-concrete,"alt stored on the attachment, so it repeats verbatim on every page using the image",write alt text for this page's context
Image contact 1 camden,276,image-contact-1-camden-276.jpg,14,liverpool-council-vehicle-crossing,"alt stored on the attachment, so it repeats verbatim on every page using the image",write alt text for this page's context
Image contact 1 camden,276,image-contact-1-camden-276.jpg,14,stencilled-vs-stamped-concrete-cost,"alt stored on the attachment, so it repeats verbatim on every page using the image",write alt text for this page's context
Image placeholder hero 1 camden,277,image-placeholder-hero-1-camden-277.jpeg,14,commercial-concreting-gregory-hills,"alt stored on the attachment, so it repeats verbatim on every page using the image",write alt text for this page's context
Image placeholder hero 1 camden,277,image-placeholder-hero-1-camden-277.jpeg,14,concrete-driveway-replacement-south-west-sydney,"alt stored on the attachment, so it repeats verbatim on every page using the image",write alt text for this page's context
Image placeholder hero 1 camden,277,image-placeholder-hero-1-camden-277.jpeg,14,concrete-driveways-oran-park,"alt stored on the attachment, so it repeats verbatim on every page using the image",write alt text for this page's context
Image placeholder hero 1 camden,277,image-placeholder-hero-1-camden-277.jpeg,14,concrete-slabs-gledswood-hills,"alt stored on the attachment, so it repeats verbatim on every page using the image",write alt text for this page's context
Image placeholder hero 1 camden,277,image-placeholder-hero-1-camden-277.jpeg,14,concrete-vs-pavers-vs-asphalt,"alt stored on the attachment, so it repeats verbatim on every page using the image",write alt text for this page's context
Image placeholder hero 1 camden,277,image-placeholder-hero-1-camden-277.jpeg,14,concreters-bradbury,"alt stored on the attachment, so it repeats verbatim on every page using the image",write alt text for this page's context
Image placeholder hero 1 camden,277,image-placeholder-hero-1-camden-277.jpeg,14,concreters-chipping-norton,"alt stored on the attachment, so it repeats verbatim on every page using the image",write alt text for this page's context
Image placeholder hero 1 camden,277,image-placeholder-hero-1-camden-277.jpeg,14,concreters-ellis-lane,"alt stored on the attachment, so it repeats verbatim on every page using the image",write alt text for this page's context
Image placeholder hero 1 camden,277,image-placeholder-hero-1-camden-277.jpeg,14,concreters-ingleburn,"alt stored on the attachment, so it repeats verbatim on every page using the image",write alt text for this page's context
Image placeholder hero 1 camden,277,image-placeholder-hero-1-camden-277.jpeg,14,concreters-mount-annan,"alt stored on the attachment, so it repeats verbatim on every page using the image",write alt text for this page's context
Image placeholder hero 1 camden,277,image-placeholder-hero-1-camden-277.jpeg,14,concreters-spring-farm,"alt stored on the attachment, so it repeats verbatim on every page using the image",write alt text for this page's context
Image placeholder hero 1 camden,277,image-placeholder-hero-1-camden-277.jpeg,14,exposed-aggregate-vs-plain-concrete,"alt stored on the attachment, so it repeats verbatim on every page using the image",write alt text for this page's context
Image placeholder hero 1 camden,277,image-placeholder-hero-1-camden-277.jpeg,14,liverpool-council-vehicle-crossing,"alt stored on the attachment, so it repeats verbatim on every page using the image",write alt text for this page's context
Image placeholder hero 1 camden,277,image-placeholder-hero-1-camden-277.jpeg,14,stencilled-vs-stamped-concrete-cost,"alt stored on the attachment, so it repeats verbatim on every page using the image",write alt text for this page's context
Image placeholder about 1 camden,278,image-placeholder-about-1-camden-278.jpeg,14,commercial-concreting-gregory-hills,"alt stored on the attachment, so it repeats verbatim on every page using the image",write alt text for this page's context
Image placeholder about 1 camden,278,image-placeholder-about-1-camden-278.jpeg,14,concrete-driveway-replacement-south-west-sydney,"alt stored on the attachment, so it repeats verbatim on every page using the image",write alt text for this page's context
Image placeholder about 1 camden,278,image-placeholder-about-1-camden-278.jpeg,14,concrete-driveways-oran-park,"alt stored on the attachment, so it repeats verbatim on every page using the image",write alt text for this page's context
Image placeholder about 1 camden,278,image-placeholder-about-1-camden-278.jpeg,14,concrete-slabs-gledswood-hills,"alt stored on the attachment, so it repeats verbatim on every page using the image",write alt text for this page's context
Image placeholder about 1 camden,278,image-placeholder-about-1-camden-278.jpeg,14,concrete-vs-pavers-vs-asphalt,"alt stored on the attachment, so it repeats verbatim on every page using the image",write alt text for this page's context
Image placeholder about 1 camden,278,image-placeholder-about-1-camden-278.jpeg,14,concreters-bradbury,"alt stored on the attachment, so it repeats verbatim on every page using the image",write alt text for this page's context
Image placeholder about 1 camden,278,image-placeholder-about-1-camden-278.jpeg,14,concreters-chipping-norton,"alt stored on the attachment, so it repeats verbatim on every page using the image",write alt text for this page's context
Image placeholder about 1 camden,278,image-placeholder-about-1-camden-278.jpeg,14,concreters-gilead,"alt stored on the attachment, so it repeats verbatim on every page using the image",write alt text for this page's context
Image placeholder about 1 camden,278,image-placeholder-about-1-camden-278.jpeg,14,concreters-ingleburn,"alt stored on the attachment, so it repeats verbatim on every page using the image",write alt text for this page's context
Image placeholder about 1 camden,278,image-placeholder-about-1-camden-278.jpeg,14,concreters-mount-annan,"alt stored on the attachment, so it repeats verbatim on every page using the image",write alt text for this page's context
Image placeholder about 1 camden,278,image-placeholder-about-1-camden-278.jpeg,14,concreters-spring-farm,"alt stored on the attachment, so it repeats verbatim on every page using the image",write alt text for this page's context
Image placeholder about 1 camden,278,image-placeholder-about-1-camden-278.jpeg,14,exposed-aggregate-vs-plain-concrete,"alt stored on the attachment, so it repeats verbatim on every page using the image",write alt text for this page's context
Image placeholder about 1 camden,278,image-placeholder-about-1-camden-278.jpeg,14,liverpool-council-vehicle-crossing,"alt stored on the attachment, so it repeats verbatim on every page using the image",write alt text for this page's context
Image placeholder about 1 camden,278,image-placeholder-about-1-camden-278.jpeg,14,stencilled-vs-stamped-concrete-cost,"alt stored on the attachment, so it repeats verbatim on every page using the image",write alt text for this page's context
Image placeholder about camden,279,image-placeholder-about-camden-279.jpeg,14,commercial-concreting-gregory-hills,"alt stored on the attachment, so it repeats verbatim on every page using the image",write alt text for this page's context
Image placeholder about camden,279,image-placeholder-about-camden-279.jpeg,14,concrete-driveway-replacement-south-west-sydney,"alt stored on the attachment, so it repeats verbatim on every page using the image",write alt text for this page's context
Image placeholder about camden,279,image-placeholder-about-camden-279.jpeg,14,concrete-driveways-oran-park,"alt stored on the attachment, so it repeats verbatim on every page using the image",write alt text for this page's context
Image placeholder about camden,279,image-placeholder-about-camden-279.jpeg,14,concrete-slabs-gledswood-hills,"alt stored on the attachment, so it repeats verbatim on every page using the image",write alt text for this page's context
Image placeholder about camden,279,image-placeholder-about-camden-279.jpeg,14,concrete-vs-pavers-vs-asphalt,"alt stored on the attachment, so it repeats verbatim on every page using the image",write alt text for this page's context
Image placeholder about camden,279,image-placeholder-about-camden-279.jpeg,14,concreters-bradbury,"alt stored on the attachment, so it repeats verbatim on every page using the image",write alt text for this page's context
Image placeholder about camden,279,image-placeholder-about-camden-279.jpeg,14,concreters-chipping-norton,"alt stored on the attachment, so it repeats verbatim on every page using the image",write alt text for this page's context
Image placeholder about camden,279,image-placeholder-about-camden-279.jpeg,14,concreters-gilead,"alt stored on the attachment, so it repeats verbatim on every page using the image",write alt text for this page's context
Image placeholder about camden,279,image-placeholder-about-camden-279.jpeg,14,concreters-kemps-creek,"alt stored on the attachment, so it repeats verbatim on every page using the image",write alt text for this page's context
Image placeholder about camden,279,image-placeholder-about-camden-279.jpeg,14,concreters-mount-annan,"alt stored on the attachment, so it repeats verbatim on every page using the image",write alt text for this page's context
Image placeholder about camden,279,image-placeholder-about-camden-279.jpeg,14,concreters-tahmoor,"alt stored on the attachment, so it repeats verbatim on every page using the image",write alt text for this page's context
Image placeholder about camden,279,image-placeholder-about-camden-279.jpeg,14,exposed-aggregate-vs-plain-concrete,"alt stored on the attachment, so it repeats verbatim on every page using the image",write alt text for this page's context
Image placeholder about camden,279,image-placeholder-about-camden-279.jpeg,14,liverpool-council-vehicle-crossing,"alt stored on the attachment, so it repeats verbatim on every page using the image",write alt text for this page's context
Image placeholder about camden,279,image-placeholder-about-camden-279.jpeg,14,stencilled-vs-stamped-concrete-cost,"alt stored on the attachment, so it repeats verbatim on every page using the image",write alt text for this page's context
Image testemonials camden,280,image-testemonials-camden-280.jpeg,14,commercial-concreting-gregory-hills,"alt stored on the attachment, so it repeats verbatim on every page using the image",write alt text for this page's context
Image testemonials camden,280,image-testemonials-camden-280.jpeg,14,concrete-driveway-replacement-south-west-sydney,"alt stored on the attachment, so it repeats verbatim on every page using the image",write alt text for this page's context
Image testemonials camden,280,image-testemonials-camden-280.jpeg,14,concrete-driveways-south-west-sydney,"alt stored on the attachment, so it repeats verbatim on every page using the image",write alt text for this page's context
Image testemonials camden,280,image-testemonials-camden-280.jpeg,14,concrete-slabs-gledswood-hills,"alt stored on the attachment, so it repeats verbatim on every page using the image",write alt text for this page's context
Image testemonials camden,280,image-testemonials-camden-280.jpeg,14,concrete-vs-pavers-vs-asphalt,"alt stored on the attachment, so it repeats verbatim on every page using the image",write alt text for this page's context
Image testemonials camden,280,image-testemonials-camden-280.jpeg,14,concreters-bradbury,"alt stored on the attachment, so it repeats verbatim on every page using the image",write alt text for this page's context
Image testemonials camden,280,image-testemonials-camden-280.jpeg,14,concreters-cobbitty,"alt stored on the attachment, so it repeats verbatim on every page using the image",write alt text for this page's context
Image testemonials camden,280,image-testemonials-camden-280.jpeg,14,concreters-gilead,"alt stored on the attachment, so it repeats verbatim on every page using the image",write alt text for this page's context
Image testemonials camden,280,image-testemonials-camden-280.jpeg,14,concreters-kemps-creek,"alt stored on the attachment, so it repeats verbatim on every page using the image",write alt text for this page's context
Image testemonials camden,280,image-testemonials-camden-280.jpeg,14,concreters-mount-annan,"alt stored on the attachment, so it repeats verbatim on every page using the image",write alt text for this page's context
Image testemonials camden,280,image-testemonials-camden-280.jpeg,14,concreters-tahmoor,"alt stored on the attachment, so it repeats verbatim on every page using the image",write alt text for this page's context
Image testemonials camden,280,image-testemonials-camden-280.jpeg,14,exposed-aggregate-vs-plain-concrete,"alt stored on the attachment, so it repeats verbatim on every page using the image",write alt text for this page's context
Image testemonials camden,280,image-testemonials-camden-280.jpeg,14,liverpool-council-vehicle-crossing,"alt stored on the attachment, so it repeats verbatim on every page using the image",write alt text for this page's context
Image testemonials camden,280,image-testemonials-camden-280.jpeg,14,stencilled-vs-stamped-concrete-cost,"alt stored on the attachment, so it repeats verbatim on every page using the image",write alt text for this page's context
Corex concreters camden logo,306,corex-concreters-camden-logo-306.png,8,about,"alt stored on the attachment, so it repeats verbatim on every page using the image",write alt text for this page's context
Corex concreters camden logo,306,corex-concreters-camden-logo-306.png,8,concrete-patios-edmondson-park,"alt stored on the attachment, so it repeats verbatim on every page using the image",write alt text for this page's context
Corex concreters camden logo,306,corex-concreters-camden-logo-306.png,8,concrete-patios-elderslie,"alt stored on the attachment, so it repeats verbatim on every page using the image",write alt text for this page's context
Corex concreters camden logo,306,corex-concreters-camden-logo-306.png,8,concrete-patios-gledswood-hills,"alt stored on the attachment, so it repeats verbatim on every page using the image",write alt text for this page's context
Corex concreters camden logo,306,corex-concreters-camden-logo-306.png,8,concrete-patios-south-west-sydney,"alt stored on the attachment, so it repeats verbatim on every page using the image",write alt text for this page's context
Corex concreters camden logo,306,corex-concreters-camden-logo-306.png,8,contact,"alt stored on the attachment, so it repeats verbatim on every page using the image",write alt text for this page's context
Corex concreters camden logo,306,corex-concreters-camden-logo-306.png,8,gallery,"alt stored on the attachment, so it repeats verbatim on every page using the image",write alt text for this page's context
Corex concreters camden logo,306,corex-concreters-camden-logo-306.png,8,quote,"alt stored on the attachment, so it repeats verbatim on every page using the image",write alt text for this page's context
Corex concreters camden logo,307,corex-concreters-camden-logo-307.png,2,concrete-paths-edmondson-park,"alt stored on the attachment, so it repeats verbatim on every page using the image",write alt text for this page's context
Corex concreters camden logo,307,corex-concreters-camden-logo-307.png,2,concrete-paths-south-west-sydney,"alt stored on the attachment, so it repeats verbatim on every page using the image",write alt text for this page's context
About 2 hero camden,323,about-2-hero-camden-323.jpg,14,commercial-concreting-narellan,"alt stored on the attachment, so it repeats verbatim on every page using the image",write alt text for this page's context
About 2 hero camden,323,about-2-hero-camden-323.jpg,14,concrete-driveway-replacement-south-west-sydney,"alt stored on the attachment, so it repeats verbatim on every page using the image",write alt text for this page's context
About 2 hero camden,323,about-2-hero-camden-323.jpg,14,concrete-driveways-south-west-sydney,"alt stored on the attachment, so it repeats verbatim on every page using the image",write alt text for this page's context
About 2 hero camden,323,about-2-hero-camden-323.jpg,14,concrete-slabs-gledswood-hills,"alt stored on the attachment, so it repeats verbatim on every page using the image",write alt text for this page's context
About 2 hero camden,323,about-2-hero-camden-323.jpg,14,concrete-vs-pavers-vs-asphalt,"alt stored on the attachment, so it repeats verbatim on every page using the image",write alt text for this page's context
About 2 hero camden,323,about-2-hero-camden-323.jpg,14,concreters-bringelly,"alt stored on the attachment, so it repeats verbatim on every page using the image",write alt text for this page's context
About 2 hero camden,323,about-2-hero-camden-323.jpg,14,concreters-cobbitty,"alt stored on the attachment, so it repeats verbatim on every page using the image",write alt text for this page's context
About 2 hero camden,323,about-2-hero-camden-323.jpg,14,concreters-gilead,"alt stored on the attachment, so it repeats verbatim on every page using the image",write alt text for this page's context
About 2 hero camden,323,about-2-hero-camden-323.jpg,14,concreters-kemps-creek,"alt stored on the attachment, so it repeats verbatim on every page using the image",write alt text for this page's context
About 2 hero camden,323,about-2-hero-camden-323.jpg,14,concreters-mount-annan,"alt stored on the attachment, so it repeats verbatim on every page using the image",write alt text for this page's context
About 2 hero camden,323,about-2-hero-camden-323.jpg,14,concreters-tahmoor,"alt stored on the attachment, so it repeats verbatim on every page using the image",write alt text for this page's context
About 2 hero camden,323,about-2-hero-camden-323.jpg,14,exposed-aggregate-vs-plain-concrete,"alt stored on the attachment, so it repeats verbatim on every page using the image",write alt text for this page's context
About 2 hero camden,323,about-2-hero-camden-323.jpg,14,liverpool-council-vehicle-crossing,"alt stored on the attachment, so it repeats verbatim on every page using the image",write alt text for this page's context
About 2 hero camden,323,about-2-hero-camden-323.jpg,14,stencilled-vs-stamped-concrete-cost,"alt stored on the attachment, so it repeats verbatim on every page using the image",write alt text for this page's context
Oran park1,480,oran-park1-480.webp,14,commercial-concreting-narellan,"alt stored on the attachment, so it repeats verbatim on every page using the image",write alt text for this page's context
Oran park1,480,oran-park1-480.webp,14,concrete-driveway-replacement-south-west-sydney,"alt stored on the attachment, so it repeats verbatim on every page using the image",write alt text for this page's context
Oran park1,480,oran-park1-480.webp,14,concrete-driveways-south-west-sydney,"alt stored on the attachment, so it repeats verbatim on every page using the image",write alt text for this page's context
Oran park1,480,oran-park1-480.webp,14,concrete-slabs-gledswood-hills,"alt stored on the attachment, so it repeats verbatim on every page using the image",write alt text for this page's context
Oran park1,480,oran-park1-480.webp,14,concrete-vs-pavers-vs-asphalt,"alt stored on the attachment, so it repeats verbatim on every page using the image",write alt text for this page's context
Oran park1,480,oran-park1-480.webp,14,concreters-bringelly,"alt stored on the attachment, so it repeats verbatim on every page using the image",write alt text for this page's context
Oran park1,480,oran-park1-480.webp,14,concreters-cobbitty,"alt stored on the attachment, so it repeats verbatim on every page using the image",write alt text for this page's context
Oran park1,480,oran-park1-480.webp,14,concreters-gilead,"alt stored on the attachment, so it repeats verbatim on every page using the image",write alt text for this page's context
Oran park1,480,oran-park1-480.webp,14,concreters-kemps-creek,"alt stored on the attachment, so it repeats verbatim on every page using the image",write alt text for this page's context
Oran park1,480,oran-park1-480.webp,14,concreters-mount-annan,"alt stored on the attachment, so it repeats verbatim on every page using the image",write alt text for this page's context
Oran park1,480,oran-park1-480.webp,14,concreters-tahmoor,"alt stored on the attachment, so it repeats verbatim on every page using the image",write alt text for this page's context
Oran park1,480,oran-park1-480.webp,14,exposed-aggregate-vs-plain-concrete,"alt stored on the attachment, so it repeats verbatim on every page using the image",write alt text for this page's context
Oran park1,480,oran-park1-480.webp,14,liverpool-council-vehicle-crossing,"alt stored on the attachment, so it repeats verbatim on every page using the image",write alt text for this page's context
Oran park1,480,oran-park1-480.webp,14,stencilled-vs-stamped-concrete-cost,"alt stored on the attachment, so it repeats verbatim on every page using the image",write alt text for this page's context
Oran park2,481,oran-park2-481.webp,14,broom-finish-concrete,"alt stored on the attachment, so it repeats verbatim on every page using the image",write alt text for this page's context
Oran park2,481,oran-park2-481.webp,14,commercial-concreting-narellan,"alt stored on the attachment, so it repeats verbatim on every page using the image",write alt text for this page's context
Oran park2,481,oran-park2-481.webp,14,concrete-driveway-replacement-south-west-sydney,"alt stored on the attachment, so it repeats verbatim on every page using the image",write alt text for this page's context
Oran park2,481,oran-park2-481.webp,14,concrete-driveways-south-west-sydney,"alt stored on the attachment, so it repeats verbatim on every page using the image",write alt text for this page's context
Oran park2,481,oran-park2-481.webp,14,concrete-slabs-gregory-hills,"alt stored on the attachment, so it repeats verbatim on every page using the image",write alt text for this page's context
Oran park2,481,oran-park2-481.webp,14,concreters-bringelly,"alt stored on the attachment, so it repeats verbatim on every page using the image",write alt text for this page's context
Oran park2,481,oran-park2-481.webp,14,concreters-cobbitty,"alt stored on the attachment, so it repeats verbatim on every page using the image",write alt text for this page's context
Oran park2,481,oran-park2-481.webp,14,concreters-gledswood-hills,"alt stored on the attachment, so it repeats verbatim on every page using the image",write alt text for this page's context
Oran park2,481,oran-park2-481.webp,14,concreters-kemps-creek,"alt stored on the attachment, so it repeats verbatim on every page using the image",write alt text for this page's context
Oran park2,481,oran-park2-481.webp,14,concreters-narellan-vale,"alt stored on the attachment, so it repeats verbatim on every page using the image",write alt text for this page's context
Oran park2,481,oran-park2-481.webp,14,concreters-tahmoor,"alt stored on the attachment, so it repeats verbatim on every page using the image",write alt text for this page's context
Oran park2,481,oran-park2-481.webp,14,control-joints-and-saw-cut-timing,"alt stored on the attachment, so it repeats verbatim on every page using the image",write alt text for this page's context
Oran park2,481,oran-park2-481.webp,14,non-slip-finishes-for-pools-and-slopes,"alt stored on the attachment, so it repeats verbatim on every page using the image",write alt text for this page's context
Oran park2,481,oran-park2-481.webp,14,what-actually-moves-a-concrete-quote,"alt stored on the attachment, so it repeats verbatim on every page using the image",write alt text for this page's context
Oran park3,482,oran-park3-482.webp,14,broom-finish-concrete,"alt stored on the attachment, so it repeats verbatim on every page using the image",write alt text for this page's context
Oran park3,482,oran-park3-482.webp,14,commercial-concreting-narellan,"alt stored on the attachment, so it repeats verbatim on every page using the image",write alt text for this page's context
Oran park3,482,oran-park3-482.webp,14,concrete-driveways-austral,"alt stored on the attachment, so it repeats verbatim on every page using the image",write alt text for this page's context
Oran park3,482,oran-park3-482.webp,14,concrete-driveways-south-west-sydney,"alt stored on the attachment, so it repeats verbatim on every page using the image",write alt text for this page's context
Oran park3,482,oran-park3-482.webp,14,concrete-slabs-gregory-hills,"alt stored on the attachment, so it repeats verbatim on every page using the image",write alt text for this page's context
Oran park3,482,oran-park3-482.webp,14,concreters-bringelly,"alt stored on the attachment, so it repeats verbatim on every page using the image",write alt text for this page's context
Oran park3,482,oran-park3-482.webp,14,concreters-cobbitty,"alt stored on the attachment, so it repeats verbatim on every page using the image",write alt text for this page's context
Oran park3,482,oran-park3-482.webp,14,concreters-gledswood-hills,"alt stored on the attachment, so it repeats verbatim on every page using the image",write alt text for this page's context
Oran park3,482,oran-park3-482.webp,14,concreters-kirkham,"alt stored on the attachment, so it repeats verbatim on every page using the image",write alt text for this page's context
Oran park3,482,oran-park3-482.webp,14,concreters-narellan-vale,"alt stored on the attachment, so it repeats verbatim on every page using the image",write alt text for this page's context
Oran park3,482,oran-park3-482.webp,14,concreters-the-oaks,"alt stored on the attachment, so it repeats verbatim on every page using the image",write alt text for this page's context
Oran park3,482,oran-park3-482.webp,14,control-joints-and-saw-cut-timing,"alt stored on the attachment, so it repeats verbatim on every page using the image",write alt text for this page's context
Oran park3,482,oran-park3-482.webp,14,non-slip-finishes-for-pools-and-slopes,"alt stored on the attachment, so it repeats verbatim on every page using the image",write alt text for this page's context
Oran park3,482,oran-park3-482.webp,14,what-actually-moves-a-concrete-quote,"alt stored on the attachment, so it repeats verbatim on every page using the image",write alt text for this page's context
Exposed aggregate south west sydney,609,exposed-aggregate-south-west-sydney-609.jpg,14,broom-finish-concrete,"alt stored on the attachment, so it repeats verbatim on every page using the image",write alt text for this page's context
Exposed aggregate south west sydney,609,exposed-aggregate-south-west-sydney-609.jpg,14,commercial-concreting-narellan,"alt stored on the attachment, so it repeats verbatim on every page using the image",write alt text for this page's context
Exposed aggregate south west sydney,609,exposed-aggregate-south-west-sydney-609.jpg,14,concrete-driveways-austral,"alt stored on the attachment, so it repeats verbatim on every page using the image",write alt text for this page's context
Exposed aggregate south west sydney,609,exposed-aggregate-south-west-sydney-609.jpg,14,concrete-driveways-south-west-sydney,"alt stored on the attachment, so it repeats verbatim on every page using the image",write alt text for this page's context
Exposed aggregate south west sydney,609,exposed-aggregate-south-west-sydney-609.jpg,14,concrete-slabs-gregory-hills,"alt stored on the attachment, so it repeats verbatim on every page using the image",write alt text for this page's context
Exposed aggregate south west sydney,609,exposed-aggregate-south-west-sydney-609.jpg,14,concreters-bringelly,"alt stored on the attachment, so it repeats verbatim on every page using the image",write alt text for this page's context
Exposed aggregate south west sydney,609,exposed-aggregate-south-west-sydney-609.jpg,14,concreters-cobbitty,"alt stored on the attachment, so it repeats verbatim on every page using the image",write alt text for this page's context
Exposed aggregate south west sydney,609,exposed-aggregate-south-west-sydney-609.jpg,14,concreters-gledswood-hills,"alt stored on the attachment, so it repeats verbatim on every page using the image",write alt text for this page's context
Exposed aggregate south west sydney,609,exposed-aggregate-south-west-sydney-609.jpg,14,concreters-kirkham,"alt stored on the attachment, so it repeats verbatim on every page using the image",write alt text for this page's context
Exposed aggregate south west sydney,609,exposed-aggregate-south-west-sydney-609.jpg,14,concreters-narellan-vale,"alt stored on the attachment, so it repeats verbatim on every page using the image",write alt text for this page's context
Exposed aggregate south west sydney,609,exposed-aggregate-south-west-sydney-609.jpg,14,concreters-the-oaks,"alt stored on the attachment, so it repeats verbatim on every page using the image",write alt text for this page's context
Exposed aggregate south west sydney,609,exposed-aggregate-south-west-sydney-609.jpg,14,control-joints-and-saw-cut-timing,"alt stored on the attachment, so it repeats verbatim on every page using the image",write alt text for this page's context
Exposed aggregate south west sydney,609,exposed-aggregate-south-west-sydney-609.jpg,14,non-slip-finishes-for-pools-and-slopes,"alt stored on the attachment, so it repeats verbatim on every page using the image",write alt text for this page's context
Exposed aggregate south west sydney,609,exposed-aggregate-south-west-sydney-609.jpg,14,what-actually-moves-a-concrete-quote,"alt stored on the attachment, so it repeats verbatim on every page using the image",write alt text for this page's context
Driveway excavation camden,906,driveway-excavation-camden-906.jpg,14,broom-finish-concrete,"alt stored on the attachment, so it repeats verbatim on every page using the image",write alt text for this page's context
Driveway excavation camden,906,driveway-excavation-camden-906.jpg,14,commercial-concreting-narellan,"alt stored on the attachment, so it repeats verbatim on every page using the image",write alt text for this page's context
Driveway excavation camden,906,driveway-excavation-camden-906.jpg,14,concrete-driveways-austral,"alt stored on the attachment, so it repeats verbatim on every page using the image",write alt text for this page's context
Driveway excavation camden,906,driveway-excavation-camden-906.jpg,14,concrete-driveways-south-west-sydney,"alt stored on the attachment, so it repeats verbatim on every page using the image",write alt text for this page's context
Driveway excavation camden,906,driveway-excavation-camden-906.jpg,14,concrete-slabs-gregory-hills,"alt stored on the attachment, so it repeats verbatim on every page using the image",write alt text for this page's context
Driveway excavation camden,906,driveway-excavation-camden-906.jpg,14,concreters-bringelly,"alt stored on the attachment, so it repeats verbatim on every page using the image",write alt text for this page's context
Driveway excavation camden,906,driveway-excavation-camden-906.jpg,14,concreters-cobbitty,"alt stored on the attachment, so it repeats verbatim on every page using the image",write alt text for this page's context
Driveway excavation camden,906,driveway-excavation-camden-906.jpg,14,concreters-gledswood-hills,"alt stored on the attachment, so it repeats verbatim on every page using the image",write alt text for this page's context
Driveway excavation camden,906,driveway-excavation-camden-906.jpg,14,concreters-kirkham,"alt stored on the attachment, so it repeats verbatim on every page using the image",write alt text for this page's context
Driveway excavation camden,906,driveway-excavation-camden-906.jpg,14,concreters-narellan-vale,"alt stored on the attachment, so it repeats verbatim on every page using the image",write alt text for this page's context
Driveway excavation camden,906,driveway-excavation-camden-906.jpg,14,concreters-the-oaks,"alt stored on the attachment, so it repeats verbatim on every page using the image",write alt text for this page's context
Driveway excavation camden,906,driveway-excavation-camden-906.jpg,14,control-joints-and-saw-cut-timing,"alt stored on the attachment, so it repeats verbatim on every page using the image",write alt text for this page's context
Driveway excavation camden,906,driveway-excavation-camden-906.jpg,14,non-slip-finishes-for-pools-and-slopes,"alt stored on the attachment, so it repeats verbatim on every page using the image",write alt text for this page's context
Driveway excavation camden,906,driveway-excavation-camden-906.jpg,14,what-actually-moves-a-concrete-quote,"alt stored on the attachment, so it repeats verbatim on every page using the image",write alt text for this page's context
Camden town centre,907,camden-town-centre-907.jpg,14,broom-finish-concrete,"alt stored on the attachment, so it repeats verbatim on every page using the image",write alt text for this page's context
Camden town centre,907,camden-town-centre-907.jpg,14,commercial-concreting-narellan,"alt stored on the attachment, so it repeats verbatim on every page using the image",write alt text for this page's context
Camden town centre,907,camden-town-centre-907.jpg,14,concrete-driveways-austral,"alt stored on the attachment, so it repeats verbatim on every page using the image",write alt text for this page's context
Camden town centre,907,camden-town-centre-907.jpg,14,concrete-driveways-south-west-sydney,"alt stored on the attachment, so it repeats verbatim on every page using the image",write alt text for this page's context
Camden town centre,907,camden-town-centre-907.jpg,14,concrete-slabs-gregory-hills,"alt stored on the attachment, so it repeats verbatim on every page using the image",write alt text for this page's context
Camden town centre,907,camden-town-centre-907.jpg,14,concreters-bringelly,"alt stored on the attachment, so it repeats verbatim on every page using the image",write alt text for this page's context
Camden town centre,907,camden-town-centre-907.jpg,14,concreters-cobbitty,"alt stored on the attachment, so it repeats verbatim on every page using the image",write alt text for this page's context
Camden town centre,907,camden-town-centre-907.jpg,14,concreters-gledswood-hills,"alt stored on the attachment, so it repeats verbatim on every page using the image",write alt text for this page's context
Camden town centre,907,camden-town-centre-907.jpg,14,concreters-kirkham,"alt stored on the attachment, so it repeats verbatim on every page using the image",write alt text for this page's context
Camden town centre,907,camden-town-centre-907.jpg,14,concreters-narellan-vale,"alt stored on the attachment, so it repeats verbatim on every page using the image",write alt text for this page's context
Camden town centre,907,camden-town-centre-907.jpg,14,concreters-the-oaks,"alt stored on the attachment, so it repeats verbatim on every page using the image",write alt text for this page's context
Camden town centre,907,camden-town-centre-907.jpg,14,control-joints-and-saw-cut-timing,"alt stored on the attachment, so it repeats verbatim on every page using the image",write alt text for this page's context
Camden town centre,907,camden-town-centre-907.jpg,14,non-slip-finishes-for-pools-and-slopes,"alt stored on the attachment, so it repeats verbatim on every page using the image",write alt text for this page's context
Camden town centre,907,camden-town-centre-907.jpg,14,what-actually-moves-a-concrete-quote,"alt stored on the attachment, so it repeats verbatim on every page using the image",write alt text for this page's context
Oran park growth estate,908,oran-park-growth-estate-908.jpg,14,broom-finish-concrete,"alt stored on the attachment, so it repeats verbatim on every page using the image",write alt text for this page's context
Oran park growth estate,908,oran-park-growth-estate-908.jpg,14,commercial-concreting-narellan,"alt stored on the attachment, so it repeats verbatim on every page using the image",write alt text for this page's context
Oran park growth estate,908,oran-park-growth-estate-908.jpg,14,concrete-driveways-austral,"alt stored on the attachment, so it repeats verbatim on every page using the image",write alt text for this page's context
Oran park growth estate,908,oran-park-growth-estate-908.jpg,14,concrete-driveways-south-west-sydney,"alt stored on the attachment, so it repeats verbatim on every page using the image",write alt text for this page's context
Oran park growth estate,908,oran-park-growth-estate-908.jpg,14,concrete-slabs-gregory-hills,"alt stored on the attachment, so it repeats verbatim on every page using the image",write alt text for this page's context
Oran park growth estate,908,oran-park-growth-estate-908.jpg,14,concreters-bringelly,"alt stored on the attachment, so it repeats verbatim on every page using the image",write alt text for this page's context
Oran park growth estate,908,oran-park-growth-estate-908.jpg,14,concreters-cobbitty,"alt stored on the attachment, so it repeats verbatim on every page using the image",write alt text for this page's context
Oran park growth estate,908,oran-park-growth-estate-908.jpg,14,concreters-gledswood-hills,"alt stored on the attachment, so it repeats verbatim on every page using the image",write alt text for this page's context
Oran park growth estate,908,oran-park-growth-estate-908.jpg,14,concreters-kirkham,"alt stored on the attachment, so it repeats verbatim on every page using the image",write alt text for this page's context
Oran park growth estate,908,oran-park-growth-estate-908.jpg,14,concreters-narellan,"alt stored on the attachment, so it repeats verbatim on every page using the image",write alt text for this page's context
Oran park growth estate,908,oran-park-growth-estate-908.jpg,14,concreters-the-oaks,"alt stored on the attachment, so it repeats verbatim on every page using the image",write alt text for this page's context
Oran park growth estate,908,oran-park-growth-estate-908.jpg,14,control-joints-and-saw-cut-timing,"alt stored on the attachment, so it repeats verbatim on every page using the image",write alt text for this page's context
Oran park growth estate,908,oran-park-growth-estate-908.jpg,14,non-slip-finishes-for-pools-and-slopes,"alt stored on the attachment, so it repeats verbatim on every page using the image",write alt text for this page's context
Oran park growth estate,908,oran-park-growth-estate-908.jpg,14,what-actually-moves-a-concrete-quote,"alt stored on the attachment, so it repeats verbatim on every page using the image",write alt text for this page's context
Control joints and cracks camden,909,control-joints-and-cracks-camden-909.jpg,14,broom-finish-concrete,"alt stored on the attachment, so it repeats verbatim on every page using the image",write alt text for this page's context
Control joints and cracks camden,909,control-joints-and-cracks-camden-909.jpg,14,commercial-concreting-narellan,"alt stored on the attachment, so it repeats verbatim on every page using the image",write alt text for this page's context
Control joints and cracks camden,909,control-joints-and-cracks-camden-909.jpg,14,concrete-driveways-austral,"alt stored on the attachment, so it repeats verbatim on every page using the image",write alt text for this page's context
Control joints and cracks camden,909,control-joints-and-cracks-camden-909.jpg,14,concrete-driveways-south-west-sydney,"alt stored on the attachment, so it repeats verbatim on every page using the image",write alt text for this page's context
Control joints and cracks camden,909,control-joints-and-cracks-camden-909.jpg,14,concrete-slabs-gregory-hills,"alt stored on the attachment, so it repeats verbatim on every page using the image",write alt text for this page's context
Control joints and cracks camden,909,control-joints-and-cracks-camden-909.jpg,14,concreters-bringelly,"alt stored on the attachment, so it repeats verbatim on every page using the image",write alt text for this page's context
Control joints and cracks camden,909,control-joints-and-cracks-camden-909.jpg,14,concreters-cobbitty,"alt stored on the attachment, so it repeats verbatim on every page using the image",write alt text for this page's context
Control joints and cracks camden,909,control-joints-and-cracks-camden-909.jpg,14,concreters-gledswood-hills,"alt stored on the attachment, so it repeats verbatim on every page using the image",write alt text for this page's context
Control joints and cracks camden,909,control-joints-and-cracks-camden-909.jpg,14,concreters-len-waters-estate,"alt stored on the attachment, so it repeats verbatim on every page using the image",write alt text for this page's context
Control joints and cracks camden,909,control-joints-and-cracks-camden-909.jpg,14,concreters-narellan,"alt stored on the attachment, so it repeats verbatim on every page using the image",write alt text for this page's context
Control joints and cracks camden,909,control-joints-and-cracks-camden-909.jpg,14,concreters-theresa-park,"alt stored on the attachment, so it repeats verbatim on every page using the image",write alt text for this page's context
Control joints and cracks camden,909,control-joints-and-cracks-camden-909.jpg,14,control-joints-and-saw-cut-timing,"alt stored on the attachment, so it repeats verbatim on every page using the image",write alt text for this page's context
Control joints and cracks camden,909,control-joints-and-cracks-camden-909.jpg,14,non-slip-finishes-for-pools-and-slopes,"alt stored on the attachment, so it repeats verbatim on every page using the image",write alt text for this page's context
Control joints and cracks camden,909,control-joints-and-cracks-camden-909.jpg,14,what-actually-moves-a-concrete-quote,"alt stored on the attachment, so it repeats verbatim on every page using the image",write alt text for this page's context
Coloured concrete south west sydney,924,coloured-concrete-south-west-sydney-924.png,15,campbelltown-council-driveway-crossing,"alt stored on the attachment, so it repeats verbatim on every page using the image",write alt text for this page's context
Coloured concrete south west sydney,924,coloured-concrete-south-west-sydney-924.png,15,commercial-concreting-south-west-sydney,"alt stored on the attachment, so it repeats verbatim on every page using the image",write alt text for this page's context
Coloured concrete south west sydney,924,coloured-concrete-south-west-sydney-924.png,15,concrete-driveways-austral,"alt stored on the attachment, so it repeats verbatim on every page using the image",write alt text for this page's context
Coloured concrete south west sydney,924,coloured-concrete-south-west-sydney-924.png,15,concrete-driveways-south-west-sydney,"alt stored on the attachment, so it repeats verbatim on every page using the image",write alt text for this page's context
Coloured concrete south west sydney,924,coloured-concrete-south-west-sydney-924.png,15,concrete-slabs-gregory-hills,"alt stored on the attachment, so it repeats verbatim on every page using the image",write alt text for this page's context
Coloured concrete south west sydney,924,coloured-concrete-south-west-sydney-924.png,15,concreters-bringelly,"alt stored on the attachment, so it repeats verbatim on every page using the image",write alt text for this page's context
Coloured concrete south west sydney,924,coloured-concrete-south-west-sydney-924.png,15,concreters-cobbitty,"alt stored on the attachment, so it repeats verbatim on every page using the image",write alt text for this page's context
Coloured concrete south west sydney,924,coloured-concrete-south-west-sydney-924.png,15,concreters-gledswood-hills,"alt stored on the attachment, so it repeats verbatim on every page using the image",write alt text for this page's context
Coloured concrete south west sydney,924,coloured-concrete-south-west-sydney-924.png,15,concreters-len-waters-estate,"alt stored on the attachment, so it repeats verbatim on every page using the image",write alt text for this page's context
Coloured concrete south west sydney,924,coloured-concrete-south-west-sydney-924.png,15,concreters-narellan,"alt stored on the attachment, so it repeats verbatim on every page using the image",write alt text for this page's context
Coloured concrete south west sydney,924,coloured-concrete-south-west-sydney-924.png,15,concreters-theresa-park,"alt stored on the attachment, so it repeats verbatim on every page using the image",write alt text for this page's context
Coloured concrete south west sydney,924,coloured-concrete-south-west-sydney-924.png,15,curing-concrete-in-summer-vs-winter,"alt stored on the attachment, so it repeats verbatim on every page using the image",write alt text for this page's context
Coloured concrete south west sydney,924,coloured-concrete-south-west-sydney-924.png,15,guides,"alt stored on the attachment, so it repeats verbatim on every page using the image",write alt text for this page's context
Coloured concrete south west sydney,924,coloured-concrete-south-west-sydney-924.png,15,reactive-clay-slabs-as2870,"alt stored on the attachment, so it repeats verbatim on every page using the image",write alt text for this page's context
Coloured concrete south west sydney,924,coloured-concrete-south-west-sydney-924.png,15,why-concrete-cracks,"alt stored on the attachment, so it repeats verbatim on every page using the image",write alt text for this page's context
Stencil concrete south west sydney,925,stencil-concrete-south-west-sydney-925.webp,15,campbelltown-council-driveway-crossing,"alt stored on the attachment, so it repeats verbatim on every page using the image",write alt text for this page's context
Stencil concrete south west sydney,925,stencil-concrete-south-west-sydney-925.webp,15,commercial-concreting-south-west-sydney,"alt stored on the attachment, so it repeats verbatim on every page using the image",write alt text for this page's context
Stencil concrete south west sydney,925,stencil-concrete-south-west-sydney-925.webp,15,concrete-driveways-austral,"alt stored on the attachment, so it repeats verbatim on every page using the image",write alt text for this page's context
Stencil concrete south west sydney,925,stencil-concrete-south-west-sydney-925.webp,15,concrete-driveways-spring-farm,"alt stored on the attachment, so it repeats verbatim on every page using the image",write alt text for this page's context
Stencil concrete south west sydney,925,stencil-concrete-south-west-sydney-925.webp,15,concrete-slabs-gregory-hills,"alt stored on the attachment, so it repeats verbatim on every page using the image",write alt text for this page's context
Stencil concrete south west sydney,925,stencil-concrete-south-west-sydney-925.webp,15,concreters-bringelly,"alt stored on the attachment, so it repeats verbatim on every page using the image",write alt text for this page's context
Stencil concrete south west sydney,925,stencil-concrete-south-west-sydney-925.webp,15,concreters-cobbitty,"alt stored on the attachment, so it repeats verbatim on every page using the image",write alt text for this page's context
Stencil concrete south west sydney,925,stencil-concrete-south-west-sydney-925.webp,15,concreters-gledswood-hills,"alt stored on the attachment, so it repeats verbatim on every page using the image",write alt text for this page's context
Stencil concrete south west sydney,925,stencil-concrete-south-west-sydney-925.webp,15,concreters-len-waters-estate,"alt stored on the attachment, so it repeats verbatim on every page using the image",write alt text for this page's context
Stencil concrete south west sydney,925,stencil-concrete-south-west-sydney-925.webp,15,concreters-narellan,"alt stored on the attachment, so it repeats verbatim on every page using the image",write alt text for this page's context
Stencil concrete south west sydney,925,stencil-concrete-south-west-sydney-925.webp,15,concreters-theresa-park,"alt stored on the attachment, so it repeats verbatim on every page using the image",write alt text for this page's context
Stencil concrete south west sydney,925,stencil-concrete-south-west-sydney-925.webp,15,curing-concrete-in-summer-vs-winter,"alt stored on the attachment, so it repeats verbatim on every page using the image",write alt text for this page's context
Stencil concrete south west sydney,925,stencil-concrete-south-west-sydney-925.webp,15,guides,"alt stored on the attachment, so it repeats verbatim on every page using the image",write alt text for this page's context
Stencil concrete south west sydney,925,stencil-concrete-south-west-sydney-925.webp,15,reactive-clay-slabs-as2870,"alt stored on the attachment, so it repeats verbatim on every page using the image",write alt text for this page's context
Stencil concrete south west sydney,925,stencil-concrete-south-west-sydney-925.webp,15,why-concrete-cracks,"alt stored on the attachment, so it repeats verbatim on every page using the image",write alt text for this page's context
Stamped concrete south west sydney,926,stamped-concrete-south-west-sydney-926.jpg,15,campbelltown-council-driveway-crossing,"alt stored on the attachment, so it repeats verbatim on every page using the image",write alt text for this page's context
Stamped concrete south west sydney,926,stamped-concrete-south-west-sydney-926.jpg,15,commercial-concreting-south-west-sydney,"alt stored on the attachment, so it repeats verbatim on every page using the image",write alt text for this page's context
Stamped concrete south west sydney,926,stamped-concrete-south-west-sydney-926.jpg,15,concrete-driveways-austral,"alt stored on the attachment, so it repeats verbatim on every page using the image",write alt text for this page's context
Stamped concrete south west sydney,926,stamped-concrete-south-west-sydney-926.jpg,15,concrete-driveways-spring-farm,"alt stored on the attachment, so it repeats verbatim on every page using the image",write alt text for this page's context
Stamped concrete south west sydney,926,stamped-concrete-south-west-sydney-926.jpg,15,concrete-slabs-leppington,"alt stored on the attachment, so it repeats verbatim on every page using the image",write alt text for this page's context
Stamped concrete south west sydney,926,stamped-concrete-south-west-sydney-926.jpg,15,concreters-bringelly,"alt stored on the attachment, so it repeats verbatim on every page using the image",write alt text for this page's context
Stamped concrete south west sydney,926,stamped-concrete-south-west-sydney-926.jpg,15,concreters-currans-hill,"alt stored on the attachment, so it repeats verbatim on every page using the image",write alt text for this page's context
Stamped concrete south west sydney,926,stamped-concrete-south-west-sydney-926.jpg,15,concreters-gledswood-hills,"alt stored on the attachment, so it repeats verbatim on every page using the image",write alt text for this page's context
Stamped concrete south west sydney,926,stamped-concrete-south-west-sydney-926.jpg,15,concreters-len-waters-estate,"alt stored on the attachment, so it repeats verbatim on every page using the image",write alt text for this page's context
Stamped concrete south west sydney,926,stamped-concrete-south-west-sydney-926.jpg,15,concreters-narellan,"alt stored on the attachment, so it repeats verbatim on every page using the image",write alt text for this page's context
Stamped concrete south west sydney,926,stamped-concrete-south-west-sydney-926.jpg,15,concreters-theresa-park,"alt stored on the attachment, so it repeats verbatim on every page using the image",write alt text for this page's context
Stamped concrete south west sydney,926,stamped-concrete-south-west-sydney-926.jpg,15,curing-concrete-in-summer-vs-winter,"alt stored on the attachment, so it repeats verbatim on every page using the image",write alt text for this page's context
Stamped concrete south west sydney,926,stamped-concrete-south-west-sydney-926.jpg,15,guides,"alt stored on the attachment, so it repeats verbatim on every page using the image",write alt text for this page's context
Stamped concrete south west sydney,926,stamped-concrete-south-west-sydney-926.jpg,15,reactive-clay-slabs-as2870,"alt stored on the attachment, so it repeats verbatim on every page using the image",write alt text for this page's context
Stamped concrete south west sydney,926,stamped-concrete-south-west-sydney-926.jpg,15,why-concrete-cracks,"alt stored on the attachment, so it repeats verbatim on every page using the image",write alt text for this page's context
Honed and polished concrete camden,927,honed-and-polished-concrete-camden-927.webp,15,campbelltown-council-driveway-crossing,"alt stored on the attachment, so it repeats verbatim on every page using the image",write alt text for this page's context
Honed and polished concrete camden,927,honed-and-polished-concrete-camden-927.webp,15,commercial-concreting-south-west-sydney,"alt stored on the attachment, so it repeats verbatim on every page using the image",write alt text for this page's context
Honed and polished concrete camden,927,honed-and-polished-concrete-camden-927.webp,15,concrete-driveways-austral,"alt stored on the attachment, so it repeats verbatim on every page using the image",write alt text for this page's context
Honed and polished concrete camden,927,honed-and-polished-concrete-camden-927.webp,15,concrete-driveways-spring-farm,"alt stored on the attachment, so it repeats verbatim on every page using the image",write alt text for this page's context
Honed and polished concrete camden,927,honed-and-polished-concrete-camden-927.webp,15,concrete-slabs-leppington,"alt stored on the attachment, so it repeats verbatim on every page using the image",write alt text for this page's context
Honed and polished concrete camden,927,honed-and-polished-concrete-camden-927.webp,15,concreters-camden-park,"alt stored on the attachment, so it repeats verbatim on every page using the image",write alt text for this page's context
Honed and polished concrete camden,927,honed-and-polished-concrete-camden-927.webp,15,concreters-currans-hill,"alt stored on the attachment, so it repeats verbatim on every page using the image",write alt text for this page's context
Honed and polished concrete camden,927,honed-and-polished-concrete-camden-927.webp,15,concreters-gledswood-hills,"alt stored on the attachment, so it repeats verbatim on every page using the image",write alt text for this page's context
Honed and polished concrete camden,927,honed-and-polished-concrete-camden-927.webp,15,concreters-len-waters-estate,"alt stored on the attachment, so it repeats verbatim on every page using the image",write alt text for this page's context
Honed and polished concrete camden,927,honed-and-polished-concrete-camden-927.webp,15,concreters-narellan,"alt stored on the attachment, so it repeats verbatim on every page using the image",write alt text for this page's context
Honed and polished concrete camden,927,honed-and-polished-concrete-camden-927.webp,15,concreters-theresa-park,"alt stored on the attachment, so it repeats verbatim on every page using the image",write alt text for this page's context
Honed and polished concrete camden,927,honed-and-polished-concrete-camden-927.webp,15,curing-concrete-in-summer-vs-winter,"alt stored on the attachment, so it repeats verbatim on every page using the image",write alt text for this page's context
Honed and polished concrete camden,927,honed-and-polished-concrete-camden-927.webp,15,guides,"alt stored on the attachment, so it repeats verbatim on every page using the image",write alt text for this page's context
Honed and polished concrete camden,927,honed-and-polished-concrete-camden-927.webp,15,reactive-clay-slabs-as2870,"alt stored on the attachment, so it repeats verbatim on every page using the image",write alt text for this page's context
Honed and polished concrete camden,927,honed-and-polished-concrete-camden-927.webp,15,why-concrete-cracks,"alt stored on the attachment, so it repeats verbatim on every page using the image",write alt text for this page's context
South west sydney growth corridor,956,south-west-sydney-growth-corridor-956.png,15,campbelltown-council-driveway-crossing,"alt stored on the attachment, so it repeats verbatim on every page using the image",write alt text for this page's context
South west sydney growth corridor,956,south-west-sydney-growth-corridor-956.png,15,commercial-concreting-south-west-sydney,"alt stored on the attachment, so it repeats verbatim on every page using the image",write alt text for this page's context
South west sydney growth corridor,956,south-west-sydney-growth-corridor-956.png,15,concrete-driveways-austral,"alt stored on the attachment, so it repeats verbatim on every page using the image",write alt text for this page's context
South west sydney growth corridor,956,south-west-sydney-growth-corridor-956.png,15,concrete-driveways-spring-farm,"alt stored on the attachment, so it repeats verbatim on every page using the image",write alt text for this page's context
South west sydney growth corridor,956,south-west-sydney-growth-corridor-956.png,15,concrete-slabs-leppington,"alt stored on the attachment, so it repeats verbatim on every page using the image",write alt text for this page's context
South west sydney growth corridor,956,south-west-sydney-growth-corridor-956.png,15,concreters-camden-park,"alt stored on the attachment, so it repeats verbatim on every page using the image",write alt text for this page's context
South west sydney growth corridor,956,south-west-sydney-growth-corridor-956.png,15,concreters-currans-hill,"alt stored on the attachment, so it repeats verbatim on every page using the image",write alt text for this page's context
South west sydney growth corridor,956,south-west-sydney-growth-corridor-956.png,15,concreters-gledswood-hills,"alt stored on the attachment, so it repeats verbatim on every page using the image",write alt text for this page's context
South west sydney growth corridor,956,south-west-sydney-growth-corridor-956.png,15,concreters-leppington,"alt stored on the attachment, so it repeats verbatim on every page using the image",write alt text for this page's context
South west sydney growth corridor,956,south-west-sydney-growth-corridor-956.png,15,concreters-narellan,"alt stored on the attachment, so it repeats verbatim on every page using the image",write alt text for this page's context
South west sydney growth corridor,956,south-west-sydney-growth-corridor-956.png,15,concreters-wattle-grove,"alt stored on the attachment, so it repeats verbatim on every page using the image",write alt text for this page's context
South west sydney growth corridor,956,south-west-sydney-growth-corridor-956.png,15,curing-concrete-in-summer-vs-winter,"alt stored on the attachment, so it repeats verbatim on every page using the image",write alt text for this page's context
South west sydney growth corridor,956,south-west-sydney-growth-corridor-956.png,15,guides,"alt stored on the attachment, so it repeats verbatim on every page using the image",write alt text for this page's context
South west sydney growth corridor,956,south-west-sydney-growth-corridor-956.png,15,reactive-clay-slabs-as2870,"alt stored on the attachment, so it repeats verbatim on every page using the image",write alt text for this page's context
South west sydney growth corridor,956,south-west-sydney-growth-corridor-956.png,15,why-concrete-cracks,"alt stored on the attachment, so it repeats verbatim on every page using the image",write alt text for this page's context
Wianamatta shale clay camden,1020,wianamatta-shale-clay-camden-1020.jpg,15,campbelltown-council-driveway-crossing,"alt stored on the attachment, so it repeats verbatim on every page using the image",write alt text for this page's context
Wianamatta shale clay camden,1020,wianamatta-shale-clay-camden-1020.jpg,15,commercial-concreting-south-west-sydney,"alt stored on the attachment, so it repeats verbatim on every page using the image",write alt text for this page's context
Wianamatta shale clay camden,1020,wianamatta-shale-clay-camden-1020.jpg,15,concrete-driveways-catherine-field,"alt stored on the attachment, so it repeats verbatim on every page using the image",write alt text for this page's context
Wianamatta shale clay camden,1020,wianamatta-shale-clay-camden-1020.jpg,15,concrete-driveways-spring-farm,"alt stored on the attachment, so it repeats verbatim on every page using the image",write alt text for this page's context
Wianamatta shale clay camden,1020,wianamatta-shale-clay-camden-1020.jpg,15,concrete-slabs-leppington,"alt stored on the attachment, so it repeats verbatim on every page using the image",write alt text for this page's context
Wianamatta shale clay camden,1020,wianamatta-shale-clay-camden-1020.jpg,15,concreters-camden-park,"alt stored on the attachment, so it repeats verbatim on every page using the image",write alt text for this page's context
Wianamatta shale clay camden,1020,wianamatta-shale-clay-camden-1020.jpg,15,concreters-currans-hill,"alt stored on the attachment, so it repeats verbatim on every page using the image",write alt text for this page's context
Wianamatta shale clay camden,1020,wianamatta-shale-clay-camden-1020.jpg,15,concreters-glen-alpine,"alt stored on the attachment, so it repeats verbatim on every page using the image",write alt text for this page's context
Wianamatta shale clay camden,1020,wianamatta-shale-clay-camden-1020.jpg,15,concreters-leppington,"alt stored on the attachment, so it repeats verbatim on every page using the image",write alt text for this page's context
Wianamatta shale clay camden,1020,wianamatta-shale-clay-camden-1020.jpg,15,concreters-narellan,"alt stored on the attachment, so it repeats verbatim on every page using the image",write alt text for this page's context
Wianamatta shale clay camden,1020,wianamatta-shale-clay-camden-1020.jpg,15,concreters-wattle-grove,"alt stored on the attachment, so it repeats verbatim on every page using the image",write alt text for this page's context
Wianamatta shale clay camden,1020,wianamatta-shale-clay-camden-1020.jpg,15,curing-concrete-in-summer-vs-winter,"alt stored on the attachment, so it repeats verbatim on every page using the image",write alt text for this page's context
Wianamatta shale clay camden,1020,wianamatta-shale-clay-camden-1020.jpg,15,guides,"alt stored on the attachment, so it repeats verbatim on every page using the image",write alt text for this page's context
Wianamatta shale clay camden,1020,wianamatta-shale-clay-camden-1020.jpg,15,reactive-clay-slabs-as2870,"alt stored on the attachment, so it repeats verbatim on every page using the image",write alt text for this page's context
Wianamatta shale clay camden,1020,wianamatta-shale-clay-camden-1020.jpg,15,why-concrete-cracks,"alt stored on the attachment, so it repeats verbatim on every page using the image",write alt text for this page's context
South creek drainage corridor,1056,south-creek-drainage-corridor-1056.jpg,15,campbelltown-council-driveway-crossing,"alt stored on the attachment, so it repeats verbatim on every page using the image",write alt text for this page's context
South creek drainage corridor,1056,south-creek-drainage-corridor-1056.jpg,15,commercial-concreting-south-west-sydney,"alt stored on the attachment, so it repeats verbatim on every page using the image",write alt text for this page's context
South creek drainage corridor,1056,south-creek-drainage-corridor-1056.jpg,15,concrete-driveways-catherine-field,"alt stored on the attachment, so it repeats verbatim on every page using the image",write alt text for this page's context
South creek drainage corridor,1056,south-creek-drainage-corridor-1056.jpg,15,concrete-driveways-spring-farm,"alt stored on the attachment, so it repeats verbatim on every page using the image",write alt text for this page's context
South creek drainage corridor,1056,south-creek-drainage-corridor-1056.jpg,15,concrete-slabs-leppington,"alt stored on the attachment, so it repeats verbatim on every page using the image",write alt text for this page's context
South creek drainage corridor,1056,south-creek-drainage-corridor-1056.jpg,15,concreters-camden-park,"alt stored on the attachment, so it repeats verbatim on every page using the image",write alt text for this page's context
South creek drainage corridor,1056,south-creek-drainage-corridor-1056.jpg,15,concreters-currans-hill,"alt stored on the attachment, so it repeats verbatim on every page using the image",write alt text for this page's context
South creek drainage corridor,1056,south-creek-drainage-corridor-1056.jpg,15,concreters-glen-alpine,"alt stored on the attachment, so it repeats verbatim on every page using the image",write alt text for this page's context
South creek drainage corridor,1056,south-creek-drainage-corridor-1056.jpg,15,concreters-leppington,"alt stored on the attachment, so it repeats verbatim on every page using the image",write alt text for this page's context
South creek drainage corridor,1056,south-creek-drainage-corridor-1056.jpg,15,concreters-narellan,"alt stored on the attachment, so it repeats verbatim on every page using the image",write alt text for this page's context
South creek drainage corridor,1056,south-creek-drainage-corridor-1056.jpg,15,concreters-wattle-grove,"alt stored on the attachment, so it repeats verbatim on every page using the image",write alt text for this page's context
South creek drainage corridor,1056,south-creek-drainage-corridor-1056.jpg,15,curing-concrete-in-summer-vs-winter,"alt stored on the attachment, so it repeats verbatim on every page using the image",write alt text for this page's context
South creek drainage corridor,1056,south-creek-drainage-corridor-1056.jpg,15,guides,"alt stored on the attachment, so it repeats verbatim on every page using the image",write alt text for this page's context
South creek drainage corridor,1056,south-creek-drainage-corridor-1056.jpg,15,reactive-clay-slabs-as2870,"alt stored on the attachment, so it repeats verbatim on every page using the image",write alt text for this page's context
South creek drainage corridor,1056,south-creek-drainage-corridor-1056.jpg,15,why-concrete-cracks,"alt stored on the attachment, so it repeats verbatim on every page using the image",write alt text for this page's context
Concrete slabs camden,1065,concrete-slabs-camden-1065.jpg,14,coloured-concrete-explained,"alt stored on the attachment, so it repeats verbatim on every page using the image",write alt text for this page's context
Concrete slabs camden,1065,concrete-slabs-camden-1065.jpg,14,commercial-concreting-south-west-sydney,"alt stored on the attachment, so it repeats verbatim on every page using the image",write alt text for this page's context
Concrete slabs camden,1065,concrete-slabs-camden-1065.jpg,14,concrete-driveways-catherine-field,"alt stored on the attachment, so it repeats verbatim on every page using the image",write alt text for this page's context
Concrete slabs camden,1065,concrete-slabs-camden-1065.jpg,14,concrete-driveways-spring-farm,"alt stored on the attachment, so it repeats verbatim on every page using the image",write alt text for this page's context
Concrete slabs camden,1065,concrete-slabs-camden-1065.jpg,14,concrete-slabs-leppington,"alt stored on the attachment, so it repeats verbatim on every page using the image",write alt text for this page's context
Concrete slabs camden,1065,concrete-slabs-camden-1065.jpg,14,concreters-camden-park,"alt stored on the attachment, so it repeats verbatim on every page using the image",write alt text for this page's context
Concrete slabs camden,1065,concrete-slabs-camden-1065.jpg,14,concreters-currans-hill,"alt stored on the attachment, so it repeats verbatim on every page using the image",write alt text for this page's context
Concrete slabs camden,1065,concrete-slabs-camden-1065.jpg,14,concreters-glen-alpine,"alt stored on the attachment, so it repeats verbatim on every page using the image",write alt text for this page's context
Concrete slabs camden,1065,concrete-slabs-camden-1065.jpg,14,concreters-leppington,"alt stored on the attachment, so it repeats verbatim on every page using the image",write alt text for this page's context
Concrete slabs camden,1065,concrete-slabs-camden-1065.jpg,14,concreters-narellan,"alt stored on the attachment, so it repeats verbatim on every page using the image",write alt text for this page's context
Concrete slabs camden,1065,concrete-slabs-camden-1065.jpg,14,concreters-wattle-grove,"alt stored on the attachment, so it repeats verbatim on every page using the image",write alt text for this page's context
Concrete slabs camden,1065,concrete-slabs-camden-1065.jpg,14,do-i-need-council-approval-driveway-nsw,"alt stored on the attachment, so it repeats verbatim on every page using the image",write alt text for this page's context
Concrete slabs camden,1065,concrete-slabs-camden-1065.jpg,14,removing-oil-stains-and-tyre-marks-from-concrete,"alt stored on the attachment, so it repeats verbatim on every page using the image",write alt text for this page's context
Concrete slabs camden,1065,concrete-slabs-camden-1065.jpg,14,wollondilly-council-driveway-crossing,"alt stored on the attachment, so it repeats verbatim on every page using the image",write alt text for this page's context
Pouring a concrete slab camden,1066,pouring-a-concrete-slab-camden-1066.jpg,14,coloured-concrete-explained,"alt stored on the attachment, so it repeats verbatim on every page using the image",write alt text for this page's context
Pouring a concrete slab camden,1066,pouring-a-concrete-slab-camden-1066.jpg,14,commercial-concreting-south-west-sydney,"alt stored on the attachment, so it repeats verbatim on every page using the image",write alt text for this page's context
Pouring a concrete slab camden,1066,pouring-a-concrete-slab-camden-1066.jpg,14,concrete-driveways-catherine-field,"alt stored on the attachment, so it repeats verbatim on every page using the image",write alt text for this page's context
Pouring a concrete slab camden,1066,pouring-a-concrete-slab-camden-1066.jpg,14,concrete-driveways-spring-farm,"alt stored on the attachment, so it repeats verbatim on every page using the image",write alt text for this page's context
Pouring a concrete slab camden,1066,pouring-a-concrete-slab-camden-1066.jpg,14,concrete-slabs-leppington,"alt stored on the attachment, so it repeats verbatim on every page using the image",write alt text for this page's context
Pouring a concrete slab camden,1066,pouring-a-concrete-slab-camden-1066.jpg,14,concreters-camden-south,"alt stored on the attachment, so it repeats verbatim on every page using the image",write alt text for this page's context
Pouring a concrete slab camden,1066,pouring-a-concrete-slab-camden-1066.jpg,14,concreters-currans-hill,"alt stored on the attachment, so it repeats verbatim on every page using the image",write alt text for this page's context
Pouring a concrete slab camden,1066,pouring-a-concrete-slab-camden-1066.jpg,14,concreters-glen-alpine,"alt stored on the attachment, so it repeats verbatim on every page using the image",write alt text for this page's context
Pouring a concrete slab camden,1066,pouring-a-concrete-slab-camden-1066.jpg,14,concreters-leppington,"alt stored on the attachment, so it repeats verbatim on every page using the image",write alt text for this page's context
Pouring a concrete slab camden,1066,pouring-a-concrete-slab-camden-1066.jpg,14,concreters-narellan,"alt stored on the attachment, so it repeats verbatim on every page using the image",write alt text for this page's context
Pouring a concrete slab camden,1066,pouring-a-concrete-slab-camden-1066.jpg,14,concreters-wattle-grove,"alt stored on the attachment, so it repeats verbatim on every page using the image",write alt text for this page's context
Pouring a concrete slab camden,1066,pouring-a-concrete-slab-camden-1066.jpg,14,do-i-need-council-approval-driveway-nsw,"alt stored on the attachment, so it repeats verbatim on every page using the image",write alt text for this page's context
Pouring a concrete slab camden,1066,pouring-a-concrete-slab-camden-1066.jpg,14,removing-oil-stains-and-tyre-marks-from-concrete,"alt stored on the attachment, so it repeats verbatim on every page using the image",write alt text for this page's context
Pouring a concrete slab camden,1066,pouring-a-concrete-slab-camden-1066.jpg,14,wollondilly-council-driveway-crossing,"alt stored on the attachment, so it repeats verbatim on every page using the image",write alt text for this page's context
Verified badge e1784545689665 camden,1067,verified-badge-e1784545689665-camden-1067.avif,14,coloured-concrete-explained,"alt stored on the attachment, so it repeats verbatim on every page using the image",write alt text for this page's context
Verified badge e1784545689665 camden,1067,verified-badge-e1784545689665-camden-1067.avif,14,concrete-driveway-replacement-currans-hill,"alt stored on the attachment, so it repeats verbatim on every page using the image",write alt text for this page's context
Verified badge e1784545689665 camden,1067,verified-badge-e1784545689665-camden-1067.avif,14,concrete-driveways-catherine-field,"alt stored on the attachment, so it repeats verbatim on every page using the image",write alt text for this page's context
Verified badge e1784545689665 camden,1067,verified-badge-e1784545689665-camden-1067.avif,14,concrete-driveways-spring-farm,"alt stored on the attachment, so it repeats verbatim on every page using the image",write alt text for this page's context
Verified badge e1784545689665 camden,1067,verified-badge-e1784545689665-camden-1067.avif,14,concrete-slabs-leppington,"alt stored on the attachment, so it repeats verbatim on every page using the image",write alt text for this page's context
Verified badge e1784545689665 camden,1067,verified-badge-e1784545689665-camden-1067.avif,14,concreters-camden-south,"alt stored on the attachment, so it repeats verbatim on every page using the image",write alt text for this page's context
Verified badge e1784545689665 camden,1067,verified-badge-e1784545689665-camden-1067.avif,14,concreters-currans-hill,"alt stored on the attachment, so it repeats verbatim on every page using the image",write alt text for this page's context
Verified badge e1784545689665 camden,1067,verified-badge-e1784545689665-camden-1067.avif,14,concreters-glen-alpine,"alt stored on the attachment, so it repeats verbatim on every page using the image",write alt text for this page's context
Verified badge e1784545689665 camden,1067,verified-badge-e1784545689665-camden-1067.avif,14,concreters-leppington,"alt stored on the attachment, so it repeats verbatim on every page using the image",write alt text for this page's context
Verified badge e1784545689665 camden,1067,verified-badge-e1784545689665-camden-1067.avif,14,concreters-narellan,"alt stored on the attachment, so it repeats verbatim on every page using the image",write alt text for this page's context
Verified badge e1784545689665 camden,1067,verified-badge-e1784545689665-camden-1067.avif,14,concreters-west-hoxton,"alt stored on the attachment, so it repeats verbatim on every page using the image",write alt text for this page's context
Verified badge e1784545689665 camden,1067,verified-badge-e1784545689665-camden-1067.avif,14,do-i-need-council-approval-driveway-nsw,"alt stored on the attachment, so it repeats verbatim on every page using the image",write alt text for this page's context
Verified badge e1784545689665 camden,1067,verified-badge-e1784545689665-camden-1067.avif,14,removing-oil-stains-and-tyre-marks-from-concrete,"alt stored on the attachment, so it repeats verbatim on every page using the image",write alt text for this page's context
Verified badge e1784545689665 camden,1067,verified-badge-e1784545689665-camden-1067.avif,14,wollondilly-council-driveway-crossing,"alt stored on the attachment, so it repeats verbatim on every page using the image",write alt text for this page's context
What is a concrete slab camden,1068,what-is-a-concrete-slab-camden-1068.jpg,14,coloured-concrete-explained,"alt stored on the attachment, so it repeats verbatim on every page using the image",write alt text for this page's context
What is a concrete slab camden,1068,what-is-a-concrete-slab-camden-1068.jpg,14,concrete-driveway-replacement-currans-hill,"alt stored on the attachment, so it repeats verbatim on every page using the image",write alt text for this page's context
What is a concrete slab camden,1068,what-is-a-concrete-slab-camden-1068.jpg,14,concrete-driveways-catherine-field,"alt stored on the attachment, so it repeats verbatim on every page using the image",write alt text for this page's context
What is a concrete slab camden,1068,what-is-a-concrete-slab-camden-1068.jpg,14,concrete-driveways-spring-farm,"alt stored on the attachment, so it repeats verbatim on every page using the image",write alt text for this page's context
What is a concrete slab camden,1068,what-is-a-concrete-slab-camden-1068.jpg,14,concrete-slabs-leppington,"alt stored on the attachment, so it repeats verbatim on every page using the image",write alt text for this page's context
What is a concrete slab camden,1068,what-is-a-concrete-slab-camden-1068.jpg,14,concreters-camden-south,"alt stored on the attachment, so it repeats verbatim on every page using the image",write alt text for this page's context
What is a concrete slab camden,1068,what-is-a-concrete-slab-camden-1068.jpg,14,concreters-currans-hill,"alt stored on the attachment, so it repeats verbatim on every page using the image",write alt text for this page's context
What is a concrete slab camden,1068,what-is-a-concrete-slab-camden-1068.jpg,14,concreters-glenfield,"alt stored on the attachment, so it repeats verbatim on every page using the image",write alt text for this page's context
What is a concrete slab camden,1068,what-is-a-concrete-slab-camden-1068.jpg,14,concreters-leppington,"alt stored on the attachment, so it repeats verbatim on every page using the image",write alt text for this page's context
What is a concrete slab camden,1068,what-is-a-concrete-slab-camden-1068.jpg,14,concreters-oran-park,"alt stored on the attachment, so it repeats verbatim on every page using the image",write alt text for this page's context
What is a concrete slab camden,1068,what-is-a-concrete-slab-camden-1068.jpg,14,concreters-west-hoxton,"alt stored on the attachment, so it repeats verbatim on every page using the image",write alt text for this page's context
What is a concrete slab camden,1068,what-is-a-concrete-slab-camden-1068.jpg,14,do-i-need-council-approval-driveway-nsw,"alt stored on the attachment, so it repeats verbatim on every page using the image",write alt text for this page's context
What is a concrete slab camden,1068,what-is-a-concrete-slab-camden-1068.jpg,14,removing-oil-stains-and-tyre-marks-from-concrete,"alt stored on the attachment, so it repeats verbatim on every page using the image",write alt text for this page's context
What is a concrete slab camden,1068,what-is-a-concrete-slab-camden-1068.jpg,14,wollondilly-council-driveway-crossing,"alt stored on the attachment, so it repeats verbatim on every page using the image",write alt text for this page's context
What is exposed aggregate camden,1109,what-is-exposed-aggregate-camden-1109.jpg,14,coloured-concrete-explained,"alt stored on the attachment, so it repeats verbatim on every page using the image",write alt text for this page's context
What is exposed aggregate camden,1109,what-is-exposed-aggregate-camden-1109.jpg,14,concrete-driveway-replacement-currans-hill,"alt stored on the attachment, so it repeats verbatim on every page using the image",write alt text for this page's context
What is exposed aggregate camden,1109,what-is-exposed-aggregate-camden-1109.jpg,14,concrete-driveways-catherine-field,"alt stored on the attachment, so it repeats verbatim on every page using the image",write alt text for this page's context
What is exposed aggregate camden,1109,what-is-exposed-aggregate-camden-1109.jpg,14,concrete-driveways-spring-farm,"alt stored on the attachment, so it repeats verbatim on every page using the image",write alt text for this page's context
What is exposed aggregate camden,1109,what-is-exposed-aggregate-camden-1109.jpg,14,concrete-slabs-south-west-sydney,"alt stored on the attachment, so it repeats verbatim on every page using the image",write alt text for this page's context
What is exposed aggregate camden,1109,what-is-exposed-aggregate-camden-1109.jpg,14,concreters-camden-south,"alt stored on the attachment, so it repeats verbatim on every page using the image",write alt text for this page's context
What is exposed aggregate camden,1109,what-is-exposed-aggregate-camden-1109.jpg,14,concreters-currans-hill,"alt stored on the attachment, so it repeats verbatim on every page using the image",write alt text for this page's context
What is exposed aggregate camden,1109,what-is-exposed-aggregate-camden-1109.jpg,14,concreters-glenfield,"alt stored on the attachment, so it repeats verbatim on every page using the image",write alt text for this page's context
What is exposed aggregate camden,1109,what-is-exposed-aggregate-camden-1109.jpg,14,concreters-leppington,"alt stored on the attachment, so it repeats verbatim on every page using the image",write alt text for this page's context
What is exposed aggregate camden,1109,what-is-exposed-aggregate-camden-1109.jpg,14,concreters-oran-park,"alt stored on the attachment, so it repeats verbatim on every page using the image",write alt text for this page's context
What is exposed aggregate camden,1109,what-is-exposed-aggregate-camden-1109.jpg,14,concreters-west-hoxton,"alt stored on the attachment, so it repeats verbatim on every page using the image",write alt text for this page's context
What is exposed aggregate camden,1109,what-is-exposed-aggregate-camden-1109.jpg,14,do-i-need-council-approval-driveway-nsw,"alt stored on the attachment, so it repeats verbatim on every page using the image",write alt text for this page's context
What is exposed aggregate camden,1109,what-is-exposed-aggregate-camden-1109.jpg,14,removing-oil-stains-and-tyre-marks-from-concrete,"alt stored on the attachment, so it repeats verbatim on every page using the image",write alt text for this page's context
What is exposed aggregate camden,1109,what-is-exposed-aggregate-camden-1109.jpg,14,wollondilly-council-driveway-crossing,"alt stored on the attachment, so it repeats verbatim on every page using the image",write alt text for this page's context
Established home mount annan,1150,established-home-mount-annan-1150.jpg,14,coloured-concrete-explained,"alt stored on the attachment, so it repeats verbatim on every page using the image",write alt text for this page's context
Established home mount annan,1150,established-home-mount-annan-1150.jpg,14,concrete-driveway-replacement-currans-hill,"alt stored on the attachment, so it repeats verbatim on every page using the image",write alt text for this page's context
Established home mount annan,1150,established-home-mount-annan-1150.jpg,14,concrete-driveways-catherine-field,"alt stored on the attachment, so it repeats verbatim on every page using the image",write alt text for this page's context
Established home mount annan,1150,established-home-mount-annan-1150.jpg,14,concrete-paths-edmondson-park,"alt stored on the attachment, so it repeats verbatim on every page using the image",write alt text for this page's context
Established home mount annan,1150,established-home-mount-annan-1150.jpg,14,concrete-slabs-south-west-sydney,"alt stored on the attachment, so it repeats verbatim on every page using the image",write alt text for this page's context
Established home mount annan,1150,established-home-mount-annan-1150.jpg,14,concreters-camden-south,"alt stored on the attachment, so it repeats verbatim on every page using the image",write alt text for this page's context
Established home mount annan,1150,established-home-mount-annan-1150.jpg,14,concreters-currans-hill,"alt stored on the attachment, so it repeats verbatim on every page using the image",write alt text for this page's context
Established home mount annan,1150,established-home-mount-annan-1150.jpg,14,concreters-glenfield,"alt stored on the attachment, so it repeats verbatim on every page using the image",write alt text for this page's context
Established home mount annan,1150,established-home-mount-annan-1150.jpg,14,concreters-leppington,"alt stored on the attachment, so it repeats verbatim on every page using the image",write alt text for this page's context
Established home mount annan,1150,established-home-mount-annan-1150.jpg,14,concreters-oran-park,"alt stored on the attachment, so it repeats verbatim on every page using the image",write alt text for this page's context
Established home mount annan,1150,established-home-mount-annan-1150.jpg,14,concreters-west-hoxton,"alt stored on the attachment, so it repeats verbatim on every page using the image",write alt text for this page's context
Established home mount annan,1150,established-home-mount-annan-1150.jpg,14,do-i-need-council-approval-driveway-nsw,"alt stored on the attachment, so it repeats verbatim on every page using the image",write alt text for this page's context
Established home mount annan,1150,established-home-mount-annan-1150.jpg,14,removing-oil-stains-and-tyre-marks-from-concrete,"alt stored on the attachment, so it repeats verbatim on every page using the image",write alt text for this page's context
Established home mount annan,1150,established-home-mount-annan-1150.jpg,14,wollondilly-council-driveway-crossing,"alt stored on the attachment, so it repeats verbatim on every page using the image",write alt text for this page's context
Reactive clay concreter camden,1151,reactive-clay-concreter-camden-1151.jpg,14,coloured-concrete-explained,"alt stored on the attachment, so it repeats verbatim on every page using the image",write alt text for this page's context
Reactive clay concreter camden,1151,reactive-clay-concreter-camden-1151.jpg,14,concrete-driveway-replacement-currans-hill,"alt stored on the attachment, so it repeats verbatim on every page using the image",write alt text for this page's context
Reactive clay concreter camden,1151,reactive-clay-concreter-camden-1151.jpg,14,concrete-driveways-catherine-field,"alt stored on the attachment, so it repeats verbatim on every page using the image",write alt text for this page's context
Reactive clay concreter camden,1151,reactive-clay-concreter-camden-1151.jpg,14,concrete-paths-edmondson-park,"alt stored on the attachment, so it repeats verbatim on every page using the image",write alt text for this page's context
Reactive clay concreter camden,1151,reactive-clay-concreter-camden-1151.jpg,14,concrete-slabs-south-west-sydney,"alt stored on the attachment, so it repeats verbatim on every page using the image",write alt text for this page's context
Reactive clay concreter camden,1151,reactive-clay-concreter-camden-1151.jpg,14,concreters-campbelltown,"alt stored on the attachment, so it repeats verbatim on every page using the image",write alt text for this page's context
Reactive clay concreter camden,1151,reactive-clay-concreter-camden-1151.jpg,14,concreters-currans-hill,"alt stored on the attachment, so it repeats verbatim on every page using the image",write alt text for this page's context
Reactive clay concreter camden,1151,reactive-clay-concreter-camden-1151.jpg,14,concreters-glenfield,"alt stored on the attachment, so it repeats verbatim on every page using the image",write alt text for this page's context
Reactive clay concreter camden,1151,reactive-clay-concreter-camden-1151.jpg,14,concreters-leppington,"alt stored on the attachment, so it repeats verbatim on every page using the image",write alt text for this page's context
Reactive clay concreter camden,1151,reactive-clay-concreter-camden-1151.jpg,14,concreters-oran-park,"alt stored on the attachment, so it repeats verbatim on every page using the image",write alt text for this page's context
Reactive clay concreter camden,1151,reactive-clay-concreter-camden-1151.jpg,14,concreters-west-hoxton,"alt stored on the attachment, so it repeats verbatim on every page using the image",write alt text for this page's context
Reactive clay concreter camden,1151,reactive-clay-concreter-camden-1151.jpg,14,do-i-need-council-approval-driveway-nsw,"alt stored on the attachment, so it repeats verbatim on every page using the image",write alt text for this page's context
Reactive clay concreter camden,1151,reactive-clay-concreter-camden-1151.jpg,14,removing-oil-stains-and-tyre-marks-from-concrete,"alt stored on the attachment, so it repeats verbatim on every page using the image",write alt text for this page's context
Reactive clay concreter camden,1151,reactive-clay-concreter-camden-1151.jpg,14,wollondilly-council-driveway-crossing,"alt stored on the attachment, so it repeats verbatim on every page using the image",write alt text for this page's context
Mount annan established housing,1152,mount-annan-established-housing-1152.jpg,14,commercial-hardstand-cost,"alt stored on the attachment, so it repeats verbatim on every page using the image",write alt text for this page's context
Mount annan established housing,1152,mount-annan-established-housing-1152.jpg,14,concrete-driveway-replacement-currans-hill,"alt stored on the attachment, so it repeats verbatim on every page using the image",write alt text for this page's context
Mount annan established housing,1152,mount-annan-established-housing-1152.jpg,14,concrete-driveways-catherine-field,"alt stored on the attachment, so it repeats verbatim on every page using the image",write alt text for this page's context
Mount annan established housing,1152,mount-annan-established-housing-1152.jpg,14,concrete-paths-edmondson-park,"alt stored on the attachment, so it repeats verbatim on every page using the image",write alt text for this page's context
Mount annan established housing,1152,mount-annan-established-housing-1152.jpg,14,concrete-slabs-south-west-sydney,"alt stored on the attachment, so it repeats verbatim on every page using the image",write alt text for this page's context
Mount annan established housing,1152,mount-annan-established-housing-1152.jpg,14,concreters-campbelltown,"alt stored on the attachment, so it repeats verbatim on every page using the image",write alt text for this page's context
Mount annan established housing,1152,mount-annan-established-housing-1152.jpg,14,concreters-douglas-park,"alt stored on the attachment, so it repeats verbatim on every page using the image",write alt text for this page's context
Mount annan established housing,1152,mount-annan-established-housing-1152.jpg,14,concreters-glenfield,"alt stored on the attachment, so it repeats verbatim on every page using the image",write alt text for this page's context
Mount annan established housing,1152,mount-annan-established-housing-1152.jpg,14,concreters-leppington,"alt stored on the attachment, so it repeats verbatim on every page using the image",write alt text for this page's context
Mount annan established housing,1152,mount-annan-established-housing-1152.jpg,14,concreters-oran-park,"alt stored on the attachment, so it repeats verbatim on every page using the image",write alt text for this page's context
Mount annan established housing,1152,mount-annan-established-housing-1152.jpg,14,concreters-wilton,"alt stored on the attachment, so it repeats verbatim on every page using the image",write alt text for this page's context
Mount annan established housing,1152,mount-annan-established-housing-1152.jpg,14,driveway-crossover-cost-nsw,"alt stored on the attachment, so it repeats verbatim on every page using the image",write alt text for this page's context
Mount annan established housing,1152,mount-annan-established-housing-1152.jpg,14,salinity-and-concrete-western-sydney,"alt stored on the attachment, so it repeats verbatim on every page using the image",write alt text for this page's context
Mount annan established housing,1152,mount-annan-established-housing-1152.jpg,14,shed-and-garage-slabs-catherine-field,"alt stored on the attachment, so it repeats verbatim on every page using the image",write alt text for this page's context
Camden council driveway crossing,1153,camden-council-driveway-crossing-1153.jpg,14,commercial-hardstand-cost,"alt stored on the attachment, so it repeats verbatim on every page using the image",write alt text for this page's context
Camden council driveway crossing,1153,camden-council-driveway-crossing-1153.jpg,14,concrete-driveway-replacement-currans-hill,"alt stored on the attachment, so it repeats verbatim on every page using the image",write alt text for this page's context
Camden council driveway crossing,1153,camden-council-driveway-crossing-1153.jpg,14,concrete-driveways-catherine-field,"alt stored on the attachment, so it repeats verbatim on every page using the image",write alt text for this page's context
Camden council driveway crossing,1153,camden-council-driveway-crossing-1153.jpg,14,concrete-paths-edmondson-park,"alt stored on the attachment, so it repeats verbatim on every page using the image",write alt text for this page's context
Camden council driveway crossing,1153,camden-council-driveway-crossing-1153.jpg,14,concrete-slabs-south-west-sydney,"alt stored on the attachment, so it repeats verbatim on every page using the image",write alt text for this page's context
Camden council driveway crossing,1153,camden-council-driveway-crossing-1153.jpg,14,concreters-campbelltown,"alt stored on the attachment, so it repeats verbatim on every page using the image",write alt text for this page's context
Camden council driveway crossing,1153,camden-council-driveway-crossing-1153.jpg,14,concreters-douglas-park,"alt stored on the attachment, so it repeats verbatim on every page using the image",write alt text for this page's context
Camden council driveway crossing,1153,camden-council-driveway-crossing-1153.jpg,14,concreters-grasmere,"alt stored on the attachment, so it repeats verbatim on every page using the image",write alt text for this page's context
Camden council driveway crossing,1153,camden-council-driveway-crossing-1153.jpg,14,concreters-leppington,"alt stored on the attachment, so it repeats verbatim on every page using the image",write alt text for this page's context
Camden council driveway crossing,1153,camden-council-driveway-crossing-1153.jpg,14,concreters-oran-park,"alt stored on the attachment, so it repeats verbatim on every page using the image",write alt text for this page's context
Camden council driveway crossing,1153,camden-council-driveway-crossing-1153.jpg,14,concreters-wilton,"alt stored on the attachment, so it repeats verbatim on every page using the image",write alt text for this page's context
Camden council driveway crossing,1153,camden-council-driveway-crossing-1153.jpg,14,driveway-crossover-cost-nsw,"alt stored on the attachment, so it repeats verbatim on every page using the image",write alt text for this page's context
Camden council driveway crossing,1153,camden-council-driveway-crossing-1153.jpg,14,salinity-and-concrete-western-sydney,"alt stored on the attachment, so it repeats verbatim on every page using the image",write alt text for this page's context
Camden council driveway crossing,1153,camden-council-driveway-crossing-1153.jpg,14,shed-and-garage-slabs-catherine-field,"alt stored on the attachment, so it repeats verbatim on every page using the image",write alt text for this page's context
Council crossing south west sydney,1185,council-crossing-south-west-sydney-1185.jpg,14,commercial-hardstand-cost,"alt stored on the attachment, so it repeats verbatim on every page using the image",write alt text for this page's context
Council crossing south west sydney,1185,council-crossing-south-west-sydney-1185.jpg,14,concrete-driveway-replacement-currans-hill,"alt stored on the attachment, so it repeats verbatim on every page using the image",write alt text for this page's context
Council crossing south west sydney,1185,council-crossing-south-west-sydney-1185.jpg,14,concrete-driveways-cobbitty,"alt stored on the attachment, so it repeats verbatim on every page using the image",write alt text for this page's context
Council crossing south west sydney,1185,council-crossing-south-west-sydney-1185.jpg,14,concrete-paths-south-west-sydney,"alt stored on the attachment, so it repeats verbatim on every page using the image",write alt text for this page's context
Council crossing south west sydney,1185,council-crossing-south-west-sydney-1185.jpg,14,concrete-slabs-south-west-sydney,"alt stored on the attachment, so it repeats verbatim on every page using the image",write alt text for this page's context
Council crossing south west sydney,1185,council-crossing-south-west-sydney-1185.jpg,14,concreters-campbelltown,"alt stored on the attachment, so it repeats verbatim on every page using the image",write alt text for this page's context
Council crossing south west sydney,1185,council-crossing-south-west-sydney-1185.jpg,14,concreters-douglas-park,"alt stored on the attachment, so it repeats verbatim on every page using the image",write alt text for this page's context
Council crossing south west sydney,1185,council-crossing-south-west-sydney-1185.jpg,14,concreters-grasmere,"alt stored on the attachment, so it repeats verbatim on every page using the image",write alt text for this page's context
Council crossing south west sydney,1185,council-crossing-south-west-sydney-1185.jpg,14,concreters-leumeah,"alt stored on the attachment, so it repeats verbatim on every page using the image",write alt text for this page's context
Council crossing south west sydney,1185,council-crossing-south-west-sydney-1185.jpg,14,concreters-oran-park,"alt stored on the attachment, so it repeats verbatim on every page using the image",write alt text for this page's context
Council crossing south west sydney,1185,council-crossing-south-west-sydney-1185.jpg,14,concreters-wilton,"alt stored on the attachment, so it repeats verbatim on every page using the image",write alt text for this page's context
Council crossing south west sydney,1185,council-crossing-south-west-sydney-1185.jpg,14,driveway-crossover-cost-nsw,"alt stored on the attachment, so it repeats verbatim on every page using the image",write alt text for this page's context
Council crossing south west sydney,1185,council-crossing-south-west-sydney-1185.jpg,14,salinity-and-concrete-western-sydney,"alt stored on the attachment, so it repeats verbatim on every page using the image",write alt text for this page's context
Council crossing south west sydney,1185,council-crossing-south-west-sydney-1185.jpg,14,shed-and-garage-slabs-catherine-field,"alt stored on the attachment, so it repeats verbatim on every page using the image",write alt text for this page's context
Gregory hills commercial concreting,1186,gregory-hills-commercial-concreting-1186.webp,14,commercial-hardstand-cost,"alt stored on the attachment, so it repeats verbatim on every page using the image",write alt text for this page's context
Gregory hills commercial concreting,1186,gregory-hills-commercial-concreting-1186.webp,14,concrete-driveway-replacement-currans-hill,"alt stored on the attachment, so it repeats verbatim on every page using the image",write alt text for this page's context
Gregory hills commercial concreting,1186,gregory-hills-commercial-concreting-1186.webp,14,concrete-driveways-cobbitty,"alt stored on the attachment, so it repeats verbatim on every page using the image",write alt text for this page's context
Gregory hills commercial concreting,1186,gregory-hills-commercial-concreting-1186.webp,14,concrete-paths-south-west-sydney,"alt stored on the attachment, so it repeats verbatim on every page using the image",write alt text for this page's context
Gregory hills commercial concreting,1186,gregory-hills-commercial-concreting-1186.webp,14,concrete-slabs-south-west-sydney,"alt stored on the attachment, so it repeats verbatim on every page using the image",write alt text for this page's context
Gregory hills commercial concreting,1186,gregory-hills-commercial-concreting-1186.webp,14,concreters-campbelltown,"alt stored on the attachment, so it repeats verbatim on every page using the image",write alt text for this page's context
Gregory hills commercial concreting,1186,gregory-hills-commercial-concreting-1186.webp,14,concreters-douglas-park,"alt stored on the attachment, so it repeats verbatim on every page using the image",write alt text for this page's context
Gregory hills commercial concreting,1186,gregory-hills-commercial-concreting-1186.webp,14,concreters-grasmere,"alt stored on the attachment, so it repeats verbatim on every page using the image",write alt text for this page's context
Gregory hills commercial concreting,1186,gregory-hills-commercial-concreting-1186.webp,14,concreters-leumeah,"alt stored on the attachment, so it repeats verbatim on every page using the image",write alt text for this page's context
Gregory hills commercial concreting,1186,gregory-hills-commercial-concreting-1186.webp,14,concreters-oran-park,"alt stored on the attachment, so it repeats verbatim on every page using the image",write alt text for this page's context
Gregory hills commercial concreting,1186,gregory-hills-commercial-concreting-1186.webp,14,concreters-wilton,"alt stored on the attachment, so it repeats verbatim on every page using the image",write alt text for this page's context
Gregory hills commercial concreting,1186,gregory-hills-commercial-concreting-1186.webp,14,driveway-crossover-cost-nsw,"alt stored on the attachment, so it repeats verbatim on every page using the image",write alt text for this page's context
Gregory hills commercial concreting,1186,gregory-hills-commercial-concreting-1186.webp,14,salinity-and-concrete-western-sydney,"alt stored on the attachment, so it repeats verbatim on every page using the image",write alt text for this page's context
Gregory hills commercial concreting,1186,gregory-hills-commercial-concreting-1186.webp,14,shed-and-garage-slabs-catherine-field,"alt stored on the attachment, so it repeats verbatim on every page using the image",write alt text for this page's context
Leppington new estates,1187,leppington-new-estates-1187.jpg,14,commercial-hardstand-cost,"alt stored on the attachment, so it repeats verbatim on every page using the image",write alt text for this page's context
Leppington new estates,1187,leppington-new-estates-1187.jpg,14,concrete-driveway-replacement-currans-hill,"alt stored on the attachment, so it repeats verbatim on every page using the image",write alt text for this page's context
Leppington new estates,1187,leppington-new-estates-1187.jpg,14,concrete-driveways-cobbitty,"alt stored on the attachment, so it repeats verbatim on every page using the image",write alt text for this page's context
Leppington new estates,1187,leppington-new-estates-1187.jpg,14,concrete-paths-south-west-sydney,"alt stored on the attachment, so it repeats verbatim on every page using the image",write alt text for this page's context
Leppington new estates,1187,leppington-new-estates-1187.jpg,14,concrete-slabs-south-west-sydney,"alt stored on the attachment, so it repeats verbatim on every page using the image",write alt text for this page's context
Leppington new estates,1187,leppington-new-estates-1187.jpg,14,concreters-carnes-hill,"alt stored on the attachment, so it repeats verbatim on every page using the image",write alt text for this page's context
Leppington new estates,1187,leppington-new-estates-1187.jpg,14,concreters-douglas-park,"alt stored on the attachment, so it repeats verbatim on every page using the image",write alt text for this page's context
Leppington new estates,1187,leppington-new-estates-1187.jpg,14,concreters-grasmere,"alt stored on the attachment, so it repeats verbatim on every page using the image",write alt text for this page's context
Leppington new estates,1187,leppington-new-estates-1187.jpg,14,concreters-leumeah,"alt stored on the attachment, so it repeats verbatim on every page using the image",write alt text for this page's context
Leppington new estates,1187,leppington-new-estates-1187.jpg,14,concreters-oran-park,"alt stored on the attachment, so it repeats verbatim on every page using the image",write alt text for this page's context
Leppington new estates,1187,leppington-new-estates-1187.jpg,14,concreters-wilton,"alt stored on the attachment, so it repeats verbatim on every page using the image",write alt text for this page's context
Leppington new estates,1187,leppington-new-estates-1187.jpg,14,driveway-crossover-cost-nsw,"alt stored on the attachment, so it repeats verbatim on every page using the image",write alt text for this page's context
Leppington new estates,1187,leppington-new-estates-1187.jpg,14,salinity-and-concrete-western-sydney,"alt stored on the attachment, so it repeats verbatim on every page using the image",write alt text for this page's context
Leppington new estates,1187,leppington-new-estates-1187.jpg,14,shed-and-garage-slabs-catherine-field,"alt stored on the attachment, so it repeats verbatim on every page using the image",write alt text for this page's context
Reactive clay concreter 1 camden,1188,reactive-clay-concreter-1-camden-1188.jpg,14,commercial-hardstand-cost,"alt stored on the attachment, so it repeats verbatim on every page using the image",write alt text for this page's context
Reactive clay concreter 1 camden,1188,reactive-clay-concreter-1-camden-1188.jpg,14,concrete-driveway-replacement-currans-hill,"alt stored on the attachment, so it repeats verbatim on every page using the image",write alt text for this page's context
Reactive clay concreter 1 camden,1188,reactive-clay-concreter-1-camden-1188.jpg,14,concrete-driveways-cobbitty,"alt stored on the attachment, so it repeats verbatim on every page using the image",write alt text for this page's context
Reactive clay concreter 1 camden,1188,reactive-clay-concreter-1-camden-1188.jpg,14,concrete-paths-south-west-sydney,"alt stored on the attachment, so it repeats verbatim on every page using the image",write alt text for this page's context
Reactive clay concreter 1 camden,1188,reactive-clay-concreter-1-camden-1188.jpg,14,concrete-slabs-south-west-sydney,"alt stored on the attachment, so it repeats verbatim on every page using the image",write alt text for this page's context
Reactive clay concreter 1 camden,1188,reactive-clay-concreter-1-camden-1188.jpg,14,concreters-carnes-hill,"alt stored on the attachment, so it repeats verbatim on every page using the image",write alt text for this page's context
Reactive clay concreter 1 camden,1188,reactive-clay-concreter-1-camden-1188.jpg,14,concreters-eagle-vale,"alt stored on the attachment, so it repeats verbatim on every page using the image",write alt text for this page's context
Reactive clay concreter 1 camden,1188,reactive-clay-concreter-1-camden-1188.jpg,14,concreters-grasmere,"alt stored on the attachment, so it repeats verbatim on every page using the image",write alt text for this page's context
Reactive clay concreter 1 camden,1188,reactive-clay-concreter-1-camden-1188.jpg,14,concreters-leumeah,"alt stored on the attachment, so it repeats verbatim on every page using the image",write alt text for this page's context
Reactive clay concreter 1 camden,1188,reactive-clay-concreter-1-camden-1188.jpg,14,concreters-oran-park,"alt stored on the attachment, so it repeats verbatim on every page using the image",write alt text for this page's context
Reactive clay concreter 1 camden,1188,reactive-clay-concreter-1-camden-1188.jpg,14,decorative-concrete-harrington-park,"alt stored on the attachment, so it repeats verbatim on every page using the image",write alt text for this page's context
Reactive clay concreter 1 camden,1188,reactive-clay-concreter-1-camden-1188.jpg,14,driveway-crossover-cost-nsw,"alt stored on the attachment, so it repeats verbatim on every page using the image",write alt text for this page's context
Reactive clay concreter 1 camden,1188,reactive-clay-concreter-1-camden-1188.jpg,14,salinity-and-concrete-western-sydney,"alt stored on the attachment, so it repeats verbatim on every page using the image",write alt text for this page's context
Reactive clay concreter 1 camden,1188,reactive-clay-concreter-1-camden-1188.jpg,14,shed-and-garage-slabs-catherine-field,"alt stored on the attachment, so it repeats verbatim on every page using the image",write alt text for this page's context
Shrinkage cracks camden,1230,shrinkage-cracks-camden-1230.jpg,14,commercial-hardstand-cost,"alt stored on the attachment, so it repeats verbatim on every page using the image",write alt text for this page's context
Shrinkage cracks camden,1230,shrinkage-cracks-camden-1230.jpg,14,concrete-driveway-replacement-harrington-park,"alt stored on the attachment, so it repeats verbatim on every page using the image",write alt text for this page's context
Shrinkage cracks camden,1230,shrinkage-cracks-camden-1230.jpg,14,concrete-driveways-cobbitty,"alt stored on the attachment, so it repeats verbatim on every page using the image",write alt text for this page's context
Shrinkage cracks camden,1230,shrinkage-cracks-camden-1230.jpg,14,concrete-patios-edmondson-park,"alt stored on the attachment, so it repeats verbatim on every page using the image",write alt text for this page's context
Shrinkage cracks camden,1230,shrinkage-cracks-camden-1230.jpg,14,concrete-vs-asphalt,"alt stored on the attachment, so it repeats verbatim on every page using the image",write alt text for this page's context
Shrinkage cracks camden,1230,shrinkage-cracks-camden-1230.jpg,14,concreters-carnes-hill,"alt stored on the attachment, so it repeats verbatim on every page using the image",write alt text for this page's context
Shrinkage cracks camden,1230,shrinkage-cracks-camden-1230.jpg,14,concreters-eagle-vale,"alt stored on the attachment, so it repeats verbatim on every page using the image",write alt text for this page's context
Shrinkage cracks camden,1230,shrinkage-cracks-camden-1230.jpg,14,concreters-gregory-hills,"alt stored on the attachment, so it repeats verbatim on every page using the image",write alt text for this page's context
Shrinkage cracks camden,1230,shrinkage-cracks-camden-1230.jpg,14,concreters-leumeah,"alt stored on the attachment, so it repeats verbatim on every page using the image",write alt text for this page's context
Shrinkage cracks camden,1230,shrinkage-cracks-camden-1230.jpg,14,concreters-oran-park,"alt stored on the attachment, so it repeats verbatim on every page using the image",write alt text for this page's context
Shrinkage cracks camden,1230,shrinkage-cracks-camden-1230.jpg,14,decorative-concrete-harrington-park,"alt stored on the attachment, so it repeats verbatim on every page using the image",write alt text for this page's context
Shrinkage cracks camden,1230,shrinkage-cracks-camden-1230.jpg,14,driveway-crossover-cost-nsw,"alt stored on the attachment, so it repeats verbatim on every page using the image",write alt text for this page's context
Shrinkage cracks camden,1230,shrinkage-cracks-camden-1230.jpg,14,salinity-and-concrete-western-sydney,"alt stored on the attachment, so it repeats verbatim on every page using the image",write alt text for this page's context
Shrinkage cracks camden,1230,shrinkage-cracks-camden-1230.jpg,14,shed-and-garage-slabs-catherine-field,"alt stored on the attachment, so it repeats verbatim on every page using the image",write alt text for this page's context
Settlement cracks camden,1231,settlement-cracks-camden-1231.jpg,14,concrete-crack-types-and-which-matter,"alt stored on the attachment, so it repeats verbatim on every page using the image",write alt text for this page's context
Settlement cracks camden,1231,settlement-cracks-camden-1231.jpg,14,concrete-driveway-replacement-harrington-park,"alt stored on the attachment, so it repeats verbatim on every page using the image",write alt text for this page's context
Settlement cracks camden,1231,settlement-cracks-camden-1231.jpg,14,concrete-driveways-cobbitty,"alt stored on the attachment, so it repeats verbatim on every page using the image",write alt text for this page's context
Settlement cracks camden,1231,settlement-cracks-camden-1231.jpg,14,concrete-patios-edmondson-park,"alt stored on the attachment, so it repeats verbatim on every page using the image",write alt text for this page's context
Settlement cracks camden,1231,settlement-cracks-camden-1231.jpg,14,concrete-vs-asphalt,"alt stored on the attachment, so it repeats verbatim on every page using the image",write alt text for this page's context
Settlement cracks camden,1231,settlement-cracks-camden-1231.jpg,14,concreters-carnes-hill,"alt stored on the attachment, so it repeats verbatim on every page using the image",write alt text for this page's context
Settlement cracks camden,1231,settlement-cracks-camden-1231.jpg,14,concreters-eagle-vale,"alt stored on the attachment, so it repeats verbatim on every page using the image",write alt text for this page's context
Settlement cracks camden,1231,settlement-cracks-camden-1231.jpg,14,concreters-gregory-hills,"alt stored on the attachment, so it repeats verbatim on every page using the image",write alt text for this page's context
Settlement cracks camden,1231,settlement-cracks-camden-1231.jpg,14,concreters-macquarie-fields,"alt stored on the attachment, so it repeats verbatim on every page using the image",write alt text for this page's context
Settlement cracks camden,1231,settlement-cracks-camden-1231.jpg,14,concreters-oran-park,"alt stored on the attachment, so it repeats verbatim on every page using the image",write alt text for this page's context
Settlement cracks camden,1231,settlement-cracks-camden-1231.jpg,14,decorative-concrete-harrington-park,"alt stored on the attachment, so it repeats verbatim on every page using the image",write alt text for this page's context
Settlement cracks camden,1231,settlement-cracks-camden-1231.jpg,14,engineered-fill-and-why-new-estate-slabs-crack,"alt stored on the attachment, so it repeats verbatim on every page using the image",write alt text for this page's context
Settlement cracks camden,1231,settlement-cracks-camden-1231.jpg,14,sealing-and-resealing-concrete,"alt stored on the attachment, so it repeats verbatim on every page using the image",write alt text for this page's context
Settlement cracks camden,1231,settlement-cracks-camden-1231.jpg,14,shed-and-garage-slabs-catherine-field,"alt stored on the attachment, so it repeats verbatim on every page using the image",write alt text for this page's context
Heave cracks camden,1232,heave-cracks-camden-1232.jpg,48,broom-finish-concrete,"alt stored on the attachment, so it repeats verbatim on every page using the image",write alt text for this page's context
Heave cracks camden,1232,heave-cracks-camden-1232.jpg,48,campbelltown-council-driveway-crossing,"alt stored on the attachment, so it repeats verbatim on every page using the image",write alt text for this page's context
Heave cracks camden,1232,heave-cracks-camden-1232.jpg,48,coloured-concrete-explained,"alt stored on the attachment, so it repeats verbatim on every page using the image",write alt text for this page's context
Heave cracks camden,1232,heave-cracks-camden-1232.jpg,48,commercial-hardstand-cost,"alt stored on the attachment, so it repeats verbatim on every page using the image",write alt text for this page's context
Heave cracks camden,1232,heave-cracks-camden-1232.jpg,48,concrete-crack-types-and-which-matter,"alt stored on the attachment, so it repeats verbatim on every page using the image",write alt text for this page's context
Heave cracks camden,1232,heave-cracks-camden-1232.jpg,48,concrete-driveway-replacement-harrington-park,"alt stored on the attachment, so it repeats verbatim on every page using the image",write alt text for this page's context
Heave cracks camden,1232,heave-cracks-camden-1232.jpg,48,concrete-driveways-cobbitty,"alt stored on the attachment, so it repeats verbatim on every page using the image",write alt text for this page's context
Heave cracks camden,1232,heave-cracks-camden-1232.jpg,48,concrete-efflorescence,"alt stored on the attachment, so it repeats verbatim on every page using the image",write alt text for this page's context
Heave cracks camden,1232,heave-cracks-camden-1232.jpg,48,concrete-patios-edmondson-park,"alt stored on the attachment, so it repeats verbatim on every page using the image",write alt text for this page's context
Heave cracks camden,1232,heave-cracks-camden-1232.jpg,48,concrete-repair-vs-replace,"alt stored on the attachment, so it repeats verbatim on every page using the image",write alt text for this page's context
Heave cracks camden,1232,heave-cracks-camden-1232.jpg,48,concrete-slab-cost-per-m2,"alt stored on the attachment, so it repeats verbatim on every page using the image",write alt text for this page's context
Heave cracks camden,1232,heave-cracks-camden-1232.jpg,48,concrete-strength-grades-explained,"alt stored on the attachment, so it repeats verbatim on every page using the image",write alt text for this page's context
Heave cracks camden,1232,heave-cracks-camden-1232.jpg,48,concrete-vs-asphalt,"alt stored on the attachment, so it repeats verbatim on every page using the image",write alt text for this page's context
Heave cracks camden,1232,heave-cracks-camden-1232.jpg,48,concrete-vs-pavers,"alt stored on the attachment, so it repeats verbatim on every page using the image",write alt text for this page's context
Heave cracks camden,1232,heave-cracks-camden-1232.jpg,48,concrete-vs-pavers-vs-asphalt,"alt stored on the attachment, so it repeats verbatim on every page using the image",write alt text for this page's context
Heave cracks camden,1232,heave-cracks-camden-1232.jpg,48,concreters-carnes-hill,"alt stored on the attachment, so it repeats verbatim on every page using the image",write alt text for this page's context
Heave cracks camden,1232,heave-cracks-camden-1232.jpg,48,concreters-eagle-vale,"alt stored on the attachment, so it repeats verbatim on every page using the image",write alt text for this page's context
Heave cracks camden,1232,heave-cracks-camden-1232.jpg,48,concreters-gregory-hills,"alt stored on the attachment, so it repeats verbatim on every page using the image",write alt text for this page's context
Heave cracks camden,1232,heave-cracks-camden-1232.jpg,48,concreters-macquarie-fields,"alt stored on the attachment, so it repeats verbatim on every page using the image",write alt text for this page's context
Heave cracks camden,1232,heave-cracks-camden-1232.jpg,48,concreters-picton,"alt stored on the attachment, so it repeats verbatim on every page using the image",write alt text for this page's context
Heave cracks camden,1232,heave-cracks-camden-1232.jpg,48,control-joints-and-saw-cut-timing,"alt stored on the attachment, so it repeats verbatim on every page using the image",write alt text for this page's context
Heave cracks camden,1232,heave-cracks-camden-1232.jpg,48,curing-concrete-in-summer-vs-winter,"alt stored on the attachment, so it repeats verbatim on every page using the image",write alt text for this page's context
Heave cracks camden,1232,heave-cracks-camden-1232.jpg,48,decorative-concrete-harrington-park,"alt stored on the attachment, so it repeats verbatim on every page using the image",write alt text for this page's context
Heave cracks camden,1232,heave-cracks-camden-1232.jpg,48,diy-concrete-vs-hiring-a-concreter,"alt stored on the attachment, so it repeats verbatim on every page using the image",write alt text for this page's context
Heave cracks camden,1232,heave-cracks-camden-1232.jpg,48,do-i-need-council-approval-driveway-nsw,"alt stored on the attachment, so it repeats verbatim on every page using the image",write alt text for this page's context
Heave cracks camden,1232,heave-cracks-camden-1232.jpg,48,driveway-crossover-cost-nsw,"alt stored on the attachment, so it repeats verbatim on every page using the image",write alt text for this page's context
Heave cracks camden,1232,heave-cracks-camden-1232.jpg,48,engineered-fill-and-why-new-estate-slabs-crack,"alt stored on the attachment, so it repeats verbatim on every page using the image",write alt text for this page's context
Heave cracks camden,1232,heave-cracks-camden-1232.jpg,48,exposed-aggregate-cost,"alt stored on the attachment, so it repeats verbatim on every page using the image",write alt text for this page's context
Heave cracks camden,1232,heave-cracks-camden-1232.jpg,48,exposed-aggregate-vs-plain-concrete,"alt stored on the attachment, so it repeats verbatim on every page using the image",write alt text for this page's context
Heave cracks camden,1232,heave-cracks-camden-1232.jpg,48,exposed-aggregate-vs-stencil,"alt stored on the attachment, so it repeats verbatim on every page using the image",write alt text for this page's context
Heave cracks camden,1232,heave-cracks-camden-1232.jpg,48,guides,"alt stored on the attachment, so it repeats verbatim on every page using the image",write alt text for this page's context
Heave cracks camden,1232,heave-cracks-camden-1232.jpg,48,honed-and-polished-concrete,"alt stored on the attachment, so it repeats verbatim on every page using the image",write alt text for this page's context
Heave cracks camden,1232,heave-cracks-camden-1232.jpg,48,how-long-before-you-can-drive-on-concrete,"alt stored on the attachment, so it repeats verbatim on every page using the image",write alt text for this page's context
Heave cracks camden,1232,heave-cracks-camden-1232.jpg,48,liverpool-council-vehicle-crossing,"alt stored on the attachment, so it repeats verbatim on every page using the image",write alt text for this page's context
Heave cracks camden,1232,heave-cracks-camden-1232.jpg,48,non-slip-finishes-for-pools-and-slopes,"alt stored on the attachment, so it repeats verbatim on every page using the image",write alt text for this page's context
Heave cracks camden,1232,heave-cracks-camden-1232.jpg,48,reactive-clay-slabs-as2870,"alt stored on the attachment, so it repeats verbatim on every page using the image",write alt text for this page's context
Heave cracks camden,1232,heave-cracks-camden-1232.jpg,48,removing-oil-stains-and-tyre-marks-from-concrete,"alt stored on the attachment, so it repeats verbatim on every page using the image",write alt text for this page's context
Heave cracks camden,1232,heave-cracks-camden-1232.jpg,48,salinity-and-concrete-western-sydney,"alt stored on the attachment, so it repeats verbatim on every page using the image",write alt text for this page's context
Heave cracks camden,1232,heave-cracks-camden-1232.jpg,48,sealing-and-resealing-concrete,"alt stored on the attachment, so it repeats verbatim on every page using the image",write alt text for this page's context
Heave cracks camden,1232,heave-cracks-camden-1232.jpg,48,shed-and-garage-slabs-catherine-field,"alt stored on the attachment, so it repeats verbatim on every page using the image",write alt text for this page's context
Heave cracks camden,1232,heave-cracks-camden-1232.jpg,48,shed-slab-cost,"alt stored on the attachment, so it repeats verbatim on every page using the image",write alt text for this page's context
Heave cracks camden,1232,heave-cracks-camden-1232.jpg,48,site-classification-explained,"alt stored on the attachment, so it repeats verbatim on every page using the image",write alt text for this page's context
Heave cracks camden,1232,heave-cracks-camden-1232.jpg,48,sl72-vs-sl82-reinforcement,"alt stored on the attachment, so it repeats verbatim on every page using the image",write alt text for this page's context
Heave cracks camden,1232,heave-cracks-camden-1232.jpg,48,slab-thickness-for-driveways-vs-sheds,"alt stored on the attachment, so it repeats verbatim on every page using the image",write alt text for this page's context
Heave cracks camden,1232,heave-cracks-camden-1232.jpg,48,stencilled-vs-stamped-concrete-cost,"alt stored on the attachment, so it repeats verbatim on every page using the image",write alt text for this page's context
Heave cracks camden,1232,heave-cracks-camden-1232.jpg,48,what-actually-moves-a-concrete-quote,"alt stored on the attachment, so it repeats verbatim on every page using the image",write alt text for this page's context
Heave cracks camden,1232,heave-cracks-camden-1232.jpg,48,why-concrete-cracks,"alt stored on the attachment, so it repeats verbatim on every page using the image",write alt text for this page's context
Heave cracks camden,1232,heave-cracks-camden-1232.jpg,48,wollondilly-council-driveway-crossing,"alt stored on the attachment, so it repeats verbatim on every page using the image",write alt text for this page's context
Structural cracks camden,1233,structural-cracks-camden-1233.jpg,14,concrete-crack-types-and-which-matter,"alt stored on the attachment, so it repeats verbatim on every page using the image",write alt text for this page's context
Structural cracks camden,1233,structural-cracks-camden-1233.jpg,14,concrete-driveway-replacement-harrington-park,"alt stored on the attachment, so it repeats verbatim on every page using the image",write alt text for this page's context
Structural cracks camden,1233,structural-cracks-camden-1233.jpg,14,concrete-driveways-cobbitty,"alt stored on the attachment, so it repeats verbatim on every page using the image",write alt text for this page's context
Structural cracks camden,1233,structural-cracks-camden-1233.jpg,14,concrete-patios-edmondson-park,"alt stored on the attachment, so it repeats verbatim on every page using the image",write alt text for this page's context
Structural cracks camden,1233,structural-cracks-camden-1233.jpg,14,concrete-vs-asphalt,"alt stored on the attachment, so it repeats verbatim on every page using the image",write alt text for this page's context
Structural cracks camden,1233,structural-cracks-camden-1233.jpg,14,concreters-casula,"alt stored on the attachment, so it repeats verbatim on every page using the image",write alt text for this page's context
Structural cracks camden,1233,structural-cracks-camden-1233.jpg,14,concreters-eagle-vale,"alt stored on the attachment, so it repeats verbatim on every page using the image",write alt text for this page's context
Structural cracks camden,1233,structural-cracks-camden-1233.jpg,14,concreters-gregory-hills,"alt stored on the attachment, so it repeats verbatim on every page using the image",write alt text for this page's context
Structural cracks camden,1233,structural-cracks-camden-1233.jpg,14,concreters-macquarie-fields,"alt stored on the attachment, so it repeats verbatim on every page using the image",write alt text for this page's context
Structural cracks camden,1233,structural-cracks-camden-1233.jpg,14,concreters-picton,"alt stored on the attachment, so it repeats verbatim on every page using the image",write alt text for this page's context
Structural cracks camden,1233,structural-cracks-camden-1233.jpg,14,decorative-concrete-harrington-park,"alt stored on the attachment, so it repeats verbatim on every page using the image",write alt text for this page's context
Structural cracks camden,1233,structural-cracks-camden-1233.jpg,14,engineered-fill-and-why-new-estate-slabs-crack,"alt stored on the attachment, so it repeats verbatim on every page using the image",write alt text for this page's context
Structural cracks camden,1233,structural-cracks-camden-1233.jpg,14,sealing-and-resealing-concrete,"alt stored on the attachment, so it repeats verbatim on every page using the image",write alt text for this page's context
Structural cracks camden,1233,structural-cracks-camden-1233.jpg,14,shed-and-garage-slabs-oran-park,"alt stored on the attachment, so it repeats verbatim on every page using the image",write alt text for this page's context
Concrete sealing camden,1345,concrete-sealing-camden-1345.jpg,14,concrete-crack-types-and-which-matter,"alt stored on the attachment, so it repeats verbatim on every page using the image",write alt text for this page's context
Concrete sealing camden,1345,concrete-sealing-camden-1345.jpg,14,concrete-driveway-replacement-harrington-park,"alt stored on the attachment, so it repeats verbatim on every page using the image",write alt text for this page's context
Concrete sealing camden,1345,concrete-sealing-camden-1345.jpg,14,concrete-driveways-cobbitty,"alt stored on the attachment, so it repeats verbatim on every page using the image",write alt text for this page's context
Concrete sealing camden,1345,concrete-sealing-camden-1345.jpg,14,concrete-patios-elderslie,"alt stored on the attachment, so it repeats verbatim on every page using the image",write alt text for this page's context
Concrete sealing camden,1345,concrete-sealing-camden-1345.jpg,14,concrete-vs-asphalt,"alt stored on the attachment, so it repeats verbatim on every page using the image",write alt text for this page's context
Concrete sealing camden,1345,concrete-sealing-camden-1345.jpg,14,concreters-casula,"alt stored on the attachment, so it repeats verbatim on every page using the image",write alt text for this page's context
Concrete sealing camden,1345,concrete-sealing-camden-1345.jpg,14,concreters-edmondson-park,"alt stored on the attachment, so it repeats verbatim on every page using the image",write alt text for this page's context
Concrete sealing camden,1345,concrete-sealing-camden-1345.jpg,14,concreters-gregory-hills,"alt stored on the attachment, so it repeats verbatim on every page using the image",write alt text for this page's context
Concrete sealing camden,1345,concrete-sealing-camden-1345.jpg,14,concreters-macquarie-fields,"alt stored on the attachment, so it repeats verbatim on every page using the image",write alt text for this page's context
Concrete sealing camden,1345,concrete-sealing-camden-1345.jpg,14,concreters-picton,"alt stored on the attachment, so it repeats verbatim on every page using the image",write alt text for this page's context
Concrete sealing camden,1345,concrete-sealing-camden-1345.jpg,14,decorative-concrete-south-west-sydney,"alt stored on the attachment, so it repeats verbatim on every page using the image",write alt text for this page's context
Concrete sealing camden,1345,concrete-sealing-camden-1345.jpg,14,engineered-fill-and-why-new-estate-slabs-crack,"alt stored on the attachment, so it repeats verbatim on every page using the image",write alt text for this page's context
Concrete sealing camden,1345,concrete-sealing-camden-1345.jpg,14,sealing-and-resealing-concrete,"alt stored on the attachment, so it repeats verbatim on every page using the image",write alt text for this page's context
Concrete sealing camden,1345,concrete-sealing-camden-1345.jpg,14,shed-and-garage-slabs-oran-park,"alt stored on the attachment, so it repeats verbatim on every page using the image",write alt text for this page's context
Concrete driveway cracks camden,1359,concrete-driveway-cracks-camden-1359.jpg,14,concrete-crack-types-and-which-matter,"alt stored on the attachment, so it repeats verbatim on every page using the image",write alt text for this page's context
Concrete driveway cracks camden,1359,concrete-driveway-cracks-camden-1359.jpg,14,concrete-driveway-replacement-harrington-park,"alt stored on the attachment, so it repeats verbatim on every page using the image",write alt text for this page's context
Concrete driveway cracks camden,1359,concrete-driveway-cracks-camden-1359.jpg,14,concrete-driveways-cobbitty,"alt stored on the attachment, so it repeats verbatim on every page using the image",write alt text for this page's context
Concrete driveway cracks camden,1359,concrete-driveway-cracks-camden-1359.jpg,14,concrete-patios-elderslie,"alt stored on the attachment, so it repeats verbatim on every page using the image",write alt text for this page's context
Concrete driveway cracks camden,1359,concrete-driveway-cracks-camden-1359.jpg,14,concrete-vs-asphalt,"alt stored on the attachment, so it repeats verbatim on every page using the image",write alt text for this page's context
Concrete driveway cracks camden,1359,concrete-driveway-cracks-camden-1359.jpg,14,concreters-casula,"alt stored on the attachment, so it repeats verbatim on every page using the image",write alt text for this page's context
Concrete driveway cracks camden,1359,concrete-driveway-cracks-camden-1359.jpg,14,concreters-edmondson-park,"alt stored on the attachment, so it repeats verbatim on every page using the image",write alt text for this page's context
Concrete driveway cracks camden,1359,concrete-driveway-cracks-camden-1359.jpg,14,concreters-gregory-hills,"alt stored on the attachment, so it repeats verbatim on every page using the image",write alt text for this page's context
Concrete driveway cracks camden,1359,concrete-driveway-cracks-camden-1359.jpg,14,concreters-macquarie-fields,"alt stored on the attachment, so it repeats verbatim on every page using the image",write alt text for this page's context
Concrete driveway cracks camden,1359,concrete-driveway-cracks-camden-1359.jpg,14,concreters-picton,"alt stored on the attachment, so it repeats verbatim on every page using the image",write alt text for this page's context
Concrete driveway cracks camden,1359,concrete-driveway-cracks-camden-1359.jpg,14,decorative-concrete-south-west-sydney,"alt stored on the attachment, so it repeats verbatim on every page using the image",write alt text for this page's context
Concrete driveway cracks camden,1359,concrete-driveway-cracks-camden-1359.jpg,14,engineered-fill-and-why-new-estate-slabs-crack,"alt stored on the attachment, so it repeats verbatim on every page using the image",write alt text for this page's context
Concrete driveway cracks camden,1359,concrete-driveway-cracks-camden-1359.jpg,14,sealing-and-resealing-concrete,"alt stored on the attachment, so it repeats verbatim on every page using the image",write alt text for this page's context
Concrete driveway cracks camden,1359,concrete-driveway-cracks-camden-1359.jpg,14,shed-and-garage-slabs-oran-park,"alt stored on the attachment, so it repeats verbatim on every page using the image",write alt text for this page's context
Concrete driveway cracks 1 camden,1361,concrete-driveway-cracks-1-camden-1361.jpg,14,concrete-crack-types-and-which-matter,"alt stored on the attachment, so it repeats verbatim on every page using the image",write alt text for this page's context
Concrete driveway cracks 1 camden,1361,concrete-driveway-cracks-1-camden-1361.jpg,14,concrete-driveway-replacement-harrington-park,"alt stored on the attachment, so it repeats verbatim on every page using the image",write alt text for this page's context
Concrete driveway cracks 1 camden,1361,concrete-driveway-cracks-1-camden-1361.jpg,14,concrete-driveways-cobbitty,"alt stored on the attachment, so it repeats verbatim on every page using the image",write alt text for this page's context
Concrete driveway cracks 1 camden,1361,concrete-driveway-cracks-1-camden-1361.jpg,14,concrete-patios-elderslie,"alt stored on the attachment, so it repeats verbatim on every page using the image",write alt text for this page's context
Concrete driveway cracks 1 camden,1361,concrete-driveway-cracks-1-camden-1361.jpg,14,concrete-vs-asphalt,"alt stored on the attachment, so it repeats verbatim on every page using the image",write alt text for this page's context
Concrete driveway cracks 1 camden,1361,concrete-driveway-cracks-1-camden-1361.jpg,14,concreters-casula,"alt stored on the attachment, so it repeats verbatim on every page using the image",write alt text for this page's context
Concrete driveway cracks 1 camden,1361,concrete-driveway-cracks-1-camden-1361.jpg,14,concreters-edmondson-park,"alt stored on the attachment, so it repeats verbatim on every page using the image",write alt text for this page's context
Concrete driveway cracks 1 camden,1361,concrete-driveway-cracks-1-camden-1361.jpg,14,concreters-gregory-hills,"alt stored on the attachment, so it repeats verbatim on every page using the image",write alt text for this page's context
Concrete driveway cracks 1 camden,1361,concrete-driveway-cracks-1-camden-1361.jpg,14,concreters-menangle-park,"alt stored on the attachment, so it repeats verbatim on every page using the image",write alt text for this page's context
Concrete driveway cracks 1 camden,1361,concrete-driveway-cracks-1-camden-1361.jpg,14,concreters-picton,"alt stored on the attachment, so it repeats verbatim on every page using the image",write alt text for this page's context
Concrete driveway cracks 1 camden,1361,concrete-driveway-cracks-1-camden-1361.jpg,14,decorative-concrete-south-west-sydney,"alt stored on the attachment, so it repeats verbatim on every page using the image",write alt text for this page's context
Concrete driveway cracks 1 camden,1361,concrete-driveway-cracks-1-camden-1361.jpg,14,engineered-fill-and-why-new-estate-slabs-crack,"alt stored on the attachment, so it repeats verbatim on every page using the image",write alt text for this page's context
Concrete driveway cracks 1 camden,1361,concrete-driveway-cracks-1-camden-1361.jpg,14,sealing-and-resealing-concrete,"alt stored on the attachment, so it repeats verbatim on every page using the image",write alt text for this page's context
Concrete driveway cracks 1 camden,1361,concrete-driveway-cracks-1-camden-1361.jpg,14,shed-and-garage-slabs-oran-park,"alt stored on the attachment, so it repeats verbatim on every page using the image",write alt text for this page's context
Concrete driveway cracks 2 camden,1362,concrete-driveway-cracks-2-camden-1362.jpg,14,concrete-crack-types-and-which-matter,"alt stored on the attachment, so it repeats verbatim on every page using the image",write alt text for this page's context
Concrete driveway cracks 2 camden,1362,concrete-driveway-cracks-2-camden-1362.jpg,14,concrete-driveway-replacement-harrington-park,"alt stored on the attachment, so it repeats verbatim on every page using the image",write alt text for this page's context
Concrete driveway cracks 2 camden,1362,concrete-driveway-cracks-2-camden-1362.jpg,14,concrete-driveways-edmondson-park,"alt stored on the attachment, so it repeats verbatim on every page using the image",write alt text for this page's context
Concrete driveway cracks 2 camden,1362,concrete-driveway-cracks-2-camden-1362.jpg,14,concrete-patios-elderslie,"alt stored on the attachment, so it repeats verbatim on every page using the image",write alt text for this page's context
Concrete driveway cracks 2 camden,1362,concrete-driveway-cracks-2-camden-1362.jpg,14,concrete-vs-pavers,"alt stored on the attachment, so it repeats verbatim on every page using the image",write alt text for this page's context
Concrete driveway cracks 2 camden,1362,concrete-driveway-cracks-2-camden-1362.jpg,14,concreters-casula,"alt stored on the attachment, so it repeats verbatim on every page using the image",write alt text for this page's context
Concrete driveway cracks 2 camden,1362,concrete-driveway-cracks-2-camden-1362.jpg,14,concreters-edmondson-park,"alt stored on the attachment, so it repeats verbatim on every page using the image",write alt text for this page's context
Concrete driveway cracks 2 camden,1362,concrete-driveway-cracks-2-camden-1362.jpg,14,concreters-gregory-hills,"alt stored on the attachment, so it repeats verbatim on every page using the image",write alt text for this page's context
Concrete driveway cracks 2 camden,1362,concrete-driveway-cracks-2-camden-1362.jpg,14,concreters-menangle-park,"alt stored on the attachment, so it repeats verbatim on every page using the image",write alt text for this page's context
Concrete driveway cracks 2 camden,1362,concrete-driveway-cracks-2-camden-1362.jpg,14,concreters-prestons,"alt stored on the attachment, so it repeats verbatim on every page using the image",write alt text for this page's context
Concrete driveway cracks 2 camden,1362,concrete-driveway-cracks-2-camden-1362.jpg,14,decorative-concrete-south-west-sydney,"alt stored on the attachment, so it repeats verbatim on every page using the image",write alt text for this page's context
Concrete driveway cracks 2 camden,1362,concrete-driveway-cracks-2-camden-1362.jpg,14,engineered-fill-and-why-new-estate-slabs-crack,"alt stored on the attachment, so it repeats verbatim on every page using the image",write alt text for this page's context
Concrete driveway cracks 2 camden,1362,concrete-driveway-cracks-2-camden-1362.jpg,14,sealing-and-resealing-concrete,"alt stored on the attachment, so it repeats verbatim on every page using the image",write alt text for this page's context
Concrete driveway cracks 2 camden,1362,concrete-driveway-cracks-2-camden-1362.jpg,14,shed-and-garage-slabs-oran-park,"alt stored on the attachment, so it repeats verbatim on every page using the image",write alt text for this page's context
