shingle,page_count,pages
get your free quote today,145,broom-finish-concrete;campbelltown-council-driveway-crossing;coloured-concrete-driveway-cost;coloured-concrete-explained;commercial-concreting-bringelly;commercial-concreting-cobbitty;commercial-concreting-gregory-hills;commercial-concreting-narellan;commercial-concreting-south-west-sydney;commercial-hardstand-cost;concrete-crack-types-and-which-matter;concrete-driveway-cost-nsw;concrete-driveway-replacement-currans-hill;concrete-driveway-replacement-harrington-park;concrete-driveway-replacement-mount-annan;concrete-driveway-replacement-narellan;concrete-driveway-replacement-south-west-sydney;concrete-driveways-austral;concrete-driveways-catherine-field;concrete-driveways-cobbitty;concrete-driveways-edmondson-park;concrete-driveways-leppington;concrete-driveways-oran-park;concrete-driveways-south-west-sydney;concrete-driveways-spring-farm;concrete-efflorescence;concrete-paths-edmondson-park;concrete-paths-south-west-sydney;concrete-patios-edmondson-park;concrete-patios-elderslie;concrete-patios-gledswood-hills;concrete-patios-south-west-sydney;concrete-repair-vs-replace;concrete-slab-cost-per-m2;concrete-slabs-austral;concrete-slabs-bringelly;concrete-slabs-gledswood-hills;concrete-slabs-gregory-hills;concrete-slabs-leppington;concrete-slabs-south-west-sydney;concrete-strength-grades-explained;concrete-vs-asphalt;concrete-vs-pavers;concrete-vs-pavers-vs-asphalt;concreters-appin;concreters-austral;concreters-bargo;concreters-bradbury;concreters-bringelly;concreters-camden-park;concreters-camden-south;concreters-campbelltown;concreters-carnes-hill;concreters-casula;concreters-catherine-field;concreters-cawdor;concreters-cecil-hills;concreters-cecil-park;concreters-chipping-norton;concreters-cobbitty;concreters-currans-hill;concreters-douglas-park;concreters-eagle-vale;concreters-edmondson-park;concreters-elderslie;concreters-elizabeth-hills;concreters-ellis-lane;concreters-gilead;concreters-gledswood-hills;concreters-glen-alpine;concreters-glenfield;concreters-grasmere;concreters-gregory-hills;concreters-harrington-park;concreters-horningsea-park;concreters-hoxton-park;concreters-ingleburn;concreters-kemps-creek;concreters-kirkham;concreters-len-waters-estate;concreters-leppington;concreters-leumeah;concreters-macquarie-fields;concreters-menangle;concreters-menangle-park;concreters-middleton-grange;concreters-minto;concreters-moorebank;concreters-mount-annan;concreters-narellan;concreters-narellan-vale;concreters-oran-park;concreters-picton;concreters-prestons;concreters-raby;concreters-rossmore;concreters-smeaton-grange;concreters-spring-farm;concreters-tahmoor;concreters-the-oaks;concreters-theresa-park;concreters-wattle-grove;concreters-west-hoxton;concreters-wilton;control-joints-and-saw-cut-timing;curing-concrete-in-summer-vs-winter;decorative-concrete-harrington-park;decorative-concrete-south-west-sydney;diy-concrete-vs-hiring-a-concreter;do-i-need-council-approval-driveway-nsw;driveway-cost-calculator;driveway-crossover-cost-nsw;engineered-fill-and-why-new-estate-slabs-crack;exposed-aggregate-cost;exposed-aggregate-driveway-cost;exposed-aggregate-gledswood-hills;exposed-aggregate-harrington-park;exposed-aggregate-oran-park;exposed-aggregate-south-west-sydney;exposed-aggregate-vs-plain-concrete;exposed-aggregate-vs-stencil;guides;homepage;honed-and-polished-concrete;how-long-before-you-can-drive-on-concrete;liverpool-council-vehicle-crossing;non-slip-finishes-for-pools-and-slopes;plain-concrete-driveway-cost;reactive-clay-slabs-as2870;removing-oil-stains-and-tyre-marks-from-concrete;salinity-and-concrete-western-sydney;sealing-and-resealing-concrete;shed-and-garage-slabs-catherine-field;shed-and-garage-slabs-oran-park;shed-and-garage-slabs-south-west-sydney;shed-slab-cost;site-classification-explained;sl72-vs-sl82-reinforcement;slab-thickness-for-driveways-vs-sheds;slab-volume-calculator;stencilled-concrete-driveway-cost;stencilled-vs-stamped-concrete-cost;what-actually-moves-a-concrete-quote;why-concrete-cracks;wollondilly-council-driveway-crossing
call us 03 4517 6915,118,broom-finish-concrete;campbelltown-council-driveway-crossing;coloured-concrete-explained;commercial-hardstand-cost;concrete-crack-types-and-which-matter;concrete-driveway-replacement-currans-hill;concrete-driveway-replacement-harrington-park;concrete-driveway-replacement-mount-annan;concrete-driveway-replacement-narellan;concrete-driveway-replacement-south-west-sydney;concrete-driveways-austral;concrete-driveways-catherine-field;concrete-driveways-cobbitty;concrete-driveways-edmondson-park;concrete-driveways-leppington;concrete-driveways-oran-park;concrete-driveways-south-west-sydney;concrete-driveways-spring-farm;concrete-efflorescence;concrete-paths-edmondson-park;concrete-paths-south-west-sydney;concrete-patios-edmondson-park;concrete-patios-elderslie;concrete-patios-gledswood-hills;concrete-patios-south-west-sydney;concrete-repair-vs-replace;concrete-slab-cost-per-m2;concrete-strength-grades-explained;concrete-vs-asphalt;concrete-vs-pavers;concrete-vs-pavers-vs-asphalt;concreters-appin;concreters-austral;concreters-bargo;concreters-bradbury;concreters-bringelly;concreters-camden-park;concreters-camden-south;concreters-campbelltown;concreters-carnes-hill;concreters-casula;concreters-catherine-field;concreters-cawdor;concreters-cecil-hills;concreters-cecil-park;concreters-chipping-norton;concreters-cobbitty;concreters-currans-hill;concreters-douglas-park;concreters-eagle-vale;concreters-edmondson-park;concreters-elderslie;concreters-elizabeth-hills;concreters-ellis-lane;concreters-gilead;concreters-gledswood-hills;concreters-glen-alpine;concreters-glenfield;concreters-grasmere;concreters-gregory-hills;concreters-harrington-park;concreters-horningsea-park;concreters-hoxton-park;concreters-ingleburn;concreters-kemps-creek;concreters-kirkham;concreters-len-waters-estate;concreters-leppington;concreters-leumeah;concreters-macquarie-fields;concreters-menangle;concreters-menangle-park;concreters-middleton-grange;concreters-minto;concreters-moorebank;concreters-mount-annan;concreters-narellan;concreters-narellan-vale;concreters-oran-park;concreters-picton;concreters-prestons;concreters-raby;concreters-rossmore;concreters-smeaton-grange;concreters-spring-farm;concreters-tahmoor;concreters-the-oaks;concreters-theresa-park;concreters-wattle-grove;concreters-west-hoxton;concreters-wilton;control-joints-and-saw-cut-timing;curing-concrete-in-summer-vs-winter;diy-concrete-vs-hiring-a-concreter;do-i-need-council-approval-driveway-nsw;driveway-crossover-cost-nsw;engineered-fill-and-why-new-estate-slabs-crack;exposed-aggregate-cost;exposed-aggregate-vs-plain-concrete;exposed-aggregate-vs-stencil;guides;homepage;honed-and-polished-concrete;how-long-before-you-can-drive-on-concrete;liverpool-council-vehicle-crossing;non-slip-finishes-for-pools-and-slopes;reactive-clay-slabs-as2870;removing-oil-stains-and-tyre-marks-from-concrete;salinity-and-concrete-western-sydney;sealing-and-resealing-concrete;shed-slab-cost;site-classification-explained;sl72-vs-sl82-reinforcement;slab-thickness-for-driveways-vs-sheds;stencilled-vs-stamped-concrete-cost;what-actually-moves-a-concrete-quote;why-concrete-cracks;wollondilly-council-driveway-crossing
your free quote today call,99,broom-finish-concrete;campbelltown-council-driveway-crossing;coloured-concrete-explained;commercial-hardstand-cost;concrete-crack-types-and-which-matter;concrete-efflorescence;concrete-repair-vs-replace;concrete-slab-cost-per-m2;concrete-strength-grades-explained;concrete-vs-asphalt;concrete-vs-pavers;concrete-vs-pavers-vs-asphalt;concreters-appin;concreters-austral;concreters-bargo;concreters-bradbury;concreters-bringelly;concreters-camden-park;concreters-camden-south;concreters-campbelltown;concreters-carnes-hill;concreters-casula;concreters-catherine-field;concreters-cawdor;concreters-cecil-hills;concreters-cecil-park;concreters-chipping-norton;concreters-cobbitty;concreters-currans-hill;concreters-douglas-park;concreters-eagle-vale;concreters-edmondson-park;concreters-elderslie;concreters-elizabeth-hills;concreters-ellis-lane;concreters-gilead;concreters-gledswood-hills;concreters-glen-alpine;concreters-glenfield;concreters-grasmere;concreters-gregory-hills;concreters-harrington-park;concreters-horningsea-park;concreters-hoxton-park;concreters-ingleburn;concreters-kemps-creek;concreters-kirkham;concreters-len-waters-estate;concreters-leppington;concreters-leumeah;concreters-macquarie-fields;concreters-menangle;concreters-menangle-park;concreters-middleton-grange;concreters-minto;concreters-moorebank;concreters-mount-annan;concreters-narellan;concreters-narellan-vale;concreters-oran-park;concreters-picton;concreters-prestons;concreters-raby;concreters-rossmore;concreters-smeaton-grange;concreters-spring-farm;concreters-tahmoor;concreters-the-oaks;concreters-theresa-park;concreters-wattle-grove;concreters-west-hoxton;concreters-wilton;control-joints-and-saw-cut-timing;curing-concrete-in-summer-vs-winter;diy-concrete-vs-hiring-a-concreter;do-i-need-council-approval-driveway-nsw;driveway-crossover-cost-nsw;engineered-fill-and-why-new-estate-slabs-crack;exposed-aggregate-cost;exposed-aggregate-vs-plain-concrete;exposed-aggregate-vs-stencil;guides;homepage;honed-and-polished-concrete;how-long-before-you-can-drive-on-concrete;liverpool-council-vehicle-crossing;non-slip-finishes-for-pools-and-slopes;reactive-clay-slabs-as2870;removing-oil-stains-and-tyre-marks-from-concrete;salinity-and-concrete-western-sydney;sealing-and-resealing-concrete;shed-slab-cost;site-classification-explained;sl72-vs-sl82-reinforcement;slab-thickness-for-driveways-vs-sheds;stencilled-vs-stamped-concrete-cost;what-actually-moves-a-concrete-quote;why-concrete-cracks;wollondilly-council-driveway-crossing
free quote today call us,99,broom-finish-concrete;campbelltown-council-driveway-crossing;coloured-concrete-explained;commercial-hardstand-cost;concrete-crack-types-and-which-matter;concrete-efflorescence;concrete-repair-vs-replace;concrete-slab-cost-per-m2;concrete-strength-grades-explained;concrete-vs-asphalt;concrete-vs-pavers;concrete-vs-pavers-vs-asphalt;concreters-appin;concreters-austral;concreters-bargo;concreters-bradbury;concreters-bringelly;concreters-camden-park;concreters-camden-south;concreters-campbelltown;concreters-carnes-hill;concreters-casula;concreters-catherine-field;concreters-cawdor;concreters-cecil-hills;concreters-cecil-park;concreters-chipping-norton;concreters-cobbitty;concreters-currans-hill;concreters-douglas-park;concreters-eagle-vale;concreters-edmondson-park;concreters-elderslie;concreters-elizabeth-hills;concreters-ellis-lane;concreters-gilead;concreters-gledswood-hills;concreters-glen-alpine;concreters-glenfield;concreters-grasmere;concreters-gregory-hills;concreters-harrington-park;concreters-horningsea-park;concreters-hoxton-park;concreters-ingleburn;concreters-kemps-creek;concreters-kirkham;concreters-len-waters-estate;concreters-leppington;concreters-leumeah;concreters-macquarie-fields;concreters-menangle;concreters-menangle-park;concreters-middleton-grange;concreters-minto;concreters-moorebank;concreters-mount-annan;concreters-narellan;concreters-narellan-vale;concreters-oran-park;concreters-picton;concreters-prestons;concreters-raby;concreters-rossmore;concreters-smeaton-grange;concreters-spring-farm;concreters-tahmoor;concreters-the-oaks;concreters-theresa-park;concreters-wattle-grove;concreters-west-hoxton;concreters-wilton;control-joints-and-saw-cut-timing;curing-concrete-in-summer-vs-winter;diy-concrete-vs-hiring-a-concreter;do-i-need-council-approval-driveway-nsw;driveway-crossover-cost-nsw;engineered-fill-and-why-new-estate-slabs-crack;exposed-aggregate-cost;exposed-aggregate-vs-plain-concrete;exposed-aggregate-vs-stencil;guides;homepage;honed-and-polished-concrete;how-long-before-you-can-drive-on-concrete;liverpool-council-vehicle-crossing;non-slip-finishes-for-pools-and-slopes;reactive-clay-slabs-as2870;removing-oil-stains-and-tyre-marks-from-concrete;salinity-and-concrete-western-sydney;sealing-and-resealing-concrete;shed-slab-cost;site-classification-explained;sl72-vs-sl82-reinforcement;slab-thickness-for-driveways-vs-sheds;stencilled-vs-stamped-concrete-cost;what-actually-moves-a-concrete-quote;why-concrete-cracks;wollondilly-council-driveway-crossing
quote today call us 03,99,broom-finish-concrete;campbelltown-council-driveway-crossing;coloured-concrete-explained;commercial-hardstand-cost;concrete-crack-types-and-which-matter;concrete-efflorescence;concrete-repair-vs-replace;concrete-slab-cost-per-m2;concrete-strength-grades-explained;concrete-vs-asphalt;concrete-vs-pavers;concrete-vs-pavers-vs-asphalt;concreters-appin;concreters-austral;concreters-bargo;concreters-bradbury;concreters-bringelly;concreters-camden-park;concreters-camden-south;concreters-campbelltown;concreters-carnes-hill;concreters-casula;concreters-catherine-field;concreters-cawdor;concreters-cecil-hills;concreters-cecil-park;concreters-chipping-norton;concreters-cobbitty;concreters-currans-hill;concreters-douglas-park;concreters-eagle-vale;concreters-edmondson-park;concreters-elderslie;concreters-elizabeth-hills;concreters-ellis-lane;concreters-gilead;concreters-gledswood-hills;concreters-glen-alpine;concreters-glenfield;concreters-grasmere;concreters-gregory-hills;concreters-harrington-park;concreters-horningsea-park;concreters-hoxton-park;concreters-ingleburn;concreters-kemps-creek;concreters-kirkham;concreters-len-waters-estate;concreters-leppington;concreters-leumeah;concreters-macquarie-fields;concreters-menangle;concreters-menangle-park;concreters-middleton-grange;concreters-minto;concreters-moorebank;concreters-mount-annan;concreters-narellan;concreters-narellan-vale;concreters-oran-park;concreters-picton;concreters-prestons;concreters-raby;concreters-rossmore;concreters-smeaton-grange;concreters-spring-farm;concreters-tahmoor;concreters-the-oaks;concreters-theresa-park;concreters-wattle-grove;concreters-west-hoxton;concreters-wilton;control-joints-and-saw-cut-timing;curing-concrete-in-summer-vs-winter;diy-concrete-vs-hiring-a-concreter;do-i-need-council-approval-driveway-nsw;driveway-crossover-cost-nsw;engineered-fill-and-why-new-estate-slabs-crack;exposed-aggregate-cost;exposed-aggregate-vs-plain-concrete;exposed-aggregate-vs-stencil;guides;homepage;honed-and-polished-concrete;how-long-before-you-can-drive-on-concrete;liverpool-council-vehicle-crossing;non-slip-finishes-for-pools-and-slopes;reactive-clay-slabs-as2870;removing-oil-stains-and-tyre-marks-from-concrete;salinity-and-concrete-western-sydney;sealing-and-resealing-concrete;shed-slab-cost;site-classification-explained;sl72-vs-sl82-reinforcement;slab-thickness-for-driveways-vs-sheds;stencilled-vs-stamped-concrete-cost;what-actually-moves-a-concrete-quote;why-concrete-cracks;wollondilly-council-driveway-crossing
today call us 03 4517,99,broom-finish-concrete;campbelltown-council-driveway-crossing;coloured-concrete-explained;commercial-hardstand-cost;concrete-crack-types-and-which-matter;concrete-efflorescence;concrete-repair-vs-replace;concrete-slab-cost-per-m2;concrete-strength-grades-explained;concrete-vs-asphalt;concrete-vs-pavers;concrete-vs-pavers-vs-asphalt;concreters-appin;concreters-austral;concreters-bargo;concreters-bradbury;concreters-bringelly;concreters-camden-park;concreters-camden-south;concreters-campbelltown;concreters-carnes-hill;concreters-casula;concreters-catherine-field;concreters-cawdor;concreters-cecil-hills;concreters-cecil-park;concreters-chipping-norton;concreters-cobbitty;concreters-currans-hill;concreters-douglas-park;concreters-eagle-vale;concreters-edmondson-park;concreters-elderslie;concreters-elizabeth-hills;concreters-ellis-lane;concreters-gilead;concreters-gledswood-hills;concreters-glen-alpine;concreters-glenfield;concreters-grasmere;concreters-gregory-hills;concreters-harrington-park;concreters-horningsea-park;concreters-hoxton-park;concreters-ingleburn;concreters-kemps-creek;concreters-kirkham;concreters-len-waters-estate;concreters-leppington;concreters-leumeah;concreters-macquarie-fields;concreters-menangle;concreters-menangle-park;concreters-middleton-grange;concreters-minto;concreters-moorebank;concreters-mount-annan;concreters-narellan;concreters-narellan-vale;concreters-oran-park;concreters-picton;concreters-prestons;concreters-raby;concreters-rossmore;concreters-smeaton-grange;concreters-spring-farm;concreters-tahmoor;concreters-the-oaks;concreters-theresa-park;concreters-wattle-grove;concreters-west-hoxton;concreters-wilton;control-joints-and-saw-cut-timing;curing-concrete-in-summer-vs-winter;diy-concrete-vs-hiring-a-concreter;do-i-need-council-approval-driveway-nsw;driveway-crossover-cost-nsw;engineered-fill-and-why-new-estate-slabs-crack;exposed-aggregate-cost;exposed-aggregate-vs-plain-concrete;exposed-aggregate-vs-stencil;guides;homepage;honed-and-polished-concrete;how-long-before-you-can-drive-on-concrete;liverpool-council-vehicle-crossing;non-slip-finishes-for-pools-and-slopes;reactive-clay-slabs-as2870;removing-oil-stains-and-tyre-marks-from-concrete;salinity-and-concrete-western-sydney;sealing-and-resealing-concrete;shed-slab-cost;site-classification-explained;sl72-vs-sl82-reinforcement;slab-thickness-for-driveways-vs-sheds;stencilled-vs-stamped-concrete-cost;what-actually-moves-a-concrete-quote;why-concrete-cracks;wollondilly-council-driveway-crossing
keeps it open related sources,80,broom-finish-concrete;camden-council-driveway-crossing;campbelltown-council-driveway-crossing;coloured-concrete-driveway-cost;coloured-concrete-explained;commercial-concreting-bringelly;commercial-concreting-cobbitty;commercial-concreting-gregory-hills;commercial-concreting-narellan;commercial-hardstand-cost;concrete-crack-types-and-which-matter;concrete-crossovers-and-laybacks-austral;concrete-crossovers-and-laybacks-currans-hill;concrete-crossovers-and-laybacks-leppington;concrete-crossovers-and-laybacks-oran-park;concrete-crossovers-and-laybacks-spring-farm;concrete-driveway-cost-nsw;concrete-driveway-replacement-currans-hill;concrete-driveway-replacement-harrington-park;concrete-driveway-replacement-mount-annan;concrete-driveway-replacement-narellan;concrete-driveways-austral;concrete-driveways-catherine-field;concrete-driveways-cobbitty;concrete-driveways-edmondson-park;concrete-driveways-leppington;concrete-driveways-oran-park;concrete-driveways-spring-farm;concrete-efflorescence;concrete-paths-edmondson-park;concrete-patios-edmondson-park;concrete-patios-elderslie;concrete-patios-gledswood-hills;concrete-repair-vs-replace;concrete-slab-cost-per-m2;concrete-slabs-austral;concrete-slabs-bringelly;concrete-slabs-gledswood-hills;concrete-slabs-gregory-hills;concrete-slabs-leppington;concrete-strength-grades-explained;concrete-vs-asphalt;concrete-vs-pavers;concrete-vs-pavers-vs-asphalt;control-joints-and-saw-cut-timing;curing-concrete-in-summer-vs-winter;decorative-concrete-harrington-park;diy-concrete-vs-hiring-a-concreter;do-i-need-council-approval-driveway-nsw;driveway-cost-calculator;driveway-crossover-cost-nsw;engineered-fill-and-why-new-estate-slabs-crack;exposed-aggregate-cost;exposed-aggregate-driveway-cost;exposed-aggregate-gledswood-hills;exposed-aggregate-harrington-park;exposed-aggregate-oran-park;exposed-aggregate-vs-plain-concrete;exposed-aggregate-vs-stencil;honed-and-polished-concrete;how-long-before-you-can-drive-on-concrete;liverpool-council-vehicle-crossing;non-slip-finishes-for-pools-and-slopes;plain-concrete-driveway-cost;reactive-clay-slabs-as2870;removing-oil-stains-and-tyre-marks-from-concrete;salinity-and-concrete-western-sydney;sealing-and-resealing-concrete;shed-and-garage-slabs-catherine-field;shed-and-garage-slabs-oran-park;shed-slab-cost;site-classification-explained;sl72-vs-sl82-reinforcement;slab-thickness-for-driveways-vs-sheds;slab-volume-calculator;stencilled-concrete-driveway-cost;stencilled-vs-stamped-concrete-cost;what-actually-moves-a-concrete-quote;why-concrete-cracks;wollondilly-council-driveway-crossing
it open related sources for,80,broom-finish-concrete;camden-council-driveway-crossing;campbelltown-council-driveway-crossing;coloured-concrete-driveway-cost;coloured-concrete-explained;commercial-concreting-bringelly;commercial-concreting-cobbitty;commercial-concreting-gregory-hills;commercial-concreting-narellan;commercial-hardstand-cost;concrete-crack-types-and-which-matter;concrete-crossovers-and-laybacks-austral;concrete-crossovers-and-laybacks-currans-hill;concrete-crossovers-and-laybacks-leppington;concrete-crossovers-and-laybacks-oran-park;concrete-crossovers-and-laybacks-spring-farm;concrete-driveway-cost-nsw;concrete-driveway-replacement-currans-hill;concrete-driveway-replacement-harrington-park;concrete-driveway-replacement-mount-annan;concrete-driveway-replacement-narellan;concrete-driveways-austral;concrete-driveways-catherine-field;concrete-driveways-cobbitty;concrete-driveways-edmondson-park;concrete-driveways-leppington;concrete-driveways-oran-park;concrete-driveways-spring-farm;concrete-efflorescence;concrete-paths-edmondson-park;concrete-patios-edmondson-park;concrete-patios-elderslie;concrete-patios-gledswood-hills;concrete-repair-vs-replace;concrete-slab-cost-per-m2;concrete-slabs-austral;concrete-slabs-bringelly;concrete-slabs-gledswood-hills;concrete-slabs-gregory-hills;concrete-slabs-leppington;concrete-strength-grades-explained;concrete-vs-asphalt;concrete-vs-pavers;concrete-vs-pavers-vs-asphalt;control-joints-and-saw-cut-timing;curing-concrete-in-summer-vs-winter;decorative-concrete-harrington-park;diy-concrete-vs-hiring-a-concreter;do-i-need-council-approval-driveway-nsw;driveway-cost-calculator;driveway-crossover-cost-nsw;engineered-fill-and-why-new-estate-slabs-crack;exposed-aggregate-cost;exposed-aggregate-driveway-cost;exposed-aggregate-gledswood-hills;exposed-aggregate-harrington-park;exposed-aggregate-oran-park;exposed-aggregate-vs-plain-concrete;exposed-aggregate-vs-stencil;honed-and-polished-concrete;how-long-before-you-can-drive-on-concrete;liverpool-council-vehicle-crossing;non-slip-finishes-for-pools-and-slopes;plain-concrete-driveway-cost;reactive-clay-slabs-as2870;removing-oil-stains-and-tyre-marks-from-concrete;salinity-and-concrete-western-sydney;sealing-and-resealing-concrete;shed-and-garage-slabs-catherine-field;shed-and-garage-slabs-oran-park;shed-slab-cost;site-classification-explained;sl72-vs-sl82-reinforcement;slab-thickness-for-driveways-vs-sheds;slab-volume-calculator;stencilled-concrete-driveway-cost;stencilled-vs-stamped-concrete-cost;what-actually-moves-a-concrete-quote;why-concrete-cracks;wollondilly-council-driveway-crossing
shed garage extension and house,61,concreters-appin;concreters-austral;concreters-bargo;concreters-bradbury;concreters-bringelly;concreters-camden-park;concreters-camden-south;concreters-campbelltown;concreters-carnes-hill;concreters-casula;concreters-catherine-field;concreters-cawdor;concreters-cecil-hills;concreters-cecil-park;concreters-chipping-norton;concreters-cobbitty;concreters-currans-hill;concreters-douglas-park;concreters-eagle-vale;concreters-edmondson-park;concreters-elderslie;concreters-elizabeth-hills;concreters-ellis-lane;concreters-gilead;concreters-gledswood-hills;concreters-glen-alpine;concreters-glenfield;concreters-grasmere;concreters-gregory-hills;concreters-harrington-park;concreters-horningsea-park;concreters-hoxton-park;concreters-ingleburn;concreters-kemps-creek;concreters-kirkham;concreters-len-waters-estate;concreters-leppington;concreters-leumeah;concreters-macquarie-fields;concreters-menangle;concreters-menangle-park;concreters-middleton-grange;concreters-minto;concreters-moorebank;concreters-mount-annan;concreters-narellan;concreters-narellan-vale;concreters-oran-park;concreters-picton;concreters-prestons;concreters-raby;concreters-rossmore;concreters-smeaton-grange;concreters-spring-farm;concreters-tahmoor;concreters-the-oaks;concreters-theresa-park;concreters-wattle-grove;concreters-west-hoxton;concreters-wilton;homepage
garage extension and house slabs,61,concreters-appin;concreters-austral;concreters-bargo;concreters-bradbury;concreters-bringelly;concreters-camden-park;concreters-camden-south;concreters-campbelltown;concreters-carnes-hill;concreters-casula;concreters-catherine-field;concreters-cawdor;concreters-cecil-hills;concreters-cecil-park;concreters-chipping-norton;concreters-cobbitty;concreters-currans-hill;concreters-douglas-park;concreters-eagle-vale;concreters-edmondson-park;concreters-elderslie;concreters-elizabeth-hills;concreters-ellis-lane;concreters-gilead;concreters-gledswood-hills;concreters-glen-alpine;concreters-glenfield;concreters-grasmere;concreters-gregory-hills;concreters-harrington-park;concreters-horningsea-park;concreters-hoxton-park;concreters-ingleburn;concreters-kemps-creek;concreters-kirkham;concreters-len-waters-estate;concreters-leppington;concreters-leumeah;concreters-macquarie-fields;concreters-menangle;concreters-menangle-park;concreters-middleton-grange;concreters-minto;concreters-moorebank;concreters-mount-annan;concreters-narellan;concreters-narellan-vale;concreters-oran-park;concreters-picton;concreters-prestons;concreters-raby;concreters-rossmore;concreters-smeaton-grange;concreters-spring-farm;concreters-tahmoor;concreters-the-oaks;concreters-theresa-park;concreters-wattle-grove;concreters-west-hoxton;concreters-wilton;homepage
the premium textured non slip,61,concreters-appin;concreters-austral;concreters-bargo;concreters-bradbury;concreters-bringelly;concreters-camden-park;concreters-camden-south;concreters-campbelltown;concreters-carnes-hill;concreters-casula;concreters-catherine-field;concreters-cawdor;concreters-cecil-hills;concreters-cecil-park;concreters-chipping-norton;concreters-cobbitty;concreters-currans-hill;concreters-douglas-park;concreters-eagle-vale;concreters-edmondson-park;concreters-elderslie;concreters-elizabeth-hills;concreters-ellis-lane;concreters-gilead;concreters-gledswood-hills;concreters-glen-alpine;concreters-glenfield;concreters-grasmere;concreters-gregory-hills;concreters-harrington-park;concreters-horningsea-park;concreters-hoxton-park;concreters-ingleburn;concreters-kemps-creek;concreters-kirkham;concreters-len-waters-estate;concreters-leppington;concreters-leumeah;concreters-macquarie-fields;concreters-menangle;concreters-menangle-park;concreters-middleton-grange;concreters-minto;concreters-moorebank;concreters-mount-annan;concreters-narellan;concreters-narellan-vale;concreters-oran-park;concreters-picton;concreters-prestons;concreters-raby;concreters-rossmore;concreters-smeaton-grange;concreters-spring-farm;concreters-tahmoor;concreters-the-oaks;concreters-theresa-park;concreters-wattle-grove;concreters-west-hoxton;concreters-wilton;homepage
premium textured non slip finish,61,concreters-appin;concreters-austral;concreters-bargo;concreters-bradbury;concreters-bringelly;concreters-camden-park;concreters-camden-south;concreters-campbelltown;concreters-carnes-hill;concreters-casula;concreters-catherine-field;concreters-cawdor;concreters-cecil-hills;concreters-cecil-park;concreters-chipping-norton;concreters-cobbitty;concreters-currans-hill;concreters-douglas-park;concreters-eagle-vale;concreters-edmondson-park;concreters-elderslie;concreters-elizabeth-hills;concreters-ellis-lane;concreters-gilead;concreters-gledswood-hills;concreters-glen-alpine;concreters-glenfield;concreters-grasmere;concreters-gregory-hills;concreters-harrington-park;concreters-horningsea-park;concreters-hoxton-park;concreters-ingleburn;concreters-kemps-creek;concreters-kirkham;concreters-len-waters-estate;concreters-leppington;concreters-leumeah;concreters-macquarie-fields;concreters-menangle;concreters-menangle-park;concreters-middleton-grange;concreters-minto;concreters-moorebank;concreters-mount-annan;concreters-narellan;concreters-narellan-vale;concreters-oran-park;concreters-picton;concreters-prestons;concreters-raby;concreters-rossmore;concreters-smeaton-grange;concreters-spring-farm;concreters-tahmoor;concreters-the-oaks;concreters-theresa-park;concreters-wattle-grove;concreters-west-hoxton;concreters-wilton;homepage
textured non slip finish with,61,concreters-appin;concreters-austral;concreters-bargo;concreters-bradbury;concreters-bringelly;concreters-camden-park;concreters-camden-south;concreters-campbelltown;concreters-carnes-hill;concreters-casula;concreters-catherine-field;concreters-cawdor;concreters-cecil-hills;concreters-cecil-park;concreters-chipping-norton;concreters-cobbitty;concreters-currans-hill;concreters-douglas-park;concreters-eagle-vale;concreters-edmondson-park;concreters-elderslie;concreters-elizabeth-hills;concreters-ellis-lane;concreters-gilead;concreters-gledswood-hills;concreters-glen-alpine;concreters-glenfield;concreters-grasmere;concreters-gregory-hills;concreters-harrington-park;concreters-horningsea-park;concreters-hoxton-park;concreters-ingleburn;concreters-kemps-creek;concreters-kirkham;concreters-len-waters-estate;concreters-leppington;concreters-leumeah;concreters-macquarie-fields;concreters-menangle;concreters-menangle-park;concreters-middleton-grange;concreters-minto;concreters-moorebank;concreters-mount-annan;concreters-narellan;concreters-narellan-vale;concreters-oran-park;concreters-picton;concreters-prestons;concreters-raby;concreters-rossmore;concreters-smeaton-grange;concreters-spring-farm;concreters-tahmoor;concreters-the-oaks;concreters-theresa-park;concreters-wattle-grove;concreters-west-hoxton;concreters-wilton;homepage
non slip finish with real,61,concreters-appin;concreters-austral;concreters-bargo;concreters-bradbury;concreters-bringelly;concreters-camden-park;concreters-camden-south;concreters-campbelltown;concreters-carnes-hill;concreters-casula;concreters-catherine-field;concreters-cawdor;concreters-cecil-hills;concreters-cecil-park;concreters-chipping-norton;concreters-cobbitty;concreters-currans-hill;concreters-douglas-park;concreters-eagle-vale;concreters-edmondson-park;concreters-elderslie;concreters-elizabeth-hills;concreters-ellis-lane;concreters-gilead;concreters-gledswood-hills;concreters-glen-alpine;concreters-glenfield;concreters-grasmere;concreters-gregory-hills;concreters-harrington-park;concreters-horningsea-park;concreters-hoxton-park;concreters-ingleburn;concreters-kemps-creek;concreters-kirkham;concreters-len-waters-estate;concreters-leppington;concreters-leumeah;concreters-macquarie-fields;concreters-menangle;concreters-menangle-park;concreters-middleton-grange;concreters-minto;concreters-moorebank;concreters-mount-annan;concreters-narellan;concreters-narellan-vale;concreters-oran-park;concreters-picton;concreters-prestons;concreters-raby;concreters-rossmore;concreters-smeaton-grange;concreters-spring-farm;concreters-tahmoor;concreters-the-oaks;concreters-theresa-park;concreters-wattle-grove;concreters-west-hoxton;concreters-wilton;homepage
slip finish with real kerb,61,concreters-appin;concreters-austral;concreters-bargo;concreters-bradbury;concreters-bringelly;concreters-camden-park;concreters-camden-south;concreters-campbelltown;concreters-carnes-hill;concreters-casula;concreters-catherine-field;concreters-cawdor;concreters-cecil-hills;concreters-cecil-park;concreters-chipping-norton;concreters-cobbitty;concreters-currans-hill;concreters-douglas-park;concreters-eagle-vale;concreters-edmondson-park;concreters-elderslie;concreters-elizabeth-hills;concreters-ellis-lane;concreters-gilead;concreters-gledswood-hills;concreters-glen-alpine;concreters-glenfield;concreters-grasmere;concreters-gregory-hills;concreters-harrington-park;concreters-horningsea-park;concreters-hoxton-park;concreters-ingleburn;concreters-kemps-creek;concreters-kirkham;concreters-len-waters-estate;concreters-leppington;concreters-leumeah;concreters-macquarie-fields;concreters-menangle;concreters-menangle-park;concreters-middleton-grange;concreters-minto;concreters-moorebank;concreters-mount-annan;concreters-narellan;concreters-narellan-vale;concreters-oran-park;concreters-picton;concreters-prestons;concreters-raby;concreters-rossmore;concreters-smeaton-grange;concreters-spring-farm;concreters-tahmoor;concreters-the-oaks;concreters-theresa-park;concreters-wattle-grove;concreters-west-hoxton;concreters-wilton;homepage
finish with real kerb appeal,61,concreters-appin;concreters-austral;concreters-bargo;concreters-bradbury;concreters-bringelly;concreters-camden-park;concreters-camden-south;concreters-campbelltown;concreters-carnes-hill;concreters-casula;concreters-catherine-field;concreters-cawdor;concreters-cecil-hills;concreters-cecil-park;concreters-chipping-norton;concreters-cobbitty;concreters-currans-hill;concreters-douglas-park;concreters-eagle-vale;concreters-edmondson-park;concreters-elderslie;concreters-elizabeth-hills;concreters-ellis-lane;concreters-gilead;concreters-gledswood-hills;concreters-glen-alpine;concreters-glenfield;concreters-grasmere;concreters-gregory-hills;concreters-harrington-park;concreters-horningsea-park;concreters-hoxton-park;concreters-ingleburn;concreters-kemps-creek;concreters-kirkham;concreters-len-waters-estate;concreters-leppington;concreters-leumeah;concreters-macquarie-fields;concreters-menangle;concreters-menangle-park;concreters-middleton-grange;concreters-minto;concreters-moorebank;concreters-mount-annan;concreters-narellan;concreters-narellan-vale;concreters-oran-park;concreters-picton;concreters-prestons;concreters-raby;concreters-rossmore;concreters-smeaton-grange;concreters-spring-farm;concreters-tahmoor;concreters-the-oaks;concreters-theresa-park;concreters-wattle-grove;concreters-west-hoxton;concreters-wilton;homepage
new driveways replacements council crossovers,60,concreters-appin;concreters-austral;concreters-bargo;concreters-bradbury;concreters-bringelly;concreters-camden-park;concreters-camden-south;concreters-campbelltown;concreters-carnes-hill;concreters-casula;concreters-catherine-field;concreters-cawdor;concreters-cecil-hills;concreters-cecil-park;concreters-chipping-norton;concreters-cobbitty;concreters-currans-hill;concreters-douglas-park;concreters-eagle-vale;concreters-edmondson-park;concreters-elderslie;concreters-elizabeth-hills;concreters-ellis-lane;concreters-gilead;concreters-gledswood-hills;concreters-glen-alpine;concreters-glenfield;concreters-grasmere;concreters-gregory-hills;concreters-harrington-park;concreters-horningsea-park;concreters-hoxton-park;concreters-ingleburn;concreters-kemps-creek;concreters-kirkham;concreters-len-waters-estate;concreters-leppington;concreters-leumeah;concreters-macquarie-fields;concreters-menangle;concreters-menangle-park;concreters-middleton-grange;concreters-minto;concreters-moorebank;concreters-mount-annan;concreters-narellan;concreters-narellan-vale;concreters-oran-park;concreters-picton;concreters-prestons;concreters-raby;concreters-rossmore;concreters-smeaton-grange;concreters-spring-farm;concreters-tahmoor;concreters-the-oaks;concreters-theresa-park;concreters-wattle-grove;concreters-west-hoxton;concreters-wilton
driveways replacements council crossovers concrete,60,concreters-appin;concreters-austral;concreters-bargo;concreters-bradbury;concreters-bringelly;concreters-camden-park;concreters-camden-south;concreters-campbelltown;concreters-carnes-hill;concreters-casula;concreters-catherine-field;concreters-cawdor;concreters-cecil-hills;concreters-cecil-park;concreters-chipping-norton;concreters-cobbitty;concreters-currans-hill;concreters-douglas-park;concreters-eagle-vale;concreters-edmondson-park;concreters-elderslie;concreters-elizabeth-hills;concreters-ellis-lane;concreters-gilead;concreters-gledswood-hills;concreters-glen-alpine;concreters-glenfield;concreters-grasmere;concreters-gregory-hills;concreters-harrington-park;concreters-horningsea-park;concreters-hoxton-park;concreters-ingleburn;concreters-kemps-creek;concreters-kirkham;concreters-len-waters-estate;concreters-leppington;concreters-leumeah;concreters-macquarie-fields;concreters-menangle;concreters-menangle-park;concreters-middleton-grange;concreters-minto;concreters-moorebank;concreters-mount-annan;concreters-narellan;concreters-narellan-vale;concreters-oran-park;concreters-picton;concreters-prestons;concreters-raby;concreters-rossmore;concreters-smeaton-grange;concreters-spring-farm;concreters-tahmoor;concreters-the-oaks;concreters-theresa-park;concreters-wattle-grove;concreters-west-hoxton;concreters-wilton
replacements council crossovers concrete slabs,60,concreters-appin;concreters-austral;concreters-bargo;concreters-bradbury;concreters-bringelly;concreters-camden-park;concreters-camden-south;concreters-campbelltown;concreters-carnes-hill;concreters-casula;concreters-catherine-field;concreters-cawdor;concreters-cecil-hills;concreters-cecil-park;concreters-chipping-norton;concreters-cobbitty;concreters-currans-hill;concreters-douglas-park;concreters-eagle-vale;concreters-edmondson-park;concreters-elderslie;concreters-elizabeth-hills;concreters-ellis-lane;concreters-gilead;concreters-gledswood-hills;concreters-glen-alpine;concreters-glenfield;concreters-grasmere;concreters-gregory-hills;concreters-harrington-park;concreters-horningsea-park;concreters-hoxton-park;concreters-ingleburn;concreters-kemps-creek;concreters-kirkham;concreters-len-waters-estate;concreters-leppington;concreters-leumeah;concreters-macquarie-fields;concreters-menangle;concreters-menangle-park;concreters-middleton-grange;concreters-minto;concreters-moorebank;concreters-mount-annan;concreters-narellan;concreters-narellan-vale;concreters-oran-park;concreters-picton;concreters-prestons;concreters-raby;concreters-rossmore;concreters-smeaton-grange;concreters-spring-farm;concreters-tahmoor;concreters-the-oaks;concreters-theresa-park;concreters-wattle-grove;concreters-west-hoxton;concreters-wilton
extension and house slabs based,60,concreters-appin;concreters-austral;concreters-bargo;concreters-bradbury;concreters-bringelly;concreters-camden-park;concreters-camden-south;concreters-campbelltown;concreters-carnes-hill;concreters-casula;concreters-catherine-field;concreters-cawdor;concreters-cecil-hills;concreters-cecil-park;concreters-chipping-norton;concreters-cobbitty;concreters-currans-hill;concreters-douglas-park;concreters-eagle-vale;concreters-edmondson-park;concreters-elderslie;concreters-elizabeth-hills;concreters-ellis-lane;concreters-gilead;concreters-gledswood-hills;concreters-glen-alpine;concreters-glenfield;concreters-grasmere;concreters-gregory-hills;concreters-harrington-park;concreters-horningsea-park;concreters-hoxton-park;concreters-ingleburn;concreters-kemps-creek;concreters-kirkham;concreters-len-waters-estate;concreters-leppington;concreters-leumeah;concreters-macquarie-fields;concreters-menangle;concreters-menangle-park;concreters-middleton-grange;concreters-minto;concreters-moorebank;concreters-mount-annan;concreters-narellan;concreters-narellan-vale;concreters-oran-park;concreters-picton;concreters-prestons;concreters-raby;concreters-rossmore;concreters-smeaton-grange;concreters-spring-farm;concreters-tahmoor;concreters-the-oaks;concreters-theresa-park;concreters-wattle-grove;concreters-west-hoxton;concreters-wilton
and house slabs based properly,60,concreters-appin;concreters-austral;concreters-bargo;concreters-bradbury;concreters-bringelly;concreters-camden-park;concreters-camden-south;concreters-campbelltown;concreters-carnes-hill;concreters-casula;concreters-catherine-field;concreters-cawdor;concreters-cecil-hills;concreters-cecil-park;concreters-chipping-norton;concreters-cobbitty;concreters-currans-hill;concreters-douglas-park;concreters-eagle-vale;concreters-edmondson-park;concreters-elderslie;concreters-elizabeth-hills;concreters-ellis-lane;concreters-gilead;concreters-gledswood-hills;concreters-glen-alpine;concreters-glenfield;concreters-grasmere;concreters-gregory-hills;concreters-harrington-park;concreters-horningsea-park;concreters-hoxton-park;concreters-ingleburn;concreters-kemps-creek;concreters-kirkham;concreters-len-waters-estate;concreters-leppington;concreters-leumeah;concreters-macquarie-fields;concreters-menangle;concreters-menangle-park;concreters-middleton-grange;concreters-minto;concreters-moorebank;concreters-mount-annan;concreters-narellan;concreters-narellan-vale;concreters-oran-park;concreters-picton;concreters-prestons;concreters-raby;concreters-rossmore;concreters-smeaton-grange;concreters-spring-farm;concreters-tahmoor;concreters-the-oaks;concreters-theresa-park;concreters-wattle-grove;concreters-west-hoxton;concreters-wilton
house slabs based properly exposed,60,concreters-appin;concreters-austral;concreters-bargo;concreters-bradbury;concreters-bringelly;concreters-camden-park;concreters-camden-south;concreters-campbelltown;concreters-carnes-hill;concreters-casula;concreters-catherine-field;concreters-cawdor;concreters-cecil-hills;concreters-cecil-park;concreters-chipping-norton;concreters-cobbitty;concreters-currans-hill;concreters-douglas-park;concreters-eagle-vale;concreters-edmondson-park;concreters-elderslie;concreters-elizabeth-hills;concreters-ellis-lane;concreters-gilead;concreters-gledswood-hills;concreters-glen-alpine;concreters-glenfield;concreters-grasmere;concreters-gregory-hills;concreters-harrington-park;concreters-horningsea-park;concreters-hoxton-park;concreters-ingleburn;concreters-kemps-creek;concreters-kirkham;concreters-len-waters-estate;concreters-leppington;concreters-leumeah;concreters-macquarie-fields;concreters-menangle;concreters-menangle-park;concreters-middleton-grange;concreters-minto;concreters-moorebank;concreters-mount-annan;concreters-narellan;concreters-narellan-vale;concreters-oran-park;concreters-picton;concreters-prestons;concreters-raby;concreters-rossmore;concreters-smeaton-grange;concreters-spring-farm;concreters-tahmoor;concreters-the-oaks;concreters-theresa-park;concreters-wattle-grove;concreters-west-hoxton;concreters-wilton
slabs based properly exposed aggregate,60,concreters-appin;concreters-austral;concreters-bargo;concreters-bradbury;concreters-bringelly;concreters-camden-park;concreters-camden-south;concreters-campbelltown;concreters-carnes-hill;concreters-casula;concreters-catherine-field;concreters-cawdor;concreters-cecil-hills;concreters-cecil-park;concreters-chipping-norton;concreters-cobbitty;concreters-currans-hill;concreters-douglas-park;concreters-eagle-vale;concreters-edmondson-park;concreters-elderslie;concreters-elizabeth-hills;concreters-ellis-lane;concreters-gilead;concreters-gledswood-hills;concreters-glen-alpine;concreters-glenfield;concreters-grasmere;concreters-gregory-hills;concreters-harrington-park;concreters-horningsea-park;concreters-hoxton-park;concreters-ingleburn;concreters-kemps-creek;concreters-kirkham;concreters-len-waters-estate;concreters-leppington;concreters-leumeah;concreters-macquarie-fields;concreters-menangle;concreters-menangle-park;concreters-middleton-grange;concreters-minto;concreters-moorebank;concreters-mount-annan;concreters-narellan;concreters-narellan-vale;concreters-oran-park;concreters-picton;concreters-prestons;concreters-raby;concreters-rossmore;concreters-smeaton-grange;concreters-spring-farm;concreters-tahmoor;concreters-the-oaks;concreters-theresa-park;concreters-wattle-grove;concreters-west-hoxton;concreters-wilton
with real kerb appeal patios,60,concreters-appin;concreters-austral;concreters-bargo;concreters-bradbury;concreters-bringelly;concreters-camden-park;concreters-camden-south;concreters-campbelltown;concreters-carnes-hill;concreters-casula;concreters-catherine-field;concreters-cawdor;concreters-cecil-hills;concreters-cecil-park;concreters-chipping-norton;concreters-cobbitty;concreters-currans-hill;concreters-douglas-park;concreters-eagle-vale;concreters-edmondson-park;concreters-elderslie;concreters-elizabeth-hills;concreters-ellis-lane;concreters-gilead;concreters-gledswood-hills;concreters-glen-alpine;concreters-glenfield;concreters-grasmere;concreters-gregory-hills;concreters-harrington-park;concreters-horningsea-park;concreters-hoxton-park;concreters-ingleburn;concreters-kemps-creek;concreters-kirkham;concreters-len-waters-estate;concreters-leppington;concreters-leumeah;concreters-macquarie-fields;concreters-menangle;concreters-menangle-park;concreters-middleton-grange;concreters-minto;concreters-moorebank;concreters-mount-annan;concreters-narellan;concreters-narellan-vale;concreters-oran-park;concreters-picton;concreters-prestons;concreters-raby;concreters-rossmore;concreters-smeaton-grange;concreters-spring-farm;concreters-tahmoor;concreters-the-oaks;concreters-theresa-park;concreters-wattle-grove;concreters-west-hoxton;concreters-wilton
real kerb appeal patios alfresco,60,concreters-appin;concreters-austral;concreters-bargo;concreters-bradbury;concreters-bringelly;concreters-camden-park;concreters-camden-south;concreters-campbelltown;concreters-carnes-hill;concreters-casula;concreters-catherine-field;concreters-cawdor;concreters-cecil-hills;concreters-cecil-park;concreters-chipping-norton;concreters-cobbitty;concreters-currans-hill;concreters-douglas-park;concreters-eagle-vale;concreters-edmondson-park;concreters-elderslie;concreters-elizabeth-hills;concreters-ellis-lane;concreters-gilead;concreters-gledswood-hills;concreters-glen-alpine;concreters-glenfield;concreters-grasmere;concreters-gregory-hills;concreters-harrington-park;concreters-horningsea-park;concreters-hoxton-park;concreters-ingleburn;concreters-kemps-creek;concreters-kirkham;concreters-len-waters-estate;concreters-leppington;concreters-leumeah;concreters-macquarie-fields;concreters-menangle;concreters-menangle-park;concreters-middleton-grange;concreters-minto;concreters-moorebank;concreters-mount-annan;concreters-narellan;concreters-narellan-vale;concreters-oran-park;concreters-picton;concreters-prestons;concreters-raby;concreters-rossmore;concreters-smeaton-grange;concreters-spring-farm;concreters-tahmoor;concreters-the-oaks;concreters-theresa-park;concreters-wattle-grove;concreters-west-hoxton;concreters-wilton
outdoor entertaining areas paths pathways,60,concreters-appin;concreters-austral;concreters-bargo;concreters-bradbury;concreters-bringelly;concreters-camden-park;concreters-camden-south;concreters-campbelltown;concreters-carnes-hill;concreters-casula;concreters-catherine-field;concreters-cawdor;concreters-cecil-hills;concreters-cecil-park;concreters-chipping-norton;concreters-cobbitty;concreters-currans-hill;concreters-douglas-park;concreters-eagle-vale;concreters-edmondson-park;concreters-elderslie;concreters-elizabeth-hills;concreters-ellis-lane;concreters-gilead;concreters-gledswood-hills;concreters-glen-alpine;concreters-glenfield;concreters-grasmere;concreters-gregory-hills;concreters-harrington-park;concreters-horningsea-park;concreters-hoxton-park;concreters-ingleburn;concreters-kemps-creek;concreters-kirkham;concreters-len-waters-estate;concreters-leppington;concreters-leumeah;concreters-macquarie-fields;concreters-menangle;concreters-menangle-park;concreters-middleton-grange;concreters-minto;concreters-moorebank;concreters-mount-annan;concreters-narellan;concreters-narellan-vale;concreters-oran-park;concreters-picton;concreters-prestons;concreters-raby;concreters-rossmore;concreters-smeaton-grange;concreters-spring-farm;concreters-tahmoor;concreters-the-oaks;concreters-theresa-park;concreters-wattle-grove;concreters-west-hoxton;concreters-wilton
side access garden and front,60,concreters-appin;concreters-austral;concreters-bargo;concreters-bradbury;concreters-bringelly;concreters-camden-park;concreters-camden-south;concreters-campbelltown;concreters-carnes-hill;concreters-casula;concreters-catherine-field;concreters-cawdor;concreters-cecil-hills;concreters-cecil-park;concreters-chipping-norton;concreters-cobbitty;concreters-currans-hill;concreters-douglas-park;concreters-eagle-vale;concreters-edmondson-park;concreters-elderslie;concreters-elizabeth-hills;concreters-ellis-lane;concreters-gilead;concreters-gledswood-hills;concreters-glen-alpine;concreters-glenfield;concreters-grasmere;concreters-gregory-hills;concreters-harrington-park;concreters-horningsea-park;concreters-hoxton-park;concreters-ingleburn;concreters-kemps-creek;concreters-kirkham;concreters-len-waters-estate;concreters-leppington;concreters-leumeah;concreters-macquarie-fields;concreters-menangle;concreters-menangle-park;concreters-middleton-grange;concreters-minto;concreters-moorebank;concreters-mount-annan;concreters-narellan;concreters-narellan-vale;concreters-oran-park;concreters-picton;concreters-prestons;concreters-raby;concreters-rossmore;concreters-smeaton-grange;concreters-spring-farm;concreters-tahmoor;concreters-the-oaks;concreters-theresa-park;concreters-wattle-grove;concreters-west-hoxton;concreters-wilton
access garden and front paths,60,concreters-appin;concreters-austral;concreters-bargo;concreters-bradbury;concreters-bringelly;concreters-camden-park;concreters-camden-south;concreters-campbelltown;concreters-carnes-hill;concreters-casula;concreters-catherine-field;concreters-cawdor;concreters-cecil-hills;concreters-cecil-park;concreters-chipping-norton;concreters-cobbitty;concreters-currans-hill;concreters-douglas-park;concreters-eagle-vale;concreters-edmondson-park;concreters-elderslie;concreters-elizabeth-hills;concreters-ellis-lane;concreters-gilead;concreters-gledswood-hills;concreters-glen-alpine;concreters-glenfield;concreters-grasmere;concreters-gregory-hills;concreters-harrington-park;concreters-horningsea-park;concreters-hoxton-park;concreters-ingleburn;concreters-kemps-creek;concreters-kirkham;concreters-len-waters-estate;concreters-leppington;concreters-leumeah;concreters-macquarie-fields;concreters-menangle;concreters-menangle-park;concreters-middleton-grange;concreters-minto;concreters-moorebank;concreters-mount-annan;concreters-narellan;concreters-narellan-vale;concreters-oran-park;concreters-picton;concreters-prestons;concreters-raby;concreters-rossmore;concreters-smeaton-grange;concreters-spring-farm;concreters-tahmoor;concreters-the-oaks;concreters-theresa-park;concreters-wattle-grove;concreters-west-hoxton;concreters-wilton
garden and front paths coloured,60,concreters-appin;concreters-austral;concreters-bargo;concreters-bradbury;concreters-bringelly;concreters-camden-park;concreters-camden-south;concreters-campbelltown;concreters-carnes-hill;concreters-casula;concreters-catherine-field;concreters-cawdor;concreters-cecil-hills;concreters-cecil-park;concreters-chipping-norton;concreters-cobbitty;concreters-currans-hill;concreters-douglas-park;concreters-eagle-vale;concreters-edmondson-park;concreters-elderslie;concreters-elizabeth-hills;concreters-ellis-lane;concreters-gilead;concreters-gledswood-hills;concreters-glen-alpine;concreters-glenfield;concreters-grasmere;concreters-gregory-hills;concreters-harrington-park;concreters-horningsea-park;concreters-hoxton-park;concreters-ingleburn;concreters-kemps-creek;concreters-kirkham;concreters-len-waters-estate;concreters-leppington;concreters-leumeah;concreters-macquarie-fields;concreters-menangle;concreters-menangle-park;concreters-middleton-grange;concreters-minto;concreters-moorebank;concreters-mount-annan;concreters-narellan;concreters-narellan-vale;concreters-oran-park;concreters-picton;concreters-prestons;concreters-raby;concreters-rossmore;concreters-smeaton-grange;concreters-spring-farm;concreters-tahmoor;concreters-the-oaks;concreters-theresa-park;concreters-wattle-grove;concreters-west-hoxton;concreters-wilton
and front paths coloured decorative,60,concreters-appin;concreters-austral;concreters-bargo;concreters-bradbury;concreters-bringelly;concreters-camden-park;concreters-camden-south;concreters-campbelltown;concreters-carnes-hill;concreters-casula;concreters-catherine-field;concreters-cawdor;concreters-cecil-hills;concreters-cecil-park;concreters-chipping-norton;concreters-cobbitty;concreters-currans-hill;concreters-douglas-park;concreters-eagle-vale;concreters-edmondson-park;concreters-elderslie;concreters-elizabeth-hills;concreters-ellis-lane;concreters-gilead;concreters-gledswood-hills;concreters-glen-alpine;concreters-glenfield;concreters-grasmere;concreters-gregory-hills;concreters-harrington-park;concreters-horningsea-park;concreters-hoxton-park;concreters-ingleburn;concreters-kemps-creek;concreters-kirkham;concreters-len-waters-estate;concreters-leppington;concreters-leumeah;concreters-macquarie-fields;concreters-menangle;concreters-menangle-park;concreters-middleton-grange;concreters-minto;concreters-moorebank;concreters-mount-annan;concreters-narellan;concreters-narellan-vale;concreters-oran-park;concreters-picton;concreters-prestons;concreters-raby;concreters-rossmore;concreters-smeaton-grange;concreters-spring-farm;concreters-tahmoor;concreters-the-oaks;concreters-theresa-park;concreters-wattle-grove;concreters-west-hoxton;concreters-wilton
concrete driveways new driveways replacements,57,concreters-appin;concreters-austral;concreters-bargo;concreters-bradbury;concreters-camden-park;concreters-camden-south;concreters-campbelltown;concreters-carnes-hill;concreters-casula;concreters-catherine-field;concreters-cawdor;concreters-cecil-hills;concreters-cecil-park;concreters-chipping-norton;concreters-cobbitty;concreters-douglas-park;concreters-eagle-vale;concreters-edmondson-park;concreters-elizabeth-hills;concreters-ellis-lane;concreters-gilead;concreters-gledswood-hills;concreters-glen-alpine;concreters-glenfield;concreters-grasmere;concreters-gregory-hills;concreters-horningsea-park;concreters-hoxton-park;concreters-ingleburn;concreters-kemps-creek;concreters-kirkham;concreters-len-waters-estate;concreters-leppington;concreters-leumeah;concreters-macquarie-fields;concreters-menangle;concreters-menangle-park;concreters-middleton-grange;concreters-minto;concreters-moorebank;concreters-mount-annan;concreters-narellan;concreters-narellan-vale;concreters-oran-park;concreters-picton;concreters-prestons;concreters-raby;concreters-rossmore;concreters-smeaton-grange;concreters-spring-farm;concreters-tahmoor;concreters-the-oaks;concreters-theresa-park;concreters-wattle-grove;concreters-west-hoxton;concreters-wilton;homepage
concrete slabs shed garage extension,57,concreters-appin;concreters-austral;concreters-bargo;concreters-bradbury;concreters-camden-park;concreters-camden-south;concreters-campbelltown;concreters-carnes-hill;concreters-casula;concreters-catherine-field;concreters-cawdor;concreters-cecil-hills;concreters-cecil-park;concreters-chipping-norton;concreters-cobbitty;concreters-douglas-park;concreters-eagle-vale;concreters-edmondson-park;concreters-elizabeth-hills;concreters-ellis-lane;concreters-gilead;concreters-gledswood-hills;concreters-glen-alpine;concreters-glenfield;concreters-grasmere;concreters-gregory-hills;concreters-horningsea-park;concreters-hoxton-park;concreters-ingleburn;concreters-kemps-creek;concreters-kirkham;concreters-len-waters-estate;concreters-leppington;concreters-leumeah;concreters-macquarie-fields;concreters-menangle;concreters-menangle-park;concreters-middleton-grange;concreters-minto;concreters-moorebank;concreters-mount-annan;concreters-narellan;concreters-narellan-vale;concreters-oran-park;concreters-picton;concreters-prestons;concreters-raby;concreters-rossmore;concreters-smeaton-grange;concreters-spring-farm;concreters-tahmoor;concreters-the-oaks;concreters-theresa-park;concreters-wattle-grove;concreters-west-hoxton;concreters-wilton;homepage
slabs shed garage extension and,57,concreters-appin;concreters-austral;concreters-bargo;concreters-bradbury;concreters-camden-park;concreters-camden-south;concreters-campbelltown;concreters-carnes-hill;concreters-casula;concreters-catherine-field;concreters-cawdor;concreters-cecil-hills;concreters-cecil-park;concreters-chipping-norton;concreters-cobbitty;concreters-douglas-park;concreters-eagle-vale;concreters-edmondson-park;concreters-elizabeth-hills;concreters-ellis-lane;concreters-gilead;concreters-gledswood-hills;concreters-glen-alpine;concreters-glenfield;concreters-grasmere;concreters-gregory-hills;concreters-horningsea-park;concreters-hoxton-park;concreters-ingleburn;concreters-kemps-creek;concreters-kirkham;concreters-len-waters-estate;concreters-leppington;concreters-leumeah;concreters-macquarie-fields;concreters-menangle;concreters-menangle-park;concreters-middleton-grange;concreters-minto;concreters-moorebank;concreters-mount-annan;concreters-narellan;concreters-narellan-vale;concreters-oran-park;concreters-picton;concreters-prestons;concreters-raby;concreters-rossmore;concreters-smeaton-grange;concreters-spring-farm;concreters-tahmoor;concreters-the-oaks;concreters-theresa-park;concreters-wattle-grove;concreters-west-hoxton;concreters-wilton;homepage
exposed aggregate the premium textured,57,concreters-appin;concreters-austral;concreters-bargo;concreters-bradbury;concreters-camden-park;concreters-camden-south;concreters-campbelltown;concreters-carnes-hill;concreters-casula;concreters-catherine-field;concreters-cawdor;concreters-cecil-hills;concreters-cecil-park;concreters-chipping-norton;concreters-cobbitty;concreters-douglas-park;concreters-eagle-vale;concreters-edmondson-park;concreters-elizabeth-hills;concreters-ellis-lane;concreters-gilead;concreters-gledswood-hills;concreters-glen-alpine;concreters-glenfield;concreters-grasmere;concreters-gregory-hills;concreters-horningsea-park;concreters-hoxton-park;concreters-ingleburn;concreters-kemps-creek;concreters-kirkham;concreters-len-waters-estate;concreters-leppington;concreters-leumeah;concreters-macquarie-fields;concreters-menangle;concreters-menangle-park;concreters-middleton-grange;concreters-minto;concreters-moorebank;concreters-mount-annan;concreters-narellan;concreters-narellan-vale;concreters-oran-park;concreters-picton;concreters-prestons;concreters-raby;concreters-rossmore;concreters-smeaton-grange;concreters-spring-farm;concreters-tahmoor;concreters-the-oaks;concreters-theresa-park;concreters-wattle-grove;concreters-west-hoxton;concreters-wilton;homepage
aggregate the premium textured non,57,concreters-appin;concreters-austral;concreters-bargo;concreters-bradbury;concreters-camden-park;concreters-camden-south;concreters-campbelltown;concreters-carnes-hill;concreters-casula;concreters-catherine-field;concreters-cawdor;concreters-cecil-hills;concreters-cecil-park;concreters-chipping-norton;concreters-cobbitty;concreters-douglas-park;concreters-eagle-vale;concreters-edmondson-park;concreters-elizabeth-hills;concreters-ellis-lane;concreters-gilead;concreters-gledswood-hills;concreters-glen-alpine;concreters-glenfield;concreters-grasmere;concreters-gregory-hills;concreters-horningsea-park;concreters-hoxton-park;concreters-ingleburn;concreters-kemps-creek;concreters-kirkham;concreters-len-waters-estate;concreters-leppington;concreters-leumeah;concreters-macquarie-fields;concreters-menangle;concreters-menangle-park;concreters-middleton-grange;concreters-minto;concreters-moorebank;concreters-mount-annan;concreters-narellan;concreters-narellan-vale;concreters-oran-park;concreters-picton;concreters-prestons;concreters-raby;concreters-rossmore;concreters-smeaton-grange;concreters-spring-farm;concreters-tahmoor;concreters-the-oaks;concreters-theresa-park;concreters-wattle-grove;concreters-west-hoxton;concreters-wilton;homepage
patios alfresco outdoor entertaining areas,57,concreters-appin;concreters-austral;concreters-bargo;concreters-bradbury;concreters-camden-park;concreters-camden-south;concreters-campbelltown;concreters-carnes-hill;concreters-casula;concreters-catherine-field;concreters-cawdor;concreters-cecil-hills;concreters-cecil-park;concreters-chipping-norton;concreters-cobbitty;concreters-douglas-park;concreters-eagle-vale;concreters-edmondson-park;concreters-elizabeth-hills;concreters-ellis-lane;concreters-gilead;concreters-gledswood-hills;concreters-glen-alpine;concreters-glenfield;concreters-grasmere;concreters-gregory-hills;concreters-horningsea-park;concreters-hoxton-park;concreters-ingleburn;concreters-kemps-creek;concreters-kirkham;concreters-len-waters-estate;concreters-leppington;concreters-leumeah;concreters-macquarie-fields;concreters-menangle;concreters-menangle-park;concreters-middleton-grange;concreters-minto;concreters-moorebank;concreters-mount-annan;concreters-narellan;concreters-narellan-vale;concreters-oran-park;concreters-picton;concreters-prestons;concreters-raby;concreters-rossmore;concreters-smeaton-grange;concreters-spring-farm;concreters-tahmoor;concreters-the-oaks;concreters-theresa-park;concreters-wattle-grove;concreters-west-hoxton;concreters-wilton;homepage
coloured decorative coloured stencil honed,57,concreters-appin;concreters-austral;concreters-bargo;concreters-bradbury;concreters-camden-park;concreters-camden-south;concreters-campbelltown;concreters-carnes-hill;concreters-casula;concreters-catherine-field;concreters-cawdor;concreters-cecil-hills;concreters-cecil-park;concreters-chipping-norton;concreters-cobbitty;concreters-douglas-park;concreters-eagle-vale;concreters-edmondson-park;concreters-elizabeth-hills;concreters-ellis-lane;concreters-gilead;concreters-gledswood-hills;concreters-glen-alpine;concreters-glenfield;concreters-grasmere;concreters-gregory-hills;concreters-horningsea-park;concreters-hoxton-park;concreters-ingleburn;concreters-kemps-creek;concreters-kirkham;concreters-len-waters-estate;concreters-leppington;concreters-leumeah;concreters-macquarie-fields;concreters-menangle;concreters-menangle-park;concreters-middleton-grange;concreters-minto;concreters-moorebank;concreters-mount-annan;concreters-narellan;concreters-narellan-vale;concreters-oran-park;concreters-picton;concreters-prestons;concreters-raby;concreters-rossmore;concreters-smeaton-grange;concreters-spring-farm;concreters-tahmoor;concreters-the-oaks;concreters-theresa-park;concreters-wattle-grove;concreters-west-hoxton;concreters-wilton;homepage
decorative coloured stencil honed finishes,57,concreters-appin;concreters-austral;concreters-bargo;concreters-bradbury;concreters-camden-park;concreters-camden-south;concreters-campbelltown;concreters-carnes-hill;concreters-casula;concreters-catherine-field;concreters-cawdor;concreters-cecil-hills;concreters-cecil-park;concreters-chipping-norton;concreters-cobbitty;concreters-douglas-park;concreters-eagle-vale;concreters-edmondson-park;concreters-elizabeth-hills;concreters-ellis-lane;concreters-gilead;concreters-gledswood-hills;concreters-glen-alpine;concreters-glenfield;concreters-grasmere;concreters-gregory-hills;concreters-horningsea-park;concreters-hoxton-park;concreters-ingleburn;concreters-kemps-creek;concreters-kirkham;concreters-len-waters-estate;concreters-leppington;concreters-leumeah;concreters-macquarie-fields;concreters-menangle;concreters-menangle-park;concreters-middleton-grange;concreters-minto;concreters-moorebank;concreters-mount-annan;concreters-narellan;concreters-narellan-vale;concreters-oran-park;concreters-picton;concreters-prestons;concreters-raby;concreters-rossmore;concreters-smeaton-grange;concreters-spring-farm;concreters-tahmoor;concreters-the-oaks;concreters-theresa-park;concreters-wattle-grove;concreters-west-hoxton;concreters-wilton;homepage
driveways new driveways replacements council,56,concreters-appin;concreters-austral;concreters-bargo;concreters-bradbury;concreters-camden-park;concreters-camden-south;concreters-campbelltown;concreters-carnes-hill;concreters-casula;concreters-catherine-field;concreters-cawdor;concreters-cecil-hills;concreters-cecil-park;concreters-chipping-norton;concreters-cobbitty;concreters-douglas-park;concreters-eagle-vale;concreters-edmondson-park;concreters-elizabeth-hills;concreters-ellis-lane;concreters-gilead;concreters-gledswood-hills;concreters-glen-alpine;concreters-glenfield;concreters-grasmere;concreters-gregory-hills;concreters-horningsea-park;concreters-hoxton-park;concreters-ingleburn;concreters-kemps-creek;concreters-kirkham;concreters-len-waters-estate;concreters-leppington;concreters-leumeah;concreters-macquarie-fields;concreters-menangle;concreters-menangle-park;concreters-middleton-grange;concreters-minto;concreters-moorebank;concreters-mount-annan;concreters-narellan;concreters-narellan-vale;concreters-oran-park;concreters-picton;concreters-prestons;concreters-raby;concreters-rossmore;concreters-smeaton-grange;concreters-spring-farm;concreters-tahmoor;concreters-the-oaks;concreters-theresa-park;concreters-wattle-grove;concreters-west-hoxton;concreters-wilton
council crossovers concrete slabs shed,56,concreters-appin;concreters-austral;concreters-bargo;concreters-bradbury;concreters-camden-park;concreters-camden-south;concreters-campbelltown;concreters-carnes-hill;concreters-casula;concreters-catherine-field;concreters-cawdor;concreters-cecil-hills;concreters-cecil-park;concreters-chipping-norton;concreters-cobbitty;concreters-douglas-park;concreters-eagle-vale;concreters-edmondson-park;concreters-elizabeth-hills;concreters-ellis-lane;concreters-gilead;concreters-gledswood-hills;concreters-glen-alpine;concreters-glenfield;concreters-grasmere;concreters-gregory-hills;concreters-horningsea-park;concreters-hoxton-park;concreters-ingleburn;concreters-kemps-creek;concreters-kirkham;concreters-len-waters-estate;concreters-leppington;concreters-leumeah;concreters-macquarie-fields;concreters-menangle;concreters-menangle-park;concreters-middleton-grange;concreters-minto;concreters-moorebank;concreters-mount-annan;concreters-narellan;concreters-narellan-vale;concreters-oran-park;concreters-picton;concreters-prestons;concreters-raby;concreters-rossmore;concreters-smeaton-grange;concreters-spring-farm;concreters-tahmoor;concreters-the-oaks;concreters-theresa-park;concreters-wattle-grove;concreters-west-hoxton;concreters-wilton
crossovers concrete slabs shed garage,56,concreters-appin;concreters-austral;concreters-bargo;concreters-bradbury;concreters-camden-park;concreters-camden-south;concreters-campbelltown;concreters-carnes-hill;concreters-casula;concreters-catherine-field;concreters-cawdor;concreters-cecil-hills;concreters-cecil-park;concreters-chipping-norton;concreters-cobbitty;concreters-douglas-park;concreters-eagle-vale;concreters-edmondson-park;concreters-elizabeth-hills;concreters-ellis-lane;concreters-gilead;concreters-gledswood-hills;concreters-glen-alpine;concreters-glenfield;concreters-grasmere;concreters-gregory-hills;concreters-horningsea-park;concreters-hoxton-park;concreters-ingleburn;concreters-kemps-creek;concreters-kirkham;concreters-len-waters-estate;concreters-leppington;concreters-leumeah;concreters-macquarie-fields;concreters-menangle;concreters-menangle-park;concreters-middleton-grange;concreters-minto;concreters-moorebank;concreters-mount-annan;concreters-narellan;concreters-narellan-vale;concreters-oran-park;concreters-picton;concreters-prestons;concreters-raby;concreters-rossmore;concreters-smeaton-grange;concreters-spring-farm;concreters-tahmoor;concreters-the-oaks;concreters-theresa-park;concreters-wattle-grove;concreters-west-hoxton;concreters-wilton
based properly exposed aggregate the,56,concreters-appin;concreters-austral;concreters-bargo;concreters-bradbury;concreters-camden-park;concreters-camden-south;concreters-campbelltown;concreters-carnes-hill;concreters-casula;concreters-catherine-field;concreters-cawdor;concreters-cecil-hills;concreters-cecil-park;concreters-chipping-norton;concreters-cobbitty;concreters-douglas-park;concreters-eagle-vale;concreters-edmondson-park;concreters-elizabeth-hills;concreters-ellis-lane;concreters-gilead;concreters-gledswood-hills;concreters-glen-alpine;concreters-glenfield;concreters-grasmere;concreters-gregory-hills;concreters-horningsea-park;concreters-hoxton-park;concreters-ingleburn;concreters-kemps-creek;concreters-kirkham;concreters-len-waters-estate;concreters-leppington;concreters-leumeah;concreters-macquarie-fields;concreters-menangle;concreters-menangle-park;concreters-middleton-grange;concreters-minto;concreters-moorebank;concreters-mount-annan;concreters-narellan;concreters-narellan-vale;concreters-oran-park;concreters-picton;concreters-prestons;concreters-raby;concreters-rossmore;concreters-smeaton-grange;concreters-spring-farm;concreters-tahmoor;concreters-the-oaks;concreters-theresa-park;concreters-wattle-grove;concreters-west-hoxton;concreters-wilton
properly exposed aggregate the premium,56,concreters-appin;concreters-austral;concreters-bargo;concreters-bradbury;concreters-camden-park;concreters-camden-south;concreters-campbelltown;concreters-carnes-hill;concreters-casula;concreters-catherine-field;concreters-cawdor;concreters-cecil-hills;concreters-cecil-park;concreters-chipping-norton;concreters-cobbitty;concreters-douglas-park;concreters-eagle-vale;concreters-edmondson-park;concreters-elizabeth-hills;concreters-ellis-lane;concreters-gilead;concreters-gledswood-hills;concreters-glen-alpine;concreters-glenfield;concreters-grasmere;concreters-gregory-hills;concreters-horningsea-park;concreters-hoxton-park;concreters-ingleburn;concreters-kemps-creek;concreters-kirkham;concreters-len-waters-estate;concreters-leppington;concreters-leumeah;concreters-macquarie-fields;concreters-menangle;concreters-menangle-park;concreters-middleton-grange;concreters-minto;concreters-moorebank;concreters-mount-annan;concreters-narellan;concreters-narellan-vale;concreters-oran-park;concreters-picton;concreters-prestons;concreters-raby;concreters-rossmore;concreters-smeaton-grange;concreters-spring-farm;concreters-tahmoor;concreters-the-oaks;concreters-theresa-park;concreters-wattle-grove;concreters-west-hoxton;concreters-wilton
kerb appeal patios alfresco outdoor,56,concreters-appin;concreters-austral;concreters-bargo;concreters-bradbury;concreters-camden-park;concreters-camden-south;concreters-campbelltown;concreters-carnes-hill;concreters-casula;concreters-catherine-field;concreters-cawdor;concreters-cecil-hills;concreters-cecil-park;concreters-chipping-norton;concreters-cobbitty;concreters-douglas-park;concreters-eagle-vale;concreters-edmondson-park;concreters-elizabeth-hills;concreters-ellis-lane;concreters-gilead;concreters-gledswood-hills;concreters-glen-alpine;concreters-glenfield;concreters-grasmere;concreters-gregory-hills;concreters-horningsea-park;concreters-hoxton-park;concreters-ingleburn;concreters-kemps-creek;concreters-kirkham;concreters-len-waters-estate;concreters-leppington;concreters-leumeah;concreters-macquarie-fields;concreters-menangle;concreters-menangle-park;concreters-middleton-grange;concreters-minto;concreters-moorebank;concreters-mount-annan;concreters-narellan;concreters-narellan-vale;concreters-oran-park;concreters-picton;concreters-prestons;concreters-raby;concreters-rossmore;concreters-smeaton-grange;concreters-spring-farm;concreters-tahmoor;concreters-the-oaks;concreters-theresa-park;concreters-wattle-grove;concreters-west-hoxton;concreters-wilton
appeal patios alfresco outdoor entertaining,56,concreters-appin;concreters-austral;concreters-bargo;concreters-bradbury;concreters-camden-park;concreters-camden-south;concreters-campbelltown;concreters-carnes-hill;concreters-casula;concreters-catherine-field;concreters-cawdor;concreters-cecil-hills;concreters-cecil-park;concreters-chipping-norton;concreters-cobbitty;concreters-douglas-park;concreters-eagle-vale;concreters-edmondson-park;concreters-elizabeth-hills;concreters-ellis-lane;concreters-gilead;concreters-gledswood-hills;concreters-glen-alpine;concreters-glenfield;concreters-grasmere;concreters-gregory-hills;concreters-horningsea-park;concreters-hoxton-park;concreters-ingleburn;concreters-kemps-creek;concreters-kirkham;concreters-len-waters-estate;concreters-leppington;concreters-leumeah;concreters-macquarie-fields;concreters-menangle;concreters-menangle-park;concreters-middleton-grange;concreters-minto;concreters-moorebank;concreters-mount-annan;concreters-narellan;concreters-narellan-vale;concreters-oran-park;concreters-picton;concreters-prestons;concreters-raby;concreters-rossmore;concreters-smeaton-grange;concreters-spring-farm;concreters-tahmoor;concreters-the-oaks;concreters-theresa-park;concreters-wattle-grove;concreters-west-hoxton;concreters-wilton
alfresco outdoor entertaining areas paths,56,concreters-appin;concreters-austral;concreters-bargo;concreters-bradbury;concreters-camden-park;concreters-camden-south;concreters-campbelltown;concreters-carnes-hill;concreters-casula;concreters-catherine-field;concreters-cawdor;concreters-cecil-hills;concreters-cecil-park;concreters-chipping-norton;concreters-cobbitty;concreters-douglas-park;concreters-eagle-vale;concreters-edmondson-park;concreters-elizabeth-hills;concreters-ellis-lane;concreters-gilead;concreters-gledswood-hills;concreters-glen-alpine;concreters-glenfield;concreters-grasmere;concreters-gregory-hills;concreters-horningsea-park;concreters-hoxton-park;concreters-ingleburn;concreters-kemps-creek;concreters-kirkham;concreters-len-waters-estate;concreters-leppington;concreters-leumeah;concreters-macquarie-fields;concreters-menangle;concreters-menangle-park;concreters-middleton-grange;concreters-minto;concreters-moorebank;concreters-mount-annan;concreters-narellan;concreters-narellan-vale;concreters-oran-park;concreters-picton;concreters-prestons;concreters-raby;concreters-rossmore;concreters-smeaton-grange;concreters-spring-farm;concreters-tahmoor;concreters-the-oaks;concreters-theresa-park;concreters-wattle-grove;concreters-west-hoxton;concreters-wilton
entertaining areas paths pathways side,56,concreters-appin;concreters-austral;concreters-bargo;concreters-bradbury;concreters-camden-park;concreters-camden-south;concreters-campbelltown;concreters-carnes-hill;concreters-casula;concreters-catherine-field;concreters-cawdor;concreters-cecil-hills;concreters-cecil-park;concreters-chipping-norton;concreters-cobbitty;concreters-douglas-park;concreters-eagle-vale;concreters-edmondson-park;concreters-elizabeth-hills;concreters-ellis-lane;concreters-gilead;concreters-gledswood-hills;concreters-glen-alpine;concreters-glenfield;concreters-grasmere;concreters-gregory-hills;concreters-horningsea-park;concreters-hoxton-park;concreters-ingleburn;concreters-kemps-creek;concreters-kirkham;concreters-len-waters-estate;concreters-leppington;concreters-leumeah;concreters-macquarie-fields;concreters-menangle;concreters-menangle-park;concreters-middleton-grange;concreters-minto;concreters-moorebank;concreters-mount-annan;concreters-narellan;concreters-narellan-vale;concreters-oran-park;concreters-picton;concreters-prestons;concreters-raby;concreters-rossmore;concreters-smeaton-grange;concreters-spring-farm;concreters-tahmoor;concreters-the-oaks;concreters-theresa-park;concreters-wattle-grove;concreters-west-hoxton;concreters-wilton
areas paths pathways side access,56,concreters-appin;concreters-austral;concreters-bargo;concreters-bradbury;concreters-camden-park;concreters-camden-south;concreters-campbelltown;concreters-carnes-hill;concreters-casula;concreters-catherine-field;concreters-cawdor;concreters-cecil-hills;concreters-cecil-park;concreters-chipping-norton;concreters-cobbitty;concreters-douglas-park;concreters-eagle-vale;concreters-edmondson-park;concreters-elizabeth-hills;concreters-ellis-lane;concreters-gilead;concreters-gledswood-hills;concreters-glen-alpine;concreters-glenfield;concreters-grasmere;concreters-gregory-hills;concreters-horningsea-park;concreters-hoxton-park;concreters-ingleburn;concreters-kemps-creek;concreters-kirkham;concreters-len-waters-estate;concreters-leppington;concreters-leumeah;concreters-macquarie-fields;concreters-menangle;concreters-menangle-park;concreters-middleton-grange;concreters-minto;concreters-moorebank;concreters-mount-annan;concreters-narellan;concreters-narellan-vale;concreters-oran-park;concreters-picton;concreters-prestons;concreters-raby;concreters-rossmore;concreters-smeaton-grange;concreters-spring-farm;concreters-tahmoor;concreters-the-oaks;concreters-theresa-park;concreters-wattle-grove;concreters-west-hoxton;concreters-wilton
paths pathways side access garden,56,concreters-appin;concreters-austral;concreters-bargo;concreters-bradbury;concreters-camden-park;concreters-camden-south;concreters-campbelltown;concreters-carnes-hill;concreters-casula;concreters-catherine-field;concreters-cawdor;concreters-cecil-hills;concreters-cecil-park;concreters-chipping-norton;concreters-cobbitty;concreters-douglas-park;concreters-eagle-vale;concreters-edmondson-park;concreters-elizabeth-hills;concreters-ellis-lane;concreters-gilead;concreters-gledswood-hills;concreters-glen-alpine;concreters-glenfield;concreters-grasmere;concreters-gregory-hills;concreters-horningsea-park;concreters-hoxton-park;concreters-ingleburn;concreters-kemps-creek;concreters-kirkham;concreters-len-waters-estate;concreters-leppington;concreters-leumeah;concreters-macquarie-fields;concreters-menangle;concreters-menangle-park;concreters-middleton-grange;concreters-minto;concreters-moorebank;concreters-mount-annan;concreters-narellan;concreters-narellan-vale;concreters-oran-park;concreters-picton;concreters-prestons;concreters-raby;concreters-rossmore;concreters-smeaton-grange;concreters-spring-farm;concreters-tahmoor;concreters-the-oaks;concreters-theresa-park;concreters-wattle-grove;concreters-west-hoxton;concreters-wilton
pathways side access garden and,56,concreters-appin;concreters-austral;concreters-bargo;concreters-bradbury;concreters-camden-park;concreters-camden-south;concreters-campbelltown;concreters-carnes-hill;concreters-casula;concreters-catherine-field;concreters-cawdor;concreters-cecil-hills;concreters-cecil-park;concreters-chipping-norton;concreters-cobbitty;concreters-douglas-park;concreters-eagle-vale;concreters-edmondson-park;concreters-elizabeth-hills;concreters-ellis-lane;concreters-gilead;concreters-gledswood-hills;concreters-glen-alpine;concreters-glenfield;concreters-grasmere;concreters-gregory-hills;concreters-horningsea-park;concreters-hoxton-park;concreters-ingleburn;concreters-kemps-creek;concreters-kirkham;concreters-len-waters-estate;concreters-leppington;concreters-leumeah;concreters-macquarie-fields;concreters-menangle;concreters-menangle-park;concreters-middleton-grange;concreters-minto;concreters-moorebank;concreters-mount-annan;concreters-narellan;concreters-narellan-vale;concreters-oran-park;concreters-picton;concreters-prestons;concreters-raby;concreters-rossmore;concreters-smeaton-grange;concreters-spring-farm;concreters-tahmoor;concreters-the-oaks;concreters-theresa-park;concreters-wattle-grove;concreters-west-hoxton;concreters-wilton
front paths coloured decorative coloured,56,concreters-appin;concreters-austral;concreters-bargo;concreters-bradbury;concreters-camden-park;concreters-camden-south;concreters-campbelltown;concreters-carnes-hill;concreters-casula;concreters-catherine-field;concreters-cawdor;concreters-cecil-hills;concreters-cecil-park;concreters-chipping-norton;concreters-cobbitty;concreters-douglas-park;concreters-eagle-vale;concreters-edmondson-park;concreters-elizabeth-hills;concreters-ellis-lane;concreters-gilead;concreters-gledswood-hills;concreters-glen-alpine;concreters-glenfield;concreters-grasmere;concreters-gregory-hills;concreters-horningsea-park;concreters-hoxton-park;concreters-ingleburn;concreters-kemps-creek;concreters-kirkham;concreters-len-waters-estate;concreters-leppington;concreters-leumeah;concreters-macquarie-fields;concreters-menangle;concreters-menangle-park;concreters-middleton-grange;concreters-minto;concreters-moorebank;concreters-mount-annan;concreters-narellan;concreters-narellan-vale;concreters-oran-park;concreters-picton;concreters-prestons;concreters-raby;concreters-rossmore;concreters-smeaton-grange;concreters-spring-farm;concreters-tahmoor;concreters-the-oaks;concreters-theresa-park;concreters-wattle-grove;concreters-west-hoxton;concreters-wilton
paths coloured decorative coloured stencil,56,concreters-appin;concreters-austral;concreters-bargo;concreters-bradbury;concreters-camden-park;concreters-camden-south;concreters-campbelltown;concreters-carnes-hill;concreters-casula;concreters-catherine-field;concreters-cawdor;concreters-cecil-hills;concreters-cecil-park;concreters-chipping-norton;concreters-cobbitty;concreters-douglas-park;concreters-eagle-vale;concreters-edmondson-park;concreters-elizabeth-hills;concreters-ellis-lane;concreters-gilead;concreters-gledswood-hills;concreters-glen-alpine;concreters-glenfield;concreters-grasmere;concreters-gregory-hills;concreters-horningsea-park;concreters-hoxton-park;concreters-ingleburn;concreters-kemps-creek;concreters-kirkham;concreters-len-waters-estate;concreters-leppington;concreters-leumeah;concreters-macquarie-fields;concreters-menangle;concreters-menangle-park;concreters-middleton-grange;concreters-minto;concreters-moorebank;concreters-mount-annan;concreters-narellan;concreters-narellan-vale;concreters-oran-park;concreters-picton;concreters-prestons;concreters-raby;concreters-rossmore;concreters-smeaton-grange;concreters-spring-farm;concreters-tahmoor;concreters-the-oaks;concreters-theresa-park;concreters-wattle-grove;concreters-west-hoxton;concreters-wilton
us 03 4517 6915 concrete,50,concreters-appin;concreters-bargo;concreters-bradbury;concreters-bringelly;concreters-camden-park;concreters-camden-south;concreters-campbelltown;concreters-carnes-hill;concreters-casula;concreters-cawdor;concreters-cecil-hills;concreters-cecil-park;concreters-chipping-norton;concreters-currans-hill;concreters-douglas-park;concreters-eagle-vale;concreters-elderslie;concreters-elizabeth-hills;concreters-ellis-lane;concreters-gilead;concreters-glen-alpine;concreters-glenfield;concreters-grasmere;concreters-harrington-park;concreters-horningsea-park;concreters-hoxton-park;concreters-ingleburn;concreters-kemps-creek;concreters-kirkham;concreters-len-waters-estate;concreters-leumeah;concreters-macquarie-fields;concreters-menangle;concreters-menangle-park;concreters-middleton-grange;concreters-minto;concreters-moorebank;concreters-narellan-vale;concreters-picton;concreters-prestons;concreters-raby;concreters-rossmore;concreters-smeaton-grange;concreters-tahmoor;concreters-the-oaks;concreters-theresa-park;concreters-wattle-grove;concreters-west-hoxton;concreters-wilton;homepage
03 4517 6915 concrete services,50,concreters-appin;concreters-bargo;concreters-bradbury;concreters-bringelly;concreters-camden-park;concreters-camden-south;concreters-campbelltown;concreters-carnes-hill;concreters-casula;concreters-cawdor;concreters-cecil-hills;concreters-cecil-park;concreters-chipping-norton;concreters-currans-hill;concreters-douglas-park;concreters-eagle-vale;concreters-elderslie;concreters-elizabeth-hills;concreters-ellis-lane;concreters-gilead;concreters-glen-alpine;concreters-glenfield;concreters-grasmere;concreters-harrington-park;concreters-horningsea-park;concreters-hoxton-park;concreters-ingleburn;concreters-kemps-creek;concreters-kirkham;concreters-len-waters-estate;concreters-leumeah;concreters-macquarie-fields;concreters-menangle;concreters-menangle-park;concreters-middleton-grange;concreters-minto;concreters-moorebank;concreters-narellan-vale;concreters-picton;concreters-prestons;concreters-raby;concreters-rossmore;concreters-smeaton-grange;concreters-tahmoor;concreters-the-oaks;concreters-theresa-park;concreters-wattle-grove;concreters-west-hoxton;concreters-wilton;homepage
scope identifies the record owner,45,commercial-concreting-bringelly;commercial-concreting-cobbitty;commercial-concreting-gregory-hills;commercial-concreting-narellan;commercial-concreting-south-west-sydney;concrete-crossovers-and-laybacks-austral;concrete-crossovers-and-laybacks-currans-hill;concrete-crossovers-and-laybacks-leppington;concrete-crossovers-and-laybacks-oran-park;concrete-crossovers-and-laybacks-south-west-sydney;concrete-crossovers-and-laybacks-spring-farm;concrete-driveway-replacement-currans-hill;concrete-driveway-replacement-harrington-park;concrete-driveway-replacement-mount-annan;concrete-driveway-replacement-narellan;concrete-driveway-replacement-south-west-sydney;concrete-driveways-austral;concrete-driveways-catherine-field;concrete-driveways-cobbitty;concrete-driveways-edmondson-park;concrete-driveways-leppington;concrete-driveways-oran-park;concrete-driveways-south-west-sydney;concrete-driveways-spring-farm;concrete-paths-edmondson-park;concrete-paths-south-west-sydney;concrete-patios-edmondson-park;concrete-patios-elderslie;concrete-patios-gledswood-hills;concrete-patios-south-west-sydney;concrete-slabs-austral;concrete-slabs-bringelly;concrete-slabs-gledswood-hills;concrete-slabs-gregory-hills;concrete-slabs-leppington;concrete-slabs-south-west-sydney;decorative-concrete-harrington-park;decorative-concrete-south-west-sydney;exposed-aggregate-gledswood-hills;exposed-aggregate-harrington-park;exposed-aggregate-oran-park;exposed-aggregate-south-west-sydney;shed-and-garage-slabs-catherine-field;shed-and-garage-slabs-oran-park;shed-and-garage-slabs-south-west-sydney
scope keeps the basis explicit,45,commercial-concreting-bringelly;commercial-concreting-cobbitty;commercial-concreting-gregory-hills;commercial-concreting-narellan;commercial-concreting-south-west-sydney;concrete-crossovers-and-laybacks-austral;concrete-crossovers-and-laybacks-currans-hill;concrete-crossovers-and-laybacks-leppington;concrete-crossovers-and-laybacks-oran-park;concrete-crossovers-and-laybacks-south-west-sydney;concrete-crossovers-and-laybacks-spring-farm;concrete-driveway-replacement-currans-hill;concrete-driveway-replacement-harrington-park;concrete-driveway-replacement-mount-annan;concrete-driveway-replacement-narellan;concrete-driveway-replacement-south-west-sydney;concrete-driveways-austral;concrete-driveways-catherine-field;concrete-driveways-cobbitty;concrete-driveways-edmondson-park;concrete-driveways-leppington;concrete-driveways-oran-park;concrete-driveways-south-west-sydney;concrete-driveways-spring-farm;concrete-paths-edmondson-park;concrete-paths-south-west-sydney;concrete-patios-edmondson-park;concrete-patios-elderslie;concrete-patios-gledswood-hills;concrete-patios-south-west-sydney;concrete-slabs-austral;concrete-slabs-bringelly;concrete-slabs-gledswood-hills;concrete-slabs-gregory-hills;concrete-slabs-leppington;concrete-slabs-south-west-sydney;decorative-concrete-harrington-park;decorative-concrete-south-west-sydney;exposed-aggregate-gledswood-hills;exposed-aggregate-harrington-park;exposed-aggregate-oran-park;exposed-aggregate-south-west-sydney;shed-and-garage-slabs-catherine-field;shed-and-garage-slabs-oran-park;shed-and-garage-slabs-south-west-sydney
scope leaves an audit trail,45,commercial-concreting-bringelly;commercial-concreting-cobbitty;commercial-concreting-gregory-hills;commercial-concreting-narellan;commercial-concreting-south-west-sydney;concrete-crossovers-and-laybacks-austral;concrete-crossovers-and-laybacks-currans-hill;concrete-crossovers-and-laybacks-leppington;concrete-crossovers-and-laybacks-oran-park;concrete-crossovers-and-laybacks-south-west-sydney;concrete-crossovers-and-laybacks-spring-farm;concrete-driveway-replacement-currans-hill;concrete-driveway-replacement-harrington-park;concrete-driveway-replacement-mount-annan;concrete-driveway-replacement-narellan;concrete-driveway-replacement-south-west-sydney;concrete-driveways-austral;concrete-driveways-catherine-field;concrete-driveways-cobbitty;concrete-driveways-edmondson-park;concrete-driveways-leppington;concrete-driveways-oran-park;concrete-driveways-south-west-sydney;concrete-driveways-spring-farm;concrete-paths-edmondson-park;concrete-paths-south-west-sydney;concrete-patios-edmondson-park;concrete-patios-elderslie;concrete-patios-gledswood-hills;concrete-patios-south-west-sydney;concrete-slabs-austral;concrete-slabs-bringelly;concrete-slabs-gledswood-hills;concrete-slabs-gregory-hills;concrete-slabs-leppington;concrete-slabs-south-west-sydney;decorative-concrete-harrington-park;decorative-concrete-south-west-sydney;exposed-aggregate-gledswood-hills;exposed-aggregate-harrington-park;exposed-aggregate-oran-park;exposed-aggregate-south-west-sydney;shed-and-garage-slabs-catherine-field;shed-and-garage-slabs-oran-park;shed-and-garage-slabs-south-west-sydney
scope links the supporting record,45,commercial-concreting-bringelly;commercial-concreting-cobbitty;commercial-concreting-gregory-hills;commercial-concreting-narellan;commercial-concreting-south-west-sydney;concrete-crossovers-and-laybacks-austral;concrete-crossovers-and-laybacks-currans-hill;concrete-crossovers-and-laybacks-leppington;concrete-crossovers-and-laybacks-oran-park;concrete-crossovers-and-laybacks-south-west-sydney;concrete-crossovers-and-laybacks-spring-farm;concrete-driveway-replacement-currans-hill;concrete-driveway-replacement-harrington-park;concrete-driveway-replacement-mount-annan;concrete-driveway-replacement-narellan;concrete-driveway-replacement-south-west-sydney;concrete-driveways-austral;concrete-driveways-catherine-field;concrete-driveways-cobbitty;concrete-driveways-edmondson-park;concrete-driveways-leppington;concrete-driveways-oran-park;concrete-driveways-south-west-sydney;concrete-driveways-spring-farm;concrete-paths-edmondson-park;concrete-paths-south-west-sydney;concrete-patios-edmondson-park;concrete-patios-elderslie;concrete-patios-gledswood-hills;concrete-patios-south-west-sydney;concrete-slabs-austral;concrete-slabs-bringelly;concrete-slabs-gledswood-hills;concrete-slabs-gregory-hills;concrete-slabs-leppington;concrete-slabs-south-west-sydney;decorative-concrete-harrington-park;decorative-concrete-south-west-sydney;exposed-aggregate-gledswood-hills;exposed-aggregate-harrington-park;exposed-aggregate-oran-park;exposed-aggregate-south-west-sydney;shed-and-garage-slabs-catherine-field;shed-and-garage-slabs-oran-park;shed-and-garage-slabs-south-west-sydney
scope carries the source date,45,commercial-concreting-bringelly;commercial-concreting-cobbitty;commercial-concreting-gregory-hills;commercial-concreting-narellan;commercial-concreting-south-west-sydney;concrete-crossovers-and-laybacks-austral;concrete-crossovers-and-laybacks-currans-hill;concrete-crossovers-and-laybacks-leppington;concrete-crossovers-and-laybacks-oran-park;concrete-crossovers-and-laybacks-south-west-sydney;concrete-crossovers-and-laybacks-spring-farm;concrete-driveway-replacement-currans-hill;concrete-driveway-replacement-harrington-park;concrete-driveway-replacement-mount-annan;concrete-driveway-replacement-narellan;concrete-driveway-replacement-south-west-sydney;concrete-driveways-austral;concrete-driveways-catherine-field;concrete-driveways-cobbitty;concrete-driveways-edmondson-park;concrete-driveways-leppington;concrete-driveways-oran-park;concrete-driveways-south-west-sydney;concrete-driveways-spring-farm;concrete-paths-edmondson-park;concrete-paths-south-west-sydney;concrete-patios-edmondson-park;concrete-patios-elderslie;concrete-patios-gledswood-hills;concrete-patios-south-west-sydney;concrete-slabs-austral;concrete-slabs-bringelly;concrete-slabs-gledswood-hills;concrete-slabs-gregory-hills;concrete-slabs-leppington;concrete-slabs-south-west-sydney;decorative-concrete-harrington-park;decorative-concrete-south-west-sydney;exposed-aggregate-gledswood-hills;exposed-aggregate-harrington-park;exposed-aggregate-oran-park;exposed-aggregate-south-west-sydney;shed-and-garage-slabs-catherine-field;shed-and-garage-slabs-oran-park;shed-and-garage-slabs-south-west-sydney
scope marks the evidence owner,45,commercial-concreting-bringelly;commercial-concreting-cobbitty;commercial-concreting-gregory-hills;commercial-concreting-narellan;commercial-concreting-south-west-sydney;concrete-crossovers-and-laybacks-austral;concrete-crossovers-and-laybacks-currans-hill;concrete-crossovers-and-laybacks-leppington;concrete-crossovers-and-laybacks-oran-park;concrete-crossovers-and-laybacks-south-west-sydney;concrete-crossovers-and-laybacks-spring-farm;concrete-driveway-replacement-currans-hill;concrete-driveway-replacement-harrington-park;concrete-driveway-replacement-mount-annan;concrete-driveway-replacement-narellan;concrete-driveway-replacement-south-west-sydney;concrete-driveways-austral;concrete-driveways-catherine-field;concrete-driveways-cobbitty;concrete-driveways-edmondson-park;concrete-driveways-leppington;concrete-driveways-oran-park;concrete-driveways-south-west-sydney;concrete-driveways-spring-farm;concrete-paths-edmondson-park;concrete-paths-south-west-sydney;concrete-patios-edmondson-park;concrete-patios-elderslie;concrete-patios-gledswood-hills;concrete-patios-south-west-sydney;concrete-slabs-austral;concrete-slabs-bringelly;concrete-slabs-gledswood-hills;concrete-slabs-gregory-hills;concrete-slabs-leppington;concrete-slabs-south-west-sydney;decorative-concrete-harrington-park;decorative-concrete-south-west-sydney;exposed-aggregate-gledswood-hills;exposed-aggregate-harrington-park;exposed-aggregate-oran-park;exposed-aggregate-south-west-sydney;shed-and-garage-slabs-catherine-field;shed-and-garage-slabs-oran-park;shed-and-garage-slabs-south-west-sydney
scope keeps it open the,45,commercial-concreting-bringelly;commercial-concreting-cobbitty;commercial-concreting-gregory-hills;commercial-concreting-narellan;commercial-concreting-south-west-sydney;concrete-crossovers-and-laybacks-austral;concrete-crossovers-and-laybacks-currans-hill;concrete-crossovers-and-laybacks-leppington;concrete-crossovers-and-laybacks-oran-park;concrete-crossovers-and-laybacks-south-west-sydney;concrete-crossovers-and-laybacks-spring-farm;concrete-driveway-replacement-currans-hill;concrete-driveway-replacement-harrington-park;concrete-driveway-replacement-mount-annan;concrete-driveway-replacement-narellan;concrete-driveway-replacement-south-west-sydney;concrete-driveways-austral;concrete-driveways-catherine-field;concrete-driveways-cobbitty;concrete-driveways-edmondson-park;concrete-driveways-leppington;concrete-driveways-oran-park;concrete-driveways-south-west-sydney;concrete-driveways-spring-farm;concrete-paths-edmondson-park;concrete-paths-south-west-sydney;concrete-patios-edmondson-park;concrete-patios-elderslie;concrete-patios-gledswood-hills;concrete-patios-south-west-sydney;concrete-slabs-austral;concrete-slabs-bringelly;concrete-slabs-gledswood-hills;concrete-slabs-gregory-hills;concrete-slabs-leppington;concrete-slabs-south-west-sydney;decorative-concrete-harrington-park;decorative-concrete-south-west-sydney;exposed-aggregate-gledswood-hills;exposed-aggregate-harrington-park;exposed-aggregate-oran-park;exposed-aggregate-south-west-sydney;shed-and-garage-slabs-catherine-field;shed-and-garage-slabs-oran-park;shed-and-garage-slabs-south-west-sydney
scope keeps it open placeholder,45,commercial-concreting-bringelly;commercial-concreting-cobbitty;commercial-concreting-gregory-hills;commercial-concreting-narellan;commercial-concreting-south-west-sydney;concrete-crossovers-and-laybacks-austral;concrete-crossovers-and-laybacks-currans-hill;concrete-crossovers-and-laybacks-leppington;concrete-crossovers-and-laybacks-oran-park;concrete-crossovers-and-laybacks-south-west-sydney;concrete-crossovers-and-laybacks-spring-farm;concrete-driveway-replacement-currans-hill;concrete-driveway-replacement-harrington-park;concrete-driveway-replacement-mount-annan;concrete-driveway-replacement-narellan;concrete-driveway-replacement-south-west-sydney;concrete-driveways-austral;concrete-driveways-catherine-field;concrete-driveways-cobbitty;concrete-driveways-edmondson-park;concrete-driveways-leppington;concrete-driveways-oran-park;concrete-driveways-south-west-sydney;concrete-driveways-spring-farm;concrete-paths-edmondson-park;concrete-paths-south-west-sydney;concrete-patios-edmondson-park;concrete-patios-elderslie;concrete-patios-gledswood-hills;concrete-patios-south-west-sydney;concrete-slabs-austral;concrete-slabs-bringelly;concrete-slabs-gledswood-hills;concrete-slabs-gregory-hills;concrete-slabs-leppington;concrete-slabs-south-west-sydney;decorative-concrete-harrington-park;decorative-concrete-south-west-sydney;exposed-aggregate-gledswood-hills;exposed-aggregate-harrington-park;exposed-aggregate-oran-park;exposed-aggregate-south-west-sydney;shed-and-garage-slabs-catherine-field;shed-and-garage-slabs-oran-park;shed-and-garage-slabs-south-west-sydney
council verified local ground job,45,concreters-appin;concreters-bargo;concreters-bradbury;concreters-camden-park;concreters-camden-south;concreters-campbelltown;concreters-carnes-hill;concreters-casula;concreters-cawdor;concreters-cecil-hills;concreters-cecil-park;concreters-chipping-norton;concreters-douglas-park;concreters-eagle-vale;concreters-elizabeth-hills;concreters-ellis-lane;concreters-gilead;concreters-glen-alpine;concreters-glenfield;concreters-grasmere;concreters-horningsea-park;concreters-hoxton-park;concreters-ingleburn;concreters-kemps-creek;concreters-kirkham;concreters-len-waters-estate;concreters-leumeah;concreters-macquarie-fields;concreters-menangle;concreters-menangle-park;concreters-middleton-grange;concreters-minto;concreters-moorebank;concreters-narellan-vale;concreters-picton;concreters-prestons;concreters-raby;concreters-rossmore;concreters-smeaton-grange;concreters-tahmoor;concreters-the-oaks;concreters-theresa-park;concreters-wattle-grove;concreters-west-hoxton;concreters-wilton
verified local ground job mix,45,concreters-appin;concreters-bargo;concreters-bradbury;concreters-camden-park;concreters-camden-south;concreters-campbelltown;concreters-carnes-hill;concreters-casula;concreters-cawdor;concreters-cecil-hills;concreters-cecil-park;concreters-chipping-norton;concreters-douglas-park;concreters-eagle-vale;concreters-elizabeth-hills;concreters-ellis-lane;concreters-gilead;concreters-glen-alpine;concreters-glenfield;concreters-grasmere;concreters-horningsea-park;concreters-hoxton-park;concreters-ingleburn;concreters-kemps-creek;concreters-kirkham;concreters-len-waters-estate;concreters-leumeah;concreters-macquarie-fields;concreters-menangle;concreters-menangle-park;concreters-middleton-grange;concreters-minto;concreters-moorebank;concreters-narellan-vale;concreters-picton;concreters-prestons;concreters-raby;concreters-rossmore;concreters-smeaton-grange;concreters-tahmoor;concreters-the-oaks;concreters-theresa-park;concreters-wattle-grove;concreters-west-hoxton;concreters-wilton
local ground job mix approvals,45,concreters-appin;concreters-bargo;concreters-bradbury;concreters-camden-park;concreters-camden-south;concreters-campbelltown;concreters-carnes-hill;concreters-casula;concreters-cawdor;concreters-cecil-hills;concreters-cecil-park;concreters-chipping-norton;concreters-douglas-park;concreters-eagle-vale;concreters-elizabeth-hills;concreters-ellis-lane;concreters-gilead;concreters-glen-alpine;concreters-glenfield;concreters-grasmere;concreters-horningsea-park;concreters-hoxton-park;concreters-ingleburn;concreters-kemps-creek;concreters-kirkham;concreters-len-waters-estate;concreters-leumeah;concreters-macquarie-fields;concreters-menangle;concreters-menangle-park;concreters-middleton-grange;concreters-minto;concreters-moorebank;concreters-narellan-vale;concreters-picton;concreters-prestons;concreters-raby;concreters-rossmore;concreters-smeaton-grange;concreters-tahmoor;concreters-the-oaks;concreters-theresa-park;concreters-wattle-grove;concreters-west-hoxton;concreters-wilton
ground job mix approvals and,45,concreters-appin;concreters-bargo;concreters-bradbury;concreters-camden-park;concreters-camden-south;concreters-campbelltown;concreters-carnes-hill;concreters-casula;concreters-cawdor;concreters-cecil-hills;concreters-cecil-park;concreters-chipping-norton;concreters-douglas-park;concreters-eagle-vale;concreters-elizabeth-hills;concreters-ellis-lane;concreters-gilead;concreters-glen-alpine;concreters-glenfield;concreters-grasmere;concreters-horningsea-park;concreters-hoxton-park;concreters-ingleburn;concreters-kemps-creek;concreters-kirkham;concreters-len-waters-estate;concreters-leumeah;concreters-macquarie-fields;concreters-menangle;concreters-menangle-park;concreters-middleton-grange;concreters-minto;concreters-moorebank;concreters-narellan-vale;concreters-picton;concreters-prestons;concreters-raby;concreters-rossmore;concreters-smeaton-grange;concreters-tahmoor;concreters-the-oaks;concreters-theresa-park;concreters-wattle-grove;concreters-west-hoxton;concreters-wilton
job mix approvals and project,45,concreters-appin;concreters-bargo;concreters-bradbury;concreters-camden-park;concreters-camden-south;concreters-campbelltown;concreters-carnes-hill;concreters-casula;concreters-cawdor;concreters-cecil-hills;concreters-cecil-park;concreters-chipping-norton;concreters-douglas-park;concreters-eagle-vale;concreters-elizabeth-hills;concreters-ellis-lane;concreters-gilead;concreters-glen-alpine;concreters-glenfield;concreters-grasmere;concreters-horningsea-park;concreters-hoxton-park;concreters-ingleburn;concreters-kemps-creek;concreters-kirkham;concreters-len-waters-estate;concreters-leumeah;concreters-macquarie-fields;concreters-menangle;concreters-menangle-park;concreters-middleton-grange;concreters-minto;concreters-moorebank;concreters-narellan-vale;concreters-picton;concreters-prestons;concreters-raby;concreters-rossmore;concreters-smeaton-grange;concreters-tahmoor;concreters-the-oaks;concreters-theresa-park;concreters-wattle-grove;concreters-west-hoxton;concreters-wilton
mix approvals and project evidence,45,concreters-appin;concreters-bargo;concreters-bradbury;concreters-camden-park;concreters-camden-south;concreters-campbelltown;concreters-carnes-hill;concreters-casula;concreters-cawdor;concreters-cecil-hills;concreters-cecil-park;concreters-chipping-norton;concreters-douglas-park;concreters-eagle-vale;concreters-elizabeth-hills;concreters-ellis-lane;concreters-gilead;concreters-glen-alpine;concreters-glenfield;concreters-grasmere;concreters-horningsea-park;concreters-hoxton-park;concreters-ingleburn;concreters-kemps-creek;concreters-kirkham;concreters-len-waters-estate;concreters-leumeah;concreters-macquarie-fields;concreters-menangle;concreters-menangle-park;concreters-middleton-grange;concreters-minto;concreters-moorebank;concreters-narellan-vale;concreters-picton;concreters-prestons;concreters-raby;concreters-rossmore;concreters-smeaton-grange;concreters-tahmoor;concreters-the-oaks;concreters-theresa-park;concreters-wattle-grove;concreters-west-hoxton;concreters-wilton
approvals and project evidence are,45,concreters-appin;concreters-bargo;concreters-bradbury;concreters-camden-park;concreters-camden-south;concreters-campbelltown;concreters-carnes-hill;concreters-casula;concreters-cawdor;concreters-cecil-hills;concreters-cecil-park;concreters-chipping-norton;concreters-douglas-park;concreters-eagle-vale;concreters-elizabeth-hills;concreters-ellis-lane;concreters-gilead;concreters-glen-alpine;concreters-glenfield;concreters-grasmere;concreters-horningsea-park;concreters-hoxton-park;concreters-ingleburn;concreters-kemps-creek;concreters-kirkham;concreters-len-waters-estate;concreters-leumeah;concreters-macquarie-fields;concreters-menangle;concreters-menangle-park;concreters-middleton-grange;concreters-minto;concreters-moorebank;concreters-narellan-vale;concreters-picton;concreters-prestons;concreters-raby;concreters-rossmore;concreters-smeaton-grange;concreters-tahmoor;concreters-the-oaks;concreters-theresa-park;concreters-wattle-grove;concreters-west-hoxton;concreters-wilton
and project evidence are required,45,concreters-appin;concreters-bargo;concreters-bradbury;concreters-camden-park;concreters-camden-south;concreters-campbelltown;concreters-carnes-hill;concreters-casula;concreters-cawdor;concreters-cecil-hills;concreters-cecil-park;concreters-chipping-norton;concreters-douglas-park;concreters-eagle-vale;concreters-elizabeth-hills;concreters-ellis-lane;concreters-gilead;concreters-glen-alpine;concreters-glenfield;concreters-grasmere;concreters-horningsea-park;concreters-hoxton-park;concreters-ingleburn;concreters-kemps-creek;concreters-kirkham;concreters-len-waters-estate;concreters-leumeah;concreters-macquarie-fields;concreters-menangle;concreters-menangle-park;concreters-middleton-grange;concreters-minto;concreters-moorebank;concreters-narellan-vale;concreters-picton;concreters-prestons;concreters-raby;concreters-rossmore;concreters-smeaton-grange;concreters-tahmoor;concreters-the-oaks;concreters-theresa-park;concreters-wattle-grove;concreters-west-hoxton;concreters-wilton
project evidence are required before,45,concreters-appin;concreters-bargo;concreters-bradbury;concreters-camden-park;concreters-camden-south;concreters-campbelltown;concreters-carnes-hill;concreters-casula;concreters-cawdor;concreters-cecil-hills;concreters-cecil-park;concreters-chipping-norton;concreters-douglas-park;concreters-eagle-vale;concreters-elizabeth-hills;concreters-ellis-lane;concreters-gilead;concreters-glen-alpine;concreters-glenfield;concreters-grasmere;concreters-horningsea-park;concreters-hoxton-park;concreters-ingleburn;concreters-kemps-creek;concreters-kirkham;concreters-len-waters-estate;concreters-leumeah;concreters-macquarie-fields;concreters-menangle;concreters-menangle-park;concreters-middleton-grange;concreters-minto;concreters-moorebank;concreters-narellan-vale;concreters-picton;concreters-prestons;concreters-raby;concreters-rossmore;concreters-smeaton-grange;concreters-tahmoor;concreters-the-oaks;concreters-theresa-park;concreters-wattle-grove;concreters-west-hoxton;concreters-wilton
evidence are required before publication,45,concreters-appin;concreters-bargo;concreters-bradbury;concreters-camden-park;concreters-camden-south;concreters-campbelltown;concreters-carnes-hill;concreters-casula;concreters-cawdor;concreters-cecil-hills;concreters-cecil-park;concreters-chipping-norton;concreters-douglas-park;concreters-eagle-vale;concreters-elizabeth-hills;concreters-ellis-lane;concreters-gilead;concreters-glen-alpine;concreters-glenfield;concreters-grasmere;concreters-horningsea-park;concreters-hoxton-park;concreters-ingleburn;concreters-kemps-creek;concreters-kirkham;concreters-len-waters-estate;concreters-leumeah;concreters-macquarie-fields;concreters-menangle;concreters-menangle-park;concreters-middleton-grange;concreters-minto;concreters-moorebank;concreters-narellan-vale;concreters-picton;concreters-prestons;concreters-raby;concreters-rossmore;concreters-smeaton-grange;concreters-tahmoor;concreters-the-oaks;concreters-theresa-park;concreters-wattle-grove;concreters-west-hoxton;concreters-wilton
are required before publication get,45,concreters-appin;concreters-bargo;concreters-bradbury;concreters-camden-park;concreters-camden-south;concreters-campbelltown;concreters-carnes-hill;concreters-casula;concreters-cawdor;concreters-cecil-hills;concreters-cecil-park;concreters-chipping-norton;concreters-douglas-park;concreters-eagle-vale;concreters-elizabeth-hills;concreters-ellis-lane;concreters-gilead;concreters-glen-alpine;concreters-glenfield;concreters-grasmere;concreters-horningsea-park;concreters-hoxton-park;concreters-ingleburn;concreters-kemps-creek;concreters-kirkham;concreters-len-waters-estate;concreters-leumeah;concreters-macquarie-fields;concreters-menangle;concreters-menangle-park;concreters-middleton-grange;concreters-minto;concreters-moorebank;concreters-narellan-vale;concreters-picton;concreters-prestons;concreters-raby;concreters-rossmore;concreters-smeaton-grange;concreters-tahmoor;concreters-the-oaks;concreters-theresa-park;concreters-wattle-grove;concreters-west-hoxton;concreters-wilton
required before publication get your,45,concreters-appin;concreters-bargo;concreters-bradbury;concreters-camden-park;concreters-camden-south;concreters-campbelltown;concreters-carnes-hill;concreters-casula;concreters-cawdor;concreters-cecil-hills;concreters-cecil-park;concreters-chipping-norton;concreters-douglas-park;concreters-eagle-vale;concreters-elizabeth-hills;concreters-ellis-lane;concreters-gilead;concreters-glen-alpine;concreters-glenfield;concreters-grasmere;concreters-horningsea-park;concreters-hoxton-park;concreters-ingleburn;concreters-kemps-creek;concreters-kirkham;concreters-len-waters-estate;concreters-leumeah;concreters-macquarie-fields;concreters-menangle;concreters-menangle-park;concreters-middleton-grange;concreters-minto;concreters-moorebank;concreters-narellan-vale;concreters-picton;concreters-prestons;concreters-raby;concreters-rossmore;concreters-smeaton-grange;concreters-tahmoor;concreters-the-oaks;concreters-theresa-park;concreters-wattle-grove;concreters-west-hoxton;concreters-wilton
before publication get your free,45,concreters-appin;concreters-bargo;concreters-bradbury;concreters-camden-park;concreters-camden-south;concreters-campbelltown;concreters-carnes-hill;concreters-casula;concreters-cawdor;concreters-cecil-hills;concreters-cecil-park;concreters-chipping-norton;concreters-douglas-park;concreters-eagle-vale;concreters-elizabeth-hills;concreters-ellis-lane;concreters-gilead;concreters-glen-alpine;concreters-glenfield;concreters-grasmere;concreters-horningsea-park;concreters-hoxton-park;concreters-ingleburn;concreters-kemps-creek;concreters-kirkham;concreters-len-waters-estate;concreters-leumeah;concreters-macquarie-fields;concreters-menangle;concreters-menangle-park;concreters-middleton-grange;concreters-minto;concreters-moorebank;concreters-narellan-vale;concreters-picton;concreters-prestons;concreters-raby;concreters-rossmore;concreters-smeaton-grange;concreters-tahmoor;concreters-the-oaks;concreters-theresa-park;concreters-wattle-grove;concreters-west-hoxton;concreters-wilton
publication get your free quote,45,concreters-appin;concreters-bargo;concreters-bradbury;concreters-camden-park;concreters-camden-south;concreters-campbelltown;concreters-carnes-hill;concreters-casula;concreters-cawdor;concreters-cecil-hills;concreters-cecil-park;concreters-chipping-norton;concreters-douglas-park;concreters-eagle-vale;concreters-elizabeth-hills;concreters-ellis-lane;concreters-gilead;concreters-glen-alpine;concreters-glenfield;concreters-grasmere;concreters-horningsea-park;concreters-hoxton-park;concreters-ingleburn;concreters-kemps-creek;concreters-kirkham;concreters-len-waters-estate;concreters-leumeah;concreters-macquarie-fields;concreters-menangle;concreters-menangle-park;concreters-middleton-grange;concreters-minto;concreters-moorebank;concreters-narellan-vale;concreters-picton;concreters-prestons;concreters-raby;concreters-rossmore;concreters-smeaton-grange;concreters-tahmoor;concreters-the-oaks;concreters-theresa-park;concreters-wattle-grove;concreters-west-hoxton;concreters-wilton
4517 6915 concrete services services,45,concreters-appin;concreters-bargo;concreters-bradbury;concreters-camden-park;concreters-camden-south;concreters-campbelltown;concreters-carnes-hill;concreters-casula;concreters-cawdor;concreters-cecil-hills;concreters-cecil-park;concreters-chipping-norton;concreters-douglas-park;concreters-eagle-vale;concreters-elizabeth-hills;concreters-ellis-lane;concreters-gilead;concreters-glen-alpine;concreters-glenfield;concreters-grasmere;concreters-horningsea-park;concreters-hoxton-park;concreters-ingleburn;concreters-kemps-creek;concreters-kirkham;concreters-len-waters-estate;concreters-leumeah;concreters-macquarie-fields;concreters-menangle;concreters-menangle-park;concreters-middleton-grange;concreters-minto;concreters-moorebank;concreters-narellan-vale;concreters-picton;concreters-prestons;concreters-raby;concreters-rossmore;concreters-smeaton-grange;concreters-tahmoor;concreters-the-oaks;concreters-theresa-park;concreters-wattle-grove;concreters-west-hoxton;concreters-wilton
6915 concrete services services available,45,concreters-appin;concreters-bargo;concreters-bradbury;concreters-camden-park;concreters-camden-south;concreters-campbelltown;concreters-carnes-hill;concreters-casula;concreters-cawdor;concreters-cecil-hills;concreters-cecil-park;concreters-chipping-norton;concreters-douglas-park;concreters-eagle-vale;concreters-elizabeth-hills;concreters-ellis-lane;concreters-gilead;concreters-glen-alpine;concreters-glenfield;concreters-grasmere;concreters-horningsea-park;concreters-hoxton-park;concreters-ingleburn;concreters-kemps-creek;concreters-kirkham;concreters-len-waters-estate;concreters-leumeah;concreters-macquarie-fields;concreters-menangle;concreters-menangle-park;concreters-middleton-grange;concreters-minto;concreters-moorebank;concreters-narellan-vale;concreters-picton;concreters-prestons;concreters-raby;concreters-rossmore;concreters-smeaton-grange;concreters-tahmoor;concreters-the-oaks;concreters-theresa-park;concreters-wattle-grove;concreters-west-hoxton;concreters-wilton
concrete services services available across,45,concreters-appin;concreters-bargo;concreters-bradbury;concreters-camden-park;concreters-camden-south;concreters-campbelltown;concreters-carnes-hill;concreters-casula;concreters-cawdor;concreters-cecil-hills;concreters-cecil-park;concreters-chipping-norton;concreters-douglas-park;concreters-eagle-vale;concreters-elizabeth-hills;concreters-ellis-lane;concreters-gilead;concreters-glen-alpine;concreters-glenfield;concreters-grasmere;concreters-horningsea-park;concreters-hoxton-park;concreters-ingleburn;concreters-kemps-creek;concreters-kirkham;concreters-len-waters-estate;concreters-leumeah;concreters-macquarie-fields;concreters-menangle;concreters-menangle-park;concreters-middleton-grange;concreters-minto;concreters-moorebank;concreters-narellan-vale;concreters-picton;concreters-prestons;concreters-raby;concreters-rossmore;concreters-smeaton-grange;concreters-tahmoor;concreters-the-oaks;concreters-theresa-park;concreters-wattle-grove;concreters-west-hoxton;concreters-wilton
services services available across south,45,concreters-appin;concreters-bargo;concreters-bradbury;concreters-camden-park;concreters-camden-south;concreters-campbelltown;concreters-carnes-hill;concreters-casula;concreters-cawdor;concreters-cecil-hills;concreters-cecil-park;concreters-chipping-norton;concreters-douglas-park;concreters-eagle-vale;concreters-elizabeth-hills;concreters-ellis-lane;concreters-gilead;concreters-glen-alpine;concreters-glenfield;concreters-grasmere;concreters-horningsea-park;concreters-hoxton-park;concreters-ingleburn;concreters-kemps-creek;concreters-kirkham;concreters-len-waters-estate;concreters-leumeah;concreters-macquarie-fields;concreters-menangle;concreters-menangle-park;concreters-middleton-grange;concreters-minto;concreters-moorebank;concreters-narellan-vale;concreters-picton;concreters-prestons;concreters-raby;concreters-rossmore;concreters-smeaton-grange;concreters-tahmoor;concreters-the-oaks;concreters-theresa-park;concreters-wattle-grove;concreters-west-hoxton;concreters-wilton
services available across south west,45,concreters-appin;concreters-bargo;concreters-bradbury;concreters-camden-park;concreters-camden-south;concreters-campbelltown;concreters-carnes-hill;concreters-casula;concreters-cawdor;concreters-cecil-hills;concreters-cecil-park;concreters-chipping-norton;concreters-douglas-park;concreters-eagle-vale;concreters-elizabeth-hills;concreters-ellis-lane;concreters-gilead;concreters-glen-alpine;concreters-glenfield;concreters-grasmere;concreters-horningsea-park;concreters-hoxton-park;concreters-ingleburn;concreters-kemps-creek;concreters-kirkham;concreters-len-waters-estate;concreters-leumeah;concreters-macquarie-fields;concreters-menangle;concreters-menangle-park;concreters-middleton-grange;concreters-minto;concreters-moorebank;concreters-narellan-vale;concreters-picton;concreters-prestons;concreters-raby;concreters-rossmore;concreters-smeaton-grange;concreters-tahmoor;concreters-the-oaks;concreters-theresa-park;concreters-wattle-grove;concreters-west-hoxton;concreters-wilton
available across south west sydney,45,concreters-appin;concreters-bargo;concreters-bradbury;concreters-camden-park;concreters-camden-south;concreters-campbelltown;concreters-carnes-hill;concreters-casula;concreters-cawdor;concreters-cecil-hills;concreters-cecil-park;concreters-chipping-norton;concreters-douglas-park;concreters-eagle-vale;concreters-elizabeth-hills;concreters-ellis-lane;concreters-gilead;concreters-glen-alpine;concreters-glenfield;concreters-grasmere;concreters-horningsea-park;concreters-hoxton-park;concreters-ingleburn;concreters-kemps-creek;concreters-kirkham;concreters-len-waters-estate;concreters-leumeah;concreters-macquarie-fields;concreters-menangle;concreters-menangle-park;concreters-middleton-grange;concreters-minto;concreters-moorebank;concreters-narellan-vale;concreters-picton;concreters-prestons;concreters-raby;concreters-rossmore;concreters-smeaton-grange;concreters-tahmoor;concreters-the-oaks;concreters-theresa-park;concreters-wattle-grove;concreters-west-hoxton;concreters-wilton
across south west sydney concrete,45,concreters-appin;concreters-bargo;concreters-bradbury;concreters-camden-park;concreters-camden-south;concreters-campbelltown;concreters-carnes-hill;concreters-casula;concreters-cawdor;concreters-cecil-hills;concreters-cecil-park;concreters-chipping-norton;concreters-douglas-park;concreters-eagle-vale;concreters-elizabeth-hills;concreters-ellis-lane;concreters-gilead;concreters-glen-alpine;concreters-glenfield;concreters-grasmere;concreters-horningsea-park;concreters-hoxton-park;concreters-ingleburn;concreters-kemps-creek;concreters-kirkham;concreters-len-waters-estate;concreters-leumeah;concreters-macquarie-fields;concreters-menangle;concreters-menangle-park;concreters-middleton-grange;concreters-minto;concreters-moorebank;concreters-narellan-vale;concreters-picton;concreters-prestons;concreters-raby;concreters-rossmore;concreters-smeaton-grange;concreters-tahmoor;concreters-the-oaks;concreters-theresa-park;concreters-wattle-grove;concreters-west-hoxton;concreters-wilton
south west sydney concrete driveways,45,concreters-appin;concreters-bargo;concreters-bradbury;concreters-camden-park;concreters-camden-south;concreters-campbelltown;concreters-carnes-hill;concreters-casula;concreters-cawdor;concreters-cecil-hills;concreters-cecil-park;concreters-chipping-norton;concreters-douglas-park;concreters-eagle-vale;concreters-elizabeth-hills;concreters-ellis-lane;concreters-gilead;concreters-glen-alpine;concreters-glenfield;concreters-grasmere;concreters-horningsea-park;concreters-hoxton-park;concreters-ingleburn;concreters-kemps-creek;concreters-kirkham;concreters-len-waters-estate;concreters-leumeah;concreters-macquarie-fields;concreters-menangle;concreters-menangle-park;concreters-middleton-grange;concreters-minto;concreters-moorebank;concreters-narellan-vale;concreters-picton;concreters-prestons;concreters-raby;concreters-rossmore;concreters-smeaton-grange;concreters-tahmoor;concreters-the-oaks;concreters-theresa-park;concreters-wattle-grove;concreters-west-hoxton;concreters-wilton
west sydney concrete driveways new,45,concreters-appin;concreters-bargo;concreters-bradbury;concreters-camden-park;concreters-camden-south;concreters-campbelltown;concreters-carnes-hill;concreters-casula;concreters-cawdor;concreters-cecil-hills;concreters-cecil-park;concreters-chipping-norton;concreters-douglas-park;concreters-eagle-vale;concreters-elizabeth-hills;concreters-ellis-lane;concreters-gilead;concreters-glen-alpine;concreters-glenfield;concreters-grasmere;concreters-horningsea-park;concreters-hoxton-park;concreters-ingleburn;concreters-kemps-creek;concreters-kirkham;concreters-len-waters-estate;concreters-leumeah;concreters-macquarie-fields;concreters-menangle;concreters-menangle-park;concreters-middleton-grange;concreters-minto;concreters-moorebank;concreters-narellan-vale;concreters-picton;concreters-prestons;concreters-raby;concreters-rossmore;concreters-smeaton-grange;concreters-tahmoor;concreters-the-oaks;concreters-theresa-park;concreters-wattle-grove;concreters-west-hoxton;concreters-wilton
sydney concrete driveways new driveways,45,concreters-appin;concreters-bargo;concreters-bradbury;concreters-camden-park;concreters-camden-south;concreters-campbelltown;concreters-carnes-hill;concreters-casula;concreters-cawdor;concreters-cecil-hills;concreters-cecil-park;concreters-chipping-norton;concreters-douglas-park;concreters-eagle-vale;concreters-elizabeth-hills;concreters-ellis-lane;concreters-gilead;concreters-glen-alpine;concreters-glenfield;concreters-grasmere;concreters-horningsea-park;concreters-hoxton-park;concreters-ingleburn;concreters-kemps-creek;concreters-kirkham;concreters-len-waters-estate;concreters-leumeah;concreters-macquarie-fields;concreters-menangle;concreters-menangle-park;concreters-middleton-grange;concreters-minto;concreters-moorebank;concreters-narellan-vale;concreters-picton;concreters-prestons;concreters-raby;concreters-rossmore;concreters-smeaton-grange;concreters-tahmoor;concreters-the-oaks;concreters-theresa-park;concreters-wattle-grove;concreters-west-hoxton;concreters-wilton
coloured stencil honed finishes get,45,concreters-appin;concreters-bargo;concreters-bradbury;concreters-camden-park;concreters-camden-south;concreters-campbelltown;concreters-carnes-hill;concreters-casula;concreters-cawdor;concreters-cecil-hills;concreters-cecil-park;concreters-chipping-norton;concreters-douglas-park;concreters-eagle-vale;concreters-elizabeth-hills;concreters-ellis-lane;concreters-gilead;concreters-glen-alpine;concreters-glenfield;concreters-grasmere;concreters-horningsea-park;concreters-hoxton-park;concreters-ingleburn;concreters-kemps-creek;concreters-kirkham;concreters-len-waters-estate;concreters-leumeah;concreters-macquarie-fields;concreters-menangle;concreters-menangle-park;concreters-middleton-grange;concreters-minto;concreters-moorebank;concreters-narellan-vale;concreters-picton;concreters-prestons;concreters-raby;concreters-rossmore;concreters-smeaton-grange;concreters-tahmoor;concreters-the-oaks;concreters-theresa-park;concreters-wattle-grove;concreters-west-hoxton;concreters-wilton
stencil honed finishes get your,45,concreters-appin;concreters-bargo;concreters-bradbury;concreters-camden-park;concreters-camden-south;concreters-campbelltown;concreters-carnes-hill;concreters-casula;concreters-cawdor;concreters-cecil-hills;concreters-cecil-park;concreters-chipping-norton;concreters-douglas-park;concreters-eagle-vale;concreters-elizabeth-hills;concreters-ellis-lane;concreters-gilead;concreters-glen-alpine;concreters-glenfield;concreters-grasmere;concreters-horningsea-park;concreters-hoxton-park;concreters-ingleburn;concreters-kemps-creek;concreters-kirkham;concreters-len-waters-estate;concreters-leumeah;concreters-macquarie-fields;concreters-menangle;concreters-menangle-park;concreters-middleton-grange;concreters-minto;concreters-moorebank;concreters-narellan-vale;concreters-picton;concreters-prestons;concreters-raby;concreters-rossmore;concreters-smeaton-grange;concreters-tahmoor;concreters-the-oaks;concreters-theresa-park;concreters-wattle-grove;concreters-west-hoxton;concreters-wilton
honed finishes get your free,45,concreters-appin;concreters-bargo;concreters-bradbury;concreters-camden-park;concreters-camden-south;concreters-campbelltown;concreters-carnes-hill;concreters-casula;concreters-cawdor;concreters-cecil-hills;concreters-cecil-park;concreters-chipping-norton;concreters-douglas-park;concreters-eagle-vale;concreters-elizabeth-hills;concreters-ellis-lane;concreters-gilead;concreters-glen-alpine;concreters-glenfield;concreters-grasmere;concreters-horningsea-park;concreters-hoxton-park;concreters-ingleburn;concreters-kemps-creek;concreters-kirkham;concreters-len-waters-estate;concreters-leumeah;concreters-macquarie-fields;concreters-menangle;concreters-menangle-park;concreters-middleton-grange;concreters-minto;concreters-moorebank;concreters-narellan-vale;concreters-picton;concreters-prestons;concreters-raby;concreters-rossmore;concreters-smeaton-grange;concreters-tahmoor;concreters-the-oaks;concreters-theresa-park;concreters-wattle-grove;concreters-west-hoxton;concreters-wilton
finishes get your free quote,45,concreters-appin;concreters-bargo;concreters-bradbury;concreters-camden-park;concreters-camden-south;concreters-campbelltown;concreters-carnes-hill;concreters-casula;concreters-cawdor;concreters-cecil-hills;concreters-cecil-park;concreters-chipping-norton;concreters-douglas-park;concreters-eagle-vale;concreters-elizabeth-hills;concreters-ellis-lane;concreters-gilead;concreters-glen-alpine;concreters-glenfield;concreters-grasmere;concreters-horningsea-park;concreters-hoxton-park;concreters-ingleburn;concreters-kemps-creek;concreters-kirkham;concreters-len-waters-estate;concreters-leumeah;concreters-macquarie-fields;concreters-menangle;concreters-menangle-park;concreters-middleton-grange;concreters-minto;concreters-moorebank;concreters-narellan-vale;concreters-picton;concreters-prestons;concreters-raby;concreters-rossmore;concreters-smeaton-grange;concreters-tahmoor;concreters-the-oaks;concreters-theresa-park;concreters-wattle-grove;concreters-west-hoxton;concreters-wilton
keeps it open get your,42,coloured-concrete-driveway-cost;commercial-concreting-bringelly;commercial-concreting-cobbitty;commercial-concreting-gregory-hills;commercial-concreting-narellan;commercial-concreting-south-west-sydney;concrete-driveway-cost-nsw;concrete-driveway-replacement-currans-hill;concrete-driveway-replacement-harrington-park;concrete-driveway-replacement-mount-annan;concrete-driveway-replacement-narellan;concrete-driveway-replacement-south-west-sydney;concrete-driveways-austral;concrete-driveways-catherine-field;concrete-driveways-cobbitty;concrete-driveways-edmondson-park;concrete-driveways-leppington;concrete-driveways-oran-park;concrete-driveways-south-west-sydney;concrete-driveways-spring-farm;concrete-paths-edmondson-park;concrete-patios-edmondson-park;concrete-patios-elderslie;concrete-patios-gledswood-hills;concrete-slabs-austral;concrete-slabs-bringelly;concrete-slabs-gledswood-hills;concrete-slabs-gregory-hills;concrete-slabs-leppington;concrete-slabs-south-west-sydney;decorative-concrete-harrington-park;driveway-cost-calculator;exposed-aggregate-driveway-cost;exposed-aggregate-gledswood-hills;exposed-aggregate-harrington-park;exposed-aggregate-oran-park;plain-concrete-driveway-cost;shed-and-garage-slabs-catherine-field;shed-and-garage-slabs-oran-park;shed-and-garage-slabs-south-west-sydney;slab-volume-calculator;stencilled-concrete-driveway-cost
it open get your free,42,coloured-concrete-driveway-cost;commercial-concreting-bringelly;commercial-concreting-cobbitty;commercial-concreting-gregory-hills;commercial-concreting-narellan;commercial-concreting-south-west-sydney;concrete-driveway-cost-nsw;concrete-driveway-replacement-currans-hill;concrete-driveway-replacement-harrington-park;concrete-driveway-replacement-mount-annan;concrete-driveway-replacement-narellan;concrete-driveway-replacement-south-west-sydney;concrete-driveways-austral;concrete-driveways-catherine-field;concrete-driveways-cobbitty;concrete-driveways-edmondson-park;concrete-driveways-leppington;concrete-driveways-oran-park;concrete-driveways-south-west-sydney;concrete-driveways-spring-farm;concrete-paths-edmondson-park;concrete-patios-edmondson-park;concrete-patios-elderslie;concrete-patios-gledswood-hills;concrete-slabs-austral;concrete-slabs-bringelly;concrete-slabs-gledswood-hills;concrete-slabs-gregory-hills;concrete-slabs-leppington;concrete-slabs-south-west-sydney;decorative-concrete-harrington-park;driveway-cost-calculator;exposed-aggregate-driveway-cost;exposed-aggregate-gledswood-hills;exposed-aggregate-harrington-park;exposed-aggregate-oran-park;plain-concrete-driveway-cost;shed-and-garage-slabs-catherine-field;shed-and-garage-slabs-oran-park;shed-and-garage-slabs-south-west-sydney;slab-volume-calculator;stencilled-concrete-driveway-cost
open get your free quote,42,coloured-concrete-driveway-cost;commercial-concreting-bringelly;commercial-concreting-cobbitty;commercial-concreting-gregory-hills;commercial-concreting-narellan;commercial-concreting-south-west-sydney;concrete-driveway-cost-nsw;concrete-driveway-replacement-currans-hill;concrete-driveway-replacement-harrington-park;concrete-driveway-replacement-mount-annan;concrete-driveway-replacement-narellan;concrete-driveway-replacement-south-west-sydney;concrete-driveways-austral;concrete-driveways-catherine-field;concrete-driveways-cobbitty;concrete-driveways-edmondson-park;concrete-driveways-leppington;concrete-driveways-oran-park;concrete-driveways-south-west-sydney;concrete-driveways-spring-farm;concrete-paths-edmondson-park;concrete-patios-edmondson-park;concrete-patios-elderslie;concrete-patios-gledswood-hills;concrete-slabs-austral;concrete-slabs-bringelly;concrete-slabs-gledswood-hills;concrete-slabs-gregory-hills;concrete-slabs-leppington;concrete-slabs-south-west-sydney;decorative-concrete-harrington-park;driveway-cost-calculator;exposed-aggregate-driveway-cost;exposed-aggregate-gledswood-hills;exposed-aggregate-harrington-park;exposed-aggregate-oran-park;plain-concrete-driveway-cost;shed-and-garage-slabs-catherine-field;shed-and-garage-slabs-oran-park;shed-and-garage-slabs-south-west-sydney;slab-volume-calculator;stencilled-concrete-driveway-cost
scope keeps it open get,35,commercial-concreting-bringelly;commercial-concreting-cobbitty;commercial-concreting-gregory-hills;commercial-concreting-narellan;commercial-concreting-south-west-sydney;concrete-driveway-replacement-currans-hill;concrete-driveway-replacement-harrington-park;concrete-driveway-replacement-mount-annan;concrete-driveway-replacement-narellan;concrete-driveway-replacement-south-west-sydney;concrete-driveways-austral;concrete-driveways-catherine-field;concrete-driveways-cobbitty;concrete-driveways-edmondson-park;concrete-driveways-leppington;concrete-driveways-oran-park;concrete-driveways-south-west-sydney;concrete-driveways-spring-farm;concrete-paths-edmondson-park;concrete-patios-edmondson-park;concrete-patios-elderslie;concrete-patios-gledswood-hills;concrete-slabs-austral;concrete-slabs-bringelly;concrete-slabs-gledswood-hills;concrete-slabs-gregory-hills;concrete-slabs-leppington;concrete-slabs-south-west-sydney;decorative-concrete-harrington-park;exposed-aggregate-gledswood-hills;exposed-aggregate-harrington-park;exposed-aggregate-oran-park;shed-and-garage-slabs-catherine-field;shed-and-garage-slabs-oran-park;shed-and-garage-slabs-south-west-sydney
guide identifies the record owner,35,broom-finish-concrete;camden-council-driveway-crossing;campbelltown-council-driveway-crossing;coloured-concrete-explained;commercial-hardstand-cost;concrete-crack-types-and-which-matter;concrete-driveway-cost-nsw;concrete-efflorescence;concrete-repair-vs-replace;concrete-slab-cost-per-m2;concrete-strength-grades-explained;concrete-vs-pavers-vs-asphalt;control-joints-and-saw-cut-timing;curing-concrete-in-summer-vs-winter;do-i-need-council-approval-driveway-nsw;driveway-crossover-cost-nsw;engineered-fill-and-why-new-estate-slabs-crack;exposed-aggregate-cost;exposed-aggregate-vs-stencil;honed-and-polished-concrete;how-long-before-you-can-drive-on-concrete;liverpool-council-vehicle-crossing;non-slip-finishes-for-pools-and-slopes;reactive-clay-slabs-as2870;removing-oil-stains-and-tyre-marks-from-concrete;salinity-and-concrete-western-sydney;sealing-and-resealing-concrete;shed-slab-cost;site-classification-explained;sl72-vs-sl82-reinforcement;slab-thickness-for-driveways-vs-sheds;stencilled-vs-stamped-concrete-cost;what-actually-moves-a-concrete-quote;why-concrete-cracks;wollondilly-council-driveway-crossing
guide keeps the basis explicit,35,broom-finish-concrete;camden-council-driveway-crossing;campbelltown-council-driveway-crossing;coloured-concrete-explained;commercial-hardstand-cost;concrete-crack-types-and-which-matter;concrete-driveway-cost-nsw;concrete-efflorescence;concrete-repair-vs-replace;concrete-slab-cost-per-m2;concrete-strength-grades-explained;concrete-vs-pavers-vs-asphalt;control-joints-and-saw-cut-timing;curing-concrete-in-summer-vs-winter;do-i-need-council-approval-driveway-nsw;driveway-crossover-cost-nsw;engineered-fill-and-why-new-estate-slabs-crack;exposed-aggregate-cost;exposed-aggregate-vs-stencil;honed-and-polished-concrete;how-long-before-you-can-drive-on-concrete;liverpool-council-vehicle-crossing;non-slip-finishes-for-pools-and-slopes;reactive-clay-slabs-as2870;removing-oil-stains-and-tyre-marks-from-concrete;salinity-and-concrete-western-sydney;sealing-and-resealing-concrete;shed-slab-cost;site-classification-explained;sl72-vs-sl82-reinforcement;slab-thickness-for-driveways-vs-sheds;stencilled-vs-stamped-concrete-cost;what-actually-moves-a-concrete-quote;why-concrete-cracks;wollondilly-council-driveway-crossing
guide leaves an audit trail,35,broom-finish-concrete;camden-council-driveway-crossing;campbelltown-council-driveway-crossing;coloured-concrete-explained;commercial-hardstand-cost;concrete-crack-types-and-which-matter;concrete-driveway-cost-nsw;concrete-efflorescence;concrete-repair-vs-replace;concrete-slab-cost-per-m2;concrete-strength-grades-explained;concrete-vs-pavers-vs-asphalt;control-joints-and-saw-cut-timing;curing-concrete-in-summer-vs-winter;do-i-need-council-approval-driveway-nsw;driveway-crossover-cost-nsw;engineered-fill-and-why-new-estate-slabs-crack;exposed-aggregate-cost;exposed-aggregate-vs-stencil;honed-and-polished-concrete;how-long-before-you-can-drive-on-concrete;liverpool-council-vehicle-crossing;non-slip-finishes-for-pools-and-slopes;reactive-clay-slabs-as2870;removing-oil-stains-and-tyre-marks-from-concrete;salinity-and-concrete-western-sydney;sealing-and-resealing-concrete;shed-slab-cost;site-classification-explained;sl72-vs-sl82-reinforcement;slab-thickness-for-driveways-vs-sheds;stencilled-vs-stamped-concrete-cost;what-actually-moves-a-concrete-quote;why-concrete-cracks;wollondilly-council-driveway-crossing
guide links the supporting record,35,broom-finish-concrete;camden-council-driveway-crossing;campbelltown-council-driveway-crossing;coloured-concrete-explained;commercial-hardstand-cost;concrete-crack-types-and-which-matter;concrete-driveway-cost-nsw;concrete-efflorescence;concrete-repair-vs-replace;concrete-slab-cost-per-m2;concrete-strength-grades-explained;concrete-vs-pavers-vs-asphalt;control-joints-and-saw-cut-timing;curing-concrete-in-summer-vs-winter;do-i-need-council-approval-driveway-nsw;driveway-crossover-cost-nsw;engineered-fill-and-why-new-estate-slabs-crack;exposed-aggregate-cost;exposed-aggregate-vs-stencil;honed-and-polished-concrete;how-long-before-you-can-drive-on-concrete;liverpool-council-vehicle-crossing;non-slip-finishes-for-pools-and-slopes;reactive-clay-slabs-as2870;removing-oil-stains-and-tyre-marks-from-concrete;salinity-and-concrete-western-sydney;sealing-and-resealing-concrete;shed-slab-cost;site-classification-explained;sl72-vs-sl82-reinforcement;slab-thickness-for-driveways-vs-sheds;stencilled-vs-stamped-concrete-cost;what-actually-moves-a-concrete-quote;why-concrete-cracks;wollondilly-council-driveway-crossing
guide keeps it open this,35,broom-finish-concrete;camden-council-driveway-crossing;campbelltown-council-driveway-crossing;coloured-concrete-explained;commercial-hardstand-cost;concrete-crack-types-and-which-matter;concrete-driveway-cost-nsw;concrete-efflorescence;concrete-repair-vs-replace;concrete-slab-cost-per-m2;concrete-strength-grades-explained;concrete-vs-pavers-vs-asphalt;control-joints-and-saw-cut-timing;curing-concrete-in-summer-vs-winter;do-i-need-council-approval-driveway-nsw;driveway-crossover-cost-nsw;engineered-fill-and-why-new-estate-slabs-crack;exposed-aggregate-cost;exposed-aggregate-vs-stencil;honed-and-polished-concrete;how-long-before-you-can-drive-on-concrete;liverpool-council-vehicle-crossing;non-slip-finishes-for-pools-and-slopes;reactive-clay-slabs-as2870;removing-oil-stains-and-tyre-marks-from-concrete;salinity-and-concrete-western-sydney;sealing-and-resealing-concrete;shed-slab-cost;site-classification-explained;sl72-vs-sl82-reinforcement;slab-thickness-for-driveways-vs-sheds;stencilled-vs-stamped-concrete-cost;what-actually-moves-a-concrete-quote;why-concrete-cracks;wollondilly-council-driveway-crossing
keeps it open this guide,35,broom-finish-concrete;camden-council-driveway-crossing;campbelltown-council-driveway-crossing;coloured-concrete-explained;commercial-hardstand-cost;concrete-crack-types-and-which-matter;concrete-driveway-cost-nsw;concrete-efflorescence;concrete-repair-vs-replace;concrete-slab-cost-per-m2;concrete-strength-grades-explained;concrete-vs-pavers-vs-asphalt;control-joints-and-saw-cut-timing;curing-concrete-in-summer-vs-winter;do-i-need-council-approval-driveway-nsw;driveway-crossover-cost-nsw;engineered-fill-and-why-new-estate-slabs-crack;exposed-aggregate-cost;exposed-aggregate-vs-stencil;honed-and-polished-concrete;how-long-before-you-can-drive-on-concrete;liverpool-council-vehicle-crossing;non-slip-finishes-for-pools-and-slopes;reactive-clay-slabs-as2870;removing-oil-stains-and-tyre-marks-from-concrete;salinity-and-concrete-western-sydney;sealing-and-resealing-concrete;shed-slab-cost;site-classification-explained;sl72-vs-sl82-reinforcement;slab-thickness-for-driveways-vs-sheds;stencilled-vs-stamped-concrete-cost;what-actually-moves-a-concrete-quote;why-concrete-cracks;wollondilly-council-driveway-crossing
it open this guide is,35,broom-finish-concrete;camden-council-driveway-crossing;campbelltown-council-driveway-crossing;coloured-concrete-explained;commercial-hardstand-cost;concrete-crack-types-and-which-matter;concrete-driveway-cost-nsw;concrete-efflorescence;concrete-repair-vs-replace;concrete-slab-cost-per-m2;concrete-strength-grades-explained;concrete-vs-pavers-vs-asphalt;control-joints-and-saw-cut-timing;curing-concrete-in-summer-vs-winter;do-i-need-council-approval-driveway-nsw;driveway-crossover-cost-nsw;engineered-fill-and-why-new-estate-slabs-crack;exposed-aggregate-cost;exposed-aggregate-vs-stencil;honed-and-polished-concrete;how-long-before-you-can-drive-on-concrete;liverpool-council-vehicle-crossing;non-slip-finishes-for-pools-and-slopes;reactive-clay-slabs-as2870;removing-oil-stains-and-tyre-marks-from-concrete;salinity-and-concrete-western-sydney;sealing-and-resealing-concrete;shed-slab-cost;site-classification-explained;sl72-vs-sl82-reinforcement;slab-thickness-for-driveways-vs-sheds;stencilled-vs-stamped-concrete-cost;what-actually-moves-a-concrete-quote;why-concrete-cracks;wollondilly-council-driveway-crossing
open this guide is limited,35,broom-finish-concrete;camden-council-driveway-crossing;campbelltown-council-driveway-crossing;coloured-concrete-explained;commercial-hardstand-cost;concrete-crack-types-and-which-matter;concrete-driveway-cost-nsw;concrete-efflorescence;concrete-repair-vs-replace;concrete-slab-cost-per-m2;concrete-strength-grades-explained;concrete-vs-pavers-vs-asphalt;control-joints-and-saw-cut-timing;curing-concrete-in-summer-vs-winter;do-i-need-council-approval-driveway-nsw;driveway-crossover-cost-nsw;engineered-fill-and-why-new-estate-slabs-crack;exposed-aggregate-cost;exposed-aggregate-vs-stencil;honed-and-polished-concrete;how-long-before-you-can-drive-on-concrete;liverpool-council-vehicle-crossing;non-slip-finishes-for-pools-and-slopes;reactive-clay-slabs-as2870;removing-oil-stains-and-tyre-marks-from-concrete;salinity-and-concrete-western-sydney;sealing-and-resealing-concrete;shed-slab-cost;site-classification-explained;sl72-vs-sl82-reinforcement;slab-thickness-for-driveways-vs-sheds;stencilled-vs-stamped-concrete-cost;what-actually-moves-a-concrete-quote;why-concrete-cracks;wollondilly-council-driveway-crossing
this guide is limited to,35,broom-finish-concrete;camden-council-driveway-crossing;campbelltown-council-driveway-crossing;coloured-concrete-explained;commercial-hardstand-cost;concrete-crack-types-and-which-matter;concrete-driveway-cost-nsw;concrete-efflorescence;concrete-repair-vs-replace;concrete-slab-cost-per-m2;concrete-strength-grades-explained;concrete-vs-pavers-vs-asphalt;control-joints-and-saw-cut-timing;curing-concrete-in-summer-vs-winter;do-i-need-council-approval-driveway-nsw;driveway-crossover-cost-nsw;engineered-fill-and-why-new-estate-slabs-crack;exposed-aggregate-cost;exposed-aggregate-vs-stencil;honed-and-polished-concrete;how-long-before-you-can-drive-on-concrete;liverpool-council-vehicle-crossing;non-slip-finishes-for-pools-and-slopes;reactive-clay-slabs-as2870;removing-oil-stains-and-tyre-marks-from-concrete;salinity-and-concrete-western-sydney;sealing-and-resealing-concrete;shed-slab-cost;site-classification-explained;sl72-vs-sl82-reinforcement;slab-thickness-for-driveways-vs-sheds;stencilled-vs-stamped-concrete-cost;what-actually-moves-a-concrete-quote;why-concrete-cracks;wollondilly-council-driveway-crossing
guide is limited to the,35,broom-finish-concrete;camden-council-driveway-crossing;campbelltown-council-driveway-crossing;coloured-concrete-explained;commercial-hardstand-cost;concrete-crack-types-and-which-matter;concrete-driveway-cost-nsw;concrete-efflorescence;concrete-repair-vs-replace;concrete-slab-cost-per-m2;concrete-strength-grades-explained;concrete-vs-pavers-vs-asphalt;control-joints-and-saw-cut-timing;curing-concrete-in-summer-vs-winter;do-i-need-council-approval-driveway-nsw;driveway-crossover-cost-nsw;engineered-fill-and-why-new-estate-slabs-crack;exposed-aggregate-cost;exposed-aggregate-vs-stencil;honed-and-polished-concrete;how-long-before-you-can-drive-on-concrete;liverpool-council-vehicle-crossing;non-slip-finishes-for-pools-and-slopes;reactive-clay-slabs-as2870;removing-oil-stains-and-tyre-marks-from-concrete;salinity-and-concrete-western-sydney;sealing-and-resealing-concrete;shed-slab-cost;site-classification-explained;sl72-vs-sl82-reinforcement;slab-thickness-for-driveways-vs-sheds;stencilled-vs-stamped-concrete-cost;what-actually-moves-a-concrete-quote;why-concrete-cracks;wollondilly-council-driveway-crossing
is limited to the approved,35,broom-finish-concrete;camden-council-driveway-crossing;campbelltown-council-driveway-crossing;coloured-concrete-explained;commercial-hardstand-cost;concrete-crack-types-and-which-matter;concrete-driveway-cost-nsw;concrete-efflorescence;concrete-repair-vs-replace;concrete-slab-cost-per-m2;concrete-strength-grades-explained;concrete-vs-pavers-vs-asphalt;control-joints-and-saw-cut-timing;curing-concrete-in-summer-vs-winter;do-i-need-council-approval-driveway-nsw;driveway-crossover-cost-nsw;engineered-fill-and-why-new-estate-slabs-crack;exposed-aggregate-cost;exposed-aggregate-vs-stencil;honed-and-polished-concrete;how-long-before-you-can-drive-on-concrete;liverpool-council-vehicle-crossing;non-slip-finishes-for-pools-and-slopes;reactive-clay-slabs-as2870;removing-oil-stains-and-tyre-marks-from-concrete;salinity-and-concrete-western-sydney;sealing-and-resealing-concrete;shed-slab-cost;site-classification-explained;sl72-vs-sl82-reinforcement;slab-thickness-for-driveways-vs-sheds;stencilled-vs-stamped-concrete-cost;what-actually-moves-a-concrete-quote;why-concrete-cracks;wollondilly-council-driveway-crossing
limited to the approved topic,35,broom-finish-concrete;camden-council-driveway-crossing;campbelltown-council-driveway-crossing;coloured-concrete-explained;commercial-hardstand-cost;concrete-crack-types-and-which-matter;concrete-driveway-cost-nsw;concrete-efflorescence;concrete-repair-vs-replace;concrete-slab-cost-per-m2;concrete-strength-grades-explained;concrete-vs-pavers-vs-asphalt;control-joints-and-saw-cut-timing;curing-concrete-in-summer-vs-winter;do-i-need-council-approval-driveway-nsw;driveway-crossover-cost-nsw;engineered-fill-and-why-new-estate-slabs-crack;exposed-aggregate-cost;exposed-aggregate-vs-stencil;honed-and-polished-concrete;how-long-before-you-can-drive-on-concrete;liverpool-council-vehicle-crossing;non-slip-finishes-for-pools-and-slopes;reactive-clay-slabs-as2870;removing-oil-stains-and-tyre-marks-from-concrete;salinity-and-concrete-western-sydney;sealing-and-resealing-concrete;shed-slab-cost;site-classification-explained;sl72-vs-sl82-reinforcement;slab-thickness-for-driveways-vs-sheds;stencilled-vs-stamped-concrete-cost;what-actually-moves-a-concrete-quote;why-concrete-cracks;wollondilly-council-driveway-crossing
to the approved topic of,35,broom-finish-concrete;camden-council-driveway-crossing;campbelltown-council-driveway-crossing;coloured-concrete-explained;commercial-hardstand-cost;concrete-crack-types-and-which-matter;concrete-driveway-cost-nsw;concrete-efflorescence;concrete-repair-vs-replace;concrete-slab-cost-per-m2;concrete-strength-grades-explained;concrete-vs-pavers-vs-asphalt;control-joints-and-saw-cut-timing;curing-concrete-in-summer-vs-winter;do-i-need-council-approval-driveway-nsw;driveway-crossover-cost-nsw;engineered-fill-and-why-new-estate-slabs-crack;exposed-aggregate-cost;exposed-aggregate-vs-stencil;honed-and-polished-concrete;how-long-before-you-can-drive-on-concrete;liverpool-council-vehicle-crossing;non-slip-finishes-for-pools-and-slopes;reactive-clay-slabs-as2870;removing-oil-stains-and-tyre-marks-from-concrete;salinity-and-concrete-western-sydney;sealing-and-resealing-concrete;shed-slab-cost;site-classification-explained;sl72-vs-sl82-reinforcement;slab-thickness-for-driveways-vs-sheds;stencilled-vs-stamped-concrete-cost;what-actually-moves-a-concrete-quote;why-concrete-cracks;wollondilly-council-driveway-crossing
it does not turn a,35,broom-finish-concrete;camden-council-driveway-crossing;campbelltown-council-driveway-crossing;coloured-concrete-explained;commercial-hardstand-cost;concrete-crack-types-and-which-matter;concrete-driveway-cost-nsw;concrete-efflorescence;concrete-repair-vs-replace;concrete-slab-cost-per-m2;concrete-strength-grades-explained;concrete-vs-pavers-vs-asphalt;control-joints-and-saw-cut-timing;curing-concrete-in-summer-vs-winter;do-i-need-council-approval-driveway-nsw;driveway-crossover-cost-nsw;engineered-fill-and-why-new-estate-slabs-crack;exposed-aggregate-cost;exposed-aggregate-vs-stencil;honed-and-polished-concrete;how-long-before-you-can-drive-on-concrete;liverpool-council-vehicle-crossing;non-slip-finishes-for-pools-and-slopes;reactive-clay-slabs-as2870;removing-oil-stains-and-tyre-marks-from-concrete;salinity-and-concrete-western-sydney;sealing-and-resealing-concrete;shed-slab-cost;site-classification-explained;sl72-vs-sl82-reinforcement;slab-thickness-for-driveways-vs-sheds;stencilled-vs-stamped-concrete-cost;what-actually-moves-a-concrete-quote;why-concrete-cracks;wollondilly-council-driveway-crossing
does not turn a regional,35,broom-finish-concrete;camden-council-driveway-crossing;campbelltown-council-driveway-crossing;coloured-concrete-explained;commercial-hardstand-cost;concrete-crack-types-and-which-matter;concrete-driveway-cost-nsw;concrete-efflorescence;concrete-repair-vs-replace;concrete-slab-cost-per-m2;concrete-strength-grades-explained;concrete-vs-pavers-vs-asphalt;control-joints-and-saw-cut-timing;curing-concrete-in-summer-vs-winter;do-i-need-council-approval-driveway-nsw;driveway-crossover-cost-nsw;engineered-fill-and-why-new-estate-slabs-crack;exposed-aggregate-cost;exposed-aggregate-vs-stencil;honed-and-polished-concrete;how-long-before-you-can-drive-on-concrete;liverpool-council-vehicle-crossing;non-slip-finishes-for-pools-and-slopes;reactive-clay-slabs-as2870;removing-oil-stains-and-tyre-marks-from-concrete;salinity-and-concrete-western-sydney;sealing-and-resealing-concrete;shed-slab-cost;site-classification-explained;sl72-vs-sl82-reinforcement;slab-thickness-for-driveways-vs-sheds;stencilled-vs-stamped-concrete-cost;what-actually-moves-a-concrete-quote;why-concrete-cracks;wollondilly-council-driveway-crossing
not turn a regional observation,35,broom-finish-concrete;camden-council-driveway-crossing;campbelltown-council-driveway-crossing;coloured-concrete-explained;commercial-hardstand-cost;concrete-crack-types-and-which-matter;concrete-driveway-cost-nsw;concrete-efflorescence;concrete-repair-vs-replace;concrete-slab-cost-per-m2;concrete-strength-grades-explained;concrete-vs-pavers-vs-asphalt;control-joints-and-saw-cut-timing;curing-concrete-in-summer-vs-winter;do-i-need-council-approval-driveway-nsw;driveway-crossover-cost-nsw;engineered-fill-and-why-new-estate-slabs-crack;exposed-aggregate-cost;exposed-aggregate-vs-stencil;honed-and-polished-concrete;how-long-before-you-can-drive-on-concrete;liverpool-council-vehicle-crossing;non-slip-finishes-for-pools-and-slopes;reactive-clay-slabs-as2870;removing-oil-stains-and-tyre-marks-from-concrete;salinity-and-concrete-western-sydney;sealing-and-resealing-concrete;shed-slab-cost;site-classification-explained;sl72-vs-sl82-reinforcement;slab-thickness-for-driveways-vs-sheds;stencilled-vs-stamped-concrete-cost;what-actually-moves-a-concrete-quote;why-concrete-cracks;wollondilly-council-driveway-crossing
turn a regional observation into,35,broom-finish-concrete;camden-council-driveway-crossing;campbelltown-council-driveway-crossing;coloured-concrete-explained;commercial-hardstand-cost;concrete-crack-types-and-which-matter;concrete-driveway-cost-nsw;concrete-efflorescence;concrete-repair-vs-replace;concrete-slab-cost-per-m2;concrete-strength-grades-explained;concrete-vs-pavers-vs-asphalt;control-joints-and-saw-cut-timing;curing-concrete-in-summer-vs-winter;do-i-need-council-approval-driveway-nsw;driveway-crossover-cost-nsw;engineered-fill-and-why-new-estate-slabs-crack;exposed-aggregate-cost;exposed-aggregate-vs-stencil;honed-and-polished-concrete;how-long-before-you-can-drive-on-concrete;liverpool-council-vehicle-crossing;non-slip-finishes-for-pools-and-slopes;reactive-clay-slabs-as2870;removing-oil-stains-and-tyre-marks-from-concrete;salinity-and-concrete-western-sydney;sealing-and-resealing-concrete;shed-slab-cost;site-classification-explained;sl72-vs-sl82-reinforcement;slab-thickness-for-driveways-vs-sheds;stencilled-vs-stamped-concrete-cost;what-actually-moves-a-concrete-quote;why-concrete-cracks;wollondilly-council-driveway-crossing
a regional observation into a,35,broom-finish-concrete;camden-council-driveway-crossing;campbelltown-council-driveway-crossing;coloured-concrete-explained;commercial-hardstand-cost;concrete-crack-types-and-which-matter;concrete-driveway-cost-nsw;concrete-efflorescence;concrete-repair-vs-replace;concrete-slab-cost-per-m2;concrete-strength-grades-explained;concrete-vs-pavers-vs-asphalt;control-joints-and-saw-cut-timing;curing-concrete-in-summer-vs-winter;do-i-need-council-approval-driveway-nsw;driveway-crossover-cost-nsw;engineered-fill-and-why-new-estate-slabs-crack;exposed-aggregate-cost;exposed-aggregate-vs-stencil;honed-and-polished-concrete;how-long-before-you-can-drive-on-concrete;liverpool-council-vehicle-crossing;non-slip-finishes-for-pools-and-slopes;reactive-clay-slabs-as2870;removing-oil-stains-and-tyre-marks-from-concrete;salinity-and-concrete-western-sydney;sealing-and-resealing-concrete;shed-slab-cost;site-classification-explained;sl72-vs-sl82-reinforcement;slab-thickness-for-driveways-vs-sheds;stencilled-vs-stamped-concrete-cost;what-actually-moves-a-concrete-quote;why-concrete-cracks;wollondilly-council-driveway-crossing
regional observation into a project,35,broom-finish-concrete;camden-council-driveway-crossing;campbelltown-council-driveway-crossing;coloured-concrete-explained;commercial-hardstand-cost;concrete-crack-types-and-which-matter;concrete-driveway-cost-nsw;concrete-efflorescence;concrete-repair-vs-replace;concrete-slab-cost-per-m2;concrete-strength-grades-explained;concrete-vs-pavers-vs-asphalt;control-joints-and-saw-cut-timing;curing-concrete-in-summer-vs-winter;do-i-need-council-approval-driveway-nsw;driveway-crossover-cost-nsw;engineered-fill-and-why-new-estate-slabs-crack;exposed-aggregate-cost;exposed-aggregate-vs-stencil;honed-and-polished-concrete;how-long-before-you-can-drive-on-concrete;liverpool-council-vehicle-crossing;non-slip-finishes-for-pools-and-slopes;reactive-clay-slabs-as2870;removing-oil-stains-and-tyre-marks-from-concrete;salinity-and-concrete-western-sydney;sealing-and-resealing-concrete;shed-slab-cost;site-classification-explained;sl72-vs-sl82-reinforcement;slab-thickness-for-driveways-vs-sheds;stencilled-vs-stamped-concrete-cost;what-actually-moves-a-concrete-quote;why-concrete-cracks;wollondilly-council-driveway-crossing
observation into a project specification,35,broom-finish-concrete;camden-council-driveway-crossing;campbelltown-council-driveway-crossing;coloured-concrete-explained;commercial-hardstand-cost;concrete-crack-types-and-which-matter;concrete-driveway-cost-nsw;concrete-efflorescence;concrete-repair-vs-replace;concrete-slab-cost-per-m2;concrete-strength-grades-explained;concrete-vs-pavers-vs-asphalt;control-joints-and-saw-cut-timing;curing-concrete-in-summer-vs-winter;do-i-need-council-approval-driveway-nsw;driveway-crossover-cost-nsw;engineered-fill-and-why-new-estate-slabs-crack;exposed-aggregate-cost;exposed-aggregate-vs-stencil;honed-and-polished-concrete;how-long-before-you-can-drive-on-concrete;liverpool-council-vehicle-crossing;non-slip-finishes-for-pools-and-slopes;reactive-clay-slabs-as2870;removing-oil-stains-and-tyre-marks-from-concrete;salinity-and-concrete-western-sydney;sealing-and-resealing-concrete;shed-slab-cost;site-classification-explained;sl72-vs-sl82-reinforcement;slab-thickness-for-driveways-vs-sheds;stencilled-vs-stamped-concrete-cost;what-actually-moves-a-concrete-quote;why-concrete-cracks;wollondilly-council-driveway-crossing
guide marks the evidence owner,35,broom-finish-concrete;camden-council-driveway-crossing;campbelltown-council-driveway-crossing;coloured-concrete-explained;commercial-hardstand-cost;concrete-crack-types-and-which-matter;concrete-driveway-cost-nsw;concrete-efflorescence;concrete-repair-vs-replace;concrete-slab-cost-per-m2;concrete-strength-grades-explained;concrete-vs-pavers-vs-asphalt;control-joints-and-saw-cut-timing;curing-concrete-in-summer-vs-winter;do-i-need-council-approval-driveway-nsw;driveway-crossover-cost-nsw;engineered-fill-and-why-new-estate-slabs-crack;exposed-aggregate-cost;exposed-aggregate-vs-stencil;honed-and-polished-concrete;how-long-before-you-can-drive-on-concrete;liverpool-council-vehicle-crossing;non-slip-finishes-for-pools-and-slopes;reactive-clay-slabs-as2870;removing-oil-stains-and-tyre-marks-from-concrete;salinity-and-concrete-western-sydney;sealing-and-resealing-concrete;shed-slab-cost;site-classification-explained;sl72-vs-sl82-reinforcement;slab-thickness-for-driveways-vs-sheds;stencilled-vs-stamped-concrete-cost;what-actually-moves-a-concrete-quote;why-concrete-cracks;wollondilly-council-driveway-crossing
guide carries the source date,35,broom-finish-concrete;camden-council-driveway-crossing;campbelltown-council-driveway-crossing;coloured-concrete-explained;commercial-hardstand-cost;concrete-crack-types-and-which-matter;concrete-driveway-cost-nsw;concrete-efflorescence;concrete-repair-vs-replace;concrete-slab-cost-per-m2;concrete-strength-grades-explained;concrete-vs-pavers-vs-asphalt;control-joints-and-saw-cut-timing;curing-concrete-in-summer-vs-winter;do-i-need-council-approval-driveway-nsw;driveway-crossover-cost-nsw;engineered-fill-and-why-new-estate-slabs-crack;exposed-aggregate-cost;exposed-aggregate-vs-stencil;honed-and-polished-concrete;how-long-before-you-can-drive-on-concrete;liverpool-council-vehicle-crossing;non-slip-finishes-for-pools-and-slopes;reactive-clay-slabs-as2870;removing-oil-stains-and-tyre-marks-from-concrete;salinity-and-concrete-western-sydney;sealing-and-resealing-concrete;shed-slab-cost;site-classification-explained;sl72-vs-sl82-reinforcement;slab-thickness-for-driveways-vs-sheds;stencilled-vs-stamped-concrete-cost;what-actually-moves-a-concrete-quote;why-concrete-cracks;wollondilly-council-driveway-crossing
guide keeps it open related,35,broom-finish-concrete;camden-council-driveway-crossing;campbelltown-council-driveway-crossing;coloured-concrete-explained;commercial-hardstand-cost;concrete-crack-types-and-which-matter;concrete-driveway-cost-nsw;concrete-efflorescence;concrete-repair-vs-replace;concrete-slab-cost-per-m2;concrete-strength-grades-explained;concrete-vs-pavers-vs-asphalt;control-joints-and-saw-cut-timing;curing-concrete-in-summer-vs-winter;do-i-need-council-approval-driveway-nsw;driveway-crossover-cost-nsw;engineered-fill-and-why-new-estate-slabs-crack;exposed-aggregate-cost;exposed-aggregate-vs-stencil;honed-and-polished-concrete;how-long-before-you-can-drive-on-concrete;liverpool-council-vehicle-crossing;non-slip-finishes-for-pools-and-slopes;reactive-clay-slabs-as2870;removing-oil-stains-and-tyre-marks-from-concrete;salinity-and-concrete-western-sydney;sealing-and-resealing-concrete;shed-slab-cost;site-classification-explained;sl72-vs-sl82-reinforcement;slab-thickness-for-driveways-vs-sheds;stencilled-vs-stamped-concrete-cost;what-actually-moves-a-concrete-quote;why-concrete-cracks;wollondilly-council-driveway-crossing
are driveway concreting crossover and,35,broom-finish-concrete;camden-council-driveway-crossing;campbelltown-council-driveway-crossing;coloured-concrete-explained;commercial-hardstand-cost;concrete-crack-types-and-which-matter;concrete-driveway-cost-nsw;concrete-efflorescence;concrete-repair-vs-replace;concrete-slab-cost-per-m2;concrete-strength-grades-explained;concrete-vs-pavers-vs-asphalt;control-joints-and-saw-cut-timing;curing-concrete-in-summer-vs-winter;do-i-need-council-approval-driveway-nsw;driveway-crossover-cost-nsw;engineered-fill-and-why-new-estate-slabs-crack;exposed-aggregate-cost;exposed-aggregate-vs-stencil;honed-and-polished-concrete;how-long-before-you-can-drive-on-concrete;liverpool-council-vehicle-crossing;non-slip-finishes-for-pools-and-slopes;reactive-clay-slabs-as2870;removing-oil-stains-and-tyre-marks-from-concrete;salinity-and-concrete-western-sydney;sealing-and-resealing-concrete;shed-slab-cost;site-classification-explained;sl72-vs-sl82-reinforcement;slab-thickness-for-driveways-vs-sheds;stencilled-vs-stamped-concrete-cost;what-actually-moves-a-concrete-quote;why-concrete-cracks;wollondilly-council-driveway-crossing
driveway concreting crossover and layback,35,broom-finish-concrete;camden-council-driveway-crossing;campbelltown-council-driveway-crossing;coloured-concrete-explained;commercial-hardstand-cost;concrete-crack-types-and-which-matter;concrete-driveway-cost-nsw;concrete-efflorescence;concrete-repair-vs-replace;concrete-slab-cost-per-m2;concrete-strength-grades-explained;concrete-vs-pavers-vs-asphalt;control-joints-and-saw-cut-timing;curing-concrete-in-summer-vs-winter;do-i-need-council-approval-driveway-nsw;driveway-crossover-cost-nsw;engineered-fill-and-why-new-estate-slabs-crack;exposed-aggregate-cost;exposed-aggregate-vs-stencil;honed-and-polished-concrete;how-long-before-you-can-drive-on-concrete;liverpool-council-vehicle-crossing;non-slip-finishes-for-pools-and-slopes;reactive-clay-slabs-as2870;removing-oil-stains-and-tyre-marks-from-concrete;salinity-and-concrete-western-sydney;sealing-and-resealing-concrete;shed-slab-cost;site-classification-explained;sl72-vs-sl82-reinforcement;slab-thickness-for-driveways-vs-sheds;stencilled-vs-stamped-concrete-cost;what-actually-moves-a-concrete-quote;why-concrete-cracks;wollondilly-council-driveway-crossing
concreting crossover and layback work,35,broom-finish-concrete;camden-council-driveway-crossing;campbelltown-council-driveway-crossing;coloured-concrete-explained;commercial-hardstand-cost;concrete-crack-types-and-which-matter;concrete-driveway-cost-nsw;concrete-efflorescence;concrete-repair-vs-replace;concrete-slab-cost-per-m2;concrete-strength-grades-explained;concrete-vs-pavers-vs-asphalt;control-joints-and-saw-cut-timing;curing-concrete-in-summer-vs-winter;do-i-need-council-approval-driveway-nsw;driveway-crossover-cost-nsw;engineered-fill-and-why-new-estate-slabs-crack;exposed-aggregate-cost;exposed-aggregate-vs-stencil;honed-and-polished-concrete;how-long-before-you-can-drive-on-concrete;liverpool-council-vehicle-crossing;non-slip-finishes-for-pools-and-slopes;reactive-clay-slabs-as2870;removing-oil-stains-and-tyre-marks-from-concrete;salinity-and-concrete-western-sydney;sealing-and-resealing-concrete;shed-slab-cost;site-classification-explained;sl72-vs-sl82-reinforcement;slab-thickness-for-driveways-vs-sheds;stencilled-vs-stamped-concrete-cost;what-actually-moves-a-concrete-quote;why-concrete-cracks;wollondilly-council-driveway-crossing
crossover and layback work and,35,broom-finish-concrete;camden-council-driveway-crossing;campbelltown-council-driveway-crossing;coloured-concrete-explained;commercial-hardstand-cost;concrete-crack-types-and-which-matter;concrete-driveway-cost-nsw;concrete-efflorescence;concrete-repair-vs-replace;concrete-slab-cost-per-m2;concrete-strength-grades-explained;concrete-vs-pavers-vs-asphalt;control-joints-and-saw-cut-timing;curing-concrete-in-summer-vs-winter;do-i-need-council-approval-driveway-nsw;driveway-crossover-cost-nsw;engineered-fill-and-why-new-estate-slabs-crack;exposed-aggregate-cost;exposed-aggregate-vs-stencil;honed-and-polished-concrete;how-long-before-you-can-drive-on-concrete;liverpool-council-vehicle-crossing;non-slip-finishes-for-pools-and-slopes;reactive-clay-slabs-as2870;removing-oil-stains-and-tyre-marks-from-concrete;salinity-and-concrete-western-sydney;sealing-and-resealing-concrete;shed-slab-cost;site-classification-explained;sl72-vs-sl82-reinforcement;slab-thickness-for-driveways-vs-sheds;stencilled-vs-stamped-concrete-cost;what-actually-moves-a-concrete-quote;why-concrete-cracks;wollondilly-council-driveway-crossing
and layback work and the,35,broom-finish-concrete;camden-council-driveway-crossing;campbelltown-council-driveway-crossing;coloured-concrete-explained;commercial-hardstand-cost;concrete-crack-types-and-which-matter;concrete-driveway-cost-nsw;concrete-efflorescence;concrete-repair-vs-replace;concrete-slab-cost-per-m2;concrete-strength-grades-explained;concrete-vs-pavers-vs-asphalt;control-joints-and-saw-cut-timing;curing-concrete-in-summer-vs-winter;do-i-need-council-approval-driveway-nsw;driveway-crossover-cost-nsw;engineered-fill-and-why-new-estate-slabs-crack;exposed-aggregate-cost;exposed-aggregate-vs-stencil;honed-and-polished-concrete;how-long-before-you-can-drive-on-concrete;liverpool-council-vehicle-crossing;non-slip-finishes-for-pools-and-slopes;reactive-clay-slabs-as2870;removing-oil-stains-and-tyre-marks-from-concrete;salinity-and-concrete-western-sydney;sealing-and-resealing-concrete;shed-slab-cost;site-classification-explained;sl72-vs-sl82-reinforcement;slab-thickness-for-driveways-vs-sheds;stencilled-vs-stamped-concrete-cost;what-actually-moves-a-concrete-quote;why-concrete-cracks;wollondilly-council-driveway-crossing
layback work and the camden,35,broom-finish-concrete;camden-council-driveway-crossing;campbelltown-council-driveway-crossing;coloured-concrete-explained;commercial-hardstand-cost;concrete-crack-types-and-which-matter;concrete-driveway-cost-nsw;concrete-efflorescence;concrete-repair-vs-replace;concrete-slab-cost-per-m2;concrete-strength-grades-explained;concrete-vs-pavers-vs-asphalt;control-joints-and-saw-cut-timing;curing-concrete-in-summer-vs-winter;do-i-need-council-approval-driveway-nsw;driveway-crossover-cost-nsw;engineered-fill-and-why-new-estate-slabs-crack;exposed-aggregate-cost;exposed-aggregate-vs-stencil;honed-and-polished-concrete;how-long-before-you-can-drive-on-concrete;liverpool-council-vehicle-crossing;non-slip-finishes-for-pools-and-slopes;reactive-clay-slabs-as2870;removing-oil-stains-and-tyre-marks-from-concrete;salinity-and-concrete-western-sydney;sealing-and-resealing-concrete;shed-slab-cost;site-classification-explained;sl72-vs-sl82-reinforcement;slab-thickness-for-driveways-vs-sheds;stencilled-vs-stamped-concrete-cost;what-actually-moves-a-concrete-quote;why-concrete-cracks;wollondilly-council-driveway-crossing
work and the camden concreters,35,broom-finish-concrete;camden-council-driveway-crossing;campbelltown-council-driveway-crossing;coloured-concrete-explained;commercial-hardstand-cost;concrete-crack-types-and-which-matter;concrete-driveway-cost-nsw;concrete-efflorescence;concrete-repair-vs-replace;concrete-slab-cost-per-m2;concrete-strength-grades-explained;concrete-vs-pavers-vs-asphalt;control-joints-and-saw-cut-timing;curing-concrete-in-summer-vs-winter;do-i-need-council-approval-driveway-nsw;driveway-crossover-cost-nsw;engineered-fill-and-why-new-estate-slabs-crack;exposed-aggregate-cost;exposed-aggregate-vs-stencil;honed-and-polished-concrete;how-long-before-you-can-drive-on-concrete;liverpool-council-vehicle-crossing;non-slip-finishes-for-pools-and-slopes;reactive-clay-slabs-as2870;removing-oil-stains-and-tyre-marks-from-concrete;salinity-and-concrete-western-sydney;sealing-and-resealing-concrete;shed-slab-cost;site-classification-explained;sl72-vs-sl82-reinforcement;slab-thickness-for-driveways-vs-sheds;stencilled-vs-stamped-concrete-cost;what-actually-moves-a-concrete-quote;why-concrete-cracks;wollondilly-council-driveway-crossing
and the camden concreters homepage,35,broom-finish-concrete;camden-council-driveway-crossing;campbelltown-council-driveway-crossing;coloured-concrete-explained;commercial-hardstand-cost;concrete-crack-types-and-which-matter;concrete-driveway-cost-nsw;concrete-efflorescence;concrete-repair-vs-replace;concrete-slab-cost-per-m2;concrete-strength-grades-explained;concrete-vs-pavers-vs-asphalt;control-joints-and-saw-cut-timing;curing-concrete-in-summer-vs-winter;do-i-need-council-approval-driveway-nsw;driveway-crossover-cost-nsw;engineered-fill-and-why-new-estate-slabs-crack;exposed-aggregate-cost;exposed-aggregate-vs-stencil;honed-and-polished-concrete;how-long-before-you-can-drive-on-concrete;liverpool-council-vehicle-crossing;non-slip-finishes-for-pools-and-slopes;reactive-clay-slabs-as2870;removing-oil-stains-and-tyre-marks-from-concrete;salinity-and-concrete-western-sydney;sealing-and-resealing-concrete;shed-slab-cost;site-classification-explained;sl72-vs-sl82-reinforcement;slab-thickness-for-driveways-vs-sheds;stencilled-vs-stamped-concrete-cost;what-actually-moves-a-concrete-quote;why-concrete-cracks;wollondilly-council-driveway-crossing
keeps it open the supplied,35,commercial-concreting-bringelly;commercial-concreting-cobbitty;commercial-concreting-gregory-hills;commercial-concreting-narellan;concrete-crossovers-and-laybacks-austral;concrete-crossovers-and-laybacks-currans-hill;concrete-crossovers-and-laybacks-leppington;concrete-crossovers-and-laybacks-oran-park;concrete-crossovers-and-laybacks-spring-farm;concrete-driveway-replacement-currans-hill;concrete-driveway-replacement-harrington-park;concrete-driveway-replacement-mount-annan;concrete-driveway-replacement-narellan;concrete-driveways-austral;concrete-driveways-catherine-field;concrete-driveways-cobbitty;concrete-driveways-edmondson-park;concrete-driveways-leppington;concrete-driveways-oran-park;concrete-driveways-spring-farm;concrete-paths-edmondson-park;concrete-patios-edmondson-park;concrete-patios-elderslie;concrete-patios-gledswood-hills;concrete-slabs-austral;concrete-slabs-bringelly;concrete-slabs-gledswood-hills;concrete-slabs-gregory-hills;concrete-slabs-leppington;decorative-concrete-harrington-park;exposed-aggregate-gledswood-hills;exposed-aggregate-harrington-park;exposed-aggregate-oran-park;shed-and-garage-slabs-catherine-field;shed-and-garage-slabs-oran-park
it open the supplied evidence,35,commercial-concreting-bringelly;commercial-concreting-cobbitty;commercial-concreting-gregory-hills;commercial-concreting-narellan;concrete-crossovers-and-laybacks-austral;concrete-crossovers-and-laybacks-currans-hill;concrete-crossovers-and-laybacks-leppington;concrete-crossovers-and-laybacks-oran-park;concrete-crossovers-and-laybacks-spring-farm;concrete-driveway-replacement-currans-hill;concrete-driveway-replacement-harrington-park;concrete-driveway-replacement-mount-annan;concrete-driveway-replacement-narellan;concrete-driveways-austral;concrete-driveways-catherine-field;concrete-driveways-cobbitty;concrete-driveways-edmondson-park;concrete-driveways-leppington;concrete-driveways-oran-park;concrete-driveways-spring-farm;concrete-paths-edmondson-park;concrete-patios-edmondson-park;concrete-patios-elderslie;concrete-patios-gledswood-hills;concrete-slabs-austral;concrete-slabs-bringelly;concrete-slabs-gledswood-hills;concrete-slabs-gregory-hills;concrete-slabs-leppington;decorative-concrete-harrington-park;exposed-aggregate-gledswood-hills;exposed-aggregate-harrington-park;exposed-aggregate-oran-park;shed-and-garage-slabs-catherine-field;shed-and-garage-slabs-oran-park
open the supplied evidence authorising,35,commercial-concreting-bringelly;commercial-concreting-cobbitty;commercial-concreting-gregory-hills;commercial-concreting-narellan;concrete-crossovers-and-laybacks-austral;concrete-crossovers-and-laybacks-currans-hill;concrete-crossovers-and-laybacks-leppington;concrete-crossovers-and-laybacks-oran-park;concrete-crossovers-and-laybacks-spring-farm;concrete-driveway-replacement-currans-hill;concrete-driveway-replacement-harrington-park;concrete-driveway-replacement-mount-annan;concrete-driveway-replacement-narellan;concrete-driveways-austral;concrete-driveways-catherine-field;concrete-driveways-cobbitty;concrete-driveways-edmondson-park;concrete-driveways-leppington;concrete-driveways-oran-park;concrete-driveways-spring-farm;concrete-paths-edmondson-park;concrete-patios-edmondson-park;concrete-patios-elderslie;concrete-patios-gledswood-hills;concrete-slabs-austral;concrete-slabs-bringelly;concrete-slabs-gledswood-hills;concrete-slabs-gregory-hills;concrete-slabs-leppington;decorative-concrete-harrington-park;exposed-aggregate-gledswood-hills;exposed-aggregate-harrington-park;exposed-aggregate-oran-park;shed-and-garage-slabs-catherine-field;shed-and-garage-slabs-oran-park
the supplied evidence authorising this,35,commercial-concreting-bringelly;commercial-concreting-cobbitty;commercial-concreting-gregory-hills;commercial-concreting-narellan;concrete-crossovers-and-laybacks-austral;concrete-crossovers-and-laybacks-currans-hill;concrete-crossovers-and-laybacks-leppington;concrete-crossovers-and-laybacks-oran-park;concrete-crossovers-and-laybacks-spring-farm;concrete-driveway-replacement-currans-hill;concrete-driveway-replacement-harrington-park;concrete-driveway-replacement-mount-annan;concrete-driveway-replacement-narellan;concrete-driveways-austral;concrete-driveways-catherine-field;concrete-driveways-cobbitty;concrete-driveways-edmondson-park;concrete-driveways-leppington;concrete-driveways-oran-park;concrete-driveways-spring-farm;concrete-paths-edmondson-park;concrete-patios-edmondson-park;concrete-patios-elderslie;concrete-patios-gledswood-hills;concrete-slabs-austral;concrete-slabs-bringelly;concrete-slabs-gledswood-hills;concrete-slabs-gregory-hills;concrete-slabs-leppington;decorative-concrete-harrington-park;exposed-aggregate-gledswood-hills;exposed-aggregate-harrington-park;exposed-aggregate-oran-park;shed-and-garage-slabs-catherine-field;shed-and-garage-slabs-oran-park
supplied evidence authorising this exact,35,commercial-concreting-bringelly;commercial-concreting-cobbitty;commercial-concreting-gregory-hills;commercial-concreting-narellan;concrete-crossovers-and-laybacks-austral;concrete-crossovers-and-laybacks-currans-hill;concrete-crossovers-and-laybacks-leppington;concrete-crossovers-and-laybacks-oran-park;concrete-crossovers-and-laybacks-spring-farm;concrete-driveway-replacement-currans-hill;concrete-driveway-replacement-harrington-park;concrete-driveway-replacement-mount-annan;concrete-driveway-replacement-narellan;concrete-driveways-austral;concrete-driveways-catherine-field;concrete-driveways-cobbitty;concrete-driveways-edmondson-park;concrete-driveways-leppington;concrete-driveways-oran-park;concrete-driveways-spring-farm;concrete-paths-edmondson-park;concrete-patios-edmondson-park;concrete-patios-elderslie;concrete-patios-gledswood-hills;concrete-slabs-austral;concrete-slabs-bringelly;concrete-slabs-gledswood-hills;concrete-slabs-gregory-hills;concrete-slabs-leppington;decorative-concrete-harrington-park;exposed-aggregate-gledswood-hills;exposed-aggregate-harrington-park;exposed-aggregate-oran-park;shed-and-garage-slabs-catherine-field;shed-and-garage-slabs-oran-park
evidence authorising this exact intersection,35,commercial-concreting-bringelly;commercial-concreting-cobbitty;commercial-concreting-gregory-hills;commercial-concreting-narellan;concrete-crossovers-and-laybacks-austral;concrete-crossovers-and-laybacks-currans-hill;concrete-crossovers-and-laybacks-leppington;concrete-crossovers-and-laybacks-oran-park;concrete-crossovers-and-laybacks-spring-farm;concrete-driveway-replacement-currans-hill;concrete-driveway-replacement-harrington-park;concrete-driveway-replacement-mount-annan;concrete-driveway-replacement-narellan;concrete-driveways-austral;concrete-driveways-catherine-field;concrete-driveways-cobbitty;concrete-driveways-edmondson-park;concrete-driveways-leppington;concrete-driveways-oran-park;concrete-driveways-spring-farm;concrete-paths-edmondson-park;concrete-patios-edmondson-park;concrete-patios-elderslie;concrete-patios-gledswood-hills;concrete-slabs-austral;concrete-slabs-bringelly;concrete-slabs-gledswood-hills;concrete-slabs-gregory-hills;concrete-slabs-leppington;decorative-concrete-harrington-park;exposed-aggregate-gledswood-hills;exposed-aggregate-harrington-park;exposed-aggregate-oran-park;shed-and-garage-slabs-catherine-field;shed-and-garage-slabs-oran-park
authorising this exact intersection is,35,commercial-concreting-bringelly;commercial-concreting-cobbitty;commercial-concreting-gregory-hills;commercial-concreting-narellan;concrete-crossovers-and-laybacks-austral;concrete-crossovers-and-laybacks-currans-hill;concrete-crossovers-and-laybacks-leppington;concrete-crossovers-and-laybacks-oran-park;concrete-crossovers-and-laybacks-spring-farm;concrete-driveway-replacement-currans-hill;concrete-driveway-replacement-harrington-park;concrete-driveway-replacement-mount-annan;concrete-driveway-replacement-narellan;concrete-driveways-austral;concrete-driveways-catherine-field;concrete-driveways-cobbitty;concrete-driveways-edmondson-park;concrete-driveways-leppington;concrete-driveways-oran-park;concrete-driveways-spring-farm;concrete-paths-edmondson-park;concrete-patios-edmondson-park;concrete-patios-elderslie;concrete-patios-gledswood-hills;concrete-slabs-austral;concrete-slabs-bringelly;concrete-slabs-gledswood-hills;concrete-slabs-gregory-hills;concrete-slabs-leppington;decorative-concrete-harrington-park;exposed-aggregate-gledswood-hills;exposed-aggregate-harrington-park;exposed-aggregate-oran-park;shed-and-garage-slabs-catherine-field;shed-and-garage-slabs-oran-park
no fact from an unlisted,35,commercial-concreting-bringelly;commercial-concreting-cobbitty;commercial-concreting-gregory-hills;commercial-concreting-narellan;concrete-crossovers-and-laybacks-austral;concrete-crossovers-and-laybacks-currans-hill;concrete-crossovers-and-laybacks-leppington;concrete-crossovers-and-laybacks-oran-park;concrete-crossovers-and-laybacks-spring-farm;concrete-driveway-replacement-currans-hill;concrete-driveway-replacement-harrington-park;concrete-driveway-replacement-mount-annan;concrete-driveway-replacement-narellan;concrete-driveways-austral;concrete-driveways-catherine-field;concrete-driveways-cobbitty;concrete-driveways-edmondson-park;concrete-driveways-leppington;concrete-driveways-oran-park;concrete-driveways-spring-farm;concrete-paths-edmondson-park;concrete-patios-edmondson-park;concrete-patios-elderslie;concrete-patios-gledswood-hills;concrete-slabs-austral;concrete-slabs-bringelly;concrete-slabs-gledswood-hills;concrete-slabs-gregory-hills;concrete-slabs-leppington;decorative-concrete-harrington-park;exposed-aggregate-gledswood-hills;exposed-aggregate-harrington-park;exposed-aggregate-oran-park;shed-and-garage-slabs-catherine-field;shed-and-garage-slabs-oran-park
fact from an unlisted intersection,35,commercial-concreting-bringelly;commercial-concreting-cobbitty;commercial-concreting-gregory-hills;commercial-concreting-narellan;concrete-crossovers-and-laybacks-austral;concrete-crossovers-and-laybacks-currans-hill;concrete-crossovers-and-laybacks-leppington;concrete-crossovers-and-laybacks-oran-park;concrete-crossovers-and-laybacks-spring-farm;concrete-driveway-replacement-currans-hill;concrete-driveway-replacement-harrington-park;concrete-driveway-replacement-mount-annan;concrete-driveway-replacement-narellan;concrete-driveways-austral;concrete-driveways-catherine-field;concrete-driveways-cobbitty;concrete-driveways-edmondson-park;concrete-driveways-leppington;concrete-driveways-oran-park;concrete-driveways-spring-farm;concrete-paths-edmondson-park;concrete-patios-edmondson-park;concrete-patios-elderslie;concrete-patios-gledswood-hills;concrete-slabs-austral;concrete-slabs-bringelly;concrete-slabs-gledswood-hills;concrete-slabs-gregory-hills;concrete-slabs-leppington;decorative-concrete-harrington-park;exposed-aggregate-gledswood-hills;exposed-aggregate-harrington-park;exposed-aggregate-oran-park;shed-and-garage-slabs-catherine-field;shed-and-garage-slabs-oran-park
from an unlisted intersection is,35,commercial-concreting-bringelly;commercial-concreting-cobbitty;commercial-concreting-gregory-hills;commercial-concreting-narellan;concrete-crossovers-and-laybacks-austral;concrete-crossovers-and-laybacks-currans-hill;concrete-crossovers-and-laybacks-leppington;concrete-crossovers-and-laybacks-oran-park;concrete-crossovers-and-laybacks-spring-farm;concrete-driveway-replacement-currans-hill;concrete-driveway-replacement-harrington-park;concrete-driveway-replacement-mount-annan;concrete-driveway-replacement-narellan;concrete-driveways-austral;concrete-driveways-catherine-field;concrete-driveways-cobbitty;concrete-driveways-edmondson-park;concrete-driveways-leppington;concrete-driveways-oran-park;concrete-driveways-spring-farm;concrete-paths-edmondson-park;concrete-patios-edmondson-park;concrete-patios-elderslie;concrete-patios-gledswood-hills;concrete-slabs-austral;concrete-slabs-bringelly;concrete-slabs-gledswood-hills;concrete-slabs-gregory-hills;concrete-slabs-leppington;decorative-concrete-harrington-park;exposed-aggregate-gledswood-hills;exposed-aggregate-harrington-park;exposed-aggregate-oran-park;shed-and-garage-slabs-catherine-field;shed-and-garage-slabs-oran-park
an unlisted intersection is substituted,35,commercial-concreting-bringelly;commercial-concreting-cobbitty;commercial-concreting-gregory-hills;commercial-concreting-narellan;concrete-crossovers-and-laybacks-austral;concrete-crossovers-and-laybacks-currans-hill;concrete-crossovers-and-laybacks-leppington;concrete-crossovers-and-laybacks-oran-park;concrete-crossovers-and-laybacks-spring-farm;concrete-driveway-replacement-currans-hill;concrete-driveway-replacement-harrington-park;concrete-driveway-replacement-mount-annan;concrete-driveway-replacement-narellan;concrete-driveways-austral;concrete-driveways-catherine-field;concrete-driveways-cobbitty;concrete-driveways-edmondson-park;concrete-driveways-leppington;concrete-driveways-oran-park;concrete-driveways-spring-farm;concrete-paths-edmondson-park;concrete-patios-edmondson-park;concrete-patios-elderslie;concrete-patios-gledswood-hills;concrete-slabs-austral;concrete-slabs-bringelly;concrete-slabs-gledswood-hills;concrete-slabs-gregory-hills;concrete-slabs-leppington;decorative-concrete-harrington-park;exposed-aggregate-gledswood-hills;exposed-aggregate-harrington-park;exposed-aggregate-oran-park;shed-and-garage-slabs-catherine-field;shed-and-garage-slabs-oran-park
scope keeps it open related,35,commercial-concreting-bringelly;commercial-concreting-cobbitty;commercial-concreting-gregory-hills;commercial-concreting-narellan;concrete-crossovers-and-laybacks-austral;concrete-crossovers-and-laybacks-currans-hill;concrete-crossovers-and-laybacks-leppington;concrete-crossovers-and-laybacks-oran-park;concrete-crossovers-and-laybacks-spring-farm;concrete-driveway-replacement-currans-hill;concrete-driveway-replacement-harrington-park;concrete-driveway-replacement-mount-annan;concrete-driveway-replacement-narellan;concrete-driveways-austral;concrete-driveways-catherine-field;concrete-driveways-cobbitty;concrete-driveways-edmondson-park;concrete-driveways-leppington;concrete-driveways-oran-park;concrete-driveways-spring-farm;concrete-paths-edmondson-park;concrete-patios-edmondson-park;concrete-patios-elderslie;concrete-patios-gledswood-hills;concrete-slabs-austral;concrete-slabs-bringelly;concrete-slabs-gledswood-hills;concrete-slabs-gregory-hills;concrete-slabs-leppington;decorative-concrete-harrington-park;exposed-aggregate-gledswood-hills;exposed-aggregate-harrington-park;exposed-aggregate-oran-park;shed-and-garage-slabs-catherine-field;shed-and-garage-slabs-oran-park
south west sydney and concreting,35,commercial-concreting-bringelly;commercial-concreting-cobbitty;commercial-concreting-gregory-hills;commercial-concreting-narellan;concrete-crossovers-and-laybacks-austral;concrete-crossovers-and-laybacks-currans-hill;concrete-crossovers-and-laybacks-leppington;concrete-crossovers-and-laybacks-oran-park;concrete-crossovers-and-laybacks-spring-farm;concrete-driveway-replacement-currans-hill;concrete-driveway-replacement-harrington-park;concrete-driveway-replacement-mount-annan;concrete-driveway-replacement-narellan;concrete-driveways-austral;concrete-driveways-catherine-field;concrete-driveways-cobbitty;concrete-driveways-edmondson-park;concrete-driveways-leppington;concrete-driveways-oran-park;concrete-driveways-spring-farm;concrete-paths-edmondson-park;concrete-patios-edmondson-park;concrete-patios-elderslie;concrete-patios-gledswood-hills;concrete-slabs-austral;concrete-slabs-bringelly;concrete-slabs-gledswood-hills;concrete-slabs-gregory-hills;concrete-slabs-leppington;decorative-concrete-harrington-park;exposed-aggregate-gledswood-hills;exposed-aggregate-harrington-park;exposed-aggregate-oran-park;shed-and-garage-slabs-catherine-field;shed-and-garage-slabs-oran-park
west sydney and concreting in,35,commercial-concreting-bringelly;commercial-concreting-cobbitty;commercial-concreting-gregory-hills;commercial-concreting-narellan;concrete-crossovers-and-laybacks-austral;concrete-crossovers-and-laybacks-currans-hill;concrete-crossovers-and-laybacks-leppington;concrete-crossovers-and-laybacks-oran-park;concrete-crossovers-and-laybacks-spring-farm;concrete-driveway-replacement-currans-hill;concrete-driveway-replacement-harrington-park;concrete-driveway-replacement-mount-annan;concrete-driveway-replacement-narellan;concrete-driveways-austral;concrete-driveways-catherine-field;concrete-driveways-cobbitty;concrete-driveways-edmondson-park;concrete-driveways-leppington;concrete-driveways-oran-park;concrete-driveways-spring-farm;concrete-paths-edmondson-park;concrete-patios-edmondson-park;concrete-patios-elderslie;concrete-patios-gledswood-hills;concrete-slabs-austral;concrete-slabs-bringelly;concrete-slabs-gledswood-hills;concrete-slabs-gregory-hills;concrete-slabs-leppington;decorative-concrete-harrington-park;exposed-aggregate-gledswood-hills;exposed-aggregate-harrington-park;exposed-aggregate-oran-park;shed-and-garage-slabs-catherine-field;shed-and-garage-slabs-oran-park
keeps it open placeholder real,35,commercial-concreting-bringelly;commercial-concreting-cobbitty;commercial-concreting-gregory-hills;commercial-concreting-narellan;concrete-crossovers-and-laybacks-austral;concrete-crossovers-and-laybacks-currans-hill;concrete-crossovers-and-laybacks-leppington;concrete-crossovers-and-laybacks-oran-park;concrete-crossovers-and-laybacks-spring-farm;concrete-driveway-replacement-currans-hill;concrete-driveway-replacement-harrington-park;concrete-driveway-replacement-mount-annan;concrete-driveway-replacement-narellan;concrete-driveways-austral;concrete-driveways-catherine-field;concrete-driveways-cobbitty;concrete-driveways-edmondson-park;concrete-driveways-leppington;concrete-driveways-oran-park;concrete-driveways-spring-farm;concrete-paths-edmondson-park;concrete-patios-edmondson-park;concrete-patios-elderslie;concrete-patios-gledswood-hills;concrete-slabs-austral;concrete-slabs-bringelly;concrete-slabs-gledswood-hills;concrete-slabs-gregory-hills;concrete-slabs-leppington;decorative-concrete-harrington-park;exposed-aggregate-gledswood-hills;exposed-aggregate-harrington-park;exposed-aggregate-oran-park;shed-and-garage-slabs-catherine-field;shed-and-garage-slabs-oran-park
it open placeholder real corex,35,commercial-concreting-bringelly;commercial-concreting-cobbitty;commercial-concreting-gregory-hills;commercial-concreting-narellan;concrete-crossovers-and-laybacks-austral;concrete-crossovers-and-laybacks-currans-hill;concrete-crossovers-and-laybacks-leppington;concrete-crossovers-and-laybacks-oran-park;concrete-crossovers-and-laybacks-spring-farm;concrete-driveway-replacement-currans-hill;concrete-driveway-replacement-harrington-park;concrete-driveway-replacement-mount-annan;concrete-driveway-replacement-narellan;concrete-driveways-austral;concrete-driveways-catherine-field;concrete-driveways-cobbitty;concrete-driveways-edmondson-park;concrete-driveways-leppington;concrete-driveways-oran-park;concrete-driveways-spring-farm;concrete-paths-edmondson-park;concrete-patios-edmondson-park;concrete-patios-elderslie;concrete-patios-gledswood-hills;concrete-slabs-austral;concrete-slabs-bringelly;concrete-slabs-gledswood-hills;concrete-slabs-gregory-hills;concrete-slabs-leppington;decorative-concrete-harrington-park;exposed-aggregate-gledswood-hills;exposed-aggregate-harrington-park;exposed-aggregate-oran-park;shed-and-garage-slabs-catherine-field;shed-and-garage-slabs-oran-park
open placeholder real corex quoted,35,commercial-concreting-bringelly;commercial-concreting-cobbitty;commercial-concreting-gregory-hills;commercial-concreting-narellan;concrete-crossovers-and-laybacks-austral;concrete-crossovers-and-laybacks-currans-hill;concrete-crossovers-and-laybacks-leppington;concrete-crossovers-and-laybacks-oran-park;concrete-crossovers-and-laybacks-spring-farm;concrete-driveway-replacement-currans-hill;concrete-driveway-replacement-harrington-park;concrete-driveway-replacement-mount-annan;concrete-driveway-replacement-narellan;concrete-driveways-austral;concrete-driveways-catherine-field;concrete-driveways-cobbitty;concrete-driveways-edmondson-park;concrete-driveways-leppington;concrete-driveways-oran-park;concrete-driveways-spring-farm;concrete-paths-edmondson-park;concrete-patios-edmondson-park;concrete-patios-elderslie;concrete-patios-gledswood-hills;concrete-slabs-austral;concrete-slabs-bringelly;concrete-slabs-gledswood-hills;concrete-slabs-gregory-hills;concrete-slabs-leppington;decorative-concrete-harrington-park;exposed-aggregate-gledswood-hills;exposed-aggregate-harrington-park;exposed-aggregate-oran-park;shed-and-garage-slabs-catherine-field;shed-and-garage-slabs-oran-park
placeholder real corex quoted range,35,commercial-concreting-bringelly;commercial-concreting-cobbitty;commercial-concreting-gregory-hills;commercial-concreting-narellan;concrete-crossovers-and-laybacks-austral;concrete-crossovers-and-laybacks-currans-hill;concrete-crossovers-and-laybacks-leppington;concrete-crossovers-and-laybacks-oran-park;concrete-crossovers-and-laybacks-spring-farm;concrete-driveway-replacement-currans-hill;concrete-driveway-replacement-harrington-park;concrete-driveway-replacement-mount-annan;concrete-driveway-replacement-narellan;concrete-driveways-austral;concrete-driveways-catherine-field;concrete-driveways-cobbitty;concrete-driveways-edmondson-park;concrete-driveways-leppington;concrete-driveways-oran-park;concrete-driveways-spring-farm;concrete-paths-edmondson-park;concrete-patios-edmondson-park;concrete-patios-elderslie;concrete-patios-gledswood-hills;concrete-slabs-austral;concrete-slabs-bringelly;concrete-slabs-gledswood-hills;concrete-slabs-gregory-hills;concrete-slabs-leppington;decorative-concrete-harrington-park;exposed-aggregate-gledswood-hills;exposed-aggregate-harrington-park;exposed-aggregate-oran-park;shed-and-garage-slabs-catherine-field;shed-and-garage-slabs-oran-park
real corex quoted range for,35,commercial-concreting-bringelly;commercial-concreting-cobbitty;commercial-concreting-gregory-hills;commercial-concreting-narellan;concrete-crossovers-and-laybacks-austral;concrete-crossovers-and-laybacks-currans-hill;concrete-crossovers-and-laybacks-leppington;concrete-crossovers-and-laybacks-oran-park;concrete-crossovers-and-laybacks-spring-farm;concrete-driveway-replacement-currans-hill;concrete-driveway-replacement-harrington-park;concrete-driveway-replacement-mount-annan;concrete-driveway-replacement-narellan;concrete-driveways-austral;concrete-driveways-catherine-field;concrete-driveways-cobbitty;concrete-driveways-edmondson-park;concrete-driveways-leppington;concrete-driveways-oran-park;concrete-driveways-spring-farm;concrete-paths-edmondson-park;concrete-patios-edmondson-park;concrete-patios-elderslie;concrete-patios-gledswood-hills;concrete-slabs-austral;concrete-slabs-bringelly;concrete-slabs-gledswood-hills;concrete-slabs-gregory-hills;concrete-slabs-leppington;decorative-concrete-harrington-park;exposed-aggregate-gledswood-hills;exposed-aggregate-harrington-park;exposed-aggregate-oran-park;shed-and-garage-slabs-catherine-field;shed-and-garage-slabs-oran-park
and the site inputs behind,35,commercial-concreting-bringelly;commercial-concreting-cobbitty;commercial-concreting-gregory-hills;commercial-concreting-narellan;concrete-crossovers-and-laybacks-austral;concrete-crossovers-and-laybacks-currans-hill;concrete-crossovers-and-laybacks-leppington;concrete-crossovers-and-laybacks-oran-park;concrete-crossovers-and-laybacks-spring-farm;concrete-driveway-replacement-currans-hill;concrete-driveway-replacement-harrington-park;concrete-driveway-replacement-mount-annan;concrete-driveway-replacement-narellan;concrete-driveways-austral;concrete-driveways-catherine-field;concrete-driveways-cobbitty;concrete-driveways-edmondson-park;concrete-driveways-leppington;concrete-driveways-oran-park;concrete-driveways-spring-farm;concrete-paths-edmondson-park;concrete-patios-edmondson-park;concrete-patios-elderslie;concrete-patios-gledswood-hills;concrete-slabs-austral;concrete-slabs-bringelly;concrete-slabs-gledswood-hills;concrete-slabs-gregory-hills;concrete-slabs-leppington;decorative-concrete-harrington-park;exposed-aggregate-gledswood-hills;exposed-aggregate-harrington-park;exposed-aggregate-oran-park;shed-and-garage-slabs-catherine-field;shed-and-garage-slabs-oran-park
the site inputs behind it,35,commercial-concreting-bringelly;commercial-concreting-cobbitty;commercial-concreting-gregory-hills;commercial-concreting-narellan;concrete-crossovers-and-laybacks-austral;concrete-crossovers-and-laybacks-currans-hill;concrete-crossovers-and-laybacks-leppington;concrete-crossovers-and-laybacks-oran-park;concrete-crossovers-and-laybacks-spring-farm;concrete-driveway-replacement-currans-hill;concrete-driveway-replacement-harrington-park;concrete-driveway-replacement-mount-annan;concrete-driveway-replacement-narellan;concrete-driveways-austral;concrete-driveways-catherine-field;concrete-driveways-cobbitty;concrete-driveways-edmondson-park;concrete-driveways-leppington;concrete-driveways-oran-park;concrete-driveways-spring-farm;concrete-paths-edmondson-park;concrete-patios-edmondson-park;concrete-patios-elderslie;concrete-patios-gledswood-hills;concrete-slabs-austral;concrete-slabs-bringelly;concrete-slabs-gledswood-hills;concrete-slabs-gregory-hills;concrete-slabs-leppington;decorative-concrete-harrington-park;exposed-aggregate-gledswood-hills;exposed-aggregate-harrington-park;exposed-aggregate-oran-park;shed-and-garage-slabs-catherine-field;shed-and-garage-slabs-oran-park
open related sources for concrete,34,concrete-crack-types-and-which-matter;concrete-crossovers-and-laybacks-austral;concrete-crossovers-and-laybacks-currans-hill;concrete-crossovers-and-laybacks-leppington;concrete-crossovers-and-laybacks-oran-park;concrete-crossovers-and-laybacks-spring-farm;concrete-driveway-cost-nsw;concrete-driveway-replacement-currans-hill;concrete-driveway-replacement-harrington-park;concrete-driveway-replacement-mount-annan;concrete-driveway-replacement-narellan;concrete-driveways-austral;concrete-driveways-catherine-field;concrete-driveways-cobbitty;concrete-driveways-edmondson-park;concrete-driveways-leppington;concrete-driveways-oran-park;concrete-driveways-spring-farm;concrete-efflorescence;concrete-paths-edmondson-park;concrete-patios-edmondson-park;concrete-patios-elderslie;concrete-patios-gledswood-hills;concrete-repair-vs-replace;concrete-slab-cost-per-m2;concrete-slabs-austral;concrete-slabs-bringelly;concrete-slabs-gledswood-hills;concrete-slabs-gregory-hills;concrete-slabs-leppington;concrete-strength-grades-explained;concrete-vs-asphalt;concrete-vs-pavers;concrete-vs-pavers-vs-asphalt
keeps it open questions about,32,commercial-concreting-bringelly;commercial-concreting-cobbitty;commercial-concreting-gregory-hills;commercial-concreting-narellan;concrete-driveway-cost-nsw;concrete-driveway-replacement-currans-hill;concrete-driveway-replacement-harrington-park;concrete-driveway-replacement-mount-annan;concrete-driveway-replacement-narellan;concrete-driveway-replacement-south-west-sydney;concrete-driveways-austral;concrete-driveways-catherine-field;concrete-driveways-cobbitty;concrete-driveways-edmondson-park;concrete-driveways-leppington;concrete-driveways-oran-park;concrete-driveways-south-west-sydney;concrete-driveways-spring-farm;concrete-paths-edmondson-park;concrete-patios-edmondson-park;concrete-patios-elderslie;concrete-patios-gledswood-hills;concrete-slabs-austral;concrete-slabs-bringelly;concrete-slabs-gledswood-hills;concrete-slabs-gregory-hills;concrete-slabs-leppington;exposed-aggregate-gledswood-hills;exposed-aggregate-harrington-park;exposed-aggregate-oran-park;shed-and-garage-slabs-catherine-field;shed-and-garage-slabs-oran-park
scope keeps it open questions,31,commercial-concreting-bringelly;commercial-concreting-cobbitty;commercial-concreting-gregory-hills;commercial-concreting-narellan;concrete-driveway-replacement-currans-hill;concrete-driveway-replacement-harrington-park;concrete-driveway-replacement-mount-annan;concrete-driveway-replacement-narellan;concrete-driveway-replacement-south-west-sydney;concrete-driveways-austral;concrete-driveways-catherine-field;concrete-driveways-cobbitty;concrete-driveways-edmondson-park;concrete-driveways-leppington;concrete-driveways-oran-park;concrete-driveways-south-west-sydney;concrete-driveways-spring-farm;concrete-paths-edmondson-park;concrete-patios-edmondson-park;concrete-patios-elderslie;concrete-patios-gledswood-hills;concrete-slabs-austral;concrete-slabs-bringelly;concrete-slabs-gledswood-hills;concrete-slabs-gregory-hills;concrete-slabs-leppington;exposed-aggregate-gledswood-hills;exposed-aggregate-harrington-park;exposed-aggregate-oran-park;shed-and-garage-slabs-catherine-field;shed-and-garage-slabs-oran-park
into a project specification get,30,broom-finish-concrete;coloured-concrete-explained;commercial-hardstand-cost;concrete-crack-types-and-which-matter;concrete-efflorescence;concrete-repair-vs-replace;concrete-slab-cost-per-m2;concrete-strength-grades-explained;concrete-vs-pavers-vs-asphalt;control-joints-and-saw-cut-timing;curing-concrete-in-summer-vs-winter;do-i-need-council-approval-driveway-nsw;driveway-crossover-cost-nsw;engineered-fill-and-why-new-estate-slabs-crack;exposed-aggregate-cost;exposed-aggregate-vs-stencil;honed-and-polished-concrete;how-long-before-you-can-drive-on-concrete;non-slip-finishes-for-pools-and-slopes;reactive-clay-slabs-as2870;removing-oil-stains-and-tyre-marks-from-concrete;salinity-and-concrete-western-sydney;sealing-and-resealing-concrete;shed-slab-cost;site-classification-explained;sl72-vs-sl82-reinforcement;slab-thickness-for-driveways-vs-sheds;stencilled-vs-stamped-concrete-cost;what-actually-moves-a-concrete-quote;why-concrete-cracks
a project specification get your,30,broom-finish-concrete;coloured-concrete-explained;commercial-hardstand-cost;concrete-crack-types-and-which-matter;concrete-efflorescence;concrete-repair-vs-replace;concrete-slab-cost-per-m2;concrete-strength-grades-explained;concrete-vs-pavers-vs-asphalt;control-joints-and-saw-cut-timing;curing-concrete-in-summer-vs-winter;do-i-need-council-approval-driveway-nsw;driveway-crossover-cost-nsw;engineered-fill-and-why-new-estate-slabs-crack;exposed-aggregate-cost;exposed-aggregate-vs-stencil;honed-and-polished-concrete;how-long-before-you-can-drive-on-concrete;non-slip-finishes-for-pools-and-slopes;reactive-clay-slabs-as2870;removing-oil-stains-and-tyre-marks-from-concrete;salinity-and-concrete-western-sydney;sealing-and-resealing-concrete;shed-slab-cost;site-classification-explained;sl72-vs-sl82-reinforcement;slab-thickness-for-driveways-vs-sheds;stencilled-vs-stamped-concrete-cost;what-actually-moves-a-concrete-quote;why-concrete-cracks
project specification get your free,30,broom-finish-concrete;coloured-concrete-explained;commercial-hardstand-cost;concrete-crack-types-and-which-matter;concrete-efflorescence;concrete-repair-vs-replace;concrete-slab-cost-per-m2;concrete-strength-grades-explained;concrete-vs-pavers-vs-asphalt;control-joints-and-saw-cut-timing;curing-concrete-in-summer-vs-winter;do-i-need-council-approval-driveway-nsw;driveway-crossover-cost-nsw;engineered-fill-and-why-new-estate-slabs-crack;exposed-aggregate-cost;exposed-aggregate-vs-stencil;honed-and-polished-concrete;how-long-before-you-can-drive-on-concrete;non-slip-finishes-for-pools-and-slopes;reactive-clay-slabs-as2870;removing-oil-stains-and-tyre-marks-from-concrete;salinity-and-concrete-western-sydney;sealing-and-resealing-concrete;shed-slab-cost;site-classification-explained;sl72-vs-sl82-reinforcement;slab-thickness-for-driveways-vs-sheds;stencilled-vs-stamped-concrete-cost;what-actually-moves-a-concrete-quote;why-concrete-cracks
specification get your free quote,30,broom-finish-concrete;coloured-concrete-explained;commercial-hardstand-cost;concrete-crack-types-and-which-matter;concrete-efflorescence;concrete-repair-vs-replace;concrete-slab-cost-per-m2;concrete-strength-grades-explained;concrete-vs-pavers-vs-asphalt;control-joints-and-saw-cut-timing;curing-concrete-in-summer-vs-winter;do-i-need-council-approval-driveway-nsw;driveway-crossover-cost-nsw;engineered-fill-and-why-new-estate-slabs-crack;exposed-aggregate-cost;exposed-aggregate-vs-stencil;honed-and-polished-concrete;how-long-before-you-can-drive-on-concrete;non-slip-finishes-for-pools-and-slopes;reactive-clay-slabs-as2870;removing-oil-stains-and-tyre-marks-from-concrete;salinity-and-concrete-western-sydney;sealing-and-resealing-concrete;shed-slab-cost;site-classification-explained;sl72-vs-sl82-reinforcement;slab-thickness-for-driveways-vs-sheds;stencilled-vs-stamped-concrete-cost;what-actually-moves-a-concrete-quote;why-concrete-cracks
the camden concreters homepage get,30,broom-finish-concrete;coloured-concrete-explained;commercial-hardstand-cost;concrete-crack-types-and-which-matter;concrete-efflorescence;concrete-repair-vs-replace;concrete-slab-cost-per-m2;concrete-strength-grades-explained;concrete-vs-pavers-vs-asphalt;control-joints-and-saw-cut-timing;curing-concrete-in-summer-vs-winter;do-i-need-council-approval-driveway-nsw;driveway-crossover-cost-nsw;engineered-fill-and-why-new-estate-slabs-crack;exposed-aggregate-cost;exposed-aggregate-vs-stencil;honed-and-polished-concrete;how-long-before-you-can-drive-on-concrete;non-slip-finishes-for-pools-and-slopes;reactive-clay-slabs-as2870;removing-oil-stains-and-tyre-marks-from-concrete;salinity-and-concrete-western-sydney;sealing-and-resealing-concrete;shed-slab-cost;site-classification-explained;sl72-vs-sl82-reinforcement;slab-thickness-for-driveways-vs-sheds;stencilled-vs-stamped-concrete-cost;what-actually-moves-a-concrete-quote;why-concrete-cracks
camden concreters homepage get your,30,broom-finish-concrete;coloured-concrete-explained;commercial-hardstand-cost;concrete-crack-types-and-which-matter;concrete-efflorescence;concrete-repair-vs-replace;concrete-slab-cost-per-m2;concrete-strength-grades-explained;concrete-vs-pavers-vs-asphalt;control-joints-and-saw-cut-timing;curing-concrete-in-summer-vs-winter;do-i-need-council-approval-driveway-nsw;driveway-crossover-cost-nsw;engineered-fill-and-why-new-estate-slabs-crack;exposed-aggregate-cost;exposed-aggregate-vs-stencil;honed-and-polished-concrete;how-long-before-you-can-drive-on-concrete;non-slip-finishes-for-pools-and-slopes;reactive-clay-slabs-as2870;removing-oil-stains-and-tyre-marks-from-concrete;salinity-and-concrete-western-sydney;sealing-and-resealing-concrete;shed-slab-cost;site-classification-explained;sl72-vs-sl82-reinforcement;slab-thickness-for-driveways-vs-sheds;stencilled-vs-stamped-concrete-cost;what-actually-moves-a-concrete-quote;why-concrete-cracks
concreters homepage get your free,30,broom-finish-concrete;coloured-concrete-explained;commercial-hardstand-cost;concrete-crack-types-and-which-matter;concrete-efflorescence;concrete-repair-vs-replace;concrete-slab-cost-per-m2;concrete-strength-grades-explained;concrete-vs-pavers-vs-asphalt;control-joints-and-saw-cut-timing;curing-concrete-in-summer-vs-winter;do-i-need-council-approval-driveway-nsw;driveway-crossover-cost-nsw;engineered-fill-and-why-new-estate-slabs-crack;exposed-aggregate-cost;exposed-aggregate-vs-stencil;honed-and-polished-concrete;how-long-before-you-can-drive-on-concrete;non-slip-finishes-for-pools-and-slopes;reactive-clay-slabs-as2870;removing-oil-stains-and-tyre-marks-from-concrete;salinity-and-concrete-western-sydney;sealing-and-resealing-concrete;shed-slab-cost;site-classification-explained;sl72-vs-sl82-reinforcement;slab-thickness-for-driveways-vs-sheds;stencilled-vs-stamped-concrete-cost;what-actually-moves-a-concrete-quote;why-concrete-cracks
homepage get your free quote,30,broom-finish-concrete;coloured-concrete-explained;commercial-hardstand-cost;concrete-crack-types-and-which-matter;concrete-efflorescence;concrete-repair-vs-replace;concrete-slab-cost-per-m2;concrete-strength-grades-explained;concrete-vs-pavers-vs-asphalt;control-joints-and-saw-cut-timing;curing-concrete-in-summer-vs-winter;do-i-need-council-approval-driveway-nsw;driveway-crossover-cost-nsw;engineered-fill-and-why-new-estate-slabs-crack;exposed-aggregate-cost;exposed-aggregate-vs-stencil;honed-and-polished-concrete;how-long-before-you-can-drive-on-concrete;non-slip-finishes-for-pools-and-slopes;reactive-clay-slabs-as2870;removing-oil-stains-and-tyre-marks-from-concrete;salinity-and-concrete-western-sydney;sealing-and-resealing-concrete;shed-slab-cost;site-classification-explained;sl72-vs-sl82-reinforcement;slab-thickness-for-driveways-vs-sheds;stencilled-vs-stamped-concrete-cost;what-actually-moves-a-concrete-quote;why-concrete-cracks
city council verified local ground,28,concreters-bradbury;concreters-campbelltown;concreters-carnes-hill;concreters-casula;concreters-cecil-hills;concreters-cecil-park;concreters-chipping-norton;concreters-eagle-vale;concreters-elizabeth-hills;concreters-gilead;concreters-glen-alpine;concreters-glenfield;concreters-horningsea-park;concreters-hoxton-park;concreters-ingleburn;concreters-kemps-creek;concreters-len-waters-estate;concreters-leumeah;concreters-macquarie-fields;concreters-menangle-park;concreters-middleton-grange;concreters-minto;concreters-moorebank;concreters-prestons;concreters-raby;concreters-rossmore;concreters-wattle-grove;concreters-west-hoxton
keeps it open the verified,26,commercial-concreting-bringelly;commercial-concreting-cobbitty;commercial-concreting-gregory-hills;commercial-concreting-narellan;concrete-driveway-replacement-currans-hill;concrete-driveway-replacement-harrington-park;concrete-driveway-replacement-mount-annan;concrete-driveway-replacement-narellan;concrete-driveways-austral;concrete-driveways-catherine-field;concrete-driveways-cobbitty;concrete-driveways-edmondson-park;concrete-driveways-leppington;concrete-driveways-oran-park;concrete-driveways-spring-farm;concrete-paths-edmondson-park;concrete-patios-edmondson-park;concrete-patios-elderslie;concrete-patios-gledswood-hills;concrete-slabs-austral;concrete-slabs-bringelly;concrete-slabs-gledswood-hills;concrete-slabs-gregory-hills;concrete-slabs-leppington;shed-and-garage-slabs-catherine-field;shed-and-garage-slabs-oran-park
that differentiator controls the concrete,25,concrete-crossovers-and-laybacks-austral;concrete-crossovers-and-laybacks-currans-hill;concrete-crossovers-and-laybacks-leppington;concrete-crossovers-and-laybacks-oran-park;concrete-crossovers-and-laybacks-spring-farm;concrete-driveway-replacement-currans-hill;concrete-driveway-replacement-harrington-park;concrete-driveway-replacement-mount-annan;concrete-driveway-replacement-narellan;concrete-driveways-austral;concrete-driveways-catherine-field;concrete-driveways-cobbitty;concrete-driveways-edmondson-park;concrete-driveways-leppington;concrete-driveways-oran-park;concrete-driveways-spring-farm;concrete-paths-edmondson-park;concrete-patios-edmondson-park;concrete-patios-elderslie;concrete-patios-gledswood-hills;concrete-slabs-austral;concrete-slabs-bringelly;concrete-slabs-gledswood-hills;concrete-slabs-gregory-hills;concrete-slabs-leppington
corex quoted range for concrete,25,concrete-crossovers-and-laybacks-austral;concrete-crossovers-and-laybacks-currans-hill;concrete-crossovers-and-laybacks-leppington;concrete-crossovers-and-laybacks-oran-park;concrete-crossovers-and-laybacks-spring-farm;concrete-driveway-replacement-currans-hill;concrete-driveway-replacement-harrington-park;concrete-driveway-replacement-mount-annan;concrete-driveway-replacement-narellan;concrete-driveways-austral;concrete-driveways-catherine-field;concrete-driveways-cobbitty;concrete-driveways-edmondson-park;concrete-driveways-leppington;concrete-driveways-oran-park;concrete-driveways-spring-farm;concrete-paths-edmondson-park;concrete-patios-edmondson-park;concrete-patios-elderslie;concrete-patios-gledswood-hills;concrete-slabs-austral;concrete-slabs-bringelly;concrete-slabs-gledswood-hills;concrete-slabs-gregory-hills;concrete-slabs-leppington
scope keeps it open why,25,commercial-concreting-bringelly;commercial-concreting-cobbitty;commercial-concreting-gregory-hills;commercial-concreting-narellan;concrete-driveway-replacement-currans-hill;concrete-driveway-replacement-harrington-park;concrete-driveway-replacement-mount-annan;concrete-driveway-replacement-narellan;concrete-driveways-austral;concrete-driveways-catherine-field;concrete-driveways-cobbitty;concrete-driveways-edmondson-park;concrete-driveways-leppington;concrete-driveways-oran-park;concrete-driveways-spring-farm;concrete-slabs-austral;concrete-slabs-bringelly;concrete-slabs-gledswood-hills;concrete-slabs-gregory-hills;concrete-slabs-leppington;exposed-aggregate-gledswood-hills;exposed-aggregate-harrington-park;exposed-aggregate-oran-park;shed-and-garage-slabs-catherine-field;shed-and-garage-slabs-oran-park
council specification is reproduced without,24,commercial-concreting-south-west-sydney;concrete-crossovers-and-laybacks-south-west-sydney;concrete-driveway-replacement-south-west-sydney;concrete-driveways-south-west-sydney;concrete-paths-south-west-sydney;concrete-patios-south-west-sydney;concrete-slabs-south-west-sydney;concreters-austral;concreters-bringelly;concreters-catherine-field;concreters-cobbitty;concreters-currans-hill;concreters-edmondson-park;concreters-elderslie;concreters-gledswood-hills;concreters-gregory-hills;concreters-harrington-park;concreters-leppington;concreters-mount-annan;concreters-narellan;concreters-spring-farm;decorative-concrete-south-west-sydney;exposed-aggregate-south-west-sydney;shed-and-garage-slabs-south-west-sydney
specification is reproduced without alteration,24,commercial-concreting-south-west-sydney;concrete-crossovers-and-laybacks-south-west-sydney;concrete-driveway-replacement-south-west-sydney;concrete-driveways-south-west-sydney;concrete-paths-south-west-sydney;concrete-patios-south-west-sydney;concrete-slabs-south-west-sydney;concreters-austral;concreters-bringelly;concreters-catherine-field;concreters-cobbitty;concreters-currans-hill;concreters-edmondson-park;concreters-elderslie;concreters-gledswood-hills;concreters-gregory-hills;concreters-harrington-park;concreters-leppington;concreters-mount-annan;concreters-narellan;concreters-spring-farm;decorative-concrete-south-west-sydney;exposed-aggregate-south-west-sydney;shed-and-garage-slabs-south-west-sydney
placeholder verified corex abn placeholder,24,about;camden-council-driveway-crossing;coloured-concrete-driveway-cost;concrete-crossovers-and-laybacks-austral;concrete-crossovers-and-laybacks-currans-hill;concrete-crossovers-and-laybacks-leppington;concrete-crossovers-and-laybacks-oran-park;concrete-crossovers-and-laybacks-south-west-sydney;concrete-crossovers-and-laybacks-spring-farm;concrete-driveway-cost-nsw;concrete-paths-edmondson-park;concrete-paths-south-west-sydney;concrete-patios-edmondson-park;concrete-patios-elderslie;concrete-patios-gledswood-hills;concrete-patios-south-west-sydney;contact;driveway-cost-calculator;exposed-aggregate-driveway-cost;gallery;plain-concrete-driveway-cost;quote;slab-volume-calculator;stencilled-concrete-driveway-cost
verified corex abn placeholder verified,24,about;camden-council-driveway-crossing;coloured-concrete-driveway-cost;concrete-crossovers-and-laybacks-austral;concrete-crossovers-and-laybacks-currans-hill;concrete-crossovers-and-laybacks-leppington;concrete-crossovers-and-laybacks-oran-park;concrete-crossovers-and-laybacks-south-west-sydney;concrete-crossovers-and-laybacks-spring-farm;concrete-driveway-cost-nsw;concrete-paths-edmondson-park;concrete-paths-south-west-sydney;concrete-patios-edmondson-park;concrete-patios-elderslie;concrete-patios-gledswood-hills;concrete-patios-south-west-sydney;contact;driveway-cost-calculator;exposed-aggregate-driveway-cost;gallery;plain-concrete-driveway-cost;quote;slab-volume-calculator;stencilled-concrete-driveway-cost
corex abn placeholder verified corex,24,about;camden-council-driveway-crossing;coloured-concrete-driveway-cost;concrete-crossovers-and-laybacks-austral;concrete-crossovers-and-laybacks-currans-hill;concrete-crossovers-and-laybacks-leppington;concrete-crossovers-and-laybacks-oran-park;concrete-crossovers-and-laybacks-south-west-sydney;concrete-crossovers-and-laybacks-spring-farm;concrete-driveway-cost-nsw;concrete-paths-edmondson-park;concrete-paths-south-west-sydney;concrete-patios-edmondson-park;concrete-patios-elderslie;concrete-patios-gledswood-hills;concrete-patios-south-west-sydney;contact;driveway-cost-calculator;exposed-aggregate-driveway-cost;gallery;plain-concrete-driveway-cost;quote;slab-volume-calculator;stencilled-concrete-driveway-cost
abn placeholder verified corex business,24,about;camden-council-driveway-crossing;coloured-concrete-driveway-cost;concrete-crossovers-and-laybacks-austral;concrete-crossovers-and-laybacks-currans-hill;concrete-crossovers-and-laybacks-leppington;concrete-crossovers-and-laybacks-oran-park;concrete-crossovers-and-laybacks-south-west-sydney;concrete-crossovers-and-laybacks-spring-farm;concrete-driveway-cost-nsw;concrete-paths-edmondson-park;concrete-paths-south-west-sydney;concrete-patios-edmondson-park;concrete-patios-elderslie;concrete-patios-gledswood-hills;concrete-patios-south-west-sydney;contact;driveway-cost-calculator;exposed-aggregate-driveway-cost;gallery;plain-concrete-driveway-cost;quote;slab-volume-calculator;stencilled-concrete-driveway-cost
placeholder verified corex business address,24,about;camden-council-driveway-crossing;coloured-concrete-driveway-cost;concrete-crossovers-and-laybacks-austral;concrete-crossovers-and-laybacks-currans-hill;concrete-crossovers-and-laybacks-leppington;concrete-crossovers-and-laybacks-oran-park;concrete-crossovers-and-laybacks-south-west-sydney;concrete-crossovers-and-laybacks-spring-farm;concrete-driveway-cost-nsw;concrete-paths-edmondson-park;concrete-paths-south-west-sydney;concrete-patios-edmondson-park;concrete-patios-elderslie;concrete-patios-gledswood-hills;concrete-patios-south-west-sydney;contact;driveway-cost-calculator;exposed-aggregate-driveway-cost;gallery;plain-concrete-driveway-cost;quote;slab-volume-calculator;stencilled-concrete-driveway-cost
verified corex business address mon,24,about;camden-council-driveway-crossing;coloured-concrete-driveway-cost;concrete-crossovers-and-laybacks-austral;concrete-crossovers-and-laybacks-currans-hill;concrete-crossovers-and-laybacks-leppington;concrete-crossovers-and-laybacks-oran-park;concrete-crossovers-and-laybacks-south-west-sydney;concrete-crossovers-and-laybacks-spring-farm;concrete-driveway-cost-nsw;concrete-paths-edmondson-park;concrete-paths-south-west-sydney;concrete-patios-edmondson-park;concrete-patios-elderslie;concrete-patios-gledswood-hills;concrete-patios-south-west-sydney;contact;driveway-cost-calculator;exposed-aggregate-driveway-cost;gallery;plain-concrete-driveway-cost;quote;slab-volume-calculator;stencilled-concrete-driveway-cost
corex business address mon fri,24,about;camden-council-driveway-crossing;coloured-concrete-driveway-cost;concrete-crossovers-and-laybacks-austral;concrete-crossovers-and-laybacks-currans-hill;concrete-crossovers-and-laybacks-leppington;concrete-crossovers-and-laybacks-oran-park;concrete-crossovers-and-laybacks-south-west-sydney;concrete-crossovers-and-laybacks-spring-farm;concrete-driveway-cost-nsw;concrete-paths-edmondson-park;concrete-paths-south-west-sydney;concrete-patios-edmondson-park;concrete-patios-elderslie;concrete-patios-gledswood-hills;concrete-patios-south-west-sydney;contact;driveway-cost-calculator;exposed-aggregate-driveway-cost;gallery;plain-concrete-driveway-cost;quote;slab-volume-calculator;stencilled-concrete-driveway-cost
business address mon fri 9,24,about;camden-council-driveway-crossing;coloured-concrete-driveway-cost;concrete-crossovers-and-laybacks-austral;concrete-crossovers-and-laybacks-currans-hill;concrete-crossovers-and-laybacks-leppington;concrete-crossovers-and-laybacks-oran-park;concrete-crossovers-and-laybacks-south-west-sydney;concrete-crossovers-and-laybacks-spring-farm;concrete-driveway-cost-nsw;concrete-paths-edmondson-park;concrete-paths-south-west-sydney;concrete-patios-edmondson-park;concrete-patios-elderslie;concrete-patios-gledswood-hills;concrete-patios-south-west-sydney;contact;driveway-cost-calculator;exposed-aggregate-driveway-cost;gallery;plain-concrete-driveway-cost;quote;slab-volume-calculator;stencilled-concrete-driveway-cost
address mon fri 9 00am,24,about;camden-council-driveway-crossing;coloured-concrete-driveway-cost;concrete-crossovers-and-laybacks-austral;concrete-crossovers-and-laybacks-currans-hill;concrete-crossovers-and-laybacks-leppington;concrete-crossovers-and-laybacks-oran-park;concrete-crossovers-and-laybacks-south-west-sydney;concrete-crossovers-and-laybacks-spring-farm;concrete-driveway-cost-nsw;concrete-paths-edmondson-park;concrete-paths-south-west-sydney;concrete-patios-edmondson-park;concrete-patios-elderslie;concrete-patios-gledswood-hills;concrete-patios-south-west-sydney;contact;driveway-cost-calculator;exposed-aggregate-driveway-cost;gallery;plain-concrete-driveway-cost;quote;slab-volume-calculator;stencilled-concrete-driveway-cost
mon fri 9 00am 5,24,about;camden-council-driveway-crossing;coloured-concrete-driveway-cost;concrete-crossovers-and-laybacks-austral;concrete-crossovers-and-laybacks-currans-hill;concrete-crossovers-and-laybacks-leppington;concrete-crossovers-and-laybacks-oran-park;concrete-crossovers-and-laybacks-south-west-sydney;concrete-crossovers-and-laybacks-spring-farm;concrete-driveway-cost-nsw;concrete-paths-edmondson-park;concrete-paths-south-west-sydney;concrete-patios-edmondson-park;concrete-patios-elderslie;concrete-patios-gledswood-hills;concrete-patios-south-west-sydney;contact;driveway-cost-calculator;exposed-aggregate-driveway-cost;gallery;plain-concrete-driveway-cost;quote;slab-volume-calculator;stencilled-concrete-driveway-cost
fri 9 00am 5 00pm,24,about;camden-council-driveway-crossing;coloured-concrete-driveway-cost;concrete-crossovers-and-laybacks-austral;concrete-crossovers-and-laybacks-currans-hill;concrete-crossovers-and-laybacks-leppington;concrete-crossovers-and-laybacks-oran-park;concrete-crossovers-and-laybacks-south-west-sydney;concrete-crossovers-and-laybacks-spring-farm;concrete-driveway-cost-nsw;concrete-paths-edmondson-park;concrete-paths-south-west-sydney;concrete-patios-edmondson-park;concrete-patios-elderslie;concrete-patios-gledswood-hills;concrete-patios-south-west-sydney;contact;driveway-cost-calculator;exposed-aggregate-driveway-cost;gallery;plain-concrete-driveway-cost;quote;slab-volume-calculator;stencilled-concrete-driveway-cost
it open questions about concrete,23,concrete-driveway-cost-nsw;concrete-driveway-replacement-currans-hill;concrete-driveway-replacement-harrington-park;concrete-driveway-replacement-mount-annan;concrete-driveway-replacement-narellan;concrete-driveway-replacement-south-west-sydney;concrete-driveways-austral;concrete-driveways-catherine-field;concrete-driveways-cobbitty;concrete-driveways-edmondson-park;concrete-driveways-leppington;concrete-driveways-oran-park;concrete-driveways-south-west-sydney;concrete-driveways-spring-farm;concrete-paths-edmondson-park;concrete-patios-edmondson-park;concrete-patios-elderslie;concrete-patios-gledswood-hills;concrete-slabs-austral;concrete-slabs-bringelly;concrete-slabs-gledswood-hills;concrete-slabs-gregory-hills;concrete-slabs-leppington
sl72 fabric 4 0 5,22,camden-council-driveway-crossing;commercial-concreting-south-west-sydney;concrete-crossovers-and-laybacks-south-west-sydney;concrete-driveway-replacement-south-west-sydney;concrete-driveways-south-west-sydney;concrete-paths-south-west-sydney;concrete-patios-south-west-sydney;concrete-slabs-south-west-sydney;concreters-catherine-field;concreters-cobbitty;concreters-currans-hill;concreters-elderslie;concreters-gledswood-hills;concreters-gregory-hills;concreters-harrington-park;concreters-mount-annan;concreters-narellan;concreters-spring-farm;decorative-concrete-south-west-sydney;exposed-aggregate-south-west-sydney;homepage;shed-and-garage-slabs-south-west-sydney
fabric 4 0 5 5m,22,camden-council-driveway-crossing;commercial-concreting-south-west-sydney;concrete-crossovers-and-laybacks-south-west-sydney;concrete-driveway-replacement-south-west-sydney;concrete-driveways-south-west-sydney;concrete-paths-south-west-sydney;concrete-patios-south-west-sydney;concrete-slabs-south-west-sydney;concreters-catherine-field;concreters-cobbitty;concreters-currans-hill;concreters-elderslie;concreters-gledswood-hills;concreters-gregory-hills;concreters-harrington-park;concreters-mount-annan;concreters-narellan;concreters-spring-farm;decorative-concrete-south-west-sydney;exposed-aggregate-south-west-sydney;homepage;shed-and-garage-slabs-south-west-sydney
4 0 5 5m urban,21,commercial-concreting-south-west-sydney;concrete-crossovers-and-laybacks-south-west-sydney;concrete-driveway-replacement-south-west-sydney;concrete-driveways-south-west-sydney;concrete-paths-south-west-sydney;concrete-patios-south-west-sydney;concrete-slabs-south-west-sydney;concreters-catherine-field;concreters-cobbitty;concreters-currans-hill;concreters-elderslie;concreters-gledswood-hills;concreters-gregory-hills;concreters-harrington-park;concreters-mount-annan;concreters-narellan;concreters-spring-farm;decorative-concrete-south-west-sydney;exposed-aggregate-south-west-sydney;homepage;shed-and-garage-slabs-south-west-sydney
0 5 5m urban width,21,commercial-concreting-south-west-sydney;concrete-crossovers-and-laybacks-south-west-sydney;concrete-driveway-replacement-south-west-sydney;concrete-driveways-south-west-sydney;concrete-paths-south-west-sydney;concrete-patios-south-west-sydney;concrete-slabs-south-west-sydney;concreters-catherine-field;concreters-cobbitty;concreters-currans-hill;concreters-elderslie;concreters-gledswood-hills;concreters-gregory-hills;concreters-harrington-park;concreters-mount-annan;concreters-narellan;concreters-spring-farm;decorative-concrete-south-west-sydney;exposed-aggregate-south-west-sydney;homepage;shed-and-garage-slabs-south-west-sydney
the recorded council specification is,20,commercial-concreting-south-west-sydney;concrete-crossovers-and-laybacks-south-west-sydney;concrete-driveway-replacement-south-west-sydney;concrete-driveways-south-west-sydney;concrete-paths-south-west-sydney;concrete-patios-south-west-sydney;concrete-slabs-south-west-sydney;concreters-catherine-field;concreters-cobbitty;concreters-currans-hill;concreters-elderslie;concreters-gledswood-hills;concreters-gregory-hills;concreters-harrington-park;concreters-mount-annan;concreters-narellan;concreters-spring-farm;decorative-concrete-south-west-sydney;exposed-aggregate-south-west-sydney;shed-and-garage-slabs-south-west-sydney
recorded council specification is reproduced,20,commercial-concreting-south-west-sydney;concrete-crossovers-and-laybacks-south-west-sydney;concrete-driveway-replacement-south-west-sydney;concrete-driveways-south-west-sydney;concrete-paths-south-west-sydney;concrete-patios-south-west-sydney;concrete-slabs-south-west-sydney;concreters-catherine-field;concreters-cobbitty;concreters-currans-hill;concreters-elderslie;concreters-gledswood-hills;concreters-gregory-hills;concreters-harrington-park;concreters-mount-annan;concreters-narellan;concreters-spring-farm;decorative-concrete-south-west-sydney;exposed-aggregate-south-west-sydney;shed-and-garage-slabs-south-west-sydney
is reproduced without alteration 32,20,commercial-concreting-south-west-sydney;concrete-crossovers-and-laybacks-south-west-sydney;concrete-driveway-replacement-south-west-sydney;concrete-driveways-south-west-sydney;concrete-paths-south-west-sydney;concrete-patios-south-west-sydney;concrete-slabs-south-west-sydney;concreters-catherine-field;concreters-cobbitty;concreters-currans-hill;concreters-elderslie;concreters-gledswood-hills;concreters-gregory-hills;concreters-harrington-park;concreters-mount-annan;concreters-narellan;concreters-spring-farm;decorative-concrete-south-west-sydney;exposed-aggregate-south-west-sydney;shed-and-garage-slabs-south-west-sydney
reproduced without alteration 32 mpa,20,commercial-concreting-south-west-sydney;concrete-crossovers-and-laybacks-south-west-sydney;concrete-driveway-replacement-south-west-sydney;concrete-driveways-south-west-sydney;concrete-paths-south-west-sydney;concrete-patios-south-west-sydney;concrete-slabs-south-west-sydney;concreters-catherine-field;concreters-cobbitty;concreters-currans-hill;concreters-elderslie;concreters-gledswood-hills;concreters-gregory-hills;concreters-harrington-park;concreters-mount-annan;concreters-narellan;concreters-spring-farm;decorative-concrete-south-west-sydney;exposed-aggregate-south-west-sydney;shed-and-garage-slabs-south-west-sydney
without alteration 32 mpa 125mm,20,commercial-concreting-south-west-sydney;concrete-crossovers-and-laybacks-south-west-sydney;concrete-driveway-replacement-south-west-sydney;concrete-driveways-south-west-sydney;concrete-paths-south-west-sydney;concrete-patios-south-west-sydney;concrete-slabs-south-west-sydney;concreters-catherine-field;concreters-cobbitty;concreters-currans-hill;concreters-elderslie;concreters-gledswood-hills;concreters-gregory-hills;concreters-harrington-park;concreters-mount-annan;concreters-narellan;concreters-spring-farm;decorative-concrete-south-west-sydney;exposed-aggregate-south-west-sydney;shed-and-garage-slabs-south-west-sydney
alteration 32 mpa 125mm sl72,20,commercial-concreting-south-west-sydney;concrete-crossovers-and-laybacks-south-west-sydney;concrete-driveway-replacement-south-west-sydney;concrete-driveways-south-west-sydney;concrete-paths-south-west-sydney;concrete-patios-south-west-sydney;concrete-slabs-south-west-sydney;concreters-catherine-field;concreters-cobbitty;concreters-currans-hill;concreters-elderslie;concreters-gledswood-hills;concreters-gregory-hills;concreters-harrington-park;concreters-mount-annan;concreters-narellan;concreters-spring-farm;decorative-concrete-south-west-sydney;exposed-aggregate-south-west-sydney;shed-and-garage-slabs-south-west-sydney
32 mpa 125mm sl72 fabric,20,commercial-concreting-south-west-sydney;concrete-crossovers-and-laybacks-south-west-sydney;concrete-driveway-replacement-south-west-sydney;concrete-driveways-south-west-sydney;concrete-paths-south-west-sydney;concrete-patios-south-west-sydney;concrete-slabs-south-west-sydney;concreters-catherine-field;concreters-cobbitty;concreters-currans-hill;concreters-elderslie;concreters-gledswood-hills;concreters-gregory-hills;concreters-harrington-park;concreters-mount-annan;concreters-narellan;concreters-spring-farm;decorative-concrete-south-west-sydney;exposed-aggregate-south-west-sydney;shed-and-garage-slabs-south-west-sydney
mpa 125mm sl72 fabric 4,20,commercial-concreting-south-west-sydney;concrete-crossovers-and-laybacks-south-west-sydney;concrete-driveway-replacement-south-west-sydney;concrete-driveways-south-west-sydney;concrete-paths-south-west-sydney;concrete-patios-south-west-sydney;concrete-slabs-south-west-sydney;concreters-catherine-field;concreters-cobbitty;concreters-currans-hill;concreters-elderslie;concreters-gledswood-hills;concreters-gregory-hills;concreters-harrington-park;concreters-mount-annan;concreters-narellan;concreters-spring-farm;decorative-concrete-south-west-sydney;exposed-aggregate-south-west-sydney;shed-and-garage-slabs-south-west-sydney
125mm sl72 fabric 4 0,20,commercial-concreting-south-west-sydney;concrete-crossovers-and-laybacks-south-west-sydney;concrete-driveway-replacement-south-west-sydney;concrete-driveways-south-west-sydney;concrete-paths-south-west-sydney;concrete-patios-south-west-sydney;concrete-slabs-south-west-sydney;concreters-catherine-field;concreters-cobbitty;concreters-currans-hill;concreters-elderslie;concreters-gledswood-hills;concreters-gregory-hills;concreters-harrington-park;concreters-mount-annan;concreters-narellan;concreters-spring-farm;decorative-concrete-south-west-sydney;exposed-aggregate-south-west-sydney;shed-and-garage-slabs-south-west-sydney
5 5m urban width 1200mm,20,commercial-concreting-south-west-sydney;concrete-crossovers-and-laybacks-south-west-sydney;concrete-driveway-replacement-south-west-sydney;concrete-driveways-south-west-sydney;concrete-paths-south-west-sydney;concrete-patios-south-west-sydney;concrete-slabs-south-west-sydney;concreters-catherine-field;concreters-cobbitty;concreters-currans-hill;concreters-elderslie;concreters-gledswood-hills;concreters-gregory-hills;concreters-harrington-park;concreters-mount-annan;concreters-narellan;concreters-spring-farm;decorative-concrete-south-west-sydney;exposed-aggregate-south-west-sydney;shed-and-garage-slabs-south-west-sydney
5m urban width 1200mm footpath,20,commercial-concreting-south-west-sydney;concrete-crossovers-and-laybacks-south-west-sydney;concrete-driveway-replacement-south-west-sydney;concrete-driveways-south-west-sydney;concrete-paths-south-west-sydney;concrete-patios-south-west-sydney;concrete-slabs-south-west-sydney;concreters-catherine-field;concreters-cobbitty;concreters-currans-hill;concreters-elderslie;concreters-gledswood-hills;concreters-gregory-hills;concreters-harrington-park;concreters-mount-annan;concreters-narellan;concreters-spring-farm;decorative-concrete-south-west-sydney;exposed-aggregate-south-west-sydney;shed-and-garage-slabs-south-west-sydney
urban width 1200mm footpath allocation,20,commercial-concreting-south-west-sydney;concrete-crossovers-and-laybacks-south-west-sydney;concrete-driveway-replacement-south-west-sydney;concrete-driveways-south-west-sydney;concrete-paths-south-west-sydney;concrete-patios-south-west-sydney;concrete-slabs-south-west-sydney;concreters-catherine-field;concreters-cobbitty;concreters-currans-hill;concreters-elderslie;concreters-gledswood-hills;concreters-gregory-hills;concreters-harrington-park;concreters-mount-annan;concreters-narellan;concreters-spring-farm;decorative-concrete-south-west-sydney;exposed-aggregate-south-west-sydney;shed-and-garage-slabs-south-west-sydney
width 1200mm footpath allocation 900mm,20,commercial-concreting-south-west-sydney;concrete-crossovers-and-laybacks-south-west-sydney;concrete-driveway-replacement-south-west-sydney;concrete-driveways-south-west-sydney;concrete-paths-south-west-sydney;concrete-patios-south-west-sydney;concrete-slabs-south-west-sydney;concreters-catherine-field;concreters-cobbitty;concreters-currans-hill;concreters-elderslie;concreters-gledswood-hills;concreters-gregory-hills;concreters-harrington-park;concreters-mount-annan;concreters-narellan;concreters-spring-farm;decorative-concrete-south-west-sydney;exposed-aggregate-south-west-sydney;shed-and-garage-slabs-south-west-sydney
1200mm footpath allocation 900mm offset,20,commercial-concreting-south-west-sydney;concrete-crossovers-and-laybacks-south-west-sydney;concrete-driveway-replacement-south-west-sydney;concrete-driveways-south-west-sydney;concrete-paths-south-west-sydney;concrete-patios-south-west-sydney;concrete-slabs-south-west-sydney;concreters-catherine-field;concreters-cobbitty;concreters-currans-hill;concreters-elderslie;concreters-gledswood-hills;concreters-gregory-hills;concreters-harrington-park;concreters-mount-annan;concreters-narellan;concreters-spring-farm;decorative-concrete-south-west-sydney;exposed-aggregate-south-west-sydney;shed-and-garage-slabs-south-west-sydney
footpath allocation 900mm offset 800mm,20,commercial-concreting-south-west-sydney;concrete-crossovers-and-laybacks-south-west-sydney;concrete-driveway-replacement-south-west-sydney;concrete-driveways-south-west-sydney;concrete-paths-south-west-sydney;concrete-patios-south-west-sydney;concrete-slabs-south-west-sydney;concreters-catherine-field;concreters-cobbitty;concreters-currans-hill;concreters-elderslie;concreters-gledswood-hills;concreters-gregory-hills;concreters-harrington-park;concreters-mount-annan;concreters-narellan;concreters-spring-farm;decorative-concrete-south-west-sydney;exposed-aggregate-south-west-sydney;shed-and-garage-slabs-south-west-sydney
allocation 900mm offset 800mm in,20,commercial-concreting-south-west-sydney;concrete-crossovers-and-laybacks-south-west-sydney;concrete-driveway-replacement-south-west-sydney;concrete-driveways-south-west-sydney;concrete-paths-south-west-sydney;concrete-patios-south-west-sydney;concrete-slabs-south-west-sydney;concreters-catherine-field;concreters-cobbitty;concreters-currans-hill;concreters-elderslie;concreters-gledswood-hills;concreters-gregory-hills;concreters-harrington-park;concreters-mount-annan;concreters-narellan;concreters-spring-farm;decorative-concrete-south-west-sydney;exposed-aggregate-south-west-sydney;shed-and-garage-slabs-south-west-sydney
900mm offset 800mm in oran,20,commercial-concreting-south-west-sydney;concrete-crossovers-and-laybacks-south-west-sydney;concrete-driveway-replacement-south-west-sydney;concrete-driveways-south-west-sydney;concrete-paths-south-west-sydney;concrete-patios-south-west-sydney;concrete-slabs-south-west-sydney;concreters-catherine-field;concreters-cobbitty;concreters-currans-hill;concreters-elderslie;concreters-gledswood-hills;concreters-gregory-hills;concreters-harrington-park;concreters-mount-annan;concreters-narellan;concreters-spring-farm;decorative-concrete-south-west-sydney;exposed-aggregate-south-west-sydney;shed-and-garage-slabs-south-west-sydney
offset 800mm in oran park,20,commercial-concreting-south-west-sydney;concrete-crossovers-and-laybacks-south-west-sydney;concrete-driveway-replacement-south-west-sydney;concrete-driveways-south-west-sydney;concrete-paths-south-west-sydney;concrete-patios-south-west-sydney;concrete-slabs-south-west-sydney;concreters-catherine-field;concreters-cobbitty;concreters-currans-hill;concreters-elderslie;concreters-gledswood-hills;concreters-gregory-hills;concreters-harrington-park;concreters-mount-annan;concreters-narellan;concreters-spring-farm;decorative-concrete-south-west-sydney;exposed-aggregate-south-west-sydney;shed-and-garage-slabs-south-west-sydney
800mm in oran park 4,20,commercial-concreting-south-west-sydney;concrete-crossovers-and-laybacks-south-west-sydney;concrete-driveway-replacement-south-west-sydney;concrete-driveways-south-west-sydney;concrete-paths-south-west-sydney;concrete-patios-south-west-sydney;concrete-slabs-south-west-sydney;concreters-catherine-field;concreters-cobbitty;concreters-currans-hill;concreters-elderslie;concreters-gledswood-hills;concreters-gregory-hills;concreters-harrington-park;concreters-mount-annan;concreters-narellan;concreters-spring-farm;decorative-concrete-south-west-sydney;exposed-aggregate-south-west-sydney;shed-and-garage-slabs-south-west-sydney
in oran park 4 footpath,20,commercial-concreting-south-west-sydney;concrete-crossovers-and-laybacks-south-west-sydney;concrete-driveway-replacement-south-west-sydney;concrete-driveways-south-west-sydney;concrete-paths-south-west-sydney;concrete-patios-south-west-sydney;concrete-slabs-south-west-sydney;concreters-catherine-field;concreters-cobbitty;concreters-currans-hill;concreters-elderslie;concreters-gledswood-hills;concreters-gregory-hills;concreters-harrington-park;concreters-mount-annan;concreters-narellan;concreters-spring-farm;decorative-concrete-south-west-sydney;exposed-aggregate-south-west-sydney;shed-and-garage-slabs-south-west-sydney
oran park 4 footpath crossfall,20,commercial-concreting-south-west-sydney;concrete-crossovers-and-laybacks-south-west-sydney;concrete-driveway-replacement-south-west-sydney;concrete-driveways-south-west-sydney;concrete-paths-south-west-sydney;concrete-patios-south-west-sydney;concrete-slabs-south-west-sydney;concreters-catherine-field;concreters-cobbitty;concreters-currans-hill;concreters-elderslie;concreters-gledswood-hills;concreters-gregory-hills;concreters-harrington-park;concreters-mount-annan;concreters-narellan;concreters-spring-farm;decorative-concrete-south-west-sydney;exposed-aggregate-south-west-sydney;shed-and-garage-slabs-south-west-sydney
park 4 footpath crossfall 1,20,commercial-concreting-south-west-sydney;concrete-crossovers-and-laybacks-south-west-sydney;concrete-driveway-replacement-south-west-sydney;concrete-driveways-south-west-sydney;concrete-paths-south-west-sydney;concrete-patios-south-west-sydney;concrete-slabs-south-west-sydney;concreters-catherine-field;concreters-cobbitty;concreters-currans-hill;concreters-elderslie;concreters-gledswood-hills;concreters-gregory-hills;concreters-harrington-park;concreters-mount-annan;concreters-narellan;concreters-spring-farm;decorative-concrete-south-west-sydney;exposed-aggregate-south-west-sydney;shed-and-garage-slabs-south-west-sydney
4 footpath crossfall 1 6,20,commercial-concreting-south-west-sydney;concrete-crossovers-and-laybacks-south-west-sydney;concrete-driveway-replacement-south-west-sydney;concrete-driveways-south-west-sydney;concrete-paths-south-west-sydney;concrete-patios-south-west-sydney;concrete-slabs-south-west-sydney;concreters-catherine-field;concreters-cobbitty;concreters-currans-hill;concreters-elderslie;concreters-gledswood-hills;concreters-gregory-hills;concreters-harrington-park;concreters-mount-annan;concreters-narellan;concreters-spring-farm;decorative-concrete-south-west-sydney;exposed-aggregate-south-west-sydney;shed-and-garage-slabs-south-west-sydney
footpath crossfall 1 6 max,20,commercial-concreting-south-west-sydney;concrete-crossovers-and-laybacks-south-west-sydney;concrete-driveway-replacement-south-west-sydney;concrete-driveways-south-west-sydney;concrete-paths-south-west-sydney;concrete-patios-south-west-sydney;concrete-slabs-south-west-sydney;concreters-catherine-field;concreters-cobbitty;concreters-currans-hill;concreters-elderslie;concreters-gledswood-hills;concreters-gregory-hills;concreters-harrington-park;concreters-mount-annan;concreters-narellan;concreters-spring-farm;decorative-concrete-south-west-sydney;exposed-aggregate-south-west-sydney;shed-and-garage-slabs-south-west-sydney
crossfall 1 6 max batter,20,commercial-concreting-south-west-sydney;concrete-crossovers-and-laybacks-south-west-sydney;concrete-driveway-replacement-south-west-sydney;concrete-driveways-south-west-sydney;concrete-paths-south-west-sydney;concrete-patios-south-west-sydney;concrete-slabs-south-west-sydney;concreters-catherine-field;concreters-cobbitty;concreters-currans-hill;concreters-elderslie;concreters-gledswood-hills;concreters-gregory-hills;concreters-harrington-park;concreters-mount-annan;concreters-narellan;concreters-spring-farm;decorative-concrete-south-west-sydney;exposed-aggregate-south-west-sydney;shed-and-garage-slabs-south-west-sydney
unlisted intersection is substituted why,19,commercial-concreting-bringelly;commercial-concreting-cobbitty;commercial-concreting-gregory-hills;commercial-concreting-narellan;concrete-paths-edmondson-park;concrete-patios-edmondson-park;concrete-patios-elderslie;concrete-patios-gledswood-hills;concrete-slabs-austral;concrete-slabs-bringelly;concrete-slabs-gledswood-hills;concrete-slabs-gregory-hills;concrete-slabs-leppington;decorative-concrete-harrington-park;exposed-aggregate-gledswood-hills;exposed-aggregate-harrington-park;exposed-aggregate-oran-park;shed-and-garage-slabs-catherine-field;shed-and-garage-slabs-oran-park
scope keeps it open call,18,concrete-driveway-replacement-currans-hill;concrete-driveway-replacement-harrington-park;concrete-driveway-replacement-mount-annan;concrete-driveway-replacement-narellan;concrete-driveway-replacement-south-west-sydney;concrete-driveways-austral;concrete-driveways-catherine-field;concrete-driveways-cobbitty;concrete-driveways-edmondson-park;concrete-driveways-leppington;concrete-driveways-oran-park;concrete-driveways-spring-farm;concrete-paths-edmondson-park;concrete-paths-south-west-sydney;concrete-patios-edmondson-park;concrete-patios-elderslie;concrete-patios-gledswood-hills;concrete-patios-south-west-sydney
keeps it open call us,18,concrete-driveway-replacement-currans-hill;concrete-driveway-replacement-harrington-park;concrete-driveway-replacement-mount-annan;concrete-driveway-replacement-narellan;concrete-driveway-replacement-south-west-sydney;concrete-driveways-austral;concrete-driveways-catherine-field;concrete-driveways-cobbitty;concrete-driveways-edmondson-park;concrete-driveways-leppington;concrete-driveways-oran-park;concrete-driveways-spring-farm;concrete-paths-edmondson-park;concrete-paths-south-west-sydney;concrete-patios-edmondson-park;concrete-patios-elderslie;concrete-patios-gledswood-hills;concrete-patios-south-west-sydney
it open call us 03,18,concrete-driveway-replacement-currans-hill;concrete-driveway-replacement-harrington-park;concrete-driveway-replacement-mount-annan;concrete-driveway-replacement-narellan;concrete-driveway-replacement-south-west-sydney;concrete-driveways-austral;concrete-driveways-catherine-field;concrete-driveways-cobbitty;concrete-driveways-edmondson-park;concrete-driveways-leppington;concrete-driveways-oran-park;concrete-driveways-spring-farm;concrete-paths-edmondson-park;concrete-paths-south-west-sydney;concrete-patios-edmondson-park;concrete-patios-elderslie;concrete-patios-gledswood-hills;concrete-patios-south-west-sydney
open call us 03 4517,18,concrete-driveway-replacement-currans-hill;concrete-driveway-replacement-harrington-park;concrete-driveway-replacement-mount-annan;concrete-driveway-replacement-narellan;concrete-driveway-replacement-south-west-sydney;concrete-driveways-austral;concrete-driveways-catherine-field;concrete-driveways-cobbitty;concrete-driveways-edmondson-park;concrete-driveways-leppington;concrete-driveways-oran-park;concrete-driveways-spring-farm;concrete-paths-edmondson-park;concrete-paths-south-west-sydney;concrete-patios-edmondson-park;concrete-patios-elderslie;concrete-patios-gledswood-hills;concrete-patios-south-west-sydney
keeps it open placeholder operator,17,coloured-concrete-driveway-cost;commercial-concreting-south-west-sydney;concrete-crossovers-and-laybacks-south-west-sydney;concrete-driveway-cost-nsw;concrete-driveway-replacement-south-west-sydney;concrete-driveways-south-west-sydney;concrete-paths-south-west-sydney;concrete-patios-south-west-sydney;concrete-slabs-south-west-sydney;decorative-concrete-south-west-sydney;driveway-cost-calculator;exposed-aggregate-driveway-cost;exposed-aggregate-south-west-sydney;plain-concrete-driveway-cost;shed-and-garage-slabs-south-west-sydney;slab-volume-calculator;stencilled-concrete-driveway-cost
it open placeholder operator approved,17,coloured-concrete-driveway-cost;commercial-concreting-south-west-sydney;concrete-crossovers-and-laybacks-south-west-sydney;concrete-driveway-cost-nsw;concrete-driveway-replacement-south-west-sydney;concrete-driveways-south-west-sydney;concrete-paths-south-west-sydney;concrete-patios-south-west-sydney;concrete-slabs-south-west-sydney;decorative-concrete-south-west-sydney;driveway-cost-calculator;exposed-aggregate-driveway-cost;exposed-aggregate-south-west-sydney;plain-concrete-driveway-cost;shed-and-garage-slabs-south-west-sydney;slab-volume-calculator;stencilled-concrete-driveway-cost
in liverpool city council verified,16,concreters-carnes-hill;concreters-casula;concreters-cecil-hills;concreters-cecil-park;concreters-chipping-norton;concreters-elizabeth-hills;concreters-horningsea-park;concreters-hoxton-park;concreters-kemps-creek;concreters-len-waters-estate;concreters-middleton-grange;concreters-moorebank;concreters-prestons;concreters-rossmore;concreters-wattle-grove;concreters-west-hoxton
liverpool city council verified local,16,concreters-carnes-hill;concreters-casula;concreters-cecil-hills;concreters-cecil-park;concreters-chipping-norton;concreters-elizabeth-hills;concreters-horningsea-park;concreters-hoxton-park;concreters-kemps-creek;concreters-len-waters-estate;concreters-middleton-grange;concreters-moorebank;concreters-prestons;concreters-rossmore;concreters-wattle-grove;concreters-west-hoxton
scope keeps it open concrete,16,concrete-driveway-replacement-currans-hill;concrete-driveway-replacement-harrington-park;concrete-driveway-replacement-mount-annan;concrete-driveway-replacement-narellan;concrete-driveways-austral;concrete-driveways-catherine-field;concrete-driveways-cobbitty;concrete-driveways-edmondson-park;concrete-driveways-leppington;concrete-driveways-oran-park;concrete-driveways-spring-farm;concrete-slabs-austral;concrete-slabs-bringelly;concrete-slabs-gledswood-hills;concrete-slabs-gregory-hills;concrete-slabs-leppington
keeps it open why concrete,16,concrete-driveway-replacement-currans-hill;concrete-driveway-replacement-harrington-park;concrete-driveway-replacement-mount-annan;concrete-driveway-replacement-narellan;concrete-driveways-austral;concrete-driveways-catherine-field;concrete-driveways-cobbitty;concrete-driveways-edmondson-park;concrete-driveways-leppington;concrete-driveways-oran-park;concrete-driveways-spring-farm;concrete-slabs-austral;concrete-slabs-bringelly;concrete-slabs-gledswood-hills;concrete-slabs-gregory-hills;concrete-slabs-leppington
driveways slabs paths and outdoor,15,concreters-austral;concreters-bringelly;concreters-catherine-field;concreters-cobbitty;concreters-currans-hill;concreters-edmondson-park;concreters-elderslie;concreters-gledswood-hills;concreters-gregory-hills;concreters-harrington-park;concreters-leppington;concreters-mount-annan;concreters-narellan;concreters-oran-park;concreters-spring-farm
slabs paths and outdoor areas,15,concreters-austral;concreters-bringelly;concreters-catherine-field;concreters-cobbitty;concreters-currans-hill;concreters-edmondson-park;concreters-elderslie;concreters-gledswood-hills;concreters-gregory-hills;concreters-harrington-park;concreters-leppington;concreters-mount-annan;concreters-narellan;concreters-oran-park;concreters-spring-farm
and records the local housing,15,concreters-austral;concreters-bringelly;concreters-catherine-field;concreters-cobbitty;concreters-currans-hill;concreters-edmondson-park;concreters-elderslie;concreters-gledswood-hills;concreters-gregory-hills;concreters-harrington-park;concreters-leppington;concreters-mount-annan;concreters-narellan;concreters-oran-park;concreters-spring-farm
records the local housing period,15,concreters-austral;concreters-bringelly;concreters-catherine-field;concreters-cobbitty;concreters-currans-hill;concreters-edmondson-park;concreters-elderslie;concreters-gledswood-hills;concreters-gregory-hills;concreters-harrington-park;concreters-leppington;concreters-mount-annan;concreters-narellan;concreters-oran-park;concreters-spring-farm
the local housing period as,15,concreters-austral;concreters-bringelly;concreters-catherine-field;concreters-cobbitty;concreters-currans-hill;concreters-edmondson-park;concreters-elderslie;concreters-gledswood-hills;concreters-gregory-hills;concreters-harrington-park;concreters-leppington;concreters-mount-annan;concreters-narellan;concreters-oran-park;concreters-spring-farm
examples describe the supplied job,15,concreters-austral;concreters-bringelly;concreters-catherine-field;concreters-cobbitty;concreters-currans-hill;concreters-edmondson-park;concreters-elderslie;concreters-gledswood-hills;concreters-gregory-hills;concreters-harrington-park;concreters-leppington;concreters-mount-annan;concreters-narellan;concreters-oran-park;concreters-spring-farm
describe the supplied job mix,15,concreters-austral;concreters-bringelly;concreters-catherine-field;concreters-cobbitty;concreters-currans-hill;concreters-edmondson-park;concreters-elderslie;concreters-gledswood-hills;concreters-gregory-hills;concreters-harrington-park;concreters-leppington;concreters-mount-annan;concreters-narellan;concreters-oran-park;concreters-spring-farm
the supplied job mix rather,15,concreters-austral;concreters-bringelly;concreters-catherine-field;concreters-cobbitty;concreters-currans-hill;concreters-edmondson-park;concreters-elderslie;concreters-gledswood-hills;concreters-gregory-hills;concreters-harrington-park;concreters-leppington;concreters-mount-annan;concreters-narellan;concreters-oran-park;concreters-spring-farm
supplied job mix rather than,15,concreters-austral;concreters-bringelly;concreters-catherine-field;concreters-cobbitty;concreters-currans-hill;concreters-edmondson-park;concreters-elderslie;concreters-gledswood-hills;concreters-gregory-hills;concreters-harrington-park;concreters-leppington;concreters-mount-annan;concreters-narellan;concreters-oran-park;concreters-spring-farm
job mix rather than a,15,concreters-austral;concreters-bringelly;concreters-catherine-field;concreters-cobbitty;concreters-currans-hill;concreters-edmondson-park;concreters-elderslie;concreters-gledswood-hills;concreters-gregory-hills;concreters-harrington-park;concreters-leppington;concreters-mount-annan;concreters-narellan;concreters-oran-park;concreters-spring-farm
mix rather than a claim,15,concreters-austral;concreters-bringelly;concreters-catherine-field;concreters-cobbitty;concreters-currans-hill;concreters-edmondson-park;concreters-elderslie;concreters-gledswood-hills;concreters-gregory-hills;concreters-harrington-park;concreters-leppington;concreters-mount-annan;concreters-narellan;concreters-oran-park;concreters-spring-farm
rather than a claim about,15,concreters-austral;concreters-bringelly;concreters-catherine-field;concreters-cobbitty;concreters-currans-hill;concreters-edmondson-park;concreters-elderslie;concreters-gledswood-hills;concreters-gregory-hills;concreters-harrington-park;concreters-leppington;concreters-mount-annan;concreters-narellan;concreters-oran-park;concreters-spring-farm
than a claim about an,15,concreters-austral;concreters-bringelly;concreters-catherine-field;concreters-cobbitty;concreters-currans-hill;concreters-edmondson-park;concreters-elderslie;concreters-gledswood-hills;concreters-gregory-hills;concreters-harrington-park;concreters-leppington;concreters-mount-annan;concreters-narellan;concreters-oran-park;concreters-spring-farm
a claim about an unverified,15,concreters-austral;concreters-bringelly;concreters-catherine-field;concreters-cobbitty;concreters-currans-hill;concreters-edmondson-park;concreters-elderslie;concreters-gledswood-hills;concreters-gregory-hills;concreters-harrington-park;concreters-leppington;concreters-mount-annan;concreters-narellan;concreters-oran-park;concreters-spring-farm
claim about an unverified project,15,concreters-austral;concreters-bringelly;concreters-catherine-field;concreters-cobbitty;concreters-currans-hill;concreters-edmondson-park;concreters-elderslie;concreters-gledswood-hills;concreters-gregory-hills;concreters-harrington-park;concreters-leppington;concreters-mount-annan;concreters-narellan;concreters-oran-park;concreters-spring-farm
about an unverified project the,15,concreters-austral;concreters-bringelly;concreters-catherine-field;concreters-cobbitty;concreters-currans-hill;concreters-edmondson-park;concreters-elderslie;concreters-gledswood-hills;concreters-gregory-hills;concreters-harrington-park;concreters-leppington;concreters-mount-annan;concreters-narellan;concreters-oran-park;concreters-spring-farm
an unverified project the unresolved,15,concreters-austral;concreters-bringelly;concreters-catherine-field;concreters-cobbitty;concreters-currans-hill;concreters-edmondson-park;concreters-elderslie;concreters-gledswood-hills;concreters-gregory-hills;concreters-harrington-park;concreters-leppington;concreters-mount-annan;concreters-narellan;concreters-oran-park;concreters-spring-farm
checks are framed by these,15,concreters-austral;concreters-bringelly;concreters-catherine-field;concreters-cobbitty;concreters-currans-hill;concreters-edmondson-park;concreters-elderslie;concreters-gledswood-hills;concreters-gregory-hills;concreters-harrington-park;concreters-leppington;concreters-mount-annan;concreters-narellan;concreters-oran-park;concreters-spring-farm
are framed by these supplied,15,concreters-austral;concreters-bringelly;concreters-catherine-field;concreters-cobbitty;concreters-currans-hill;concreters-edmondson-park;concreters-elderslie;concreters-gledswood-hills;concreters-gregory-hills;concreters-harrington-park;concreters-leppington;concreters-mount-annan;concreters-narellan;concreters-oran-park;concreters-spring-farm
framed by these supplied questions,15,concreters-austral;concreters-bringelly;concreters-catherine-field;concreters-cobbitty;concreters-currans-hill;concreters-edmondson-park;concreters-elderslie;concreters-gledswood-hills;concreters-gregory-hills;concreters-harrington-park;concreters-leppington;concreters-mount-annan;concreters-narellan;concreters-oran-park;concreters-spring-farm
answer must retain its cited,15,concreters-austral;concreters-bringelly;concreters-catherine-field;concreters-cobbitty;concreters-currans-hill;concreters-edmondson-park;concreters-elderslie;concreters-gledswood-hills;concreters-gregory-hills;concreters-harrington-park;concreters-leppington;concreters-mount-annan;concreters-narellan;concreters-oran-park;concreters-spring-farm
must retain its cited council,15,concreters-austral;concreters-bringelly;concreters-catherine-field;concreters-cobbitty;concreters-currans-hill;concreters-edmondson-park;concreters-elderslie;concreters-gledswood-hills;concreters-gregory-hills;concreters-harrington-park;concreters-leppington;concreters-mount-annan;concreters-narellan;concreters-oran-park;concreters-spring-farm
retain its cited council planning,15,concreters-austral;concreters-bringelly;concreters-catherine-field;concreters-cobbitty;concreters-currans-hill;concreters-edmondson-park;concreters-elderslie;concreters-gledswood-hills;concreters-gregory-hills;concreters-harrington-park;concreters-leppington;concreters-mount-annan;concreters-narellan;concreters-oran-park;concreters-spring-farm
its cited council planning engineering,15,concreters-austral;concreters-bringelly;concreters-catherine-field;concreters-cobbitty;concreters-currans-hill;concreters-edmondson-park;concreters-elderslie;concreters-gledswood-hills;concreters-gregory-hills;concreters-harrington-park;concreters-leppington;concreters-mount-annan;concreters-narellan;concreters-oran-park;concreters-spring-farm
cited council planning engineering or,15,concreters-austral;concreters-bringelly;concreters-catherine-field;concreters-cobbitty;concreters-currans-hill;concreters-edmondson-park;concreters-elderslie;concreters-gledswood-hills;concreters-gregory-hills;concreters-harrington-park;concreters-leppington;concreters-mount-annan;concreters-narellan;concreters-oran-park;concreters-spring-farm
council planning engineering or operator,15,concreters-austral;concreters-bringelly;concreters-catherine-field;concreters-cobbitty;concreters-currans-hill;concreters-edmondson-park;concreters-elderslie;concreters-gledswood-hills;concreters-gregory-hills;concreters-harrington-park;concreters-leppington;concreters-mount-annan;concreters-narellan;concreters-oran-park;concreters-spring-farm
planning engineering or operator source,15,concreters-austral;concreters-bringelly;concreters-catherine-field;concreters-cobbitty;concreters-currans-hill;concreters-edmondson-park;concreters-elderslie;concreters-gledswood-hills;concreters-gregory-hills;concreters-harrington-park;concreters-leppington;concreters-mount-annan;concreters-narellan;concreters-oran-park;concreters-spring-farm
engineering or operator source the,15,concreters-austral;concreters-bringelly;concreters-catherine-field;concreters-cobbitty;concreters-currans-hill;concreters-edmondson-park;concreters-elderslie;concreters-gledswood-hills;concreters-gregory-hills;concreters-harrington-park;concreters-leppington;concreters-mount-annan;concreters-narellan;concreters-oran-park;concreters-spring-farm
development references supplied for research,15,concreters-austral;concreters-bringelly;concreters-catherine-field;concreters-cobbitty;concreters-currans-hill;concreters-edmondson-park;concreters-elderslie;concreters-gledswood-hills;concreters-gregory-hills;concreters-harrington-park;concreters-leppington;concreters-mount-annan;concreters-narellan;concreters-oran-park;concreters-spring-farm
references supplied for research are,15,concreters-austral;concreters-bringelly;concreters-catherine-field;concreters-cobbitty;concreters-currans-hill;concreters-edmondson-park;concreters-elderslie;concreters-gledswood-hills;concreters-gregory-hills;concreters-harrington-park;concreters-leppington;concreters-mount-annan;concreters-narellan;concreters-oran-park;concreters-spring-farm
page treats those names as,15,concreters-austral;concreters-bringelly;concreters-catherine-field;concreters-cobbitty;concreters-currans-hill;concreters-edmondson-park;concreters-elderslie;concreters-gledswood-hills;concreters-gregory-hills;concreters-harrington-park;concreters-leppington;concreters-mount-annan;concreters-narellan;concreters-oran-park;concreters-spring-farm
treats those names as source,15,concreters-austral;concreters-bringelly;concreters-catherine-field;concreters-cobbitty;concreters-currans-hill;concreters-edmondson-park;concreters-elderslie;concreters-gledswood-hills;concreters-gregory-hills;concreters-harrington-park;concreters-leppington;concreters-mount-annan;concreters-narellan;concreters-oran-park;concreters-spring-farm
those names as source leads,15,concreters-austral;concreters-bringelly;concreters-catherine-field;concreters-cobbitty;concreters-currans-hill;concreters-edmondson-park;concreters-elderslie;concreters-gledswood-hills;concreters-gregory-hills;concreters-harrington-park;concreters-leppington;concreters-mount-annan;concreters-narellan;concreters-oran-park;concreters-spring-farm
names as source leads not,15,concreters-austral;concreters-bringelly;concreters-catherine-field;concreters-cobbitty;concreters-currans-hill;concreters-edmondson-park;concreters-elderslie;concreters-gledswood-hills;concreters-gregory-hills;concreters-harrington-park;concreters-leppington;concreters-mount-annan;concreters-narellan;concreters-oran-park;concreters-spring-farm
as source leads not as,15,concreters-austral;concreters-bringelly;concreters-catherine-field;concreters-cobbitty;concreters-currans-hill;concreters-edmondson-park;concreters-elderslie;concreters-gledswood-hills;concreters-gregory-hills;concreters-harrington-park;concreters-leppington;concreters-mount-annan;concreters-narellan;concreters-oran-park;concreters-spring-farm
source leads not as proof,15,concreters-austral;concreters-bringelly;concreters-catherine-field;concreters-cobbitty;concreters-currans-hill;concreters-edmondson-park;concreters-elderslie;concreters-gledswood-hills;concreters-gregory-hills;concreters-harrington-park;concreters-leppington;concreters-mount-annan;concreters-narellan;concreters-oran-park;concreters-spring-farm
leads not as proof of,15,concreters-austral;concreters-bringelly;concreters-catherine-field;concreters-cobbitty;concreters-currans-hill;concreters-edmondson-park;concreters-elderslie;concreters-gledswood-hills;concreters-gregory-hills;concreters-harrington-park;concreters-leppington;concreters-mount-annan;concreters-narellan;concreters-oran-park;concreters-spring-farm
not as proof of a,15,concreters-austral;concreters-bringelly;concreters-catherine-field;concreters-cobbitty;concreters-currans-hill;concreters-edmondson-park;concreters-elderslie;concreters-gledswood-hills;concreters-gregory-hills;concreters-harrington-park;concreters-leppington;concreters-mount-annan;concreters-narellan;concreters-oran-park;concreters-spring-farm
as proof of a corex,15,concreters-austral;concreters-bringelly;concreters-catherine-field;concreters-cobbitty;concreters-currans-hill;concreters-edmondson-park;concreters-elderslie;concreters-gledswood-hills;concreters-gregory-hills;concreters-harrington-park;concreters-leppington;concreters-mount-annan;concreters-narellan;concreters-oran-park;concreters-spring-farm
proof of a corex project,15,concreters-austral;concreters-bringelly;concreters-catherine-field;concreters-cobbitty;concreters-currans-hill;concreters-edmondson-park;concreters-elderslie;concreters-gledswood-hills;concreters-gregory-hills;concreters-harrington-park;concreters-leppington;concreters-mount-annan;concreters-narellan;concreters-oran-park;concreters-spring-farm
of a corex project the,15,concreters-austral;concreters-bringelly;concreters-catherine-field;concreters-cobbitty;concreters-currans-hill;concreters-edmondson-park;concreters-elderslie;concreters-gledswood-hills;concreters-gregory-hills;concreters-harrington-park;concreters-leppington;concreters-mount-annan;concreters-narellan;concreters-oran-park;concreters-spring-farm
a corex project the supplied,15,concreters-austral;concreters-bringelly;concreters-catherine-field;concreters-cobbitty;concreters-currans-hill;concreters-edmondson-park;concreters-elderslie;concreters-gledswood-hills;concreters-gregory-hills;concreters-harrington-park;concreters-leppington;concreters-mount-annan;concreters-narellan;concreters-oran-park;concreters-spring-farm
job weighting is new build,15,concreters-austral;concreters-bringelly;concreters-catherine-field;concreters-cobbitty;concreters-currans-hill;concreters-edmondson-park;concreters-elderslie;concreters-gledswood-hills;concreters-gregory-hills;concreters-harrington-park;concreters-leppington;concreters-mount-annan;concreters-narellan;concreters-oran-park;concreters-spring-farm
service emphasis follows that recorded,15,concreters-austral;concreters-bringelly;concreters-catherine-field;concreters-cobbitty;concreters-currans-hill;concreters-edmondson-park;concreters-elderslie;concreters-gledswood-hills;concreters-gregory-hills;concreters-harrington-park;concreters-leppington;concreters-mount-annan;concreters-narellan;concreters-oran-park;concreters-spring-farm
emphasis follows that recorded mix,15,concreters-austral;concreters-bringelly;concreters-catherine-field;concreters-cobbitty;concreters-currans-hill;concreters-edmondson-park;concreters-elderslie;concreters-gledswood-hills;concreters-gregory-hills;concreters-harrington-park;concreters-leppington;concreters-mount-annan;concreters-narellan;concreters-oran-park;concreters-spring-farm
follows that recorded mix the,15,concreters-austral;concreters-bringelly;concreters-catherine-field;concreters-cobbitty;concreters-currans-hill;concreters-edmondson-park;concreters-elderslie;concreters-gledswood-hills;concreters-gregory-hills;concreters-harrington-park;concreters-leppington;concreters-mount-annan;concreters-narellan;concreters-oran-park;concreters-spring-farm
identifiers must agree across the,15,concreters-austral;concreters-bringelly;concreters-catherine-field;concreters-cobbitty;concreters-currans-hill;concreters-edmondson-park;concreters-elderslie;concreters-gledswood-hills;concreters-gregory-hills;concreters-harrington-park;concreters-leppington;concreters-mount-annan;concreters-narellan;concreters-oran-park;concreters-spring-farm
must agree across the import,15,concreters-austral;concreters-bringelly;concreters-catherine-field;concreters-cobbitty;concreters-currans-hill;concreters-edmondson-park;concreters-elderslie;concreters-gledswood-hills;concreters-gregory-hills;concreters-harrington-park;concreters-leppington;concreters-mount-annan;concreters-narellan;concreters-oran-park;concreters-spring-farm
agree across the import record,15,concreters-austral;concreters-bringelly;concreters-catherine-field;concreters-cobbitty;concreters-currans-hill;concreters-edmondson-park;concreters-elderslie;concreters-gledswood-hills;concreters-gregory-hills;concreters-harrington-park;concreters-leppington;concreters-mount-annan;concreters-narellan;concreters-oran-park;concreters-spring-farm
across the import record the,15,concreters-austral;concreters-bringelly;concreters-catherine-field;concreters-cobbitty;concreters-currans-hill;concreters-edmondson-park;concreters-elderslie;concreters-gledswood-hills;concreters-gregory-hills;concreters-harrington-park;concreters-leppington;concreters-mount-annan;concreters-narellan;concreters-oran-park;concreters-spring-farm
the import record the supplied,15,concreters-austral;concreters-bringelly;concreters-catherine-field;concreters-cobbitty;concreters-currans-hill;concreters-edmondson-park;concreters-elderslie;concreters-gledswood-hills;concreters-gregory-hills;concreters-harrington-park;concreters-leppington;concreters-mount-annan;concreters-narellan;concreters-oran-park;concreters-spring-farm
body uses that set only,15,concreters-austral;concreters-bringelly;concreters-catherine-field;concreters-cobbitty;concreters-currans-hill;concreters-edmondson-park;concreters-elderslie;concreters-gledswood-hills;concreters-gregory-hills;concreters-harrington-park;concreters-leppington;concreters-mount-annan;concreters-narellan;concreters-oran-park;concreters-spring-farm
uses that set only where,15,concreters-austral;concreters-bringelly;concreters-catherine-field;concreters-cobbitty;concreters-currans-hill;concreters-edmondson-park;concreters-elderslie;concreters-gledswood-hills;concreters-gregory-hills;concreters-harrington-park;concreters-leppington;concreters-mount-annan;concreters-narellan;concreters-oran-park;concreters-spring-farm
that set only where the,15,concreters-austral;concreters-bringelly;concreters-catherine-field;concreters-cobbitty;concreters-currans-hill;concreters-edmondson-park;concreters-elderslie;concreters-gledswood-hills;concreters-gregory-hills;concreters-harrington-park;concreters-leppington;concreters-mount-annan;concreters-narellan;concreters-oran-park;concreters-spring-farm
set only where the researched,15,concreters-austral;concreters-bringelly;concreters-catherine-field;concreters-cobbitty;concreters-currans-hill;concreters-edmondson-park;concreters-elderslie;concreters-gledswood-hills;concreters-gregory-hills;concreters-harrington-park;concreters-leppington;concreters-mount-annan;concreters-narellan;concreters-oran-park;concreters-spring-farm
only where the researched ground,15,concreters-austral;concreters-bringelly;concreters-catherine-field;concreters-cobbitty;concreters-currans-hill;concreters-edmondson-park;concreters-elderslie;concreters-gledswood-hills;concreters-gregory-hills;concreters-harrington-park;concreters-leppington;concreters-mount-annan;concreters-narellan;concreters-oran-park;concreters-spring-farm
where the researched ground approval,15,concreters-austral;concreters-bringelly;concreters-catherine-field;concreters-cobbitty;concreters-currans-hill;concreters-edmondson-park;concreters-elderslie;concreters-gledswood-hills;concreters-gregory-hills;concreters-harrington-park;concreters-leppington;concreters-mount-annan;concreters-narellan;concreters-oran-park;concreters-spring-farm
the researched ground approval or,15,concreters-austral;concreters-bringelly;concreters-catherine-field;concreters-cobbitty;concreters-currans-hill;concreters-edmondson-park;concreters-elderslie;concreters-gledswood-hills;concreters-gregory-hills;concreters-harrington-park;concreters-leppington;concreters-mount-annan;concreters-narellan;concreters-oran-park;concreters-spring-farm
researched ground approval or job,15,concreters-austral;concreters-bringelly;concreters-catherine-field;concreters-cobbitty;concreters-currans-hill;concreters-edmondson-park;concreters-elderslie;concreters-gledswood-hills;concreters-gregory-hills;concreters-harrington-park;concreters-leppington;concreters-mount-annan;concreters-narellan;concreters-oran-park;concreters-spring-farm
ground approval or job evidence,15,concreters-austral;concreters-bringelly;concreters-catherine-field;concreters-cobbitty;concreters-currans-hill;concreters-edmondson-park;concreters-elderslie;concreters-gledswood-hills;concreters-gregory-hills;concreters-harrington-park;concreters-leppington;concreters-mount-annan;concreters-narellan;concreters-oran-park;concreters-spring-farm
approval or job evidence supports,15,concreters-austral;concreters-bringelly;concreters-catherine-field;concreters-cobbitty;concreters-currans-hill;concreters-edmondson-park;concreters-elderslie;concreters-gledswood-hills;concreters-gregory-hills;concreters-harrington-park;concreters-leppington;concreters-mount-annan;concreters-narellan;concreters-oran-park;concreters-spring-farm
or job evidence supports the,15,concreters-austral;concreters-bringelly;concreters-catherine-field;concreters-cobbitty;concreters-currans-hill;concreters-edmondson-park;concreters-elderslie;concreters-gledswood-hills;concreters-gregory-hills;concreters-harrington-park;concreters-leppington;concreters-mount-annan;concreters-narellan;concreters-oran-park;concreters-spring-farm
job evidence supports the wording,15,concreters-austral;concreters-bringelly;concreters-catherine-field;concreters-cobbitty;concreters-currans-hill;concreters-edmondson-park;concreters-elderslie;concreters-gledswood-hills;concreters-gregory-hills;concreters-harrington-park;concreters-leppington;concreters-mount-annan;concreters-narellan;concreters-oran-park;concreters-spring-farm
evidence reaches that topic the,15,concreters-austral;concreters-bringelly;concreters-catherine-field;concreters-cobbitty;concreters-currans-hill;concreters-edmondson-park;concreters-elderslie;concreters-gledswood-hills;concreters-gregory-hills;concreters-harrington-park;concreters-leppington;concreters-mount-annan;concreters-narellan;concreters-oran-park;concreters-spring-farm
reaches that topic the lot,15,concreters-austral;concreters-bringelly;concreters-catherine-field;concreters-cobbitty;concreters-currans-hill;concreters-edmondson-park;concreters-elderslie;concreters-gledswood-hills;concreters-gregory-hills;concreters-harrington-park;concreters-leppington;concreters-mount-annan;concreters-narellan;concreters-oran-park;concreters-spring-farm
that topic the lot record,15,concreters-austral;concreters-bringelly;concreters-catherine-field;concreters-cobbitty;concreters-currans-hill;concreters-edmondson-park;concreters-elderslie;concreters-gledswood-hills;concreters-gregory-hills;concreters-harrington-park;concreters-leppington;concreters-mount-annan;concreters-narellan;concreters-oran-park;concreters-spring-farm
topic the lot record still,15,concreters-austral;concreters-bringelly;concreters-catherine-field;concreters-cobbitty;concreters-currans-hill;concreters-edmondson-park;concreters-elderslie;concreters-gledswood-hills;concreters-gregory-hills;concreters-harrington-park;concreters-leppington;concreters-mount-annan;concreters-narellan;concreters-oran-park;concreters-spring-farm
the lot record still controls,15,concreters-austral;concreters-bringelly;concreters-catherine-field;concreters-cobbitty;concreters-currans-hill;concreters-edmondson-park;concreters-elderslie;concreters-gledswood-hills;concreters-gregory-hills;concreters-harrington-park;concreters-leppington;concreters-mount-annan;concreters-narellan;concreters-oran-park;concreters-spring-farm
lot record still controls the,15,concreters-austral;concreters-bringelly;concreters-catherine-field;concreters-cobbitty;concreters-currans-hill;concreters-edmondson-park;concreters-elderslie;concreters-gledswood-hills;concreters-gregory-hills;concreters-harrington-park;concreters-leppington;concreters-mount-annan;concreters-narellan;concreters-oran-park;concreters-spring-farm
record still controls the decision,15,concreters-austral;concreters-bringelly;concreters-catherine-field;concreters-cobbitty;concreters-currans-hill;concreters-edmondson-park;concreters-elderslie;concreters-gledswood-hills;concreters-gregory-hills;concreters-harrington-park;concreters-leppington;concreters-mount-annan;concreters-narellan;concreters-oran-park;concreters-spring-farm
customers choose us fixed price,15,concreters-austral;concreters-bringelly;concreters-catherine-field;concreters-cobbitty;concreters-currans-hill;concreters-edmondson-park;concreters-elderslie;concreters-gledswood-hills;concreters-gregory-hills;concreters-harrington-park;concreters-leppington;concreters-mount-annan;concreters-narellan;concreters-oran-park;concreters-spring-farm
choose us fixed price on,15,concreters-austral;concreters-bringelly;concreters-catherine-field;concreters-cobbitty;concreters-currans-hill;concreters-edmondson-park;concreters-elderslie;concreters-gledswood-hills;concreters-gregory-hills;concreters-harrington-park;concreters-leppington;concreters-mount-annan;concreters-narellan;concreters-oran-park;concreters-spring-farm
us fixed price on site,15,concreters-austral;concreters-bringelly;concreters-catherine-field;concreters-cobbitty;concreters-currans-hill;concreters-edmondson-park;concreters-elderslie;concreters-gledswood-hills;concreters-gregory-hills;concreters-harrington-park;concreters-leppington;concreters-mount-annan;concreters-narellan;concreters-oran-park;concreters-spring-farm
fixed price on site quotes,15,concreters-austral;concreters-bringelly;concreters-catherine-field;concreters-cobbitty;concreters-currans-hill;concreters-edmondson-park;concreters-elderslie;concreters-gledswood-hills;concreters-gregory-hills;concreters-harrington-park;concreters-leppington;concreters-mount-annan;concreters-narellan;concreters-oran-park;concreters-spring-farm
price on site quotes in,15,concreters-austral;concreters-bringelly;concreters-catherine-field;concreters-cobbitty;concreters-currans-hill;concreters-edmondson-park;concreters-elderslie;concreters-gledswood-hills;concreters-gregory-hills;concreters-harrington-park;concreters-leppington;concreters-mount-annan;concreters-narellan;concreters-oran-park;concreters-spring-farm
on site quotes in oran,15,concreters-austral;concreters-bringelly;concreters-catherine-field;concreters-cobbitty;concreters-currans-hill;concreters-edmondson-park;concreters-elderslie;concreters-gledswood-hills;concreters-gregory-hills;concreters-harrington-park;concreters-leppington;concreters-mount-annan;concreters-narellan;concreters-oran-park;concreters-spring-farm
site quotes in oran park,15,concreters-austral;concreters-bringelly;concreters-catherine-field;concreters-cobbitty;concreters-currans-hill;concreters-edmondson-park;concreters-elderslie;concreters-gledswood-hills;concreters-gregory-hills;concreters-harrington-park;concreters-leppington;concreters-mount-annan;concreters-narellan;concreters-oran-park;concreters-spring-farm
proper base preparation and reinforcement,15,concreters-austral;concreters-bringelly;concreters-catherine-field;concreters-cobbitty;concreters-currans-hill;concreters-edmondson-park;concreters-elderslie;concreters-gledswood-hills;concreters-gregory-hills;concreters-harrington-park;concreters-leppington;concreters-mount-annan;concreters-narellan;concreters-oran-park;concreters-spring-farm
workmanship you can rely on,15,concreters-austral;concreters-bringelly;concreters-catherine-field;concreters-cobbitty;concreters-currans-hill;concreters-edmondson-park;concreters-elderslie;concreters-gledswood-hills;concreters-gregory-hills;concreters-harrington-park;concreters-leppington;concreters-mount-annan;concreters-narellan;concreters-oran-park;concreters-spring-farm
that local condition shapes how,14,concreters-austral;concreters-bringelly;concreters-catherine-field;concreters-cobbitty;concreters-currans-hill;concreters-edmondson-park;concreters-elderslie;concreters-gledswood-hills;concreters-gregory-hills;concreters-harrington-park;concreters-leppington;concreters-mount-annan;concreters-narellan;concreters-spring-farm
local condition shapes how concrete,14,concreters-austral;concreters-bringelly;concreters-catherine-field;concreters-cobbitty;concreters-currans-hill;concreters-edmondson-park;concreters-elderslie;concreters-gledswood-hills;concreters-gregory-hills;concreters-harrington-park;concreters-leppington;concreters-mount-annan;concreters-narellan;concreters-spring-farm
condition shapes how concrete work,14,concreters-austral;concreters-bringelly;concreters-catherine-field;concreters-cobbitty;concreters-currans-hill;concreters-edmondson-park;concreters-elderslie;concreters-gledswood-hills;concreters-gregory-hills;concreters-harrington-park;concreters-leppington;concreters-mount-annan;concreters-narellan;concreters-spring-farm
shapes how concrete work is,14,concreters-austral;concreters-bringelly;concreters-catherine-field;concreters-cobbitty;concreters-currans-hill;concreters-edmondson-park;concreters-elderslie;concreters-gledswood-hills;concreters-gregory-hills;concreters-harrington-park;concreters-leppington;concreters-mount-annan;concreters-narellan;concreters-spring-farm
how concrete work is scoped,14,concreters-austral;concreters-bringelly;concreters-catherine-field;concreters-cobbitty;concreters-currans-hill;concreters-edmondson-park;concreters-elderslie;concreters-gledswood-hills;concreters-gregory-hills;concreters-harrington-park;concreters-leppington;concreters-mount-annan;concreters-narellan;concreters-spring-farm
concrete work is scoped in,14,concreters-austral;concreters-bringelly;concreters-catherine-field;concreters-cobbitty;concreters-currans-hill;concreters-edmondson-park;concreters-elderslie;concreters-gledswood-hills;concreters-gregory-hills;concreters-harrington-park;concreters-leppington;concreters-mount-annan;concreters-narellan;concreters-spring-farm
corex concreters camden covers driveways,14,concreters-austral;concreters-bringelly;concreters-catherine-field;concreters-cobbitty;concreters-currans-hill;concreters-edmondson-park;concreters-elderslie;concreters-gledswood-hills;concreters-gregory-hills;concreters-harrington-park;concreters-leppington;concreters-mount-annan;concreters-narellan;concreters-spring-farm
concreters camden covers driveways slabs,14,concreters-austral;concreters-bringelly;concreters-catherine-field;concreters-cobbitty;concreters-currans-hill;concreters-edmondson-park;concreters-elderslie;concreters-gledswood-hills;concreters-gregory-hills;concreters-harrington-park;concreters-leppington;concreters-mount-annan;concreters-narellan;concreters-spring-farm
camden covers driveways slabs paths,14,concreters-austral;concreters-bringelly;concreters-catherine-field;concreters-cobbitty;concreters-currans-hill;concreters-edmondson-park;concreters-elderslie;concreters-gledswood-hills;concreters-gregory-hills;concreters-harrington-park;concreters-leppington;concreters-mount-annan;concreters-narellan;concreters-spring-farm
covers driveways slabs paths and,14,concreters-austral;concreters-bringelly;concreters-catherine-field;concreters-cobbitty;concreters-currans-hill;concreters-edmondson-park;concreters-elderslie;concreters-gledswood-hills;concreters-gregory-hills;concreters-harrington-park;concreters-leppington;concreters-mount-annan;concreters-narellan;concreters-spring-farm
paths and outdoor areas with,14,concreters-austral;concreters-bringelly;concreters-catherine-field;concreters-cobbitty;concreters-currans-hill;concreters-edmondson-park;concreters-elderslie;concreters-gledswood-hills;concreters-gregory-hills;concreters-harrington-park;concreters-leppington;concreters-mount-annan;concreters-narellan;concreters-spring-farm
and outdoor areas with the,14,concreters-austral;concreters-bringelly;concreters-catherine-field;concreters-cobbitty;concreters-currans-hill;concreters-edmondson-park;concreters-elderslie;concreters-gledswood-hills;concreters-gregory-hills;concreters-harrington-park;concreters-leppington;concreters-mount-annan;concreters-narellan;concreters-spring-farm
outdoor areas with the site,14,concreters-austral;concreters-bringelly;concreters-catherine-field;concreters-cobbitty;concreters-currans-hill;concreters-edmondson-park;concreters-elderslie;concreters-gledswood-hills;concreters-gregory-hills;concreters-harrington-park;concreters-leppington;concreters-mount-annan;concreters-narellan;concreters-spring-farm
areas with the site checked,14,concreters-austral;concreters-bringelly;concreters-catherine-field;concreters-cobbitty;concreters-currans-hill;concreters-edmondson-park;concreters-elderslie;concreters-gledswood-hills;concreters-gregory-hills;concreters-harrington-park;concreters-leppington;concreters-mount-annan;concreters-narellan;concreters-spring-farm
with the site checked before,14,concreters-austral;concreters-bringelly;concreters-catherine-field;concreters-cobbitty;concreters-currans-hill;concreters-edmondson-park;concreters-elderslie;concreters-gledswood-hills;concreters-gregory-hills;concreters-harrington-park;concreters-leppington;concreters-mount-annan;concreters-narellan;concreters-spring-farm
the site checked before a,14,concreters-austral;concreters-bringelly;concreters-catherine-field;concreters-cobbitty;concreters-currans-hill;concreters-edmondson-park;concreters-elderslie;concreters-gledswood-hills;concreters-gregory-hills;concreters-harrington-park;concreters-leppington;concreters-mount-annan;concreters-narellan;concreters-spring-farm
site checked before a written,14,concreters-austral;concreters-bringelly;concreters-catherine-field;concreters-cobbitty;concreters-currans-hill;concreters-edmondson-park;concreters-elderslie;concreters-gledswood-hills;concreters-gregory-hills;concreters-harrington-park;concreters-leppington;concreters-mount-annan;concreters-narellan;concreters-spring-farm
checked before a written quote,14,concreters-austral;concreters-bringelly;concreters-catherine-field;concreters-cobbitty;concreters-currans-hill;concreters-edmondson-park;concreters-elderslie;concreters-gledswood-hills;concreters-gregory-hills;concreters-harrington-park;concreters-leppington;concreters-mount-annan;concreters-narellan;concreters-spring-farm
before a written quote is,14,concreters-austral;concreters-bringelly;concreters-catherine-field;concreters-cobbitty;concreters-currans-hill;concreters-edmondson-park;concreters-elderslie;concreters-gledswood-hills;concreters-gregory-hills;concreters-harrington-park;concreters-leppington;concreters-mount-annan;concreters-narellan;concreters-spring-farm
a written quote is issued,14,concreters-austral;concreters-bringelly;concreters-catherine-field;concreters-cobbitty;concreters-currans-hill;concreters-edmondson-park;concreters-elderslie;concreters-gledswood-hills;concreters-gregory-hills;concreters-harrington-park;concreters-leppington;concreters-mount-annan;concreters-narellan;concreters-spring-farm
written quote is issued get,14,concreters-austral;concreters-bringelly;concreters-catherine-field;concreters-cobbitty;concreters-currans-hill;concreters-edmondson-park;concreters-elderslie;concreters-gledswood-hills;concreters-gregory-hills;concreters-harrington-park;concreters-leppington;concreters-mount-annan;concreters-narellan;concreters-spring-farm
quote is issued get your,14,concreters-austral;concreters-bringelly;concreters-catherine-field;concreters-cobbitty;concreters-currans-hill;concreters-edmondson-park;concreters-elderslie;concreters-gledswood-hills;concreters-gregory-hills;concreters-harrington-park;concreters-leppington;concreters-mount-annan;concreters-narellan;concreters-spring-farm
is issued get your free,14,concreters-austral;concreters-bringelly;concreters-catherine-field;concreters-cobbitty;concreters-currans-hill;concreters-edmondson-park;concreters-elderslie;concreters-gledswood-hills;concreters-gregory-hills;concreters-harrington-park;concreters-leppington;concreters-mount-annan;concreters-narellan;concreters-spring-farm
issued get your free quote,14,concreters-austral;concreters-bringelly;concreters-catherine-field;concreters-cobbitty;concreters-currans-hill;concreters-edmondson-park;concreters-elderslie;concreters-gledswood-hills;concreters-gregory-hills;concreters-harrington-park;concreters-leppington;concreters-mount-annan;concreters-narellan;concreters-spring-farm
ordered around the verified local,14,concreters-austral;concreters-bringelly;concreters-catherine-field;concreters-cobbitty;concreters-currans-hill;concreters-edmondson-park;concreters-elderslie;concreters-gledswood-hills;concreters-gregory-hills;concreters-harrington-park;concreters-leppington;concreters-mount-annan;concreters-narellan;concreters-spring-farm
around the verified local job,14,concreters-austral;concreters-bringelly;concreters-catherine-field;concreters-cobbitty;concreters-currans-hill;concreters-edmondson-park;concreters-elderslie;concreters-gledswood-hills;concreters-gregory-hills;concreters-harrington-park;concreters-leppington;concreters-mount-annan;concreters-narellan;concreters-spring-farm
the verified local job mix,14,concreters-austral;concreters-bringelly;concreters-catherine-field;concreters-cobbitty;concreters-currans-hill;concreters-edmondson-park;concreters-elderslie;concreters-gledswood-hills;concreters-gregory-hills;concreters-harrington-park;concreters-leppington;concreters-mount-annan;concreters-narellan;concreters-spring-farm
verified local job mix concrete,14,concreters-austral;concreters-bringelly;concreters-catherine-field;concreters-cobbitty;concreters-currans-hill;concreters-edmondson-park;concreters-elderslie;concreters-gledswood-hills;concreters-gregory-hills;concreters-harrington-park;concreters-leppington;concreters-mount-annan;concreters-narellan;concreters-spring-farm
local job mix concrete driveways,14,concreters-austral;concreters-bringelly;concreters-catherine-field;concreters-cobbitty;concreters-currans-hill;concreters-edmondson-park;concreters-elderslie;concreters-gledswood-hills;concreters-gregory-hills;concreters-harrington-park;concreters-leppington;concreters-mount-annan;concreters-narellan;concreters-spring-farm
coloured stencil honed finishes the,14,concreters-austral;concreters-bringelly;concreters-catherine-field;concreters-cobbitty;concreters-currans-hill;concreters-edmondson-park;concreters-elderslie;concreters-gledswood-hills;concreters-gregory-hills;concreters-harrington-park;concreters-leppington;concreters-mount-annan;concreters-narellan;concreters-spring-farm
stencil honed finishes the recorded,14,concreters-austral;concreters-bringelly;concreters-catherine-field;concreters-cobbitty;concreters-currans-hill;concreters-edmondson-park;concreters-elderslie;concreters-gledswood-hills;concreters-gregory-hills;concreters-harrington-park;concreters-leppington;concreters-mount-annan;concreters-narellan;concreters-spring-farm
honed finishes the recorded housing,14,concreters-austral;concreters-bringelly;concreters-catherine-field;concreters-cobbitty;concreters-currans-hill;concreters-edmondson-park;concreters-elderslie;concreters-gledswood-hills;concreters-gregory-hills;concreters-harrington-park;concreters-leppington;concreters-mount-annan;concreters-narellan;concreters-spring-farm
finishes the recorded housing profile,14,concreters-austral;concreters-bringelly;concreters-catherine-field;concreters-cobbitty;concreters-currans-hill;concreters-edmondson-park;concreters-elderslie;concreters-gledswood-hills;concreters-gregory-hills;concreters-harrington-park;concreters-leppington;concreters-mount-annan;concreters-narellan;concreters-spring-farm
the recorded housing profile for,14,concreters-austral;concreters-bringelly;concreters-catherine-field;concreters-cobbitty;concreters-currans-hill;concreters-edmondson-park;concreters-elderslie;concreters-gledswood-hills;concreters-gregory-hills;concreters-harrington-park;concreters-leppington;concreters-mount-annan;concreters-narellan;concreters-spring-farm
with access commonly read from,14,concreters-austral;concreters-bringelly;concreters-catherine-field;concreters-cobbitty;concreters-currans-hill;concreters-edmondson-park;concreters-elderslie;concreters-gledswood-hills;concreters-gregory-hills;concreters-harrington-park;concreters-leppington;concreters-mount-annan;concreters-narellan;concreters-spring-farm
the verified local distinction is,14,concreters-austral;concreters-bringelly;concreters-catherine-field;concreters-cobbitty;concreters-currans-hill;concreters-edmondson-park;concreters-elderslie;concreters-gledswood-hills;concreters-gregory-hills;concreters-harrington-park;concreters-leppington;concreters-mount-annan;concreters-narellan;concreters-spring-farm
verified local distinction is specific,14,concreters-austral;concreters-bringelly;concreters-catherine-field;concreters-cobbitty;concreters-currans-hill;concreters-edmondson-park;concreters-elderslie;concreters-gledswood-hills;concreters-gregory-hills;concreters-harrington-park;concreters-leppington;concreters-mount-annan;concreters-narellan;concreters-spring-farm
carries that service decision the,14,concreters-austral;concreters-bringelly;concreters-catherine-field;concreters-cobbitty;concreters-currans-hill;concreters-edmondson-park;concreters-elderslie;concreters-gledswood-hills;concreters-gregory-hills;concreters-harrington-park;concreters-leppington;concreters-mount-annan;concreters-narellan;concreters-spring-farm
that service decision the typical,14,concreters-austral;concreters-bringelly;concreters-catherine-field;concreters-cobbitty;concreters-currans-hill;concreters-edmondson-park;concreters-elderslie;concreters-gledswood-hills;concreters-gregory-hills;concreters-harrington-park;concreters-leppington;concreters-mount-annan;concreters-narellan;concreters-spring-farm
preparation is matched to the,14,concreters-austral;concreters-bringelly;concreters-catherine-field;concreters-cobbitty;concreters-currans-hill;concreters-edmondson-park;concreters-elderslie;concreters-gledswood-hills;concreters-gregory-hills;concreters-harrington-park;concreters-leppington;concreters-mount-annan;concreters-narellan;concreters-spring-farm
is matched to the verified,14,concreters-austral;concreters-bringelly;concreters-catherine-field;concreters-cobbitty;concreters-currans-hill;concreters-edmondson-park;concreters-elderslie;concreters-gledswood-hills;concreters-gregory-hills;concreters-harrington-park;concreters-leppington;concreters-mount-annan;concreters-narellan;concreters-spring-farm
ground profile the finished levels,14,concreters-austral;concreters-bringelly;concreters-catherine-field;concreters-cobbitty;concreters-currans-hill;concreters-edmondson-park;concreters-elderslie;concreters-gledswood-hills;concreters-gregory-hills;concreters-harrington-park;concreters-leppington;concreters-mount-annan;concreters-narellan;concreters-spring-farm
profile the finished levels and,14,concreters-austral;concreters-bringelly;concreters-catherine-field;concreters-cobbitty;concreters-currans-hill;concreters-edmondson-park;concreters-elderslie;concreters-gledswood-hills;concreters-gregory-hills;concreters-harrington-park;concreters-leppington;concreters-mount-annan;concreters-narellan;concreters-spring-farm
the finished levels and the,14,concreters-austral;concreters-bringelly;concreters-catherine-field;concreters-cobbitty;concreters-currans-hill;concreters-edmondson-park;concreters-elderslie;concreters-gledswood-hills;concreters-gregory-hills;concreters-harrington-park;concreters-leppington;concreters-mount-annan;concreters-narellan;concreters-spring-farm
finished levels and the intended,14,concreters-austral;concreters-bringelly;concreters-catherine-field;concreters-cobbitty;concreters-currans-hill;concreters-edmondson-park;concreters-elderslie;concreters-gledswood-hills;concreters-gregory-hills;concreters-harrington-park;concreters-leppington;concreters-mount-annan;concreters-narellan;concreters-spring-farm
levels and the intended load,14,concreters-austral;concreters-bringelly;concreters-catherine-field;concreters-cobbitty;concreters-currans-hill;concreters-edmondson-park;concreters-elderslie;concreters-gledswood-hills;concreters-gregory-hills;concreters-harrington-park;concreters-leppington;concreters-mount-annan;concreters-narellan;concreters-spring-farm
and the intended load rather,14,concreters-austral;concreters-bringelly;concreters-catherine-field;concreters-cobbitty;concreters-currans-hill;concreters-edmondson-park;concreters-elderslie;concreters-gledswood-hills;concreters-gregory-hills;concreters-harrington-park;concreters-leppington;concreters-mount-annan;concreters-narellan;concreters-spring-farm
the intended load rather than,14,concreters-austral;concreters-bringelly;concreters-catherine-field;concreters-cobbitty;concreters-currans-hill;concreters-edmondson-park;concreters-elderslie;concreters-gledswood-hills;concreters-gregory-hills;concreters-harrington-park;concreters-leppington;concreters-mount-annan;concreters-narellan;concreters-spring-farm
intended load rather than copied,14,concreters-austral;concreters-bringelly;concreters-catherine-field;concreters-cobbitty;concreters-currans-hill;concreters-edmondson-park;concreters-elderslie;concreters-gledswood-hills;concreters-gregory-hills;concreters-harrington-park;concreters-leppington;concreters-mount-annan;concreters-narellan;concreters-spring-farm
load rather than copied from,14,concreters-austral;concreters-bringelly;concreters-catherine-field;concreters-cobbitty;concreters-currans-hill;concreters-edmondson-park;concreters-elderslie;concreters-gledswood-hills;concreters-gregory-hills;concreters-harrington-park;concreters-leppington;concreters-mount-annan;concreters-narellan;concreters-spring-farm
rather than copied from a,14,concreters-austral;concreters-bringelly;concreters-catherine-field;concreters-cobbitty;concreters-currans-hill;concreters-edmondson-park;concreters-elderslie;concreters-gledswood-hills;concreters-gregory-hills;concreters-harrington-park;concreters-leppington;concreters-mount-annan;concreters-narellan;concreters-spring-farm
than copied from a neighbouring,14,concreters-austral;concreters-bringelly;concreters-catherine-field;concreters-cobbitty;concreters-currans-hill;concreters-edmondson-park;concreters-elderslie;concreters-gledswood-hills;concreters-gregory-hills;concreters-harrington-park;concreters-leppington;concreters-mount-annan;concreters-narellan;concreters-spring-farm
copied from a neighbouring suburb,14,concreters-austral;concreters-bringelly;concreters-catherine-field;concreters-cobbitty;concreters-currans-hill;concreters-edmondson-park;concreters-elderslie;concreters-gledswood-hills;concreters-gregory-hills;concreters-harrington-park;concreters-leppington;concreters-mount-annan;concreters-narellan;concreters-spring-farm
the related vehicle crossing requirements,14,concreters-austral;concreters-bringelly;concreters-catherine-field;concreters-cobbitty;concreters-currans-hill;concreters-edmondson-park;concreters-elderslie;concreters-gledswood-hills;concreters-gregory-hills;concreters-harrington-park;concreters-leppington;concreters-mount-annan;concreters-narellan;concreters-spring-farm
related vehicle crossing requirements guide,14,concreters-austral;concreters-bringelly;concreters-catherine-field;concreters-cobbitty;concreters-currans-hill;concreters-edmondson-park;concreters-elderslie;concreters-gledswood-hills;concreters-gregory-hills;concreters-harrington-park;concreters-leppington;concreters-mount-annan;concreters-narellan;concreters-spring-farm
vehicle crossing requirements guide records,14,concreters-austral;concreters-bringelly;concreters-catherine-field;concreters-cobbitty;concreters-currans-hill;concreters-edmondson-park;concreters-elderslie;concreters-gledswood-hills;concreters-gregory-hills;concreters-harrington-park;concreters-leppington;concreters-mount-annan;concreters-narellan;concreters-spring-farm
crossing requirements guide records the,14,concreters-austral;concreters-bringelly;concreters-catherine-field;concreters-cobbitty;concreters-currans-hill;concreters-edmondson-park;concreters-elderslie;concreters-gledswood-hills;concreters-gregory-hills;concreters-harrington-park;concreters-leppington;concreters-mount-annan;concreters-narellan;concreters-spring-farm
requirements guide records the council,14,concreters-austral;concreters-bringelly;concreters-catherine-field;concreters-cobbitty;concreters-currans-hill;concreters-edmondson-park;concreters-elderslie;concreters-gledswood-hills;concreters-gregory-hills;concreters-harrington-park;concreters-leppington;concreters-mount-annan;concreters-narellan;concreters-spring-farm
guide records the council level,14,concreters-austral;concreters-bringelly;concreters-catherine-field;concreters-cobbitty;concreters-currans-hill;concreters-edmondson-park;concreters-elderslie;concreters-gledswood-hills;concreters-gregory-hills;concreters-harrington-park;concreters-leppington;concreters-mount-annan;concreters-narellan;concreters-spring-farm
records the council level process,14,concreters-austral;concreters-bringelly;concreters-catherine-field;concreters-cobbitty;concreters-currans-hill;concreters-edmondson-park;concreters-elderslie;concreters-gledswood-hills;concreters-gregory-hills;concreters-harrington-park;concreters-leppington;concreters-mount-annan;concreters-narellan;concreters-spring-farm
still controls the decision real,14,concreters-austral;concreters-bringelly;concreters-catherine-field;concreters-cobbitty;concreters-currans-hill;concreters-edmondson-park;concreters-elderslie;concreters-gledswood-hills;concreters-gregory-hills;concreters-harrington-park;concreters-leppington;concreters-mount-annan;concreters-narellan;concreters-spring-farm
controls the decision real photo,14,concreters-austral;concreters-bringelly;concreters-catherine-field;concreters-cobbitty;concreters-currans-hill;concreters-edmondson-park;concreters-elderslie;concreters-gledswood-hills;concreters-gregory-hills;concreters-harrington-park;concreters-leppington;concreters-mount-annan;concreters-narellan;concreters-spring-farm
the decision real photo pending,14,concreters-austral;concreters-bringelly;concreters-catherine-field;concreters-cobbitty;concreters-currans-hill;concreters-edmondson-park;concreters-elderslie;concreters-gledswood-hills;concreters-gregory-hills;concreters-harrington-park;concreters-leppington;concreters-mount-annan;concreters-narellan;concreters-spring-farm
decision real photo pending verified,14,concreters-austral;concreters-bringelly;concreters-catherine-field;concreters-cobbitty;concreters-currans-hill;concreters-edmondson-park;concreters-elderslie;concreters-gledswood-hills;concreters-gregory-hills;concreters-harrington-park;concreters-leppington;concreters-mount-annan;concreters-narellan;concreters-spring-farm
real photo pending verified corex,14,concreters-austral;concreters-bringelly;concreters-catherine-field;concreters-cobbitty;concreters-currans-hill;concreters-edmondson-park;concreters-elderslie;concreters-gledswood-hills;concreters-gregory-hills;concreters-harrington-park;concreters-leppington;concreters-mount-annan;concreters-narellan;concreters-spring-farm
photo pending verified corex project,14,concreters-austral;concreters-bringelly;concreters-catherine-field;concreters-cobbitty;concreters-currans-hill;concreters-edmondson-park;concreters-elderslie;concreters-gledswood-hills;concreters-gregory-hills;concreters-harrington-park;concreters-leppington;concreters-mount-annan;concreters-narellan;concreters-spring-farm
pending verified corex project in,14,concreters-austral;concreters-bringelly;concreters-catherine-field;concreters-cobbitty;concreters-currans-hill;concreters-edmondson-park;concreters-elderslie;concreters-gledswood-hills;concreters-gregory-hills;concreters-harrington-park;concreters-leppington;concreters-mount-annan;concreters-narellan;concreters-spring-farm
written scope item 1 is,14,concreters-austral;concreters-bringelly;concreters-catherine-field;concreters-cobbitty;concreters-currans-hill;concreters-edmondson-park;concreters-elderslie;concreters-gledswood-hills;concreters-gregory-hills;concreters-harrington-park;concreters-leppington;concreters-mount-annan;concreters-narellan;concreters-spring-farm
scope item 1 is checked,14,concreters-austral;concreters-bringelly;concreters-catherine-field;concreters-cobbitty;concreters-currans-hill;concreters-edmondson-park;concreters-elderslie;concreters-gledswood-hills;concreters-gregory-hills;concreters-harrington-park;concreters-leppington;concreters-mount-annan;concreters-narellan;concreters-spring-farm
item 1 is checked against,14,concreters-austral;concreters-bringelly;concreters-catherine-field;concreters-cobbitty;concreters-currans-hill;concreters-edmondson-park;concreters-elderslie;concreters-gledswood-hills;concreters-gregory-hills;concreters-harrington-park;concreters-leppington;concreters-mount-annan;concreters-narellan;concreters-spring-farm
1 is checked against the,14,concreters-austral;concreters-bringelly;concreters-catherine-field;concreters-cobbitty;concreters-currans-hill;concreters-edmondson-park;concreters-elderslie;concreters-gledswood-hills;concreters-gregory-hills;concreters-harrington-park;concreters-leppington;concreters-mount-annan;concreters-narellan;concreters-spring-farm
site before work starts proper,14,concreters-austral;concreters-bringelly;concreters-catherine-field;concreters-cobbitty;concreters-currans-hill;concreters-edmondson-park;concreters-elderslie;concreters-gledswood-hills;concreters-gregory-hills;concreters-harrington-park;concreters-leppington;concreters-mount-annan;concreters-narellan;concreters-spring-farm
before work starts proper base,14,concreters-austral;concreters-bringelly;concreters-catherine-field;concreters-cobbitty;concreters-currans-hill;concreters-edmondson-park;concreters-elderslie;concreters-gledswood-hills;concreters-gregory-hills;concreters-harrington-park;concreters-leppington;concreters-mount-annan;concreters-narellan;concreters-spring-farm
work starts proper base preparation,14,concreters-austral;concreters-bringelly;concreters-catherine-field;concreters-cobbitty;concreters-currans-hill;concreters-edmondson-park;concreters-elderslie;concreters-gledswood-hills;concreters-gregory-hills;concreters-harrington-park;concreters-leppington;concreters-mount-annan;concreters-narellan;concreters-spring-farm
starts proper base preparation and,14,concreters-austral;concreters-bringelly;concreters-catherine-field;concreters-cobbitty;concreters-currans-hill;concreters-edmondson-park;concreters-elderslie;concreters-gledswood-hills;concreters-gregory-hills;concreters-harrington-park;concreters-leppington;concreters-mount-annan;concreters-narellan;concreters-spring-farm
written scope item 2 is,14,concreters-austral;concreters-bringelly;concreters-catherine-field;concreters-cobbitty;concreters-currans-hill;concreters-edmondson-park;concreters-elderslie;concreters-gledswood-hills;concreters-gregory-hills;concreters-harrington-park;concreters-leppington;concreters-mount-annan;concreters-narellan;concreters-spring-farm
scope item 2 is checked,14,concreters-austral;concreters-bringelly;concreters-catherine-field;concreters-cobbitty;concreters-currans-hill;concreters-edmondson-park;concreters-elderslie;concreters-gledswood-hills;concreters-gregory-hills;concreters-harrington-park;concreters-leppington;concreters-mount-annan;concreters-narellan;concreters-spring-farm
item 2 is checked against,14,concreters-austral;concreters-bringelly;concreters-catherine-field;concreters-cobbitty;concreters-currans-hill;concreters-edmondson-park;concreters-elderslie;concreters-gledswood-hills;concreters-gregory-hills;concreters-harrington-park;concreters-leppington;concreters-mount-annan;concreters-narellan;concreters-spring-farm
2 is checked against the,14,concreters-austral;concreters-bringelly;concreters-catherine-field;concreters-cobbitty;concreters-currans-hill;concreters-edmondson-park;concreters-elderslie;concreters-gledswood-hills;concreters-gregory-hills;concreters-harrington-park;concreters-leppington;concreters-mount-annan;concreters-narellan;concreters-spring-farm
site before work starts licensed,14,concreters-austral;concreters-bringelly;concreters-catherine-field;concreters-cobbitty;concreters-currans-hill;concreters-edmondson-park;concreters-elderslie;concreters-gledswood-hills;concreters-gregory-hills;concreters-harrington-park;concreters-leppington;concreters-mount-annan;concreters-narellan;concreters-spring-farm
before work starts licensed insured,14,concreters-austral;concreters-bringelly;concreters-catherine-field;concreters-cobbitty;concreters-currans-hill;concreters-edmondson-park;concreters-elderslie;concreters-gledswood-hills;concreters-gregory-hills;concreters-harrington-park;concreters-leppington;concreters-mount-annan;concreters-narellan;concreters-spring-farm
written scope item 3 is,14,concreters-austral;concreters-bringelly;concreters-catherine-field;concreters-cobbitty;concreters-currans-hill;concreters-edmondson-park;concreters-elderslie;concreters-gledswood-hills;concreters-gregory-hills;concreters-harrington-park;concreters-leppington;concreters-mount-annan;concreters-narellan;concreters-spring-farm
scope item 3 is checked,14,concreters-austral;concreters-bringelly;concreters-catherine-field;concreters-cobbitty;concreters-currans-hill;concreters-edmondson-park;concreters-elderslie;concreters-gledswood-hills;concreters-gregory-hills;concreters-harrington-park;concreters-leppington;concreters-mount-annan;concreters-narellan;concreters-spring-farm
item 3 is checked against,14,concreters-austral;concreters-bringelly;concreters-catherine-field;concreters-cobbitty;concreters-currans-hill;concreters-edmondson-park;concreters-elderslie;concreters-gledswood-hills;concreters-gregory-hills;concreters-harrington-park;concreters-leppington;concreters-mount-annan;concreters-narellan;concreters-spring-farm
3 is checked against the,14,concreters-austral;concreters-bringelly;concreters-catherine-field;concreters-cobbitty;concreters-currans-hill;concreters-edmondson-park;concreters-elderslie;concreters-gledswood-hills;concreters-gregory-hills;concreters-harrington-park;concreters-leppington;concreters-mount-annan;concreters-narellan;concreters-spring-farm
site before work starts workmanship,14,concreters-austral;concreters-bringelly;concreters-catherine-field;concreters-cobbitty;concreters-currans-hill;concreters-edmondson-park;concreters-elderslie;concreters-gledswood-hills;concreters-gregory-hills;concreters-harrington-park;concreters-leppington;concreters-mount-annan;concreters-narellan;concreters-spring-farm
before work starts workmanship you,14,concreters-austral;concreters-bringelly;concreters-catherine-field;concreters-cobbitty;concreters-currans-hill;concreters-edmondson-park;concreters-elderslie;concreters-gledswood-hills;concreters-gregory-hills;concreters-harrington-park;concreters-leppington;concreters-mount-annan;concreters-narellan;concreters-spring-farm
work starts workmanship you can,14,concreters-austral;concreters-bringelly;concreters-catherine-field;concreters-cobbitty;concreters-currans-hill;concreters-edmondson-park;concreters-elderslie;concreters-gledswood-hills;concreters-gregory-hills;concreters-harrington-park;concreters-leppington;concreters-mount-annan;concreters-narellan;concreters-spring-farm
starts workmanship you can rely,14,concreters-austral;concreters-bringelly;concreters-catherine-field;concreters-cobbitty;concreters-currans-hill;concreters-edmondson-park;concreters-elderslie;concreters-gledswood-hills;concreters-gregory-hills;concreters-harrington-park;concreters-leppington;concreters-mount-annan;concreters-narellan;concreters-spring-farm
written scope item 4 is,14,concreters-austral;concreters-bringelly;concreters-catherine-field;concreters-cobbitty;concreters-currans-hill;concreters-edmondson-park;concreters-elderslie;concreters-gledswood-hills;concreters-gregory-hills;concreters-harrington-park;concreters-leppington;concreters-mount-annan;concreters-narellan;concreters-spring-farm
scope item 4 is checked,14,concreters-austral;concreters-bringelly;concreters-catherine-field;concreters-cobbitty;concreters-currans-hill;concreters-edmondson-park;concreters-elderslie;concreters-gledswood-hills;concreters-gregory-hills;concreters-harrington-park;concreters-leppington;concreters-mount-annan;concreters-narellan;concreters-spring-farm
item 4 is checked against,14,concreters-austral;concreters-bringelly;concreters-catherine-field;concreters-cobbitty;concreters-currans-hill;concreters-edmondson-park;concreters-elderslie;concreters-gledswood-hills;concreters-gregory-hills;concreters-harrington-park;concreters-leppington;concreters-mount-annan;concreters-narellan;concreters-spring-farm
4 is checked against the,14,concreters-austral;concreters-bringelly;concreters-catherine-field;concreters-cobbitty;concreters-currans-hill;concreters-edmondson-park;concreters-elderslie;concreters-gledswood-hills;concreters-gregory-hills;concreters-harrington-park;concreters-leppington;concreters-mount-annan;concreters-narellan;concreters-spring-farm
site before work starts areas,14,concreters-austral;concreters-bringelly;concreters-catherine-field;concreters-cobbitty;concreters-currans-hill;concreters-edmondson-park;concreters-elderslie;concreters-gledswood-hills;concreters-gregory-hills;concreters-harrington-park;concreters-leppington;concreters-mount-annan;concreters-narellan;concreters-spring-farm
before work starts areas we,14,concreters-austral;concreters-bringelly;concreters-catherine-field;concreters-cobbitty;concreters-currans-hill;concreters-edmondson-park;concreters-elderslie;concreters-gledswood-hills;concreters-gregory-hills;concreters-harrington-park;concreters-leppington;concreters-mount-annan;concreters-narellan;concreters-spring-farm
work starts areas we cover,14,concreters-austral;concreters-bringelly;concreters-catherine-field;concreters-cobbitty;concreters-currans-hill;concreters-edmondson-park;concreters-elderslie;concreters-gledswood-hills;concreters-gregory-hills;concreters-harrington-park;concreters-leppington;concreters-mount-annan;concreters-narellan;concreters-spring-farm
starts areas we cover around,14,concreters-austral;concreters-bringelly;concreters-catherine-field;concreters-cobbitty;concreters-currans-hill;concreters-edmondson-park;concreters-elderslie;concreters-gledswood-hills;concreters-gregory-hills;concreters-harrington-park;concreters-leppington;concreters-mount-annan;concreters-narellan;concreters-spring-farm
the verified neighbouring service links,14,concreters-austral;concreters-bringelly;concreters-catherine-field;concreters-cobbitty;concreters-currans-hill;concreters-edmondson-park;concreters-elderslie;concreters-gledswood-hills;concreters-gregory-hills;concreters-harrington-park;concreters-leppington;concreters-mount-annan;concreters-narellan;concreters-spring-farm
verified neighbouring service links are,14,concreters-austral;concreters-bringelly;concreters-catherine-field;concreters-cobbitty;concreters-currans-hill;concreters-edmondson-park;concreters-elderslie;concreters-gledswood-hills;concreters-gregory-hills;concreters-harrington-park;concreters-leppington;concreters-mount-annan;concreters-narellan;concreters-spring-farm
your free quote today for,14,concreters-austral;concreters-bringelly;concreters-catherine-field;concreters-cobbitty;concreters-currans-hill;concreters-edmondson-park;concreters-elderslie;concreters-gledswood-hills;concreters-gregory-hills;concreters-harrington-park;concreters-leppington;concreters-mount-annan;concreters-narellan;concreters-spring-farm
the verified project record says,14,concreters-austral;concreters-bringelly;concreters-catherine-field;concreters-cobbitty;concreters-currans-hill;concreters-edmondson-park;concreters-elderslie;concreters-gledswood-hills;concreters-gregory-hills;concreters-harrington-park;concreters-leppington;concreters-mount-annan;concreters-narellan;concreters-spring-farm
keeps it open placeholder verified,14,camden-council-driveway-crossing;coloured-concrete-driveway-cost;concrete-crossovers-and-laybacks-austral;concrete-crossovers-and-laybacks-currans-hill;concrete-crossovers-and-laybacks-leppington;concrete-crossovers-and-laybacks-oran-park;concrete-crossovers-and-laybacks-south-west-sydney;concrete-crossovers-and-laybacks-spring-farm;concrete-driveway-cost-nsw;driveway-cost-calculator;exposed-aggregate-driveway-cost;plain-concrete-driveway-cost;slab-volume-calculator;stencilled-concrete-driveway-cost
it open placeholder verified corex,14,camden-council-driveway-crossing;coloured-concrete-driveway-cost;concrete-crossovers-and-laybacks-austral;concrete-crossovers-and-laybacks-currans-hill;concrete-crossovers-and-laybacks-leppington;concrete-crossovers-and-laybacks-oran-park;concrete-crossovers-and-laybacks-south-west-sydney;concrete-crossovers-and-laybacks-spring-farm;concrete-driveway-cost-nsw;driveway-cost-calculator;exposed-aggregate-driveway-cost;plain-concrete-driveway-cost;slab-volume-calculator;stencilled-concrete-driveway-cost
open placeholder verified corex abn,14,camden-council-driveway-crossing;coloured-concrete-driveway-cost;concrete-crossovers-and-laybacks-austral;concrete-crossovers-and-laybacks-currans-hill;concrete-crossovers-and-laybacks-leppington;concrete-crossovers-and-laybacks-oran-park;concrete-crossovers-and-laybacks-south-west-sydney;concrete-crossovers-and-laybacks-spring-farm;concrete-driveway-cost-nsw;driveway-cost-calculator;exposed-aggregate-driveway-cost;plain-concrete-driveway-cost;slab-volume-calculator;stencilled-concrete-driveway-cost
9 00am 5 00pm all,14,camden-council-driveway-crossing;coloured-concrete-driveway-cost;concrete-crossovers-and-laybacks-austral;concrete-crossovers-and-laybacks-currans-hill;concrete-crossovers-and-laybacks-leppington;concrete-crossovers-and-laybacks-oran-park;concrete-crossovers-and-laybacks-south-west-sydney;concrete-crossovers-and-laybacks-spring-farm;concrete-driveway-cost-nsw;driveway-cost-calculator;exposed-aggregate-driveway-cost;plain-concrete-driveway-cost;slab-volume-calculator;stencilled-concrete-driveway-cost
00am 5 00pm all rights,14,camden-council-driveway-crossing;coloured-concrete-driveway-cost;concrete-crossovers-and-laybacks-austral;concrete-crossovers-and-laybacks-currans-hill;concrete-crossovers-and-laybacks-leppington;concrete-crossovers-and-laybacks-oran-park;concrete-crossovers-and-laybacks-south-west-sydney;concrete-crossovers-and-laybacks-spring-farm;concrete-driveway-cost-nsw;driveway-cost-calculator;exposed-aggregate-driveway-cost;plain-concrete-driveway-cost;slab-volume-calculator;stencilled-concrete-driveway-cost
5 00pm all rights reserved,14,camden-council-driveway-crossing;coloured-concrete-driveway-cost;concrete-crossovers-and-laybacks-austral;concrete-crossovers-and-laybacks-currans-hill;concrete-crossovers-and-laybacks-leppington;concrete-crossovers-and-laybacks-oran-park;concrete-crossovers-and-laybacks-south-west-sydney;concrete-crossovers-and-laybacks-spring-farm;concrete-driveway-cost-nsw;driveway-cost-calculator;exposed-aggregate-driveway-cost;plain-concrete-driveway-cost;slab-volume-calculator;stencilled-concrete-driveway-cost
council and primary query concreters,13,concreters-austral;concreters-catherine-field;concreters-cobbitty;concreters-currans-hill;concreters-edmondson-park;concreters-elderslie;concreters-gledswood-hills;concreters-gregory-hills;concreters-harrington-park;concreters-mount-annan;concreters-narellan;concreters-oran-park;concreters-spring-farm
the researched ground note for,13,concreters-austral;concreters-bringelly;concreters-catherine-field;concreters-cobbitty;concreters-currans-hill;concreters-edmondson-park;concreters-elderslie;concreters-gledswood-hills;concreters-gregory-hills;concreters-harrington-park;concreters-mount-annan;concreters-narellan;concreters-spring-farm
that evidence is checked against,13,concreters-austral;concreters-bringelly;concreters-catherine-field;concreters-cobbitty;concreters-currans-hill;concreters-edmondson-park;concreters-elderslie;concreters-gledswood-hills;concreters-gregory-hills;concreters-harrington-park;concreters-mount-annan;concreters-narellan;concreters-spring-farm
evidence is checked against the,13,concreters-austral;concreters-bringelly;concreters-catherine-field;concreters-cobbitty;concreters-currans-hill;concreters-edmondson-park;concreters-elderslie;concreters-gledswood-hills;concreters-gregory-hills;concreters-harrington-park;concreters-mount-annan;concreters-narellan;concreters-spring-farm
is checked against the proposed,13,concreters-austral;concreters-bringelly;concreters-catherine-field;concreters-cobbitty;concreters-currans-hill;concreters-edmondson-park;concreters-elderslie;concreters-gledswood-hills;concreters-gregory-hills;concreters-harrington-park;concreters-mount-annan;concreters-narellan;concreters-spring-farm
checked against the proposed slab,13,concreters-austral;concreters-bringelly;concreters-catherine-field;concreters-cobbitty;concreters-currans-hill;concreters-edmondson-park;concreters-elderslie;concreters-gledswood-hills;concreters-gregory-hills;concreters-harrington-park;concreters-mount-annan;concreters-narellan;concreters-spring-farm
against the proposed slab location,13,concreters-austral;concreters-bringelly;concreters-catherine-field;concreters-cobbitty;concreters-currans-hill;concreters-edmondson-park;concreters-elderslie;concreters-gledswood-hills;concreters-gregory-hills;concreters-harrington-park;concreters-mount-annan;concreters-narellan;concreters-spring-farm
the proposed slab location in,13,concreters-austral;concreters-bringelly;concreters-catherine-field;concreters-cobbitty;concreters-currans-hill;concreters-edmondson-park;concreters-elderslie;concreters-gledswood-hills;concreters-gregory-hills;concreters-harrington-park;concreters-mount-annan;concreters-narellan;concreters-spring-farm
assumptions from another estate are,13,concreters-austral;concreters-bringelly;concreters-catherine-field;concreters-cobbitty;concreters-currans-hill;concreters-edmondson-park;concreters-elderslie;concreters-gledswood-hills;concreters-gregory-hills;concreters-harrington-park;concreters-mount-annan;concreters-narellan;concreters-spring-farm
from another estate are not,13,concreters-austral;concreters-bringelly;concreters-catherine-field;concreters-cobbitty;concreters-currans-hill;concreters-edmondson-park;concreters-elderslie;concreters-gledswood-hills;concreters-gregory-hills;concreters-harrington-park;concreters-mount-annan;concreters-narellan;concreters-spring-farm
another estate are not substituted,13,concreters-austral;concreters-bringelly;concreters-catherine-field;concreters-cobbitty;concreters-currans-hill;concreters-edmondson-park;concreters-elderslie;concreters-gledswood-hills;concreters-gregory-hills;concreters-harrington-park;concreters-mount-annan;concreters-narellan;concreters-spring-farm
estate are not substituted for,13,concreters-austral;concreters-bringelly;concreters-catherine-field;concreters-cobbitty;concreters-currans-hill;concreters-edmondson-park;concreters-elderslie;concreters-gledswood-hills;concreters-gregory-hills;concreters-harrington-park;concreters-mount-annan;concreters-narellan;concreters-spring-farm
are not substituted for a,13,concreters-austral;concreters-bringelly;concreters-catherine-field;concreters-cobbitty;concreters-currans-hill;concreters-edmondson-park;concreters-elderslie;concreters-gledswood-hills;concreters-gregory-hills;concreters-harrington-park;concreters-mount-annan;concreters-narellan;concreters-spring-farm
not substituted for a site,13,concreters-austral;concreters-bringelly;concreters-catherine-field;concreters-cobbitty;concreters-currans-hill;concreters-edmondson-park;concreters-elderslie;concreters-gledswood-hills;concreters-gregory-hills;concreters-harrington-park;concreters-mount-annan;concreters-narellan;concreters-spring-farm
substituted for a site inspection,13,concreters-austral;concreters-bringelly;concreters-catherine-field;concreters-cobbitty;concreters-currans-hill;concreters-edmondson-park;concreters-elderslie;concreters-gledswood-hills;concreters-gregory-hills;concreters-harrington-park;concreters-mount-annan;concreters-narellan;concreters-spring-farm
are set from the actual,12,concreters-austral;concreters-bringelly;concreters-catherine-field;concreters-cobbitty;concreters-currans-hill;concreters-edmondson-park;concreters-elderslie;concreters-gregory-hills;concreters-harrington-park;concreters-mount-annan;concreters-narellan;concreters-spring-farm
set from the actual thresholds,12,concreters-austral;concreters-bringelly;concreters-catherine-field;concreters-cobbitty;concreters-currans-hill;concreters-edmondson-park;concreters-elderslie;concreters-gregory-hills;concreters-harrington-park;concreters-mount-annan;concreters-narellan;concreters-spring-farm
from the actual thresholds boundaries,12,concreters-austral;concreters-bringelly;concreters-catherine-field;concreters-cobbitty;concreters-currans-hill;concreters-edmondson-park;concreters-elderslie;concreters-gregory-hills;concreters-harrington-park;concreters-mount-annan;concreters-narellan;concreters-spring-farm
the actual thresholds boundaries and,12,concreters-austral;concreters-bringelly;concreters-catherine-field;concreters-cobbitty;concreters-currans-hill;concreters-edmondson-park;concreters-elderslie;concreters-gregory-hills;concreters-harrington-park;concreters-mount-annan;concreters-narellan;concreters-spring-farm
actual thresholds boundaries and lawful,12,concreters-austral;concreters-bringelly;concreters-catherine-field;concreters-cobbitty;concreters-currans-hill;concreters-edmondson-park;concreters-elderslie;concreters-gregory-hills;concreters-harrington-park;concreters-mount-annan;concreters-narellan;concreters-spring-farm
thresholds boundaries and lawful discharge,12,concreters-austral;concreters-bringelly;concreters-catherine-field;concreters-cobbitty;concreters-currans-hill;concreters-edmondson-park;concreters-elderslie;concreters-gregory-hills;concreters-harrington-park;concreters-mount-annan;concreters-narellan;concreters-spring-farm
boundaries and lawful discharge point,12,concreters-austral;concreters-bringelly;concreters-catherine-field;concreters-cobbitty;concreters-currans-hill;concreters-edmondson-park;concreters-elderslie;concreters-gregory-hills;concreters-harrington-park;concreters-mount-annan;concreters-narellan;concreters-spring-farm
and lawful discharge point observed,12,concreters-austral;concreters-bringelly;concreters-catherine-field;concreters-cobbitty;concreters-currans-hill;concreters-edmondson-park;concreters-elderslie;concreters-gregory-hills;concreters-harrington-park;concreters-mount-annan;concreters-narellan;concreters-spring-farm
lawful discharge point observed on,12,concreters-austral;concreters-bringelly;concreters-catherine-field;concreters-cobbitty;concreters-currans-hill;concreters-edmondson-park;concreters-elderslie;concreters-gregory-hills;concreters-harrington-park;concreters-mount-annan;concreters-narellan;concreters-spring-farm
discharge point observed on the,12,concreters-austral;concreters-bringelly;concreters-catherine-field;concreters-cobbitty;concreters-currans-hill;concreters-edmondson-park;concreters-elderslie;concreters-gregory-hills;concreters-harrington-park;concreters-mount-annan;concreters-narellan;concreters-spring-farm
point observed on the lot,12,concreters-austral;concreters-bringelly;concreters-catherine-field;concreters-cobbitty;concreters-currans-hill;concreters-edmondson-park;concreters-elderslie;concreters-gregory-hills;concreters-harrington-park;concreters-mount-annan;concreters-narellan;concreters-spring-farm
observed on the lot the,12,concreters-austral;concreters-bringelly;concreters-catherine-field;concreters-cobbitty;concreters-currans-hill;concreters-edmondson-park;concreters-elderslie;concreters-gregory-hills;concreters-harrington-park;concreters-mount-annan;concreters-narellan;concreters-spring-farm
on the lot the ground,12,concreters-austral;concreters-bringelly;concreters-catherine-field;concreters-cobbitty;concreters-currans-hill;concreters-edmondson-park;concreters-elderslie;concreters-gregory-hills;concreters-harrington-park;concreters-mount-annan;concreters-narellan;concreters-spring-farm
the lot the ground record,12,concreters-austral;concreters-bringelly;concreters-catherine-field;concreters-cobbitty;concreters-currans-hill;concreters-edmondson-park;concreters-elderslie;concreters-gregory-hills;concreters-harrington-park;concreters-mount-annan;concreters-narellan;concreters-spring-farm
lot the ground record for,12,concreters-austral;concreters-bringelly;concreters-catherine-field;concreters-cobbitty;concreters-currans-hill;concreters-edmondson-park;concreters-elderslie;concreters-gregory-hills;concreters-harrington-park;concreters-mount-annan;concreters-narellan;concreters-spring-farm
is considered when falls and,12,concreters-austral;concreters-bringelly;concreters-catherine-field;concreters-cobbitty;concreters-currans-hill;concreters-edmondson-park;concreters-elderslie;concreters-gregory-hills;concreters-harrington-park;concreters-mount-annan;concreters-narellan;concreters-spring-farm
considered when falls and joints,12,concreters-austral;concreters-bringelly;concreters-catherine-field;concreters-cobbitty;concreters-currans-hill;concreters-edmondson-park;concreters-elderslie;concreters-gregory-hills;concreters-harrington-park;concreters-mount-annan;concreters-narellan;concreters-spring-farm
when falls and joints are,12,concreters-austral;concreters-bringelly;concreters-catherine-field;concreters-cobbitty;concreters-currans-hill;concreters-edmondson-park;concreters-elderslie;concreters-gregory-hills;concreters-harrington-park;concreters-mount-annan;concreters-narellan;concreters-spring-farm
falls and joints are documented,12,concreters-austral;concreters-bringelly;concreters-catherine-field;concreters-cobbitty;concreters-currans-hill;concreters-edmondson-park;concreters-elderslie;concreters-gregory-hills;concreters-harrington-park;concreters-mount-annan;concreters-narellan;concreters-spring-farm
and joints are documented because,12,concreters-austral;concreters-bringelly;concreters-catherine-field;concreters-cobbitty;concreters-currans-hill;concreters-edmondson-park;concreters-elderslie;concreters-gregory-hills;concreters-harrington-park;concreters-mount-annan;concreters-narellan;concreters-spring-farm
joints are documented because the,12,concreters-austral;concreters-bringelly;concreters-catherine-field;concreters-cobbitty;concreters-currans-hill;concreters-edmondson-park;concreters-elderslie;concreters-gregory-hills;concreters-harrington-park;concreters-mount-annan;concreters-narellan;concreters-spring-farm
are documented because the recorded,12,concreters-austral;concreters-bringelly;concreters-catherine-field;concreters-cobbitty;concreters-currans-hill;concreters-edmondson-park;concreters-elderslie;concreters-gregory-hills;concreters-harrington-park;concreters-mount-annan;concreters-narellan;concreters-spring-farm
documented because the recorded condition,12,concreters-austral;concreters-bringelly;concreters-catherine-field;concreters-cobbitty;concreters-currans-hill;concreters-edmondson-park;concreters-elderslie;concreters-gregory-hills;concreters-harrington-park;concreters-mount-annan;concreters-narellan;concreters-spring-farm
because the recorded condition is,12,concreters-austral;concreters-bringelly;concreters-catherine-field;concreters-cobbitty;concreters-currans-hill;concreters-edmondson-park;concreters-elderslie;concreters-gregory-hills;concreters-harrington-park;concreters-mount-annan;concreters-narellan;concreters-spring-farm
reinforcement holds concrete together after,12,concreters-austral;concreters-bringelly;concreters-catherine-field;concreters-cobbitty;concreters-currans-hill;concreters-edmondson-park;concreters-elderslie;concreters-gregory-hills;concreters-harrington-park;concreters-mount-annan;concreters-narellan;concreters-spring-farm
holds concrete together after movement,12,concreters-austral;concreters-bringelly;concreters-catherine-field;concreters-cobbitty;concreters-currans-hill;concreters-edmondson-park;concreters-elderslie;concreters-gregory-hills;concreters-harrington-park;concreters-mount-annan;concreters-narellan;concreters-spring-farm
concrete together after movement it,12,concreters-austral;concreters-bringelly;concreters-catherine-field;concreters-cobbitty;concreters-currans-hill;concreters-edmondson-park;concreters-elderslie;concreters-gregory-hills;concreters-harrington-park;concreters-mount-annan;concreters-narellan;concreters-spring-farm
together after movement it does,12,concreters-austral;concreters-bringelly;concreters-catherine-field;concreters-cobbitty;concreters-currans-hill;concreters-edmondson-park;concreters-elderslie;concreters-gregory-hills;concreters-harrington-park;concreters-mount-annan;concreters-narellan;concreters-spring-farm
after movement it does not,12,concreters-austral;concreters-bringelly;concreters-catherine-field;concreters-cobbitty;concreters-currans-hill;concreters-edmondson-park;concreters-elderslie;concreters-gregory-hills;concreters-harrington-park;concreters-mount-annan;concreters-narellan;concreters-spring-farm
movement it does not remove,12,concreters-austral;concreters-bringelly;concreters-catherine-field;concreters-cobbitty;concreters-currans-hill;concreters-edmondson-park;concreters-elderslie;concreters-gregory-hills;concreters-harrington-park;concreters-mount-annan;concreters-narellan;concreters-spring-farm
it does not remove the,12,concreters-austral;concreters-bringelly;concreters-catherine-field;concreters-cobbitty;concreters-currans-hill;concreters-edmondson-park;concreters-elderslie;concreters-gregory-hills;concreters-harrington-park;concreters-mount-annan;concreters-narellan;concreters-spring-farm
does not remove the need,12,concreters-austral;concreters-bringelly;concreters-catherine-field;concreters-cobbitty;concreters-currans-hill;concreters-edmondson-park;concreters-elderslie;concreters-gregory-hills;concreters-harrington-park;concreters-mount-annan;concreters-narellan;concreters-spring-farm
not remove the need for,12,concreters-austral;concreters-bringelly;concreters-catherine-field;concreters-cobbitty;concreters-currans-hill;concreters-edmondson-park;concreters-elderslie;concreters-gregory-hills;concreters-harrington-park;concreters-mount-annan;concreters-narellan;concreters-spring-farm
remove the need for planned,12,concreters-austral;concreters-bringelly;concreters-catherine-field;concreters-cobbitty;concreters-currans-hill;concreters-edmondson-park;concreters-elderslie;concreters-gregory-hills;concreters-harrington-park;concreters-mount-annan;concreters-narellan;concreters-spring-farm
the need for planned joints,12,concreters-austral;concreters-bringelly;concreters-catherine-field;concreters-cobbitty;concreters-currans-hill;concreters-edmondson-park;concreters-elderslie;concreters-gregory-hills;concreters-harrington-park;concreters-mount-annan;concreters-narellan;concreters-spring-farm
need for planned joints support,12,concreters-austral;concreters-bringelly;concreters-catherine-field;concreters-cobbitty;concreters-currans-hill;concreters-edmondson-park;concreters-elderslie;concreters-gregory-hills;concreters-harrington-park;concreters-mount-annan;concreters-narellan;concreters-spring-farm
for planned joints support and,12,concreters-austral;concreters-bringelly;concreters-catherine-field;concreters-cobbitty;concreters-currans-hill;concreters-edmondson-park;concreters-elderslie;concreters-gregory-hills;concreters-harrington-park;concreters-mount-annan;concreters-narellan;concreters-spring-farm
planned joints support and drainage,12,concreters-austral;concreters-bringelly;concreters-catherine-field;concreters-cobbitty;concreters-currans-hill;concreters-edmondson-park;concreters-elderslie;concreters-gregory-hills;concreters-harrington-park;concreters-mount-annan;concreters-narellan;concreters-spring-farm
joints support and drainage in,12,concreters-austral;concreters-bringelly;concreters-catherine-field;concreters-cobbitty;concreters-currans-hill;concreters-edmondson-park;concreters-elderslie;concreters-gregory-hills;concreters-harrington-park;concreters-mount-annan;concreters-narellan;concreters-spring-farm
the verified approval path for,12,concreters-austral;concreters-bringelly;concreters-catherine-field;concreters-cobbitty;concreters-currans-hill;concreters-edmondson-park;concreters-elderslie;concreters-gregory-hills;concreters-harrington-park;concreters-mount-annan;concreters-narellan;concreters-spring-farm
starts the governing lot and,12,concreters-austral;concreters-bringelly;concreters-catherine-field;concreters-cobbitty;concreters-currans-hill;concreters-edmondson-park;concreters-elderslie;concreters-gregory-hills;concreters-harrington-park;concreters-mount-annan;concreters-narellan;concreters-spring-farm
the governing lot and application,12,concreters-austral;concreters-bringelly;concreters-catherine-field;concreters-cobbitty;concreters-currans-hill;concreters-edmondson-park;concreters-elderslie;concreters-gregory-hills;concreters-harrington-park;concreters-mount-annan;concreters-narellan;concreters-spring-farm
governing lot and application path,12,concreters-austral;concreters-bringelly;concreters-catherine-field;concreters-cobbitty;concreters-currans-hill;concreters-edmondson-park;concreters-elderslie;concreters-gregory-hills;concreters-harrington-park;concreters-mount-annan;concreters-narellan;concreters-spring-farm
lot and application path are,12,concreters-austral;concreters-bringelly;concreters-catherine-field;concreters-cobbitty;concreters-currans-hill;concreters-edmondson-park;concreters-elderslie;concreters-gregory-hills;concreters-harrington-park;concreters-mount-annan;concreters-narellan;concreters-spring-farm
and application path are checked,12,concreters-austral;concreters-bringelly;concreters-catherine-field;concreters-cobbitty;concreters-currans-hill;concreters-edmondson-park;concreters-elderslie;concreters-gregory-hills;concreters-harrington-park;concreters-mount-annan;concreters-narellan;concreters-spring-farm
application path are checked the,12,concreters-austral;concreters-bringelly;concreters-catherine-field;concreters-cobbitty;concreters-currans-hill;concreters-edmondson-park;concreters-elderslie;concreters-gregory-hills;concreters-harrington-park;concreters-mount-annan;concreters-narellan;concreters-spring-farm
path are checked the related,12,concreters-austral;concreters-bringelly;concreters-catherine-field;concreters-cobbitty;concreters-currans-hill;concreters-edmondson-park;concreters-elderslie;concreters-gregory-hills;concreters-harrington-park;concreters-mount-annan;concreters-narellan;concreters-spring-farm
are checked the related vehicle,12,concreters-austral;concreters-bringelly;concreters-catherine-field;concreters-cobbitty;concreters-currans-hill;concreters-edmondson-park;concreters-elderslie;concreters-gregory-hills;concreters-harrington-park;concreters-mount-annan;concreters-narellan;concreters-spring-farm
checked the related vehicle crossing,12,concreters-austral;concreters-bringelly;concreters-catherine-field;concreters-cobbitty;concreters-currans-hill;concreters-edmondson-park;concreters-elderslie;concreters-gregory-hills;concreters-harrington-park;concreters-mount-annan;concreters-narellan;concreters-spring-farm
in campbelltown city council verified,12,concreters-bradbury;concreters-campbelltown;concreters-eagle-vale;concreters-gilead;concreters-glen-alpine;concreters-glenfield;concreters-ingleburn;concreters-leumeah;concreters-macquarie-fields;concreters-menangle-park;concreters-minto;concreters-raby
campbelltown city council verified local,12,concreters-bradbury;concreters-campbelltown;concreters-eagle-vale;concreters-gilead;concreters-glen-alpine;concreters-glenfield;concreters-ingleburn;concreters-leumeah;concreters-macquarie-fields;concreters-menangle-park;concreters-minto;concreters-raby
us 03 4517 6915 our,11,concreters-austral;concreters-catherine-field;concreters-cobbitty;concreters-edmondson-park;concreters-gledswood-hills;concreters-gregory-hills;concreters-leppington;concreters-mount-annan;concreters-narellan;concreters-oran-park;concreters-spring-farm
03 4517 6915 our services,11,concreters-austral;concreters-catherine-field;concreters-cobbitty;concreters-edmondson-park;concreters-gledswood-hills;concreters-gregory-hills;concreters-leppington;concreters-mount-annan;concreters-narellan;concreters-oran-park;concreters-spring-farm
authority camden council and primary,11,concreters-catherine-field;concreters-cobbitty;concreters-currans-hill;concreters-elderslie;concreters-gledswood-hills;concreters-gregory-hills;concreters-harrington-park;concreters-mount-annan;concreters-narellan;concreters-oran-park;concreters-spring-farm
camden council and primary query,11,concreters-catherine-field;concreters-cobbitty;concreters-currans-hill;concreters-elderslie;concreters-gledswood-hills;concreters-gregory-hills;concreters-harrington-park;concreters-mount-annan;concreters-narellan;concreters-oran-park;concreters-spring-farm
you can rely on written,11,concreters-austral;concreters-catherine-field;concreters-cobbitty;concreters-edmondson-park;concreters-gledswood-hills;concreters-gregory-hills;concreters-leppington;concreters-mount-annan;concreters-narellan;concreters-oran-park;concreters-spring-farm
park written scope item 1,11,concreters-austral;concreters-catherine-field;concreters-cobbitty;concreters-edmondson-park;concreters-gledswood-hills;concreters-gregory-hills;concreters-harrington-park;concreters-leppington;concreters-mount-annan;concreters-narellan;concreters-spring-farm
range from real corex quotes,11,commercial-concreting-south-west-sydney;concrete-crossovers-and-laybacks-south-west-sydney;concrete-driveway-cost-nsw;concrete-driveway-replacement-south-west-sydney;concrete-driveways-south-west-sydney;concrete-paths-south-west-sydney;concrete-patios-south-west-sydney;concrete-slabs-south-west-sydney;decorative-concrete-south-west-sydney;exposed-aggregate-south-west-sydney;shed-and-garage-slabs-south-west-sydney
unlisted intersection is substituted get,11,concrete-driveway-replacement-currans-hill;concrete-driveway-replacement-harrington-park;concrete-driveway-replacement-mount-annan;concrete-driveway-replacement-narellan;concrete-driveways-austral;concrete-driveways-catherine-field;concrete-driveways-cobbitty;concrete-driveways-edmondson-park;concrete-driveways-leppington;concrete-driveways-oran-park;concrete-driveways-spring-farm
intersection is substituted get your,11,concrete-driveway-replacement-currans-hill;concrete-driveway-replacement-harrington-park;concrete-driveway-replacement-mount-annan;concrete-driveway-replacement-narellan;concrete-driveways-austral;concrete-driveways-catherine-field;concrete-driveways-cobbitty;concrete-driveways-edmondson-park;concrete-driveways-leppington;concrete-driveways-oran-park;concrete-driveways-spring-farm
is substituted get your free,11,concrete-driveway-replacement-currans-hill;concrete-driveway-replacement-harrington-park;concrete-driveway-replacement-mount-annan;concrete-driveway-replacement-narellan;concrete-driveways-austral;concrete-driveways-catherine-field;concrete-driveways-cobbitty;concrete-driveways-edmondson-park;concrete-driveways-leppington;concrete-driveways-oran-park;concrete-driveways-spring-farm
substituted get your free quote,11,concrete-driveway-replacement-currans-hill;concrete-driveway-replacement-harrington-park;concrete-driveway-replacement-mount-annan;concrete-driveway-replacement-narellan;concrete-driveways-austral;concrete-driveways-catherine-field;concrete-driveways-cobbitty;concrete-driveways-edmondson-park;concrete-driveways-leppington;concrete-driveways-oran-park;concrete-driveways-spring-farm
your free quote today concrete,11,concrete-driveway-replacement-currans-hill;concrete-driveway-replacement-harrington-park;concrete-driveway-replacement-mount-annan;concrete-driveway-replacement-narellan;concrete-driveways-austral;concrete-driveways-catherine-field;concrete-driveways-cobbitty;concrete-driveways-edmondson-park;concrete-driveways-leppington;concrete-driveways-oran-park;concrete-driveways-spring-farm
site inputs behind it questions,11,concrete-driveway-replacement-currans-hill;concrete-driveway-replacement-harrington-park;concrete-driveway-replacement-mount-annan;concrete-driveway-replacement-narellan;concrete-driveways-austral;concrete-driveways-catherine-field;concrete-driveways-cobbitty;concrete-driveways-edmondson-park;concrete-driveways-leppington;concrete-driveways-oran-park;concrete-driveways-spring-farm
inputs behind it questions about,11,concrete-driveway-replacement-currans-hill;concrete-driveway-replacement-harrington-park;concrete-driveway-replacement-mount-annan;concrete-driveway-replacement-narellan;concrete-driveways-austral;concrete-driveways-catherine-field;concrete-driveways-cobbitty;concrete-driveways-edmondson-park;concrete-driveways-leppington;concrete-driveways-oran-park;concrete-driveways-spring-farm
behind it questions about concrete,11,concrete-driveway-replacement-currans-hill;concrete-driveway-replacement-harrington-park;concrete-driveway-replacement-mount-annan;concrete-driveway-replacement-narellan;concrete-driveways-austral;concrete-driveways-catherine-field;concrete-driveways-cobbitty;concrete-driveways-edmondson-park;concrete-driveways-leppington;concrete-driveways-oran-park;concrete-driveways-spring-farm
concrete crossovers and laybacks in,10,concrete-crossovers-and-laybacks-austral;concrete-crossovers-and-laybacks-currans-hill;concrete-crossovers-and-laybacks-leppington;concrete-crossovers-and-laybacks-oran-park;concrete-crossovers-and-laybacks-spring-farm;concreters-austral;concreters-currans-hill;concreters-leppington;concreters-oran-park;concreters-spring-farm
4517 6915 our services concrete,10,concreters-austral;concreters-catherine-field;concreters-cobbitty;concreters-edmondson-park;concreters-gledswood-hills;concreters-gregory-hills;concreters-leppington;concreters-mount-annan;concreters-narellan;concreters-spring-farm
6915 our services concrete work,10,concreters-austral;concreters-catherine-field;concreters-cobbitty;concreters-edmondson-park;concreters-gledswood-hills;concreters-gregory-hills;concreters-leppington;concreters-mount-annan;concreters-narellan;concreters-spring-farm
our services concrete work requested,10,concreters-austral;concreters-catherine-field;concreters-cobbitty;concreters-edmondson-park;concreters-gledswood-hills;concreters-gregory-hills;concreters-leppington;concreters-mount-annan;concreters-narellan;concreters-spring-farm
services concrete work requested around,10,concreters-austral;concreters-catherine-field;concreters-cobbitty;concreters-edmondson-park;concreters-gledswood-hills;concreters-gregory-hills;concreters-leppington;concreters-mount-annan;concreters-narellan;concreters-spring-farm
job mix concrete driveways new,10,concreters-austral;concreters-catherine-field;concreters-cobbitty;concreters-edmondson-park;concreters-gledswood-hills;concreters-gregory-hills;concreters-leppington;concreters-mount-annan;concreters-narellan;concreters-spring-farm
mix concrete driveways new driveways,10,concreters-austral;concreters-catherine-field;concreters-cobbitty;concreters-edmondson-park;concreters-gledswood-hills;concreters-gregory-hills;concreters-leppington;concreters-mount-annan;concreters-narellan;concreters-spring-farm
from a neighbouring suburb the,10,concreters-austral;concreters-catherine-field;concreters-currans-hill;concreters-edmondson-park;concreters-elderslie;concreters-gledswood-hills;concreters-harrington-park;concreters-leppington;concreters-mount-annan;concreters-spring-farm
quotes in oran park written,10,concreters-austral;concreters-catherine-field;concreters-cobbitty;concreters-edmondson-park;concreters-gledswood-hills;concreters-gregory-hills;concreters-leppington;concreters-mount-annan;concreters-narellan;concreters-spring-farm
in oran park written scope,10,concreters-austral;concreters-catherine-field;concreters-cobbitty;concreters-edmondson-park;concreters-gledswood-hills;concreters-gregory-hills;concreters-leppington;concreters-mount-annan;concreters-narellan;concreters-spring-farm
oran park written scope item,10,concreters-austral;concreters-catherine-field;concreters-cobbitty;concreters-edmondson-park;concreters-gledswood-hills;concreters-gregory-hills;concreters-leppington;concreters-mount-annan;concreters-narellan;concreters-spring-farm
base preparation and reinforcement written,10,concreters-austral;concreters-catherine-field;concreters-cobbitty;concreters-edmondson-park;concreters-gledswood-hills;concreters-gregory-hills;concreters-leppington;concreters-mount-annan;concreters-narellan;concreters-spring-farm
preparation and reinforcement written scope,10,concreters-austral;concreters-catherine-field;concreters-cobbitty;concreters-edmondson-park;concreters-gledswood-hills;concreters-gregory-hills;concreters-leppington;concreters-mount-annan;concreters-narellan;concreters-spring-farm
and reinforcement written scope item,10,concreters-austral;concreters-catherine-field;concreters-cobbitty;concreters-edmondson-park;concreters-gledswood-hills;concreters-gregory-hills;concreters-leppington;concreters-mount-annan;concreters-narellan;concreters-spring-farm
reinforcement written scope item 2,10,concreters-austral;concreters-catherine-field;concreters-cobbitty;concreters-edmondson-park;concreters-gledswood-hills;concreters-gregory-hills;concreters-leppington;concreters-mount-annan;concreters-narellan;concreters-spring-farm
work starts licensed insured written,10,concreters-austral;concreters-catherine-field;concreters-cobbitty;concreters-edmondson-park;concreters-gledswood-hills;concreters-gregory-hills;concreters-leppington;concreters-mount-annan;concreters-narellan;concreters-spring-farm
starts licensed insured written scope,10,concreters-austral;concreters-catherine-field;concreters-cobbitty;concreters-edmondson-park;concreters-gledswood-hills;concreters-gregory-hills;concreters-leppington;concreters-mount-annan;concreters-narellan;concreters-spring-farm
licensed insured written scope item,10,concreters-austral;concreters-catherine-field;concreters-cobbitty;concreters-edmondson-park;concreters-gledswood-hills;concreters-gregory-hills;concreters-leppington;concreters-mount-annan;concreters-narellan;concreters-spring-farm
insured written scope item 3,10,concreters-austral;concreters-catherine-field;concreters-cobbitty;concreters-edmondson-park;concreters-gledswood-hills;concreters-gregory-hills;concreters-leppington;concreters-mount-annan;concreters-narellan;concreters-spring-farm
can rely on written scope,10,concreters-austral;concreters-catherine-field;concreters-cobbitty;concreters-edmondson-park;concreters-gledswood-hills;concreters-gregory-hills;concreters-leppington;concreters-mount-annan;concreters-narellan;concreters-spring-farm
rely on written scope item,10,concreters-austral;concreters-catherine-field;concreters-cobbitty;concreters-edmondson-park;concreters-gledswood-hills;concreters-gregory-hills;concreters-leppington;concreters-mount-annan;concreters-narellan;concreters-spring-farm
on written scope item 4,10,concreters-austral;concreters-catherine-field;concreters-cobbitty;concreters-edmondson-park;concreters-gledswood-hills;concreters-gregory-hills;concreters-leppington;concreters-mount-annan;concreters-narellan;concreters-spring-farm
carries that service decision finished,10,concreters-austral;concreters-bringelly;concreters-catherine-field;concreters-cobbitty;concreters-currans-hill;concreters-edmondson-park;concreters-gregory-hills;concreters-harrington-park;concreters-narellan;concreters-spring-farm
that service decision finished levels,10,concreters-austral;concreters-bringelly;concreters-catherine-field;concreters-cobbitty;concreters-currans-hill;concreters-edmondson-park;concreters-gregory-hills;concreters-harrington-park;concreters-narellan;concreters-spring-farm
service decision finished levels in,10,concreters-austral;concreters-bringelly;concreters-catherine-field;concreters-cobbitty;concreters-currans-hill;concreters-edmondson-park;concreters-gregory-hills;concreters-harrington-park;concreters-narellan;concreters-spring-farm
9 00am 5 00pm 2022,10,about;concrete-paths-edmondson-park;concrete-paths-south-west-sydney;concrete-patios-edmondson-park;concrete-patios-elderslie;concrete-patios-gledswood-hills;concrete-patios-south-west-sydney;contact;gallery;quote
00am 5 00pm 2022 all,10,about;concrete-paths-edmondson-park;concrete-paths-south-west-sydney;concrete-patios-edmondson-park;concrete-patios-elderslie;concrete-patios-gledswood-hills;concrete-patios-south-west-sydney;contact;gallery;quote
5 00pm 2022 all rights,10,about;concrete-paths-edmondson-park;concrete-paths-south-west-sydney;concrete-patios-edmondson-park;concrete-patios-elderslie;concrete-patios-gledswood-hills;concrete-patios-south-west-sydney;contact;gallery;quote
00pm 2022 all rights reserved,10,about;concrete-paths-edmondson-park;concrete-paths-south-west-sydney;concrete-patios-edmondson-park;concrete-patios-elderslie;concrete-patios-gledswood-hills;concrete-patios-south-west-sydney;contact;gallery;quote
keeps it open the approved,10,commercial-concreting-south-west-sydney;concrete-crossovers-and-laybacks-south-west-sydney;concrete-driveway-replacement-south-west-sydney;concrete-driveways-south-west-sydney;concrete-paths-south-west-sydney;concrete-patios-south-west-sydney;concrete-slabs-south-west-sydney;decorative-concrete-south-west-sydney;exposed-aggregate-south-west-sydney;shed-and-garage-slabs-south-west-sydney
keeps it open the recorded,10,commercial-concreting-south-west-sydney;concrete-crossovers-and-laybacks-south-west-sydney;concrete-driveway-replacement-south-west-sydney;concrete-driveways-south-west-sydney;concrete-paths-south-west-sydney;concrete-patios-south-west-sydney;concrete-slabs-south-west-sydney;decorative-concrete-south-west-sydney;exposed-aggregate-south-west-sydney;shed-and-garage-slabs-south-west-sydney
it open the recorded council,10,commercial-concreting-south-west-sydney;concrete-crossovers-and-laybacks-south-west-sydney;concrete-driveway-replacement-south-west-sydney;concrete-driveways-south-west-sydney;concrete-paths-south-west-sydney;concrete-patios-south-west-sydney;concrete-slabs-south-west-sydney;decorative-concrete-south-west-sydney;exposed-aggregate-south-west-sydney;shed-and-garage-slabs-south-west-sydney
open the recorded council specification,10,commercial-concreting-south-west-sydney;concrete-crossovers-and-laybacks-south-west-sydney;concrete-driveway-replacement-south-west-sydney;concrete-driveways-south-west-sydney;concrete-paths-south-west-sydney;concrete-patios-south-west-sydney;concrete-slabs-south-west-sydney;decorative-concrete-south-west-sydney;exposed-aggregate-south-west-sydney;shed-and-garage-slabs-south-west-sydney
scope keeps it open highest,10,commercial-concreting-south-west-sydney;concrete-crossovers-and-laybacks-south-west-sydney;concrete-driveway-replacement-south-west-sydney;concrete-driveways-south-west-sydney;concrete-paths-south-west-sydney;concrete-patios-south-west-sydney;concrete-slabs-south-west-sydney;decorative-concrete-south-west-sydney;exposed-aggregate-south-west-sydney;shed-and-garage-slabs-south-west-sydney
keeps it open highest weight,10,commercial-concreting-south-west-sydney;concrete-crossovers-and-laybacks-south-west-sydney;concrete-driveway-replacement-south-west-sydney;concrete-driveways-south-west-sydney;concrete-paths-south-west-sydney;concrete-patios-south-west-sydney;concrete-slabs-south-west-sydney;decorative-concrete-south-west-sydney;exposed-aggregate-south-west-sydney;shed-and-garage-slabs-south-west-sydney
it open highest weight researched,10,commercial-concreting-south-west-sydney;concrete-crossovers-and-laybacks-south-west-sydney;concrete-driveway-replacement-south-west-sydney;concrete-driveways-south-west-sydney;concrete-paths-south-west-sydney;concrete-patios-south-west-sydney;concrete-slabs-south-west-sydney;decorative-concrete-south-west-sydney;exposed-aggregate-south-west-sydney;shed-and-garage-slabs-south-west-sydney
open highest weight researched areas,10,commercial-concreting-south-west-sydney;concrete-crossovers-and-laybacks-south-west-sydney;concrete-driveway-replacement-south-west-sydney;concrete-driveways-south-west-sydney;concrete-paths-south-west-sydney;concrete-patios-south-west-sydney;concrete-slabs-south-west-sydney;decorative-concrete-south-west-sydney;exposed-aggregate-south-west-sydney;shed-and-garage-slabs-south-west-sydney
highest weight researched areas for,10,commercial-concreting-south-west-sydney;concrete-crossovers-and-laybacks-south-west-sydney;concrete-driveway-replacement-south-west-sydney;concrete-driveways-south-west-sydney;concrete-paths-south-west-sydney;concrete-patios-south-west-sydney;concrete-slabs-south-west-sydney;decorative-concrete-south-west-sydney;exposed-aggregate-south-west-sydney;shed-and-garage-slabs-south-west-sydney
weight researched areas for this,10,commercial-concreting-south-west-sydney;concrete-crossovers-and-laybacks-south-west-sydney;concrete-driveway-replacement-south-west-sydney;concrete-driveways-south-west-sydney;concrete-paths-south-west-sydney;concrete-patios-south-west-sydney;concrete-slabs-south-west-sydney;decorative-concrete-south-west-sydney;exposed-aggregate-south-west-sydney;shed-and-garage-slabs-south-west-sydney
researched areas for this service,10,commercial-concreting-south-west-sydney;concrete-crossovers-and-laybacks-south-west-sydney;concrete-driveway-replacement-south-west-sydney;concrete-driveways-south-west-sydney;concrete-paths-south-west-sydney;concrete-patios-south-west-sydney;concrete-slabs-south-west-sydney;decorative-concrete-south-west-sydney;exposed-aggregate-south-west-sydney;shed-and-garage-slabs-south-west-sydney
areas for this service are,10,commercial-concreting-south-west-sydney;concrete-crossovers-and-laybacks-south-west-sydney;concrete-driveway-replacement-south-west-sydney;concrete-driveways-south-west-sydney;concrete-paths-south-west-sydney;concrete-patios-south-west-sydney;concrete-slabs-south-west-sydney;decorative-concrete-south-west-sydney;exposed-aggregate-south-west-sydney;shed-and-garage-slabs-south-west-sydney
from real corex quotes including,10,commercial-concreting-south-west-sydney;concrete-crossovers-and-laybacks-south-west-sydney;concrete-driveway-replacement-south-west-sydney;concrete-driveways-south-west-sydney;concrete-paths-south-west-sydney;concrete-patios-south-west-sydney;concrete-slabs-south-west-sydney;decorative-concrete-south-west-sydney;exposed-aggregate-south-west-sydney;shed-and-garage-slabs-south-west-sydney
real corex quotes including the,10,commercial-concreting-south-west-sydney;concrete-crossovers-and-laybacks-south-west-sydney;concrete-driveway-replacement-south-west-sydney;concrete-driveways-south-west-sydney;concrete-paths-south-west-sydney;concrete-patios-south-west-sydney;concrete-slabs-south-west-sydney;decorative-concrete-south-west-sydney;exposed-aggregate-south-west-sydney;shed-and-garage-slabs-south-west-sydney
corex quotes including the assumptions,10,commercial-concreting-south-west-sydney;concrete-crossovers-and-laybacks-south-west-sydney;concrete-driveway-replacement-south-west-sydney;concrete-driveways-south-west-sydney;concrete-paths-south-west-sydney;concrete-patios-south-west-sydney;concrete-slabs-south-west-sydney;decorative-concrete-south-west-sydney;exposed-aggregate-south-west-sydney;shed-and-garage-slabs-south-west-sydney
quotes including the assumptions behind,10,commercial-concreting-south-west-sydney;concrete-crossovers-and-laybacks-south-west-sydney;concrete-driveway-replacement-south-west-sydney;concrete-driveways-south-west-sydney;concrete-paths-south-west-sydney;concrete-patios-south-west-sydney;concrete-slabs-south-west-sydney;decorative-concrete-south-west-sydney;exposed-aggregate-south-west-sydney;shed-and-garage-slabs-south-west-sydney
including the assumptions behind it,10,commercial-concreting-south-west-sydney;concrete-crossovers-and-laybacks-south-west-sydney;concrete-driveway-replacement-south-west-sydney;concrete-driveways-south-west-sydney;concrete-paths-south-west-sydney;concrete-patios-south-west-sydney;concrete-slabs-south-west-sydney;decorative-concrete-south-west-sydney;exposed-aggregate-south-west-sydney;shed-and-garage-slabs-south-west-sydney
park no fact from an,10,concrete-crossovers-and-laybacks-oran-park;concrete-driveway-replacement-harrington-park;concrete-driveways-edmondson-park;concrete-driveways-oran-park;concrete-paths-edmondson-park;concrete-patios-edmondson-park;decorative-concrete-harrington-park;exposed-aggregate-harrington-park;exposed-aggregate-oran-park;shed-and-garage-slabs-oran-park
park and the site inputs,10,concrete-crossovers-and-laybacks-oran-park;concrete-driveway-replacement-harrington-park;concrete-driveways-edmondson-park;concrete-driveways-oran-park;concrete-paths-edmondson-park;concrete-patios-edmondson-park;decorative-concrete-harrington-park;exposed-aggregate-harrington-park;exposed-aggregate-oran-park;shed-and-garage-slabs-oran-park
slabs south west sydney and,10,concrete-patios-edmondson-park;concrete-patios-elderslie;concrete-patios-gledswood-hills;concrete-slabs-austral;concrete-slabs-bringelly;concrete-slabs-gledswood-hills;concrete-slabs-gregory-hills;concrete-slabs-leppington;shed-and-garage-slabs-catherine-field;shed-and-garage-slabs-oran-park
review keeps the basis explicit,10,coloured-concrete-driveway-cost;concrete-vs-asphalt;concrete-vs-pavers;diy-concrete-vs-hiring-a-concreter;driveway-cost-calculator;exposed-aggregate-driveway-cost;exposed-aggregate-vs-plain-concrete;plain-concrete-driveway-cost;slab-volume-calculator;stencilled-concrete-driveway-cost
review leaves an audit trail,10,coloured-concrete-driveway-cost;concrete-vs-asphalt;concrete-vs-pavers;diy-concrete-vs-hiring-a-concreter;driveway-cost-calculator;exposed-aggregate-driveway-cost;exposed-aggregate-vs-plain-concrete;plain-concrete-driveway-cost;slab-volume-calculator;stencilled-concrete-driveway-cost
review links the supporting record,10,coloured-concrete-driveway-cost;concrete-vs-asphalt;concrete-vs-pavers;diy-concrete-vs-hiring-a-concreter;driveway-cost-calculator;exposed-aggregate-driveway-cost;exposed-aggregate-vs-plain-concrete;plain-concrete-driveway-cost;slab-volume-calculator;stencilled-concrete-driveway-cost
review carries the source date,10,coloured-concrete-driveway-cost;concrete-vs-asphalt;concrete-vs-pavers;diy-concrete-vs-hiring-a-concreter;driveway-cost-calculator;exposed-aggregate-driveway-cost;exposed-aggregate-vs-plain-concrete;plain-concrete-driveway-cost;slab-volume-calculator;stencilled-concrete-driveway-cost
review marks the evidence owner,10,coloured-concrete-driveway-cost;concrete-vs-asphalt;concrete-vs-pavers;diy-concrete-vs-hiring-a-concreter;driveway-cost-calculator;exposed-aggregate-driveway-cost;exposed-aggregate-vs-plain-concrete;plain-concrete-driveway-cost;slab-volume-calculator;stencilled-concrete-driveway-cost
review keeps it open this,10,coloured-concrete-driveway-cost;concrete-vs-asphalt;concrete-vs-pavers;diy-concrete-vs-hiring-a-concreter;driveway-cost-calculator;exposed-aggregate-driveway-cost;exposed-aggregate-vs-plain-concrete;plain-concrete-driveway-cost;slab-volume-calculator;stencilled-concrete-driveway-cost
keeps it open this commercial,10,coloured-concrete-driveway-cost;concrete-vs-asphalt;concrete-vs-pavers;diy-concrete-vs-hiring-a-concreter;driveway-cost-calculator;exposed-aggregate-driveway-cost;exposed-aggregate-vs-plain-concrete;plain-concrete-driveway-cost;slab-volume-calculator;stencilled-concrete-driveway-cost
it open this commercial investigation,10,coloured-concrete-driveway-cost;concrete-vs-asphalt;concrete-vs-pavers;diy-concrete-vs-hiring-a-concreter;driveway-cost-calculator;exposed-aggregate-driveway-cost;exposed-aggregate-vs-plain-concrete;plain-concrete-driveway-cost;slab-volume-calculator;stencilled-concrete-driveway-cost
open this commercial investigation page,10,coloured-concrete-driveway-cost;concrete-vs-asphalt;concrete-vs-pavers;diy-concrete-vs-hiring-a-concreter;driveway-cost-calculator;exposed-aggregate-driveway-cost;exposed-aggregate-vs-plain-concrete;plain-concrete-driveway-cost;slab-volume-calculator;stencilled-concrete-driveway-cost
this commercial investigation page is,10,coloured-concrete-driveway-cost;concrete-vs-asphalt;concrete-vs-pavers;diy-concrete-vs-hiring-a-concreter;driveway-cost-calculator;exposed-aggregate-driveway-cost;exposed-aggregate-vs-plain-concrete;plain-concrete-driveway-cost;slab-volume-calculator;stencilled-concrete-driveway-cost
commercial investigation page is limited,10,coloured-concrete-driveway-cost;concrete-vs-asphalt;concrete-vs-pavers;diy-concrete-vs-hiring-a-concreter;driveway-cost-calculator;exposed-aggregate-driveway-cost;exposed-aggregate-vs-plain-concrete;plain-concrete-driveway-cost;slab-volume-calculator;stencilled-concrete-driveway-cost
investigation page is limited to,10,coloured-concrete-driveway-cost;concrete-vs-asphalt;concrete-vs-pavers;diy-concrete-vs-hiring-a-concreter;driveway-cost-calculator;exposed-aggregate-driveway-cost;exposed-aggregate-vs-plain-concrete;plain-concrete-driveway-cost;slab-volume-calculator;stencilled-concrete-driveway-cost
and separates measurable inputs from,10,coloured-concrete-driveway-cost;concrete-vs-asphalt;concrete-vs-pavers;diy-concrete-vs-hiring-a-concreter;driveway-cost-calculator;exposed-aggregate-driveway-cost;exposed-aggregate-vs-plain-concrete;plain-concrete-driveway-cost;slab-volume-calculator;stencilled-concrete-driveway-cost
separates measurable inputs from choices,10,coloured-concrete-driveway-cost;concrete-vs-asphalt;concrete-vs-pavers;diy-concrete-vs-hiring-a-concreter;driveway-cost-calculator;exposed-aggregate-driveway-cost;exposed-aggregate-vs-plain-concrete;plain-concrete-driveway-cost;slab-volume-calculator;stencilled-concrete-driveway-cost
measurable inputs from choices that,10,coloured-concrete-driveway-cost;concrete-vs-asphalt;concrete-vs-pavers;diy-concrete-vs-hiring-a-concreter;driveway-cost-calculator;exposed-aggregate-driveway-cost;exposed-aggregate-vs-plain-concrete;plain-concrete-driveway-cost;slab-volume-calculator;stencilled-concrete-driveway-cost
inputs from choices that require,10,coloured-concrete-driveway-cost;concrete-vs-asphalt;concrete-vs-pavers;diy-concrete-vs-hiring-a-concreter;driveway-cost-calculator;exposed-aggregate-driveway-cost;exposed-aggregate-vs-plain-concrete;plain-concrete-driveway-cost;slab-volume-calculator;stencilled-concrete-driveway-cost
from choices that require site,10,coloured-concrete-driveway-cost;concrete-vs-asphalt;concrete-vs-pavers;diy-concrete-vs-hiring-a-concreter;driveway-cost-calculator;exposed-aggregate-driveway-cost;exposed-aggregate-vs-plain-concrete;plain-concrete-driveway-cost;slab-volume-calculator;stencilled-concrete-driveway-cost
choices that require site evidence,10,coloured-concrete-driveway-cost;concrete-vs-asphalt;concrete-vs-pavers;diy-concrete-vs-hiring-a-concreter;driveway-cost-calculator;exposed-aggregate-driveway-cost;exposed-aggregate-vs-plain-concrete;plain-concrete-driveway-cost;slab-volume-calculator;stencilled-concrete-driveway-cost
review identifies the record owner,10,coloured-concrete-driveway-cost;concrete-vs-asphalt;concrete-vs-pavers;diy-concrete-vs-hiring-a-concreter;driveway-cost-calculator;exposed-aggregate-driveway-cost;exposed-aggregate-vs-plain-concrete;plain-concrete-driveway-cost;slab-volume-calculator;stencilled-concrete-driveway-cost
review keeps it open related,10,coloured-concrete-driveway-cost;concrete-vs-asphalt;concrete-vs-pavers;diy-concrete-vs-hiring-a-concreter;driveway-cost-calculator;exposed-aggregate-driveway-cost;exposed-aggregate-vs-plain-concrete;plain-concrete-driveway-cost;slab-volume-calculator;stencilled-concrete-driveway-cost
are concrete driveway scopes concrete,10,coloured-concrete-driveway-cost;concrete-vs-asphalt;concrete-vs-pavers;diy-concrete-vs-hiring-a-concreter;driveway-cost-calculator;exposed-aggregate-driveway-cost;exposed-aggregate-vs-plain-concrete;plain-concrete-driveway-cost;slab-volume-calculator;stencilled-concrete-driveway-cost
concrete driveway scopes concrete slab,10,coloured-concrete-driveway-cost;concrete-vs-asphalt;concrete-vs-pavers;diy-concrete-vs-hiring-a-concreter;driveway-cost-calculator;exposed-aggregate-driveway-cost;exposed-aggregate-vs-plain-concrete;plain-concrete-driveway-cost;slab-volume-calculator;stencilled-concrete-driveway-cost
driveway scopes concrete slab scopes,10,coloured-concrete-driveway-cost;concrete-vs-asphalt;concrete-vs-pavers;diy-concrete-vs-hiring-a-concreter;driveway-cost-calculator;exposed-aggregate-driveway-cost;exposed-aggregate-vs-plain-concrete;plain-concrete-driveway-cost;slab-volume-calculator;stencilled-concrete-driveway-cost
scopes concrete slab scopes and,10,coloured-concrete-driveway-cost;concrete-vs-asphalt;concrete-vs-pavers;diy-concrete-vs-hiring-a-concreter;driveway-cost-calculator;exposed-aggregate-driveway-cost;exposed-aggregate-vs-plain-concrete;plain-concrete-driveway-cost;slab-volume-calculator;stencilled-concrete-driveway-cost
concrete slab scopes and an,10,coloured-concrete-driveway-cost;concrete-vs-asphalt;concrete-vs-pavers;diy-concrete-vs-hiring-a-concreter;driveway-cost-calculator;exposed-aggregate-driveway-cost;exposed-aggregate-vs-plain-concrete;plain-concrete-driveway-cost;slab-volume-calculator;stencilled-concrete-driveway-cost
slab scopes and an on,10,coloured-concrete-driveway-cost;concrete-vs-asphalt;concrete-vs-pavers;diy-concrete-vs-hiring-a-concreter;driveway-cost-calculator;exposed-aggregate-driveway-cost;exposed-aggregate-vs-plain-concrete;plain-concrete-driveway-cost;slab-volume-calculator;stencilled-concrete-driveway-cost
scopes and an on site,10,coloured-concrete-driveway-cost;concrete-vs-asphalt;concrete-vs-pavers;diy-concrete-vs-hiring-a-concreter;driveway-cost-calculator;exposed-aggregate-driveway-cost;exposed-aggregate-vs-plain-concrete;plain-concrete-driveway-cost;slab-volume-calculator;stencilled-concrete-driveway-cost
and an on site quote,10,coloured-concrete-driveway-cost;concrete-vs-asphalt;concrete-vs-pavers;diy-concrete-vs-hiring-a-concreter;driveway-cost-calculator;exposed-aggregate-driveway-cost;exposed-aggregate-vs-plain-concrete;plain-concrete-driveway-cost;slab-volume-calculator;stencilled-concrete-driveway-cost
an on site quote request,10,coloured-concrete-driveway-cost;concrete-vs-asphalt;concrete-vs-pavers;diy-concrete-vs-hiring-a-concreter;driveway-cost-calculator;exposed-aggregate-driveway-cost;exposed-aggregate-vs-plain-concrete;plain-concrete-driveway-cost;slab-volume-calculator;stencilled-concrete-driveway-cost
slabs evidence from the general,9,concreters-austral;concreters-bringelly;concreters-catherine-field;concreters-edmondson-park;concreters-elderslie;concreters-gledswood-hills;concreters-gregory-hills;concreters-leppington;concreters-oran-park
1 6 max batter before,9,concreters-catherine-field;concreters-cobbitty;concreters-currans-hill;concreters-elderslie;concreters-gregory-hills;concreters-harrington-park;concreters-mount-annan;concreters-narellan;concreters-spring-farm
6 max batter before crossover,9,concreters-catherine-field;concreters-cobbitty;concreters-currans-hill;concreters-elderslie;concreters-gregory-hills;concreters-harrington-park;concreters-mount-annan;concreters-narellan;concreters-spring-farm
max batter before crossover work,9,concreters-catherine-field;concreters-cobbitty;concreters-currans-hill;concreters-elderslie;concreters-gregory-hills;concreters-harrington-park;concreters-mount-annan;concreters-narellan;concreters-spring-farm
batter before crossover work in,9,concreters-catherine-field;concreters-cobbitty;concreters-currans-hill;concreters-elderslie;concreters-gregory-hills;concreters-harrington-park;concreters-mount-annan;concreters-narellan;concreters-spring-farm
driveway scope identifies the record,9,concrete-driveway-replacement-south-west-sydney;concrete-driveways-austral;concrete-driveways-catherine-field;concrete-driveways-cobbitty;concrete-driveways-edmondson-park;concrete-driveways-leppington;concrete-driveways-oran-park;concrete-driveways-south-west-sydney;concrete-driveways-spring-farm
driveway scope keeps the basis,9,concrete-driveway-replacement-south-west-sydney;concrete-driveways-austral;concrete-driveways-catherine-field;concrete-driveways-cobbitty;concrete-driveways-edmondson-park;concrete-driveways-leppington;concrete-driveways-oran-park;concrete-driveways-south-west-sydney;concrete-driveways-spring-farm
driveway scope leaves an audit,9,concrete-driveway-replacement-south-west-sydney;concrete-driveways-austral;concrete-driveways-catherine-field;concrete-driveways-cobbitty;concrete-driveways-edmondson-park;concrete-driveways-leppington;concrete-driveways-oran-park;concrete-driveways-south-west-sydney;concrete-driveways-spring-farm
driveway scope links the supporting,9,concrete-driveway-replacement-south-west-sydney;concrete-driveways-austral;concrete-driveways-catherine-field;concrete-driveways-cobbitty;concrete-driveways-edmondson-park;concrete-driveways-leppington;concrete-driveways-oran-park;concrete-driveways-south-west-sydney;concrete-driveways-spring-farm
driveway scope carries the source,9,concrete-driveway-replacement-south-west-sydney;concrete-driveways-austral;concrete-driveways-catherine-field;concrete-driveways-cobbitty;concrete-driveways-edmondson-park;concrete-driveways-leppington;concrete-driveways-oran-park;concrete-driveways-south-west-sydney;concrete-driveways-spring-farm
driveway scope marks the evidence,9,concrete-driveway-replacement-south-west-sydney;concrete-driveways-austral;concrete-driveways-catherine-field;concrete-driveways-cobbitty;concrete-driveways-edmondson-park;concrete-driveways-leppington;concrete-driveways-oran-park;concrete-driveways-south-west-sydney;concrete-driveways-spring-farm
driveway scope keeps it open,9,concrete-driveway-replacement-south-west-sydney;concrete-driveways-austral;concrete-driveways-catherine-field;concrete-driveways-cobbitty;concrete-driveways-edmondson-park;concrete-driveways-leppington;concrete-driveways-oran-park;concrete-driveways-south-west-sydney;concrete-driveways-spring-farm
driveway scope flags the authority,9,concrete-driveway-replacement-south-west-sydney;concrete-driveways-austral;concrete-driveways-catherine-field;concrete-driveways-cobbitty;concrete-driveways-edmondson-park;concrete-driveways-leppington;concrete-driveways-oran-park;concrete-driveways-south-west-sydney;concrete-driveways-spring-farm
driveway scope holds the citation,9,concrete-driveway-replacement-south-west-sydney;concrete-driveways-austral;concrete-driveways-catherine-field;concrete-driveways-cobbitty;concrete-driveways-edmondson-park;concrete-driveways-leppington;concrete-driveways-oran-park;concrete-driveways-south-west-sydney;concrete-driveways-spring-farm
driveway scope keeps provenance visible,9,concrete-driveway-replacement-south-west-sydney;concrete-driveways-austral;concrete-driveways-catherine-field;concrete-driveways-cobbitty;concrete-driveways-edmondson-park;concrete-driveways-leppington;concrete-driveways-oran-park;concrete-driveways-south-west-sydney;concrete-driveways-spring-farm
driveway scope retains the source,9,concrete-driveway-replacement-south-west-sydney;concrete-driveways-austral;concrete-driveways-catherine-field;concrete-driveways-cobbitty;concrete-driveways-edmondson-park;concrete-driveways-leppington;concrete-driveways-oran-park;concrete-driveways-south-west-sydney;concrete-driveways-spring-farm
driveway scope stores the reference,9,concrete-driveway-replacement-south-west-sydney;concrete-driveways-austral;concrete-driveways-catherine-field;concrete-driveways-cobbitty;concrete-driveways-edmondson-park;concrete-driveways-leppington;concrete-driveways-oran-park;concrete-driveways-south-west-sydney;concrete-driveways-spring-farm
covers in south west sydney,9,commercial-concreting-south-west-sydney;concrete-driveway-replacement-south-west-sydney;concrete-driveways-south-west-sydney;concrete-paths-south-west-sydney;concrete-patios-south-west-sydney;concrete-slabs-south-west-sydney;decorative-concrete-south-west-sydney;exposed-aggregate-south-west-sydney;shed-and-garage-slabs-south-west-sydney
in camden council verified local,9,concreters-camden-park;concreters-camden-south;concreters-cawdor;concreters-ellis-lane;concreters-grasmere;concreters-kirkham;concreters-narellan-vale;concreters-smeaton-grange;concreters-theresa-park
camden council verified local ground,9,concreters-camden-park;concreters-camden-south;concreters-cawdor;concreters-ellis-lane;concreters-grasmere;concreters-kirkham;concreters-narellan-vale;concreters-smeaton-grange;concreters-theresa-park
intersection is substituted why concrete,9,concrete-paths-edmondson-park;concrete-patios-edmondson-park;concrete-patios-elderslie;concrete-patios-gledswood-hills;concrete-slabs-austral;concrete-slabs-bringelly;concrete-slabs-gledswood-hills;concrete-slabs-gregory-hills;concrete-slabs-leppington
site inputs behind it concrete,9,concrete-paths-edmondson-park;concrete-patios-edmondson-park;concrete-patios-elderslie;concrete-patios-gledswood-hills;concrete-slabs-austral;concrete-slabs-bringelly;concrete-slabs-gledswood-hills;concrete-slabs-gregory-hills;concrete-slabs-leppington
shed and garage slabs in,8,concreters-austral;concreters-catherine-field;concreters-gledswood-hills;concreters-leppington;concreters-oran-park;concreters-spring-farm;shed-and-garage-slabs-catherine-field;shed-and-garage-slabs-oran-park
concrete patios and alfresco slabs,8,concrete-patios-edmondson-park;concrete-patios-elderslie;concrete-patios-gledswood-hills;concrete-patios-south-west-sydney;concreters-edmondson-park;concreters-elderslie;concreters-gledswood-hills;homepage
concrete driveways south west sydney,8,concrete-driveways-austral;concrete-driveways-catherine-field;concrete-driveways-cobbitty;concrete-driveways-edmondson-park;concrete-driveways-leppington;concrete-driveways-oran-park;concrete-driveways-south-west-sydney;concrete-driveways-spring-farm
open questions about concrete driveways,8,concrete-driveways-austral;concrete-driveways-catherine-field;concrete-driveways-cobbitty;concrete-driveways-edmondson-park;concrete-driveways-leppington;concrete-driveways-oran-park;concrete-driveways-south-west-sydney;concrete-driveways-spring-farm
slab scope carries the source,8,concrete-patios-south-west-sydney;concrete-slabs-austral;concrete-slabs-bringelly;concrete-slabs-gledswood-hills;concrete-slabs-gregory-hills;concrete-slabs-leppington;concrete-slabs-south-west-sydney;shed-and-garage-slabs-south-west-sydney
slab scope marks the evidence,8,concrete-patios-south-west-sydney;concrete-slabs-austral;concrete-slabs-bringelly;concrete-slabs-gledswood-hills;concrete-slabs-gregory-hills;concrete-slabs-leppington;concrete-slabs-south-west-sydney;shed-and-garage-slabs-south-west-sydney
slab scope stores the reference,8,concrete-patios-south-west-sydney;concrete-slabs-austral;concrete-slabs-bringelly;concrete-slabs-gledswood-hills;concrete-slabs-gregory-hills;concrete-slabs-leppington;concrete-slabs-south-west-sydney;shed-and-garage-slabs-south-west-sydney
slab scope flags the authority,8,concrete-patios-south-west-sydney;concrete-slabs-austral;concrete-slabs-bringelly;concrete-slabs-gledswood-hills;concrete-slabs-gregory-hills;concrete-slabs-leppington;concrete-slabs-south-west-sydney;shed-and-garage-slabs-south-west-sydney
slab scope holds the citation,8,concrete-patios-south-west-sydney;concrete-slabs-austral;concrete-slabs-bringelly;concrete-slabs-gledswood-hills;concrete-slabs-gregory-hills;concrete-slabs-leppington;concrete-slabs-south-west-sydney;shed-and-garage-slabs-south-west-sydney
slab scope keeps it open,8,concrete-patios-south-west-sydney;concrete-slabs-austral;concrete-slabs-bringelly;concrete-slabs-gledswood-hills;concrete-slabs-gregory-hills;concrete-slabs-leppington;concrete-slabs-south-west-sydney;shed-and-garage-slabs-south-west-sydney
slab scope retains the source,8,concrete-patios-south-west-sydney;concrete-slabs-austral;concrete-slabs-bringelly;concrete-slabs-gledswood-hills;concrete-slabs-gregory-hills;concrete-slabs-leppington;concrete-slabs-south-west-sydney;shed-and-garage-slabs-south-west-sydney
slab scope identifies the record,8,concrete-patios-south-west-sydney;concrete-slabs-austral;concrete-slabs-bringelly;concrete-slabs-gledswood-hills;concrete-slabs-gregory-hills;concrete-slabs-leppington;concrete-slabs-south-west-sydney;shed-and-garage-slabs-south-west-sydney
slab scope keeps the basis,8,concrete-patios-south-west-sydney;concrete-slabs-austral;concrete-slabs-bringelly;concrete-slabs-gledswood-hills;concrete-slabs-gregory-hills;concrete-slabs-leppington;concrete-slabs-south-west-sydney;shed-and-garage-slabs-south-west-sydney
slab scope leaves an audit,8,concrete-patios-south-west-sydney;concrete-slabs-austral;concrete-slabs-bringelly;concrete-slabs-gledswood-hills;concrete-slabs-gregory-hills;concrete-slabs-leppington;concrete-slabs-south-west-sydney;shed-and-garage-slabs-south-west-sydney
slab scope links the supporting,8,concrete-patios-south-west-sydney;concrete-slabs-austral;concrete-slabs-bringelly;concrete-slabs-gledswood-hills;concrete-slabs-gregory-hills;concrete-slabs-leppington;concrete-slabs-south-west-sydney;shed-and-garage-slabs-south-west-sydney
slab scope keeps provenance visible,8,concrete-patios-south-west-sydney;concrete-slabs-austral;concrete-slabs-bringelly;concrete-slabs-gledswood-hills;concrete-slabs-gregory-hills;concrete-slabs-leppington;concrete-slabs-south-west-sydney;shed-and-garage-slabs-south-west-sydney
in wollondilly shire council verified,8,concreters-appin;concreters-bargo;concreters-douglas-park;concreters-menangle;concreters-picton;concreters-tahmoor;concreters-the-oaks;concreters-wilton
wollondilly shire council verified local,8,concreters-appin;concreters-bargo;concreters-douglas-park;concreters-menangle;concreters-picton;concreters-tahmoor;concreters-the-oaks;concreters-wilton
shire council verified local ground,8,concreters-appin;concreters-bargo;concreters-douglas-park;concreters-menangle;concreters-picton;concreters-tahmoor;concreters-the-oaks;concreters-wilton
2171 in liverpool city council,8,concreters-carnes-hill;concreters-cecil-hills;concreters-elizabeth-hills;concreters-horningsea-park;concreters-hoxton-park;concreters-len-waters-estate;concreters-middleton-grange;concreters-west-hoxton
separates its concrete driveways evidence,7,concreters-austral;concreters-catherine-field;concreters-cobbitty;concreters-edmondson-park;concreters-leppington;concreters-oran-park;concreters-spring-farm
its concrete driveways evidence from,7,concreters-austral;concreters-catherine-field;concreters-cobbitty;concreters-edmondson-park;concreters-leppington;concreters-oran-park;concreters-spring-farm
concrete driveways evidence from the,7,concreters-austral;concreters-catherine-field;concreters-cobbitty;concreters-edmondson-park;concreters-leppington;concreters-oran-park;concreters-spring-farm
driveways evidence from the general,7,concreters-austral;concreters-catherine-field;concreters-cobbitty;concreters-edmondson-park;concreters-leppington;concreters-oran-park;concreters-spring-farm
park get your free quote,7,campbelltown-council-driveway-crossing;concreters-currans-hill;concreters-gledswood-hills;concreters-leppington;concreters-mount-annan;concreters-oran-park;liverpool-council-vehicle-crossing
road the verified local distinction,7,concreters-bringelly;concreters-catherine-field;concreters-cobbitty;concreters-elderslie;concreters-gregory-hills;concreters-leppington;concreters-narellan
verified project record says camden,7,concreters-currans-hill;concreters-elderslie;concreters-gledswood-hills;concreters-harrington-park;concreters-leppington;concreters-narellan;concreters-spring-farm
slabs preparation is matched to,7,concreters-austral;concreters-catherine-field;concreters-cobbitty;concreters-currans-hill;concreters-elderslie;concreters-mount-annan;concreters-spring-farm
evidence register identifies camden lep,7,concreters-cobbitty;concreters-currans-hill;concreters-elderslie;concreters-harrington-park;concreters-mount-annan;concreters-narellan;concreters-spring-farm
register identifies camden lep 2010,7,concreters-cobbitty;concreters-currans-hill;concreters-elderslie;concreters-harrington-park;concreters-mount-annan;concreters-narellan;concreters-spring-farm
scope keeps it open cost,7,commercial-concreting-south-west-sydney;concrete-driveway-replacement-south-west-sydney;concrete-driveways-south-west-sydney;concrete-paths-south-west-sydney;concrete-patios-south-west-sydney;concrete-slabs-south-west-sydney;shed-and-garage-slabs-south-west-sydney
keeps it open cost inputs,7,commercial-concreting-south-west-sydney;concrete-driveway-replacement-south-west-sydney;concrete-driveways-south-west-sydney;concrete-paths-south-west-sydney;concrete-patios-south-west-sydney;concrete-slabs-south-west-sydney;shed-and-garage-slabs-south-west-sydney
it open cost inputs for,7,commercial-concreting-south-west-sydney;concrete-driveway-replacement-south-west-sydney;concrete-driveways-south-west-sydney;concrete-paths-south-west-sydney;concrete-patios-south-west-sydney;concrete-slabs-south-west-sydney;shed-and-garage-slabs-south-west-sydney
the approved topic of concrete,7,concrete-crack-types-and-which-matter;concrete-driveway-cost-nsw;concrete-efflorescence;concrete-repair-vs-replace;concrete-slab-cost-per-m2;concrete-strength-grades-explained;concrete-vs-pavers-vs-asphalt
keeps it open exposed aggregate,7,exposed-aggregate-cost;exposed-aggregate-driveway-cost;exposed-aggregate-gledswood-hills;exposed-aggregate-harrington-park;exposed-aggregate-oran-park;exposed-aggregate-vs-plain-concrete;exposed-aggregate-vs-stencil
open related sources for exposed,7,exposed-aggregate-cost;exposed-aggregate-driveway-cost;exposed-aggregate-gledswood-hills;exposed-aggregate-harrington-park;exposed-aggregate-oran-park;exposed-aggregate-vs-plain-concrete;exposed-aggregate-vs-stencil
related sources for exposed aggregate,7,exposed-aggregate-cost;exposed-aggregate-driveway-cost;exposed-aggregate-gledswood-hills;exposed-aggregate-harrington-park;exposed-aggregate-oran-park;exposed-aggregate-vs-plain-concrete;exposed-aggregate-vs-stencil
park this research shell records,7,concreters-camden-park;concreters-cecil-park;concreters-douglas-park;concreters-horningsea-park;concreters-hoxton-park;concreters-menangle-park;concreters-theresa-park
2570 in camden council verified,7,concreters-camden-park;concreters-camden-south;concreters-cawdor;concreters-ellis-lane;concreters-grasmere;concreters-kirkham;concreters-theresa-park
scope logs unresolved scope boundary,7,commercial-concreting-gregory-hills;concrete-crossovers-and-laybacks-austral;concrete-crossovers-and-laybacks-oran-park;concrete-driveway-replacement-currans-hill;concrete-driveway-replacement-narellan;concrete-driveways-catherine-field;exposed-aggregate-oran-park
scope documents unresolved decision owner,7,commercial-concreting-gregory-hills;concrete-crossovers-and-laybacks-austral;concrete-crossovers-and-laybacks-oran-park;concrete-driveway-replacement-currans-hill;concrete-driveway-replacement-narellan;concrete-driveways-catherine-field;exposed-aggregate-oran-park
scope dates unresolved source authority,7,commercial-concreting-gregory-hills;concrete-crossovers-and-laybacks-austral;concrete-crossovers-and-laybacks-oran-park;concrete-driveway-replacement-currans-hill;concrete-driveway-replacement-narellan;concrete-driveways-catherine-field;exposed-aggregate-oran-park
scope maps unresolved source date,7,commercial-concreting-gregory-hills;concrete-crossovers-and-laybacks-austral;concrete-crossovers-and-laybacks-oran-park;concrete-driveway-replacement-currans-hill;concrete-driveway-replacement-narellan;concrete-driveways-catherine-field;exposed-aggregate-oran-park
scope names unresolved site identity,7,commercial-concreting-gregory-hills;concrete-crossovers-and-laybacks-austral;concrete-crossovers-and-laybacks-oran-park;concrete-driveway-replacement-currans-hill;concrete-driveway-replacement-narellan;concrete-driveways-catherine-field;exposed-aggregate-oran-park
scope checks unresolved intended use,7,commercial-concreting-gregory-hills;concrete-crossovers-and-laybacks-austral;concrete-crossovers-and-laybacks-oran-park;concrete-driveway-replacement-currans-hill;concrete-driveway-replacement-narellan;concrete-driveways-catherine-field;exposed-aggregate-oran-park
scope measures unresolved traffic pattern,7,commercial-concreting-gregory-hills;concrete-crossovers-and-laybacks-austral;concrete-crossovers-and-laybacks-oran-park;concrete-driveway-replacement-currans-hill;concrete-driveway-replacement-narellan;concrete-driveways-catherine-field;exposed-aggregate-oran-park
scope notes unresolved measured geometry,7,commercial-concreting-gregory-hills;concrete-crossovers-and-laybacks-austral;concrete-crossovers-and-laybacks-oran-park;concrete-driveway-replacement-currans-hill;concrete-driveway-replacement-narellan;concrete-driveways-catherine-field;exposed-aggregate-oran-park
scope cites unresolved existing surface,7,commercial-concreting-gregory-hills;concrete-crossovers-and-laybacks-austral;concrete-crossovers-and-laybacks-oran-park;concrete-driveway-replacement-currans-hill;concrete-driveway-replacement-narellan;concrete-driveways-catherine-field;exposed-aggregate-oran-park
scope states unresolved excavation plan,7,commercial-concreting-gregory-hills;concrete-crossovers-and-laybacks-austral;concrete-crossovers-and-laybacks-oran-park;concrete-driveway-replacement-currans-hill;concrete-driveway-replacement-narellan;concrete-driveways-catherine-field;exposed-aggregate-oran-park
scope separates unresolved subgrade evidence,7,commercial-concreting-gregory-hills;concrete-crossovers-and-laybacks-austral;concrete-crossovers-and-laybacks-oran-park;concrete-driveway-replacement-currans-hill;concrete-driveway-replacement-narellan;concrete-driveways-catherine-field;exposed-aggregate-oran-park
scope verifies unresolved fill history,7,commercial-concreting-gregory-hills;concrete-crossovers-and-laybacks-austral;concrete-crossovers-and-laybacks-oran-park;concrete-driveway-replacement-currans-hill;concrete-driveway-replacement-narellan;concrete-driveways-catherine-field;exposed-aggregate-oran-park
scope tests unresolved finished levels,7,commercial-concreting-gregory-hills;concrete-crossovers-and-laybacks-austral;concrete-crossovers-and-laybacks-oran-park;concrete-driveway-replacement-currans-hill;concrete-driveway-replacement-narellan;concrete-driveways-catherine-field;exposed-aggregate-oran-park
scope tracks unresolved threshold control,7,commercial-concreting-gregory-hills;concrete-crossovers-and-laybacks-austral;concrete-crossovers-and-laybacks-oran-park;concrete-driveway-replacement-currans-hill;concrete-driveway-replacement-narellan;concrete-driveways-catherine-field;exposed-aggregate-oran-park
scope records unresolved lawful discharge,7,commercial-concreting-gregory-hills;concrete-crossovers-and-laybacks-austral;concrete-crossovers-and-laybacks-oran-park;concrete-driveway-replacement-currans-hill;concrete-driveway-replacement-narellan;concrete-driveways-catherine-field;exposed-aggregate-oran-park
scope lists surface water path,7,commercial-concreting-gregory-hills;concrete-crossovers-and-laybacks-austral;concrete-crossovers-and-laybacks-oran-park;concrete-driveway-replacement-currans-hill;concrete-driveway-replacement-narellan;concrete-driveways-catherine-field;exposed-aggregate-oran-park
scope attributes unresolved surface water,7,commercial-concreting-gregory-hills;concrete-crossovers-and-laybacks-austral;concrete-crossovers-and-laybacks-oran-park;concrete-driveway-replacement-currans-hill;concrete-driveway-replacement-narellan;concrete-driveways-catherine-field;exposed-aggregate-oran-park
attributes unresolved surface water path,7,commercial-concreting-gregory-hills;concrete-crossovers-and-laybacks-austral;concrete-crossovers-and-laybacks-oran-park;concrete-driveway-replacement-currans-hill;concrete-driveway-replacement-narellan;concrete-driveways-catherine-field;exposed-aggregate-oran-park
scope lists unresolved site access,7,commercial-concreting-gregory-hills;concrete-crossovers-and-laybacks-austral;concrete-crossovers-and-laybacks-oran-park;concrete-driveway-replacement-currans-hill;concrete-driveway-replacement-narellan;concrete-driveways-catherine-field;exposed-aggregate-oran-park
scope logs unresolved delivery sequence,7,commercial-concreting-gregory-hills;concrete-crossovers-and-laybacks-austral;concrete-crossovers-and-laybacks-oran-park;concrete-driveway-replacement-currans-hill;concrete-driveway-replacement-narellan;concrete-driveways-catherine-field;exposed-aggregate-oran-park
scope documents unresolved pump requirement,7,commercial-concreting-gregory-hills;concrete-crossovers-and-laybacks-austral;concrete-crossovers-and-laybacks-oran-park;concrete-driveway-replacement-currans-hill;concrete-driveway-replacement-narellan;concrete-driveways-catherine-field;exposed-aggregate-oran-park
differentiator controls the concrete driveways,7,concrete-driveways-austral;concrete-driveways-catherine-field;concrete-driveways-cobbitty;concrete-driveways-edmondson-park;concrete-driveways-leppington;concrete-driveways-oran-park;concrete-driveways-spring-farm
controls the concrete driveways discussion,7,concrete-driveways-austral;concrete-driveways-catherine-field;concrete-driveways-cobbitty;concrete-driveways-edmondson-park;concrete-driveways-leppington;concrete-driveways-oran-park;concrete-driveways-spring-farm
the concrete driveways discussion for,7,concrete-driveways-austral;concrete-driveways-catherine-field;concrete-driveways-cobbitty;concrete-driveways-edmondson-park;concrete-driveways-leppington;concrete-driveways-oran-park;concrete-driveways-spring-farm
free quote today concrete driveways,7,concrete-driveways-austral;concrete-driveways-catherine-field;concrete-driveways-cobbitty;concrete-driveways-edmondson-park;concrete-driveways-leppington;concrete-driveways-oran-park;concrete-driveways-spring-farm
keeps it open concrete driveways,7,concrete-driveways-austral;concrete-driveways-catherine-field;concrete-driveways-cobbitty;concrete-driveways-edmondson-park;concrete-driveways-leppington;concrete-driveways-oran-park;concrete-driveways-spring-farm
it open why concrete driveways,7,concrete-driveways-austral;concrete-driveways-catherine-field;concrete-driveways-cobbitty;concrete-driveways-edmondson-park;concrete-driveways-leppington;concrete-driveways-oran-park;concrete-driveways-spring-farm
open why concrete driveways differs,7,concrete-driveways-austral;concrete-driveways-catherine-field;concrete-driveways-cobbitty;concrete-driveways-edmondson-park;concrete-driveways-leppington;concrete-driveways-oran-park;concrete-driveways-spring-farm
why concrete driveways differs in,7,concrete-driveways-austral;concrete-driveways-catherine-field;concrete-driveways-cobbitty;concrete-driveways-edmondson-park;concrete-driveways-leppington;concrete-driveways-oran-park;concrete-driveways-spring-farm
related sources for concrete driveways,7,concrete-driveways-austral;concrete-driveways-catherine-field;concrete-driveways-cobbitty;concrete-driveways-edmondson-park;concrete-driveways-leppington;concrete-driveways-oran-park;concrete-driveways-spring-farm
are concrete driveways south west,7,concrete-driveways-austral;concrete-driveways-catherine-field;concrete-driveways-cobbitty;concrete-driveways-edmondson-park;concrete-driveways-leppington;concrete-driveways-oran-park;concrete-driveways-spring-farm
driveways south west sydney and,7,concrete-driveways-austral;concrete-driveways-catherine-field;concrete-driveways-cobbitty;concrete-driveways-edmondson-park;concrete-driveways-leppington;concrete-driveways-oran-park;concrete-driveways-spring-farm
quoted range for concrete driveways,7,concrete-driveways-austral;concrete-driveways-catherine-field;concrete-driveways-cobbitty;concrete-driveways-edmondson-park;concrete-driveways-leppington;concrete-driveways-oran-park;concrete-driveways-spring-farm
range for concrete driveways in,7,concrete-driveways-austral;concrete-driveways-catherine-field;concrete-driveways-cobbitty;concrete-driveways-edmondson-park;concrete-driveways-leppington;concrete-driveways-oran-park;concrete-driveways-spring-farm
it questions about concrete driveways,7,concrete-driveways-austral;concrete-driveways-catherine-field;concrete-driveways-cobbitty;concrete-driveways-edmondson-park;concrete-driveways-leppington;concrete-driveways-oran-park;concrete-driveways-spring-farm
camden growth centres lep 2008,6,concreters-catherine-field;concreters-cobbitty;concreters-gledswood-hills;concreters-gregory-hills;concreters-leppington;concreters-oran-park
city council vehicle crossing specification,6,campbelltown-council-driveway-crossing;concreters-austral;concreters-bringelly;concreters-edmondson-park;concreters-leppington;liverpool-council-vehicle-crossing
the recorded condition is shale,6,concreters-catherine-field;concreters-currans-hill;concreters-elderslie;concreters-gregory-hills;concreters-mount-annan;concreters-spring-farm
verified project record says shale,6,concreters-catherine-field;concreters-currans-hill;concreters-elderslie;concreters-gregory-hills;concreters-mount-annan;concreters-spring-farm
patios and alfresco slabs in,6,concrete-patios-edmondson-park;concrete-patios-elderslie;concrete-patios-gledswood-hills;concreters-edmondson-park;concreters-elderslie;concreters-gledswood-hills
identifies camden lep 2010 and,6,concreters-currans-hill;concreters-elderslie;concreters-harrington-park;concreters-mount-annan;concreters-narellan;concreters-spring-farm
camden lep 2010 and camden,6,concreters-currans-hill;concreters-elderslie;concreters-harrington-park;concreters-mount-annan;concreters-narellan;concreters-spring-farm
lep 2010 and camden dcp,6,concreters-currans-hill;concreters-elderslie;concreters-harrington-park;concreters-mount-annan;concreters-narellan;concreters-spring-farm
it open the approved concrete,6,concrete-crossovers-and-laybacks-south-west-sydney;concrete-driveway-replacement-south-west-sydney;concrete-driveways-south-west-sydney;concrete-paths-south-west-sydney;concrete-patios-south-west-sydney;concrete-slabs-south-west-sydney
keeps it open the evidence,6,concrete-crossovers-and-laybacks-south-west-sydney;concrete-driveway-replacement-south-west-sydney;concrete-driveways-south-west-sydney;concrete-slabs-south-west-sydney;decorative-concrete-south-west-sydney;exposed-aggregate-south-west-sydney
it open the evidence behind,6,concrete-crossovers-and-laybacks-south-west-sydney;concrete-driveway-replacement-south-west-sydney;concrete-driveways-south-west-sydney;concrete-slabs-south-west-sydney;decorative-concrete-south-west-sydney;exposed-aggregate-south-west-sydney
open the evidence behind this,6,concrete-crossovers-and-laybacks-south-west-sydney;concrete-driveway-replacement-south-west-sydney;concrete-driveways-south-west-sydney;concrete-slabs-south-west-sydney;decorative-concrete-south-west-sydney;exposed-aggregate-south-west-sydney
the evidence behind this decision,6,concrete-crossovers-and-laybacks-south-west-sydney;concrete-driveway-replacement-south-west-sydney;concrete-driveways-south-west-sydney;concrete-slabs-south-west-sydney;decorative-concrete-south-west-sydney;exposed-aggregate-south-west-sydney
evidence behind this decision is,6,concrete-crossovers-and-laybacks-south-west-sydney;concrete-driveway-replacement-south-west-sydney;concrete-driveways-south-west-sydney;concrete-slabs-south-west-sydney;decorative-concrete-south-west-sydney;exposed-aggregate-south-west-sydney
behind this decision is set,6,concrete-crossovers-and-laybacks-south-west-sydney;concrete-driveway-replacement-south-west-sydney;concrete-driveways-south-west-sydney;concrete-slabs-south-west-sydney;decorative-concrete-south-west-sydney;exposed-aggregate-south-west-sydney
this decision is set out,6,concrete-crossovers-and-laybacks-south-west-sydney;concrete-driveway-replacement-south-west-sydney;concrete-driveways-south-west-sydney;concrete-slabs-south-west-sydney;decorative-concrete-south-west-sydney;exposed-aggregate-south-west-sydney
decision is set out in,6,concrete-crossovers-and-laybacks-south-west-sydney;concrete-driveway-replacement-south-west-sydney;concrete-driveways-south-west-sydney;concrete-slabs-south-west-sydney;decorative-concrete-south-west-sydney;exposed-aggregate-south-west-sydney
before it is applied to,6,concrete-crossovers-and-laybacks-south-west-sydney;concrete-driveway-replacement-south-west-sydney;concrete-driveways-south-west-sydney;concrete-slabs-south-west-sydney;decorative-concrete-south-west-sydney;exposed-aggregate-south-west-sydney
it is applied to a,6,concrete-crossovers-and-laybacks-south-west-sydney;concrete-driveway-replacement-south-west-sydney;concrete-driveways-south-west-sydney;concrete-slabs-south-west-sydney;decorative-concrete-south-west-sydney;exposed-aggregate-south-west-sydney
is applied to a project,6,concrete-crossovers-and-laybacks-south-west-sydney;concrete-driveway-replacement-south-west-sydney;concrete-driveways-south-west-sydney;concrete-slabs-south-west-sydney;decorative-concrete-south-west-sydney;exposed-aggregate-south-west-sydney
applied to a project scope,6,concrete-crossovers-and-laybacks-south-west-sydney;concrete-driveway-replacement-south-west-sydney;concrete-driveways-south-west-sydney;concrete-slabs-south-west-sydney;decorative-concrete-south-west-sydney;exposed-aggregate-south-west-sydney
scope keeps it open areas,6,commercial-concreting-south-west-sydney;concrete-driveways-south-west-sydney;concrete-paths-south-west-sydney;concrete-patios-south-west-sydney;exposed-aggregate-south-west-sydney;shed-and-garage-slabs-south-west-sydney
keeps it open areas served,6,commercial-concreting-south-west-sydney;concrete-driveways-south-west-sydney;concrete-paths-south-west-sydney;concrete-patios-south-west-sydney;exposed-aggregate-south-west-sydney;shed-and-garage-slabs-south-west-sydney
it open areas served for,6,commercial-concreting-south-west-sydney;concrete-driveways-south-west-sydney;concrete-paths-south-west-sydney;concrete-patios-south-west-sydney;exposed-aggregate-south-west-sydney;shed-and-garage-slabs-south-west-sydney
for this service are concrete,6,concrete-crossovers-and-laybacks-south-west-sydney;concrete-driveway-replacement-south-west-sydney;concrete-driveways-south-west-sydney;concrete-paths-south-west-sydney;concrete-patios-south-west-sydney;concrete-slabs-south-west-sydney
open placeholder operator approved concrete,6,concrete-crossovers-and-laybacks-south-west-sydney;concrete-driveway-replacement-south-west-sydney;concrete-driveways-south-west-sydney;concrete-paths-south-west-sydney;concrete-patios-south-west-sydney;concrete-slabs-south-west-sydney
open questions about concrete driveway,6,concrete-driveway-cost-nsw;concrete-driveway-replacement-currans-hill;concrete-driveway-replacement-harrington-park;concrete-driveway-replacement-mount-annan;concrete-driveway-replacement-narellan;concrete-driveway-replacement-south-west-sydney
us 03 4517 6915 placeholder,6,concrete-paths-edmondson-park;concrete-paths-south-west-sydney;concrete-patios-edmondson-park;concrete-patios-elderslie;concrete-patios-gledswood-hills;concrete-patios-south-west-sydney
03 4517 6915 placeholder verified,6,concrete-paths-edmondson-park;concrete-paths-south-west-sydney;concrete-patios-edmondson-park;concrete-patios-elderslie;concrete-patios-gledswood-hills;concrete-patios-south-west-sydney
4517 6915 placeholder verified corex,6,concrete-paths-edmondson-park;concrete-paths-south-west-sydney;concrete-patios-edmondson-park;concrete-patios-elderslie;concrete-patios-gledswood-hills;concrete-patios-south-west-sydney
6915 placeholder verified corex abn,6,concrete-paths-edmondson-park;concrete-paths-south-west-sydney;concrete-patios-edmondson-park;concrete-patios-elderslie;concrete-patios-gledswood-hills;concrete-patios-south-west-sydney
concrete crossovers and laybacks south,6,concrete-crossovers-and-laybacks-austral;concrete-crossovers-and-laybacks-currans-hill;concrete-crossovers-and-laybacks-leppington;concrete-crossovers-and-laybacks-oran-park;concrete-crossovers-and-laybacks-south-west-sydney;concrete-crossovers-and-laybacks-spring-farm
crossovers and laybacks south west,6,concrete-crossovers-and-laybacks-austral;concrete-crossovers-and-laybacks-currans-hill;concrete-crossovers-and-laybacks-leppington;concrete-crossovers-and-laybacks-oran-park;concrete-crossovers-and-laybacks-south-west-sydney;concrete-crossovers-and-laybacks-spring-farm
and laybacks south west sydney,6,concrete-crossovers-and-laybacks-austral;concrete-crossovers-and-laybacks-currans-hill;concrete-crossovers-and-laybacks-leppington;concrete-crossovers-and-laybacks-oran-park;concrete-crossovers-and-laybacks-south-west-sydney;concrete-crossovers-and-laybacks-spring-farm
are concrete crossovers and laybacks,6,concrete-crossovers-and-laybacks-austral;concrete-crossovers-and-laybacks-currans-hill;concrete-crossovers-and-laybacks-leppington;concrete-crossovers-and-laybacks-oran-park;concrete-crossovers-and-laybacks-south-west-sydney;concrete-crossovers-and-laybacks-spring-farm
guide lists unresolved scope boundary,6,broom-finish-concrete;concrete-repair-vs-replace;concrete-slab-cost-per-m2;concrete-vs-pavers-vs-asphalt;do-i-need-council-approval-driveway-nsw;wollondilly-council-driveway-crossing
guide logs unresolved decision owner,6,broom-finish-concrete;concrete-repair-vs-replace;concrete-slab-cost-per-m2;concrete-vs-pavers-vs-asphalt;do-i-need-council-approval-driveway-nsw;wollondilly-council-driveway-crossing
guide documents unresolved source authority,6,broom-finish-concrete;concrete-repair-vs-replace;concrete-slab-cost-per-m2;concrete-vs-pavers-vs-asphalt;do-i-need-council-approval-driveway-nsw;wollondilly-council-driveway-crossing
guide dates unresolved source date,6,broom-finish-concrete;concrete-repair-vs-replace;concrete-slab-cost-per-m2;concrete-vs-pavers-vs-asphalt;do-i-need-council-approval-driveway-nsw;wollondilly-council-driveway-crossing
guide maps unresolved site identity,6,broom-finish-concrete;concrete-repair-vs-replace;concrete-slab-cost-per-m2;concrete-vs-pavers-vs-asphalt;do-i-need-council-approval-driveway-nsw;wollondilly-council-driveway-crossing
guide names unresolved intended use,6,broom-finish-concrete;concrete-repair-vs-replace;concrete-slab-cost-per-m2;concrete-vs-pavers-vs-asphalt;do-i-need-council-approval-driveway-nsw;wollondilly-council-driveway-crossing
guide checks unresolved traffic pattern,6,broom-finish-concrete;concrete-repair-vs-replace;concrete-slab-cost-per-m2;concrete-vs-pavers-vs-asphalt;do-i-need-council-approval-driveway-nsw;wollondilly-council-driveway-crossing
this exact intersection is the,6,commercial-concreting-gregory-hills;concrete-crossovers-and-laybacks-oran-park;concrete-driveway-replacement-harrington-park;decorative-concrete-harrington-park;exposed-aggregate-oran-park;shed-and-garage-slabs-catherine-field
scope dates unresolved spoil movement,6,commercial-concreting-gregory-hills;concrete-crossovers-and-laybacks-austral;concrete-crossovers-and-laybacks-oran-park;concrete-driveway-replacement-currans-hill;concrete-driveway-replacement-narellan;concrete-driveways-catherine-field
scope maps unresolved reinforcement design,6,commercial-concreting-gregory-hills;concrete-crossovers-and-laybacks-austral;concrete-crossovers-and-laybacks-oran-park;concrete-driveway-replacement-currans-hill;concrete-driveway-replacement-narellan;concrete-driveways-catherine-field
that require site evidence inputs,6,coloured-concrete-driveway-cost;driveway-cost-calculator;exposed-aggregate-driveway-cost;plain-concrete-driveway-cost;slab-volume-calculator;stencilled-concrete-driveway-cost
require site evidence inputs used,6,coloured-concrete-driveway-cost;driveway-cost-calculator;exposed-aggregate-driveway-cost;plain-concrete-driveway-cost;slab-volume-calculator;stencilled-concrete-driveway-cost
site evidence inputs used by,6,coloured-concrete-driveway-cost;driveway-cost-calculator;exposed-aggregate-driveway-cost;plain-concrete-driveway-cost;slab-volume-calculator;stencilled-concrete-driveway-cost
review keeps it open what,6,coloured-concrete-driveway-cost;driveway-cost-calculator;exposed-aggregate-driveway-cost;plain-concrete-driveway-cost;slab-volume-calculator;stencilled-concrete-driveway-cost
review keeps it open placeholder,6,coloured-concrete-driveway-cost;driveway-cost-calculator;exposed-aggregate-driveway-cost;plain-concrete-driveway-cost;slab-volume-calculator;stencilled-concrete-driveway-cost
open placeholder operator approved rates,6,coloured-concrete-driveway-cost;driveway-cost-calculator;exposed-aggregate-driveway-cost;plain-concrete-driveway-cost;slab-volume-calculator;stencilled-concrete-driveway-cost
placeholder operator approved rates formula,6,coloured-concrete-driveway-cost;driveway-cost-calculator;exposed-aggregate-driveway-cost;plain-concrete-driveway-cost;slab-volume-calculator;stencilled-concrete-driveway-cost
operator approved rates formula assumptions,6,coloured-concrete-driveway-cost;driveway-cost-calculator;exposed-aggregate-driveway-cost;plain-concrete-driveway-cost;slab-volume-calculator;stencilled-concrete-driveway-cost
approved rates formula assumptions and,6,coloured-concrete-driveway-cost;driveway-cost-calculator;exposed-aggregate-driveway-cost;plain-concrete-driveway-cost;slab-volume-calculator;stencilled-concrete-driveway-cost
rates formula assumptions and effective,6,coloured-concrete-driveway-cost;driveway-cost-calculator;exposed-aggregate-driveway-cost;plain-concrete-driveway-cost;slab-volume-calculator;stencilled-concrete-driveway-cost
formula assumptions and effective date,6,coloured-concrete-driveway-cost;driveway-cost-calculator;exposed-aggregate-driveway-cost;plain-concrete-driveway-cost;slab-volume-calculator;stencilled-concrete-driveway-cost
assumptions and effective date for,6,coloured-concrete-driveway-cost;driveway-cost-calculator;exposed-aggregate-driveway-cost;plain-concrete-driveway-cost;slab-volume-calculator;stencilled-concrete-driveway-cost
review keeps it open next,6,coloured-concrete-driveway-cost;driveway-cost-calculator;exposed-aggregate-driveway-cost;plain-concrete-driveway-cost;slab-volume-calculator;stencilled-concrete-driveway-cost
keeps it open next step,6,coloured-concrete-driveway-cost;driveway-cost-calculator;exposed-aggregate-driveway-cost;plain-concrete-driveway-cost;slab-volume-calculator;stencilled-concrete-driveway-cost
it open next step after,6,coloured-concrete-driveway-cost;driveway-cost-calculator;exposed-aggregate-driveway-cost;plain-concrete-driveway-cost;slab-volume-calculator;stencilled-concrete-driveway-cost
review keeps it open site,6,coloured-concrete-driveway-cost;driveway-cost-calculator;exposed-aggregate-driveway-cost;plain-concrete-driveway-cost;slab-volume-calculator;stencilled-concrete-driveway-cost
keeps it open site variables,6,coloured-concrete-driveway-cost;driveway-cost-calculator;exposed-aggregate-driveway-cost;plain-concrete-driveway-cost;slab-volume-calculator;stencilled-concrete-driveway-cost
it open site variables for,6,coloured-concrete-driveway-cost;driveway-cost-calculator;exposed-aggregate-driveway-cost;plain-concrete-driveway-cost;slab-volume-calculator;stencilled-concrete-driveway-cost
review keeps it open inputs,6,coloured-concrete-driveway-cost;driveway-cost-calculator;exposed-aggregate-driveway-cost;plain-concrete-driveway-cost;slab-volume-calculator;stencilled-concrete-driveway-cost
keeps it open inputs used,6,coloured-concrete-driveway-cost;driveway-cost-calculator;exposed-aggregate-driveway-cost;plain-concrete-driveway-cost;slab-volume-calculator;stencilled-concrete-driveway-cost
it open inputs used by,6,coloured-concrete-driveway-cost;driveway-cost-calculator;exposed-aggregate-driveway-cost;plain-concrete-driveway-cost;slab-volume-calculator;stencilled-concrete-driveway-cost
review keeps it open get,6,coloured-concrete-driveway-cost;driveway-cost-calculator;exposed-aggregate-driveway-cost;plain-concrete-driveway-cost;slab-volume-calculator;stencilled-concrete-driveway-cost
separates its concrete crossovers and,5,concreters-austral;concreters-currans-hill;concreters-leppington;concreters-oran-park;concreters-spring-farm
its concrete crossovers and laybacks,5,concreters-austral;concreters-currans-hill;concreters-leppington;concreters-oran-park;concreters-spring-farm
concrete crossovers and laybacks evidence,5,concreters-austral;concreters-currans-hill;concreters-leppington;concreters-oran-park;concreters-spring-farm
crossovers and laybacks evidence from,5,concreters-austral;concreters-currans-hill;concreters-leppington;concreters-oran-park;concreters-spring-farm
and laybacks evidence from the,5,concreters-austral;concreters-currans-hill;concreters-leppington;concreters-oran-park;concreters-spring-farm
laybacks evidence from the general,5,concreters-austral;concreters-currans-hill;concreters-leppington;concreters-oran-park;concreters-spring-farm
brief concrete crossovers and laybacks,5,concreters-austral;concreters-currans-hill;concreters-leppington;concreters-oran-park;concreters-spring-farm
engineered fill and why new,5,concreters-austral;concreters-edmondson-park;concreters-oran-park;engineered-fill-and-why-new-estate-slabs-crack;guides
fill and why new estate,5,concreters-austral;concreters-edmondson-park;concreters-oran-park;engineered-fill-and-why-new-estate-slabs-crack;guides
and why new estate slabs,5,concreters-austral;concreters-edmondson-park;concreters-oran-park;engineered-fill-and-why-new-estate-slabs-crack;guides
why new estate slabs crack,5,concreters-austral;concreters-edmondson-park;concreters-oran-park;engineered-fill-and-why-new-estate-slabs-crack;guides
separates its concrete slabs evidence,5,concreters-austral;concreters-bringelly;concreters-gledswood-hills;concreters-gregory-hills;concreters-leppington
its concrete slabs evidence from,5,concreters-austral;concreters-bringelly;concreters-gledswood-hills;concreters-gregory-hills;concreters-leppington
concrete slabs evidence from the,5,concreters-austral;concreters-bringelly;concreters-gledswood-hills;concreters-gregory-hills;concreters-leppington
liverpool city council vehicle crossing,5,concreters-austral;concreters-bringelly;concreters-edmondson-park;concreters-leppington;liverpool-council-vehicle-crossing
1 6 max batter the,5,concrete-crossovers-and-laybacks-south-west-sydney;concrete-driveway-replacement-south-west-sydney;concrete-driveways-south-west-sydney;concrete-slabs-south-west-sydney;decorative-concrete-south-west-sydney
6 max batter the evidence,5,concrete-crossovers-and-laybacks-south-west-sydney;concrete-driveway-replacement-south-west-sydney;concrete-driveways-south-west-sydney;concrete-slabs-south-west-sydney;decorative-concrete-south-west-sydney
max batter the evidence behind,5,concrete-crossovers-and-laybacks-south-west-sydney;concrete-driveway-replacement-south-west-sydney;concrete-driveways-south-west-sydney;concrete-slabs-south-west-sydney;decorative-concrete-south-west-sydney
batter the evidence behind this,5,concrete-crossovers-and-laybacks-south-west-sydney;concrete-driveway-replacement-south-west-sydney;concrete-driveways-south-west-sydney;concrete-slabs-south-west-sydney;decorative-concrete-south-west-sydney
finish and curing for concrete,5,concrete-driveway-replacement-south-west-sydney;concrete-driveways-south-west-sydney;concrete-paths-south-west-sydney;concrete-patios-south-west-sydney;concrete-slabs-south-west-sydney
open cost inputs for concrete,5,concrete-driveway-replacement-south-west-sydney;concrete-driveways-south-west-sydney;concrete-paths-south-west-sydney;concrete-patios-south-west-sydney;concrete-slabs-south-west-sydney
keeps it open the commercial,5,commercial-concreting-south-west-sydney;concrete-driveways-south-west-sydney;concrete-slabs-south-west-sydney;decorative-concrete-south-west-sydney;exposed-aggregate-south-west-sydney
it open the commercial inputs,5,commercial-concreting-south-west-sydney;concrete-driveways-south-west-sydney;concrete-slabs-south-west-sydney;decorative-concrete-south-west-sydney;exposed-aggregate-south-west-sydney
open the commercial inputs are,5,commercial-concreting-south-west-sydney;concrete-driveways-south-west-sydney;concrete-slabs-south-west-sydney;decorative-concrete-south-west-sydney;exposed-aggregate-south-west-sydney
the commercial inputs are separated,5,commercial-concreting-south-west-sydney;concrete-driveways-south-west-sydney;concrete-slabs-south-west-sydney;decorative-concrete-south-west-sydney;exposed-aggregate-south-west-sydney
commercial inputs are separated in,5,commercial-concreting-south-west-sydney;concrete-driveways-south-west-sydney;concrete-slabs-south-west-sydney;decorative-concrete-south-west-sydney;exposed-aggregate-south-west-sydney
rather than presented as an,5,commercial-concreting-south-west-sydney;concrete-driveways-south-west-sydney;concrete-slabs-south-west-sydney;decorative-concrete-south-west-sydney;exposed-aggregate-south-west-sydney
than presented as an unsupported,5,commercial-concreting-south-west-sydney;concrete-driveways-south-west-sydney;concrete-slabs-south-west-sydney;decorative-concrete-south-west-sydney;exposed-aggregate-south-west-sydney
presented as an unsupported universal,5,commercial-concreting-south-west-sydney;concrete-driveways-south-west-sydney;concrete-slabs-south-west-sydney;decorative-concrete-south-west-sydney;exposed-aggregate-south-west-sydney
as an unsupported universal price,5,commercial-concreting-south-west-sydney;concrete-driveways-south-west-sydney;concrete-slabs-south-west-sydney;decorative-concrete-south-west-sydney;exposed-aggregate-south-west-sydney
concrete driveway replacement south west,5,concrete-driveway-replacement-currans-hill;concrete-driveway-replacement-harrington-park;concrete-driveway-replacement-mount-annan;concrete-driveway-replacement-narellan;concrete-driveway-replacement-south-west-sydney
driveway replacement south west sydney,5,concrete-driveway-replacement-currans-hill;concrete-driveway-replacement-harrington-park;concrete-driveway-replacement-mount-annan;concrete-driveway-replacement-narellan;concrete-driveway-replacement-south-west-sydney
questions about concrete driveway replacement,5,concrete-driveway-replacement-currans-hill;concrete-driveway-replacement-harrington-park;concrete-driveway-replacement-mount-annan;concrete-driveway-replacement-narellan;concrete-driveway-replacement-south-west-sydney
scope keeps it open site,5,commercial-concreting-south-west-sydney;concrete-paths-south-west-sydney;concrete-patios-south-west-sydney;concrete-slabs-south-west-sydney;shed-and-garage-slabs-south-west-sydney
keeps it open site assessment,5,commercial-concreting-south-west-sydney;concrete-paths-south-west-sydney;concrete-patios-south-west-sydney;concrete-slabs-south-west-sydney;shed-and-garage-slabs-south-west-sydney
it open site assessment for,5,commercial-concreting-south-west-sydney;concrete-paths-south-west-sydney;concrete-patios-south-west-sydney;concrete-slabs-south-west-sydney;shed-and-garage-slabs-south-west-sydney
logs unresolved surface water path,5,coloured-concrete-driveway-cost;concrete-driveways-cobbitty;concrete-patios-edmondson-park;concrete-patios-elderslie;concrete-slabs-south-west-sydney
scope keeps it open finish,5,commercial-concreting-south-west-sydney;concrete-paths-south-west-sydney;concrete-patios-south-west-sydney;exposed-aggregate-south-west-sydney;shed-and-garage-slabs-south-west-sydney
keeps it open finish and,5,commercial-concreting-south-west-sydney;concrete-paths-south-west-sydney;concrete-patios-south-west-sydney;exposed-aggregate-south-west-sydney;shed-and-garage-slabs-south-west-sydney
it open finish and curing,5,commercial-concreting-south-west-sydney;concrete-paths-south-west-sydney;concrete-patios-south-west-sydney;exposed-aggregate-south-west-sydney;shed-and-garage-slabs-south-west-sydney
open finish and curing for,5,commercial-concreting-south-west-sydney;concrete-paths-south-west-sydney;concrete-patios-south-west-sydney;exposed-aggregate-south-west-sydney;shed-and-garage-slabs-south-west-sydney
concrete it does not turn,5,broom-finish-concrete;honed-and-polished-concrete;how-long-before-you-can-drive-on-concrete;removing-oil-stains-and-tyre-marks-from-concrete;sealing-and-resealing-concrete
concrete are driveway concreting crossover,5,broom-finish-concrete;honed-and-polished-concrete;how-long-before-you-can-drive-on-concrete;removing-oil-stains-and-tyre-marks-from-concrete;sealing-and-resealing-concrete
cost guide keeps the basis,5,commercial-hardstand-cost;concrete-driveway-cost-nsw;driveway-crossover-cost-nsw;exposed-aggregate-cost;shed-slab-cost
cost guide leaves an audit,5,commercial-hardstand-cost;concrete-driveway-cost-nsw;driveway-crossover-cost-nsw;exposed-aggregate-cost;shed-slab-cost
cost guide links the supporting,5,commercial-hardstand-cost;concrete-driveway-cost-nsw;driveway-crossover-cost-nsw;exposed-aggregate-cost;shed-slab-cost
cost guide carries the source,5,commercial-hardstand-cost;concrete-driveway-cost-nsw;driveway-crossover-cost-nsw;exposed-aggregate-cost;shed-slab-cost
cost guide marks the evidence,5,commercial-hardstand-cost;concrete-driveway-cost-nsw;driveway-crossover-cost-nsw;exposed-aggregate-cost;shed-slab-cost
cost guide stores the reference,5,commercial-hardstand-cost;concrete-driveway-cost-nsw;driveway-crossover-cost-nsw;exposed-aggregate-cost;shed-slab-cost
cost guide keeps it open,5,commercial-hardstand-cost;concrete-driveway-cost-nsw;driveway-crossover-cost-nsw;exposed-aggregate-cost;shed-slab-cost
cost guide holds the citation,5,commercial-hardstand-cost;concrete-driveway-cost-nsw;driveway-crossover-cost-nsw;exposed-aggregate-cost;shed-slab-cost
cost guide keeps provenance visible,5,commercial-hardstand-cost;concrete-driveway-cost-nsw;driveway-crossover-cost-nsw;exposed-aggregate-cost;shed-slab-cost
cost guide retains the source,5,commercial-hardstand-cost;concrete-driveway-cost-nsw;driveway-crossover-cost-nsw;exposed-aggregate-cost;shed-slab-cost
cost guide identifies the record,5,commercial-hardstand-cost;concrete-driveway-cost-nsw;driveway-crossover-cost-nsw;exposed-aggregate-cost;shed-slab-cost
cost guide flags the authority,5,commercial-hardstand-cost;concrete-driveway-cost-nsw;driveway-crossover-cost-nsw;exposed-aggregate-cost;shed-slab-cost
open related sources for commercial,5,commercial-concreting-bringelly;commercial-concreting-cobbitty;commercial-concreting-gregory-hills;commercial-concreting-narellan;commercial-hardstand-cost
related sources for concrete driveway,5,concrete-driveway-cost-nsw;concrete-driveway-replacement-currans-hill;concrete-driveway-replacement-harrington-park;concrete-driveway-replacement-mount-annan;concrete-driveway-replacement-narellan
2560 in campbelltown city council,5,concreters-bradbury;concreters-campbelltown;concreters-gilead;concreters-glen-alpine;concreters-leumeah
recorded condition is shale clay,5,concreters-catherine-field;concreters-currans-hill;concreters-elderslie;concreters-mount-annan;concreters-spring-farm
project record says shale clay,5,concreters-catherine-field;concreters-currans-hill;concreters-elderslie;concreters-mount-annan;concreters-spring-farm
2010 and camden dcp 2019,5,concreters-currans-hill;concreters-elderslie;concreters-mount-annan;concreters-narellan;concreters-spring-farm
and camden dcp 2019 and,5,concreters-currans-hill;concreters-elderslie;concreters-mount-annan;concreters-narellan;concreters-spring-farm
camden dcp 2019 and records,5,concreters-currans-hill;concreters-elderslie;concreters-mount-annan;concreters-narellan;concreters-spring-farm
dcp 2019 and records the,5,concreters-currans-hill;concreters-elderslie;concreters-mount-annan;concreters-narellan;concreters-spring-farm
2019 and records the local,5,concreters-currans-hill;concreters-elderslie;concreters-mount-annan;concreters-narellan;concreters-spring-farm
crossover scope identifies the record,5,concrete-crossovers-and-laybacks-austral;concrete-crossovers-and-laybacks-currans-hill;concrete-crossovers-and-laybacks-leppington;concrete-crossovers-and-laybacks-oran-park;concrete-crossovers-and-laybacks-spring-farm
crossover scope keeps the basis,5,concrete-crossovers-and-laybacks-austral;concrete-crossovers-and-laybacks-currans-hill;concrete-crossovers-and-laybacks-leppington;concrete-crossovers-and-laybacks-oran-park;concrete-crossovers-and-laybacks-spring-farm
crossover scope leaves an audit,5,concrete-crossovers-and-laybacks-austral;concrete-crossovers-and-laybacks-currans-hill;concrete-crossovers-and-laybacks-leppington;concrete-crossovers-and-laybacks-oran-park;concrete-crossovers-and-laybacks-spring-farm
crossover scope links the supporting,5,concrete-crossovers-and-laybacks-austral;concrete-crossovers-and-laybacks-currans-hill;concrete-crossovers-and-laybacks-leppington;concrete-crossovers-and-laybacks-oran-park;concrete-crossovers-and-laybacks-spring-farm
crossover scope carries the source,5,concrete-crossovers-and-laybacks-austral;concrete-crossovers-and-laybacks-currans-hill;concrete-crossovers-and-laybacks-leppington;concrete-crossovers-and-laybacks-oran-park;concrete-crossovers-and-laybacks-spring-farm
crossover scope marks the evidence,5,concrete-crossovers-and-laybacks-austral;concrete-crossovers-and-laybacks-currans-hill;concrete-crossovers-and-laybacks-leppington;concrete-crossovers-and-laybacks-oran-park;concrete-crossovers-and-laybacks-spring-farm
crossover scope keeps it open,5,concrete-crossovers-and-laybacks-austral;concrete-crossovers-and-laybacks-currans-hill;concrete-crossovers-and-laybacks-leppington;concrete-crossovers-and-laybacks-oran-park;concrete-crossovers-and-laybacks-spring-farm
differentiator controls the concrete crossovers,5,concrete-crossovers-and-laybacks-austral;concrete-crossovers-and-laybacks-currans-hill;concrete-crossovers-and-laybacks-leppington;concrete-crossovers-and-laybacks-oran-park;concrete-crossovers-and-laybacks-spring-farm
controls the concrete crossovers and,5,concrete-crossovers-and-laybacks-austral;concrete-crossovers-and-laybacks-currans-hill;concrete-crossovers-and-laybacks-leppington;concrete-crossovers-and-laybacks-oran-park;concrete-crossovers-and-laybacks-spring-farm
the concrete crossovers and laybacks,5,concrete-crossovers-and-laybacks-austral;concrete-crossovers-and-laybacks-currans-hill;concrete-crossovers-and-laybacks-leppington;concrete-crossovers-and-laybacks-oran-park;concrete-crossovers-and-laybacks-spring-farm
concrete crossovers and laybacks discussion,5,concrete-crossovers-and-laybacks-austral;concrete-crossovers-and-laybacks-currans-hill;concrete-crossovers-and-laybacks-leppington;concrete-crossovers-and-laybacks-oran-park;concrete-crossovers-and-laybacks-spring-farm
crossovers and laybacks discussion for,5,concrete-crossovers-and-laybacks-austral;concrete-crossovers-and-laybacks-currans-hill;concrete-crossovers-and-laybacks-leppington;concrete-crossovers-and-laybacks-oran-park;concrete-crossovers-and-laybacks-spring-farm
crossover scope flags the authority,5,concrete-crossovers-and-laybacks-austral;concrete-crossovers-and-laybacks-currans-hill;concrete-crossovers-and-laybacks-leppington;concrete-crossovers-and-laybacks-oran-park;concrete-crossovers-and-laybacks-spring-farm
crossover scope holds the citation,5,concrete-crossovers-and-laybacks-austral;concrete-crossovers-and-laybacks-currans-hill;concrete-crossovers-and-laybacks-leppington;concrete-crossovers-and-laybacks-oran-park;concrete-crossovers-and-laybacks-spring-farm
crossover scope keeps provenance visible,5,concrete-crossovers-and-laybacks-austral;concrete-crossovers-and-laybacks-currans-hill;concrete-crossovers-and-laybacks-leppington;concrete-crossovers-and-laybacks-oran-park;concrete-crossovers-and-laybacks-spring-farm
crossover scope retains the source,5,concrete-crossovers-and-laybacks-austral;concrete-crossovers-and-laybacks-currans-hill;concrete-crossovers-and-laybacks-leppington;concrete-crossovers-and-laybacks-oran-park;concrete-crossovers-and-laybacks-spring-farm
crossover scope stores the reference,5,concrete-crossovers-and-laybacks-austral;concrete-crossovers-and-laybacks-currans-hill;concrete-crossovers-and-laybacks-leppington;concrete-crossovers-and-laybacks-oran-park;concrete-crossovers-and-laybacks-spring-farm
related sources for concrete crossovers,5,concrete-crossovers-and-laybacks-austral;concrete-crossovers-and-laybacks-currans-hill;concrete-crossovers-and-laybacks-leppington;concrete-crossovers-and-laybacks-oran-park;concrete-crossovers-and-laybacks-spring-farm
sources for concrete crossovers and,5,concrete-crossovers-and-laybacks-austral;concrete-crossovers-and-laybacks-currans-hill;concrete-crossovers-and-laybacks-leppington;concrete-crossovers-and-laybacks-oran-park;concrete-crossovers-and-laybacks-spring-farm
for concrete crossovers and laybacks,5,concrete-crossovers-and-laybacks-austral;concrete-crossovers-and-laybacks-currans-hill;concrete-crossovers-and-laybacks-leppington;concrete-crossovers-and-laybacks-oran-park;concrete-crossovers-and-laybacks-spring-farm
laybacks south west sydney and,5,concrete-crossovers-and-laybacks-austral;concrete-crossovers-and-laybacks-currans-hill;concrete-crossovers-and-laybacks-leppington;concrete-crossovers-and-laybacks-oran-park;concrete-crossovers-and-laybacks-spring-farm
quoted range for concrete crossovers,5,concrete-crossovers-and-laybacks-austral;concrete-crossovers-and-laybacks-currans-hill;concrete-crossovers-and-laybacks-leppington;concrete-crossovers-and-laybacks-oran-park;concrete-crossovers-and-laybacks-spring-farm
range for concrete crossovers and,5,concrete-crossovers-and-laybacks-austral;concrete-crossovers-and-laybacks-currans-hill;concrete-crossovers-and-laybacks-leppington;concrete-crossovers-and-laybacks-oran-park;concrete-crossovers-and-laybacks-spring-farm
differentiator controls the concrete slabs,5,concrete-slabs-austral;concrete-slabs-bringelly;concrete-slabs-gledswood-hills;concrete-slabs-gregory-hills;concrete-slabs-leppington
controls the concrete slabs discussion,5,concrete-slabs-austral;concrete-slabs-bringelly;concrete-slabs-gledswood-hills;concrete-slabs-gregory-hills;concrete-slabs-leppington
the concrete slabs discussion for,5,concrete-slabs-austral;concrete-slabs-bringelly;concrete-slabs-gledswood-hills;concrete-slabs-gregory-hills;concrete-slabs-leppington
is substituted why concrete slabs,5,concrete-slabs-austral;concrete-slabs-bringelly;concrete-slabs-gledswood-hills;concrete-slabs-gregory-hills;concrete-slabs-leppington
substituted why concrete slabs differs,5,concrete-slabs-austral;concrete-slabs-bringelly;concrete-slabs-gledswood-hills;concrete-slabs-gregory-hills;concrete-slabs-leppington
why concrete slabs differs in,5,concrete-slabs-austral;concrete-slabs-bringelly;concrete-slabs-gledswood-hills;concrete-slabs-gregory-hills;concrete-slabs-leppington
related sources for concrete slabs,5,concrete-slabs-austral;concrete-slabs-bringelly;concrete-slabs-gledswood-hills;concrete-slabs-gregory-hills;concrete-slabs-leppington
are concrete slabs south west,5,concrete-slabs-austral;concrete-slabs-bringelly;concrete-slabs-gledswood-hills;concrete-slabs-gregory-hills;concrete-slabs-leppington
concrete slabs south west sydney,5,concrete-slabs-austral;concrete-slabs-bringelly;concrete-slabs-gledswood-hills;concrete-slabs-gregory-hills;concrete-slabs-leppington
quoted range for concrete slabs,5,concrete-slabs-austral;concrete-slabs-bringelly;concrete-slabs-gledswood-hills;concrete-slabs-gregory-hills;concrete-slabs-leppington
range for concrete slabs in,5,concrete-slabs-austral;concrete-slabs-bringelly;concrete-slabs-gledswood-hills;concrete-slabs-gregory-hills;concrete-slabs-leppington
inputs behind it concrete slabs,5,concrete-slabs-austral;concrete-slabs-bringelly;concrete-slabs-gledswood-hills;concrete-slabs-gregory-hills;concrete-slabs-leppington
open questions about concrete slabs,5,concrete-slabs-austral;concrete-slabs-bringelly;concrete-slabs-gledswood-hills;concrete-slabs-gregory-hills;concrete-slabs-leppington
it open why concrete slabs,5,concrete-slabs-austral;concrete-slabs-bringelly;concrete-slabs-gledswood-hills;concrete-slabs-gregory-hills;concrete-slabs-leppington
open why concrete slabs differs,5,concrete-slabs-austral;concrete-slabs-bringelly;concrete-slabs-gledswood-hills;concrete-slabs-gregory-hills;concrete-slabs-leppington
keeps it open concrete slabs,5,concrete-slabs-austral;concrete-slabs-bringelly;concrete-slabs-gledswood-hills;concrete-slabs-gregory-hills;concrete-slabs-leppington
hills no fact from an,5,commercial-concreting-gregory-hills;concrete-patios-gledswood-hills;concrete-slabs-gledswood-hills;concrete-slabs-gregory-hills;exposed-aggregate-gledswood-hills
hills and the site inputs,5,commercial-concreting-gregory-hills;concrete-patios-gledswood-hills;concrete-slabs-gledswood-hills;concrete-slabs-gregory-hills;exposed-aggregate-gledswood-hills
scope documents unresolved scope boundary,5,commercial-concreting-cobbitty;concrete-slabs-gledswood-hills;decorative-concrete-harrington-park;exposed-aggregate-gledswood-hills;exposed-aggregate-harrington-park
scope dates unresolved decision owner,5,commercial-concreting-cobbitty;concrete-slabs-gledswood-hills;decorative-concrete-harrington-park;exposed-aggregate-gledswood-hills;exposed-aggregate-harrington-park
scope maps unresolved source authority,5,commercial-concreting-cobbitty;concrete-slabs-gledswood-hills;decorative-concrete-harrington-park;exposed-aggregate-gledswood-hills;exposed-aggregate-harrington-park
scope names unresolved source date,5,commercial-concreting-cobbitty;concrete-slabs-gledswood-hills;decorative-concrete-harrington-park;exposed-aggregate-gledswood-hills;exposed-aggregate-harrington-park
scope checks unresolved site identity,5,commercial-concreting-cobbitty;concrete-slabs-gledswood-hills;decorative-concrete-harrington-park;exposed-aggregate-gledswood-hills;exposed-aggregate-harrington-park
scope measures unresolved intended use,5,commercial-concreting-cobbitty;concrete-slabs-gledswood-hills;decorative-concrete-harrington-park;exposed-aggregate-gledswood-hills;exposed-aggregate-harrington-park
scope notes unresolved traffic pattern,5,commercial-concreting-cobbitty;concrete-slabs-gledswood-hills;decorative-concrete-harrington-park;exposed-aggregate-gledswood-hills;exposed-aggregate-harrington-park
scope cites unresolved measured geometry,5,commercial-concreting-cobbitty;concrete-slabs-gledswood-hills;decorative-concrete-harrington-park;exposed-aggregate-gledswood-hills;exposed-aggregate-harrington-park
scope states unresolved existing surface,5,commercial-concreting-cobbitty;concrete-slabs-gledswood-hills;decorative-concrete-harrington-park;exposed-aggregate-gledswood-hills;exposed-aggregate-harrington-park
scope separates unresolved excavation plan,5,commercial-concreting-cobbitty;concrete-slabs-gledswood-hills;decorative-concrete-harrington-park;exposed-aggregate-gledswood-hills;exposed-aggregate-harrington-park
growth centres lep 2008 and,4,concreters-catherine-field;concreters-cobbitty;concreters-gregory-hills;concreters-oran-park
by these supplied questions do,4,concreters-catherine-field;concreters-cobbitty;concreters-gledswood-hills;concreters-oran-park
these supplied questions do i,4,concreters-catherine-field;concreters-cobbitty;concreters-gledswood-hills;concreters-oran-park
supplied questions do i need,4,concreters-catherine-field;concreters-cobbitty;concreters-gledswood-hills;concreters-oran-park
research brief assigns postcode 2570,4,concreters-cobbitty;concreters-elderslie;concreters-oran-park;concreters-spring-farm
brief assigns postcode 2570 authority,4,concreters-cobbitty;concreters-elderslie;concreters-oran-park;concreters-spring-farm
assigns postcode 2570 authority camden,4,concreters-cobbitty;concreters-elderslie;concreters-oran-park;concreters-spring-farm
postcode 2570 authority camden council,4,concreters-cobbitty;concreters-elderslie;concreters-oran-park;concreters-spring-farm
2570 authority camden council and,4,concreters-cobbitty;concreters-elderslie;concreters-oran-park;concreters-spring-farm
precinct dcp and records the,4,concreters-austral;concreters-catherine-field;concreters-edmondson-park;concreters-leppington
dcp and records the local,4,concreters-austral;concreters-catherine-field;concreters-edmondson-park;concreters-leppington
is reproduced without alteration required,4,concreters-austral;concreters-bringelly;concreters-edmondson-park;concreters-leppington
reproduced without alteration required research,4,concreters-austral;concreters-bringelly;concreters-edmondson-park;concreters-leppington
without alteration required research confirm,4,concreters-austral;concreters-bringelly;concreters-edmondson-park;concreters-leppington
alteration required research confirm liverpool,4,concreters-austral;concreters-bringelly;concreters-edmondson-park;concreters-leppington
required research confirm liverpool city,4,concreters-austral;concreters-bringelly;concreters-edmondson-park;concreters-leppington
research confirm liverpool city council,4,concreters-austral;concreters-bringelly;concreters-edmondson-park;concreters-leppington
confirm liverpool city council vehicle,4,concreters-austral;concreters-bringelly;concreters-edmondson-park;concreters-leppington
council vehicle crossing specification widths,4,concreters-austral;concreters-bringelly;concreters-edmondson-park;concreters-leppington
vehicle crossing specification widths strength,4,concreters-austral;concreters-bringelly;concreters-edmondson-park;concreters-leppington
crossing specification widths strength and,4,concreters-austral;concreters-bringelly;concreters-edmondson-park;concreters-leppington
specification widths strength and fee,4,concreters-austral;concreters-bringelly;concreters-edmondson-park;concreters-leppington
widths strength and fee schedule,4,concreters-austral;concreters-bringelly;concreters-edmondson-park;concreters-leppington
strength and fee schedule at,4,concreters-austral;concreters-bringelly;concreters-edmondson-park;concreters-leppington
and fee schedule at liverpool,4,concreters-austral;concreters-bringelly;concreters-edmondson-park;concreters-leppington
fee schedule at liverpool nsw,4,concreters-austral;concreters-bringelly;concreters-edmondson-park;concreters-leppington
schedule at liverpool nsw gov,4,concreters-austral;concreters-bringelly;concreters-edmondson-park;concreters-leppington
at liverpool nsw gov au,4,concreters-austral;concreters-bringelly;concreters-edmondson-park;concreters-leppington
liverpool nsw gov au before,4,concreters-austral;concreters-bringelly;concreters-edmondson-park;concreters-leppington
nsw gov au before crossover,4,concreters-austral;concreters-bringelly;concreters-edmondson-park;concreters-leppington
gov au before crossover work,4,concreters-austral;concreters-bringelly;concreters-edmondson-park;concreters-leppington
au before crossover work in,4,concreters-austral;concreters-bringelly;concreters-edmondson-park;concreters-leppington
project record says camden council,4,concreters-gledswood-hills;concreters-harrington-park;concreters-leppington;concreters-narellan
record says camden council standard,4,concreters-gledswood-hills;concreters-harrington-park;concreters-leppington;concreters-narellan
separates its commercial concreting evidence,4,concreters-bringelly;concreters-cobbitty;concreters-gregory-hills;concreters-narellan
its commercial concreting evidence from,4,concreters-bringelly;concreters-cobbitty;concreters-gregory-hills;concreters-narellan
commercial concreting evidence from the,4,concreters-bringelly;concreters-cobbitty;concreters-gregory-hills;concreters-narellan
concreting evidence from the general,4,concreters-bringelly;concreters-cobbitty;concreters-gregory-hills;concreters-narellan
from a neighbouring suburb where,4,concreters-bringelly;concreters-cobbitty;concreters-gregory-hills;concreters-narellan
a neighbouring suburb where the,4,concreters-bringelly;concreters-cobbitty;concreters-gregory-hills;concreters-narellan
neighbouring suburb where the brief,4,concreters-bringelly;concreters-cobbitty;concreters-gregory-hills;concreters-narellan
suburb where the brief is,4,concreters-bringelly;concreters-cobbitty;concreters-gregory-hills;concreters-narellan
where the brief is business,4,concreters-bringelly;concreters-cobbitty;concreters-gregory-hills;concreters-narellan
the brief is business facing,4,concreters-bringelly;concreters-cobbitty;concreters-gregory-hills;concreters-narellan
brief is business facing commercial,4,concreters-bringelly;concreters-cobbitty;concreters-gregory-hills;concreters-narellan
is business facing commercial concreting,4,concreters-bringelly;concreters-cobbitty;concreters-gregory-hills;concreters-narellan
business facing commercial concreting in,4,concreters-bringelly;concreters-cobbitty;concreters-gregory-hills;concreters-narellan
is scoped around the documented,4,concreters-bringelly;concreters-cobbitty;concreters-gregory-hills;concreters-narellan
scoped around the documented use,4,concreters-bringelly;concreters-cobbitty;concreters-gregory-hills;concreters-narellan
around the documented use and,4,concreters-bringelly;concreters-cobbitty;concreters-gregory-hills;concreters-narellan
the documented use and project,4,concreters-bringelly;concreters-cobbitty;concreters-gregory-hills;concreters-narellan
documented use and project requirements,4,concreters-bringelly;concreters-cobbitty;concreters-gregory-hills;concreters-narellan
use and project requirements rather,4,concreters-bringelly;concreters-cobbitty;concreters-gregory-hills;concreters-narellan
and project requirements rather than,4,concreters-bringelly;concreters-cobbitty;concreters-gregory-hills;concreters-narellan
project requirements rather than domestic,4,concreters-bringelly;concreters-cobbitty;concreters-gregory-hills;concreters-narellan
requirements rather than domestic assumptions,4,concreters-bringelly;concreters-cobbitty;concreters-gregory-hills;concreters-narellan
rather than domestic assumptions the,4,concreters-bringelly;concreters-cobbitty;concreters-gregory-hills;concreters-narellan
camden council standard driveway crossing,4,concreters-gledswood-hills;concreters-gregory-hills;concreters-harrington-park;concreters-narellan
council standard driveway crossing application,4,concreters-gledswood-hills;concreters-gregory-hills;concreters-harrington-park;concreters-narellan
for a site inspection for,4,concreters-austral;concreters-catherine-field;concreters-gledswood-hills;concreters-spring-farm
a site inspection for post,4,concreters-austral;concreters-catherine-field;concreters-gledswood-hills;concreters-spring-farm
site inspection for post handover,4,concreters-austral;concreters-catherine-field;concreters-gledswood-hills;concreters-spring-farm
inspection for post handover work,4,concreters-austral;concreters-catherine-field;concreters-gledswood-hills;concreters-spring-farm
for post handover work shed,4,concreters-austral;concreters-catherine-field;concreters-gledswood-hills;concreters-spring-farm
post handover work shed and,4,concreters-austral;concreters-catherine-field;concreters-gledswood-hills;concreters-spring-farm
handover work shed and garage,4,concreters-austral;concreters-catherine-field;concreters-gledswood-hills;concreters-spring-farm
work shed and garage slabs,4,concreters-austral;concreters-catherine-field;concreters-gledswood-hills;concreters-spring-farm
need the support beneath the,4,concreters-austral;concreters-catherine-field;concreters-gledswood-hills;concreters-spring-farm
the support beneath the rear,4,concreters-austral;concreters-catherine-field;concreters-gledswood-hills;concreters-spring-farm
support beneath the rear yard,4,concreters-austral;concreters-catherine-field;concreters-gledswood-hills;concreters-spring-farm
beneath the rear yard location,4,concreters-austral;concreters-catherine-field;concreters-gledswood-hills;concreters-spring-farm
the rear yard location checked,4,concreters-austral;concreters-catherine-field;concreters-gledswood-hills;concreters-spring-farm
rear yard location checked before,4,concreters-austral;concreters-catherine-field;concreters-gledswood-hills;concreters-spring-farm
yard location checked before the,4,concreters-austral;concreters-catherine-field;concreters-gledswood-hills;concreters-spring-farm
location checked before the reinforcement,4,concreters-austral;concreters-catherine-field;concreters-gledswood-hills;concreters-spring-farm
checked before the reinforcement schedule,4,concreters-austral;concreters-catherine-field;concreters-gledswood-hills;concreters-spring-farm
before the reinforcement schedule is,4,concreters-austral;concreters-catherine-field;concreters-gledswood-hills;concreters-spring-farm
the reinforcement schedule is confirmed,4,concreters-austral;concreters-catherine-field;concreters-gledswood-hills;concreters-spring-farm
2567 corex concreters camden covers,4,concreters-currans-hill;concreters-harrington-park;concreters-mount-annan;concreters-narellan
4517 6915 concrete services in,4,concreters-bringelly;concreters-currans-hill;concreters-elderslie;concreters-harrington-park
job mix concrete driveways in,4,concreters-bringelly;concreters-currans-hill;concreters-elderslie;concreters-harrington-park
council crossovers concrete slabs in,4,concreters-bringelly;concreters-currans-hill;concreters-elderslie;concreters-harrington-park
based properly exposed aggregate in,4,concreters-bringelly;concreters-currans-hill;concreters-elderslie;concreters-harrington-park
kerb appeal patios alfresco in,4,concreters-bringelly;concreters-currans-hill;concreters-elderslie;concreters-harrington-park
entertaining areas paths pathways in,4,concreters-bringelly;concreters-currans-hill;concreters-elderslie;concreters-harrington-park
front paths coloured decorative in,4,concreters-bringelly;concreters-currans-hill;concreters-elderslie;concreters-harrington-park
existing housing makes driveway replacement,4,concreters-currans-hill;concreters-harrington-park;concreters-mount-annan;concreters-narellan
housing makes driveway replacement in,4,concreters-currans-hill;concreters-harrington-park;concreters-mount-annan;concreters-narellan
a service that must be,4,concreters-currans-hill;concreters-harrington-park;concreters-mount-annan;concreters-narellan
service that must be assessed,4,concreters-currans-hill;concreters-harrington-park;concreters-mount-annan;concreters-narellan
that must be assessed separately,4,concreters-currans-hill;concreters-harrington-park;concreters-mount-annan;concreters-narellan
must be assessed separately from,4,concreters-currans-hill;concreters-harrington-park;concreters-mount-annan;concreters-narellan
be assessed separately from a,4,concreters-currans-hill;concreters-harrington-park;concreters-mount-annan;concreters-narellan
assessed separately from a first,4,concreters-currans-hill;concreters-harrington-park;concreters-mount-annan;concreters-narellan
separately from a first pour,4,concreters-currans-hill;concreters-harrington-park;concreters-mount-annan;concreters-narellan
from a first pour the,4,concreters-currans-hill;concreters-harrington-park;concreters-mount-annan;concreters-narellan
a first pour the researched,4,concreters-currans-hill;concreters-harrington-park;concreters-mount-annan;concreters-narellan
first pour the researched ground,4,concreters-currans-hill;concreters-harrington-park;concreters-mount-annan;concreters-narellan
pour the researched ground note,4,concreters-currans-hill;concreters-harrington-park;concreters-mount-annan;concreters-narellan
do i need council approval,4,concrete-crossovers-and-laybacks-south-west-sydney;concreters-harrington-park;do-i-need-council-approval-driveway-nsw;guides
research brief assigns postcode 2567,4,concreters-currans-hill;concreters-harrington-park;concreters-mount-annan;concreters-narellan
brief assigns postcode 2567 authority,4,concreters-currans-hill;concreters-harrington-park;concreters-mount-annan;concreters-narellan
assigns postcode 2567 authority camden,4,concreters-currans-hill;concreters-harrington-park;concreters-mount-annan;concreters-narellan
postcode 2567 authority camden council,4,concreters-currans-hill;concreters-harrington-park;concreters-mount-annan;concreters-narellan
2567 authority camden council and,4,concreters-currans-hill;concreters-harrington-park;concreters-mount-annan;concreters-narellan
separates its concrete driveway replacement,4,concreters-currans-hill;concreters-harrington-park;concreters-mount-annan;concreters-narellan
its concrete driveway replacement evidence,4,concreters-currans-hill;concreters-harrington-park;concreters-mount-annan;concreters-narellan
concrete driveway replacement evidence from,4,concreters-currans-hill;concreters-harrington-park;concreters-mount-annan;concreters-narellan
driveway replacement evidence from the,4,concreters-currans-hill;concreters-harrington-park;concreters-mount-annan;concreters-narellan
replacement evidence from the general,4,concreters-currans-hill;concreters-harrington-park;concreters-mount-annan;concreters-narellan
brief concrete driveway replacement in,4,concreters-currans-hill;concreters-harrington-park;concreters-mount-annan;concreters-narellan
quotes in oran park in,4,concreters-bringelly;concreters-currans-hill;concreters-elderslie;concreters-harrington-park
base preparation and reinforcement in,4,concreters-bringelly;concreters-currans-hill;concreters-elderslie;concreters-harrington-park
work starts licensed insured in,4,concreters-bringelly;concreters-currans-hill;concreters-elderslie;concreters-harrington-park
you can rely on in,4,concreters-bringelly;concreters-currans-hill;concreters-elderslie;concreters-harrington-park
camden and south west sydney,4,contact;gallery;guides;homepage
scope dates unresolved scope boundary,4,concrete-driveways-cobbitty;concrete-patios-edmondson-park;concrete-patios-elderslie;concrete-slabs-south-west-sydney
scope maps unresolved decision owner,4,concrete-driveways-cobbitty;concrete-patios-edmondson-park;concrete-patios-elderslie;concrete-slabs-south-west-sydney
scope names unresolved source authority,4,concrete-driveways-cobbitty;concrete-patios-edmondson-park;concrete-patios-elderslie;concrete-slabs-south-west-sydney
scope checks unresolved source date,4,concrete-driveways-cobbitty;concrete-patios-edmondson-park;concrete-patios-elderslie;concrete-slabs-south-west-sydney
scope measures unresolved site identity,4,concrete-driveways-cobbitty;concrete-patios-edmondson-park;concrete-patios-elderslie;concrete-slabs-south-west-sydney
scope notes unresolved intended use,4,concrete-driveways-cobbitty;concrete-patios-edmondson-park;concrete-patios-elderslie;concrete-slabs-south-west-sydney
scope cites unresolved traffic pattern,4,concrete-driveways-cobbitty;concrete-patios-edmondson-park;concrete-patios-elderslie;concrete-slabs-south-west-sydney
scope states unresolved measured geometry,4,concrete-driveways-cobbitty;concrete-patios-edmondson-park;concrete-patios-elderslie;concrete-slabs-south-west-sydney
scope separates unresolved existing surface,4,concrete-driveways-cobbitty;concrete-patios-edmondson-park;concrete-patios-elderslie;concrete-slabs-south-west-sydney
scope verifies unresolved excavation plan,4,concrete-driveways-cobbitty;concrete-patios-edmondson-park;concrete-patios-elderslie;concrete-slabs-south-west-sydney
scope tests unresolved subgrade evidence,4,concrete-driveways-cobbitty;concrete-patios-edmondson-park;concrete-patios-elderslie;concrete-slabs-south-west-sydney
scope tracks unresolved fill history,4,concrete-driveways-cobbitty;concrete-patios-edmondson-park;concrete-patios-elderslie;concrete-slabs-south-west-sydney
scope records unresolved finished levels,4,concrete-driveways-cobbitty;concrete-patios-edmondson-park;concrete-patios-elderslie;concrete-slabs-south-west-sydney
scope attributes unresolved threshold control,4,concrete-driveways-cobbitty;concrete-patios-edmondson-park;concrete-patios-elderslie;concrete-slabs-south-west-sydney
scope lists unresolved lawful discharge,4,concrete-driveways-cobbitty;concrete-patios-edmondson-park;concrete-patios-elderslie;concrete-slabs-south-west-sydney
scope documents surface water path,4,concrete-driveways-cobbitty;concrete-patios-edmondson-park;concrete-patios-elderslie;concrete-slabs-south-west-sydney
scope logs unresolved surface water,4,concrete-driveways-cobbitty;concrete-patios-edmondson-park;concrete-patios-elderslie;concrete-slabs-south-west-sydney
scope documents unresolved site access,4,concrete-driveways-cobbitty;concrete-patios-edmondson-park;concrete-patios-elderslie;concrete-slabs-south-west-sydney
scope dates unresolved delivery sequence,4,concrete-driveways-cobbitty;concrete-patios-edmondson-park;concrete-patios-elderslie;concrete-slabs-south-west-sydney
scope verifies unresolved scope boundary,4,concrete-crossovers-and-laybacks-south-west-sydney;concrete-driveways-austral;exposed-aggregate-south-west-sydney;shed-and-garage-slabs-catherine-field
scope tests unresolved decision owner,4,concrete-crossovers-and-laybacks-south-west-sydney;concrete-driveways-austral;exposed-aggregate-south-west-sydney;shed-and-garage-slabs-catherine-field
scope tracks unresolved source authority,4,concrete-crossovers-and-laybacks-south-west-sydney;concrete-driveways-austral;exposed-aggregate-south-west-sydney;shed-and-garage-slabs-catherine-field
scope records unresolved source date,4,concrete-crossovers-and-laybacks-south-west-sydney;concrete-driveways-austral;exposed-aggregate-south-west-sydney;shed-and-garage-slabs-catherine-field
scope attributes unresolved site identity,4,concrete-crossovers-and-laybacks-south-west-sydney;concrete-driveways-austral;exposed-aggregate-south-west-sydney;shed-and-garage-slabs-catherine-field
scope lists unresolved intended use,4,concrete-crossovers-and-laybacks-south-west-sydney;concrete-driveways-austral;exposed-aggregate-south-west-sydney;shed-and-garage-slabs-catherine-field
scope logs unresolved traffic pattern,4,concrete-crossovers-and-laybacks-south-west-sydney;concrete-driveways-austral;exposed-aggregate-south-west-sydney;shed-and-garage-slabs-catherine-field
scope documents unresolved measured geometry,4,concrete-crossovers-and-laybacks-south-west-sydney;concrete-driveways-austral;exposed-aggregate-south-west-sydney;shed-and-garage-slabs-catherine-field
scope dates unresolved existing surface,4,concrete-crossovers-and-laybacks-south-west-sydney;concrete-driveways-austral;exposed-aggregate-south-west-sydney;shed-and-garage-slabs-catherine-field
scope maps unresolved excavation plan,4,concrete-crossovers-and-laybacks-south-west-sydney;concrete-driveways-austral;exposed-aggregate-south-west-sydney;shed-and-garage-slabs-catherine-field
questions about exposed aggregate concrete,4,exposed-aggregate-gledswood-hills;exposed-aggregate-harrington-park;exposed-aggregate-oran-park;exposed-aggregate-south-west-sydney
scope names unresolved subgrade evidence,4,concrete-crossovers-and-laybacks-south-west-sydney;concrete-driveways-austral;exposed-aggregate-south-west-sydney;shed-and-garage-slabs-catherine-field
scope checks unresolved fill history,4,concrete-crossovers-and-laybacks-south-west-sydney;concrete-driveways-austral;exposed-aggregate-south-west-sydney;shed-and-garage-slabs-catherine-field
scope measures unresolved finished levels,4,concrete-crossovers-and-laybacks-south-west-sydney;concrete-driveways-austral;exposed-aggregate-south-west-sydney;shed-and-garage-slabs-catherine-field
scope notes unresolved threshold control,4,concrete-crossovers-and-laybacks-south-west-sydney;concrete-driveways-austral;exposed-aggregate-south-west-sydney;shed-and-garage-slabs-catherine-field
scope cites unresolved lawful discharge,4,concrete-crossovers-and-laybacks-south-west-sydney;concrete-driveways-austral;exposed-aggregate-south-west-sydney;shed-and-garage-slabs-catherine-field
scope separates surface water path,4,concrete-crossovers-and-laybacks-south-west-sydney;concrete-driveways-austral;exposed-aggregate-south-west-sydney;shed-and-garage-slabs-catherine-field
scope states unresolved surface water,4,concrete-crossovers-and-laybacks-south-west-sydney;concrete-driveways-austral;exposed-aggregate-south-west-sydney;shed-and-garage-slabs-catherine-field
states unresolved surface water path,4,concrete-crossovers-and-laybacks-south-west-sydney;concrete-driveways-austral;exposed-aggregate-south-west-sydney;shed-and-garage-slabs-catherine-field
scope separates unresolved site access,4,concrete-crossovers-and-laybacks-south-west-sydney;concrete-driveways-austral;exposed-aggregate-south-west-sydney;shed-and-garage-slabs-catherine-field
scope verifies unresolved delivery sequence,4,concrete-crossovers-and-laybacks-south-west-sydney;concrete-driveways-austral;exposed-aggregate-south-west-sydney;shed-and-garage-slabs-catherine-field
scope tests unresolved pump requirement,4,concrete-crossovers-and-laybacks-south-west-sydney;concrete-driveways-austral;exposed-aggregate-south-west-sydney;shed-and-garage-slabs-catherine-field
for concrete patios and alfresco,4,concrete-patios-edmondson-park;concrete-patios-elderslie;concrete-patios-gledswood-hills;concrete-patios-south-west-sydney
are concrete patios and alfresco,4,concrete-patios-edmondson-park;concrete-patios-elderslie;concrete-patios-gledswood-hills;concrete-patios-south-west-sydney
questions about concrete patios and,4,concrete-patios-edmondson-park;concrete-patios-elderslie;concrete-patios-gledswood-hills;concrete-patios-south-west-sydney
about concrete patios and alfresco,4,concrete-patios-edmondson-park;concrete-patios-elderslie;concrete-patios-gledswood-hills;concrete-patios-south-west-sydney
crossing it does not turn,4,camden-council-driveway-crossing;campbelltown-council-driveway-crossing;liverpool-council-vehicle-crossing;wollondilly-council-driveway-crossing
crossing are driveway concreting crossover,4,camden-council-driveway-crossing;campbelltown-council-driveway-crossing;liverpool-council-vehicle-crossing;wollondilly-council-driveway-crossing
the camden concreters homepage and,4,camden-council-driveway-crossing;campbelltown-council-driveway-crossing;liverpool-council-vehicle-crossing;wollondilly-council-driveway-crossing
camden concreters homepage and the,4,camden-council-driveway-crossing;campbelltown-council-driveway-crossing;liverpool-council-vehicle-crossing;wollondilly-council-driveway-crossing
concreters homepage and the area,4,camden-council-driveway-crossing;campbelltown-council-driveway-crossing;liverpool-council-vehicle-crossing;wollondilly-council-driveway-crossing
homepage and the area records,4,camden-council-driveway-crossing;campbelltown-council-driveway-crossing;liverpool-council-vehicle-crossing;wollondilly-council-driveway-crossing
and the area records for,4,camden-council-driveway-crossing;campbelltown-council-driveway-crossing;liverpool-council-vehicle-crossing;wollondilly-council-driveway-crossing
measures unresolved surface water path,4,camden-council-driveway-crossing;commercial-concreting-bringelly;concrete-driveway-replacement-mount-annan;concrete-driveways-oran-park
guide logs unresolved scope boundary,4,campbelltown-council-driveway-crossing;control-joints-and-saw-cut-timing;driveway-crossover-cost-nsw;reactive-clay-slabs-as2870
into a project specification the,4,campbelltown-council-driveway-crossing;concrete-driveway-cost-nsw;liverpool-council-vehicle-crossing;wollondilly-council-driveway-crossing
guide documents unresolved decision owner,4,campbelltown-council-driveway-crossing;control-joints-and-saw-cut-timing;driveway-crossover-cost-nsw;reactive-clay-slabs-as2870
guide dates unresolved source authority,4,campbelltown-council-driveway-crossing;control-joints-and-saw-cut-timing;driveway-crossover-cost-nsw;reactive-clay-slabs-as2870
guide maps unresolved source date,4,campbelltown-council-driveway-crossing;control-joints-and-saw-cut-timing;driveway-crossover-cost-nsw;reactive-clay-slabs-as2870
guide names unresolved site identity,4,campbelltown-council-driveway-crossing;control-joints-and-saw-cut-timing;driveway-crossover-cost-nsw;reactive-clay-slabs-as2870
guide checks unresolved intended use,4,campbelltown-council-driveway-crossing;control-joints-and-saw-cut-timing;driveway-crossover-cost-nsw;reactive-clay-slabs-as2870
guide measures unresolved traffic pattern,4,campbelltown-council-driveway-crossing;control-joints-and-saw-cut-timing;driveway-crossover-cost-nsw;reactive-clay-slabs-as2870
guide documents unresolved scope boundary,4,commercial-hardstand-cost;curing-concrete-in-summer-vs-winter;exposed-aggregate-cost;non-slip-finishes-for-pools-and-slopes
cost it does not turn,4,commercial-hardstand-cost;exposed-aggregate-cost;shed-slab-cost;stencilled-vs-stamped-concrete-cost
guide dates unresolved decision owner,4,commercial-hardstand-cost;curing-concrete-in-summer-vs-winter;exposed-aggregate-cost;non-slip-finishes-for-pools-and-slopes
guide maps unresolved source authority,4,commercial-hardstand-cost;curing-concrete-in-summer-vs-winter;exposed-aggregate-cost;non-slip-finishes-for-pools-and-slopes
guide names unresolved source date,4,commercial-hardstand-cost;curing-concrete-in-summer-vs-winter;exposed-aggregate-cost;non-slip-finishes-for-pools-and-slopes
guide checks unresolved site identity,4,commercial-hardstand-cost;curing-concrete-in-summer-vs-winter;exposed-aggregate-cost;non-slip-finishes-for-pools-and-slopes
guide measures unresolved intended use,4,commercial-hardstand-cost;curing-concrete-in-summer-vs-winter;exposed-aggregate-cost;non-slip-finishes-for-pools-and-slopes
guide notes unresolved traffic pattern,4,commercial-hardstand-cost;curing-concrete-in-summer-vs-winter;exposed-aggregate-cost;non-slip-finishes-for-pools-and-slopes
cost are driveway concreting crossover,4,commercial-hardstand-cost;exposed-aggregate-cost;shed-slab-cost;stencilled-vs-stamped-concrete-cost
keeps provenance visible exposed aggregate,4,exposed-aggregate-cost;exposed-aggregate-driveway-cost;exposed-aggregate-vs-plain-concrete;exposed-aggregate-vs-stencil
retains the source exposed aggregate,4,exposed-aggregate-cost;exposed-aggregate-driveway-cost;exposed-aggregate-vs-plain-concrete;exposed-aggregate-vs-stencil
identifies the record owner exposed,4,exposed-aggregate-cost;exposed-aggregate-driveway-cost;exposed-aggregate-vs-plain-concrete;exposed-aggregate-vs-stencil
the record owner exposed aggregate,4,exposed-aggregate-cost;exposed-aggregate-driveway-cost;exposed-aggregate-vs-plain-concrete;exposed-aggregate-vs-stencil
keeps the basis explicit exposed,4,exposed-aggregate-cost;exposed-aggregate-driveway-cost;exposed-aggregate-vs-plain-concrete;exposed-aggregate-vs-stencil
the basis explicit exposed aggregate,4,exposed-aggregate-cost;exposed-aggregate-driveway-cost;exposed-aggregate-vs-plain-concrete;exposed-aggregate-vs-stencil
leaves an audit trail exposed,4,exposed-aggregate-cost;exposed-aggregate-driveway-cost;exposed-aggregate-vs-plain-concrete;exposed-aggregate-vs-stencil
an audit trail exposed aggregate,4,exposed-aggregate-cost;exposed-aggregate-driveway-cost;exposed-aggregate-vs-plain-concrete;exposed-aggregate-vs-stencil
links the supporting record exposed,4,exposed-aggregate-cost;exposed-aggregate-driveway-cost;exposed-aggregate-vs-plain-concrete;exposed-aggregate-vs-stencil
the supporting record exposed aggregate,4,exposed-aggregate-cost;exposed-aggregate-driveway-cost;exposed-aggregate-vs-plain-concrete;exposed-aggregate-vs-stencil
unresolved scope boundary exposed aggregate,4,exposed-aggregate-cost;exposed-aggregate-driveway-cost;exposed-aggregate-vs-plain-concrete;exposed-aggregate-vs-stencil
marks the evidence owner exposed,4,exposed-aggregate-cost;exposed-aggregate-driveway-cost;exposed-aggregate-vs-plain-concrete;exposed-aggregate-vs-stencil
the evidence owner exposed aggregate,4,exposed-aggregate-cost;exposed-aggregate-driveway-cost;exposed-aggregate-vs-plain-concrete;exposed-aggregate-vs-stencil
stores the reference exposed aggregate,4,exposed-aggregate-cost;exposed-aggregate-driveway-cost;exposed-aggregate-vs-plain-concrete;exposed-aggregate-vs-stencil
flags the authority exposed aggregate,4,exposed-aggregate-cost;exposed-aggregate-driveway-cost;exposed-aggregate-vs-plain-concrete;exposed-aggregate-vs-stencil
holds the citation exposed aggregate,4,exposed-aggregate-cost;exposed-aggregate-driveway-cost;exposed-aggregate-vs-plain-concrete;exposed-aggregate-vs-stencil
unresolved decision owner exposed aggregate,4,exposed-aggregate-cost;exposed-aggregate-driveway-cost;exposed-aggregate-vs-plain-concrete;exposed-aggregate-vs-stencil
carries the source date exposed,4,exposed-aggregate-cost;exposed-aggregate-driveway-cost;exposed-aggregate-vs-plain-concrete;exposed-aggregate-vs-stencil
the source date exposed aggregate,4,exposed-aggregate-cost;exposed-aggregate-driveway-cost;exposed-aggregate-vs-plain-concrete;exposed-aggregate-vs-stencil
unresolved source authority exposed aggregate,4,exposed-aggregate-cost;exposed-aggregate-driveway-cost;exposed-aggregate-vs-plain-concrete;exposed-aggregate-vs-stencil
unresolved source date exposed aggregate,4,exposed-aggregate-cost;exposed-aggregate-driveway-cost;exposed-aggregate-vs-plain-concrete;exposed-aggregate-vs-stencil
unresolved site identity exposed aggregate,4,exposed-aggregate-cost;exposed-aggregate-driveway-cost;exposed-aggregate-vs-plain-concrete;exposed-aggregate-vs-stencil
unresolved intended use exposed aggregate,4,exposed-aggregate-cost;exposed-aggregate-driveway-cost;exposed-aggregate-vs-plain-concrete;exposed-aggregate-vs-stencil
unresolved traffic pattern exposed aggregate,4,exposed-aggregate-cost;exposed-aggregate-driveway-cost;exposed-aggregate-vs-plain-concrete;exposed-aggregate-vs-stencil
guide notes unresolved scope boundary,4,exposed-aggregate-vs-stencil;sealing-and-resealing-concrete;stencilled-vs-stamped-concrete-cost;why-concrete-cracks
guide cites unresolved decision owner,4,exposed-aggregate-vs-stencil;sealing-and-resealing-concrete;stencilled-vs-stamped-concrete-cost;why-concrete-cracks
guide states unresolved source authority,4,exposed-aggregate-vs-stencil;sealing-and-resealing-concrete;stencilled-vs-stamped-concrete-cost;why-concrete-cracks
guide separates unresolved source date,4,exposed-aggregate-vs-stencil;sealing-and-resealing-concrete;stencilled-vs-stamped-concrete-cost;why-concrete-cracks
guide verifies unresolved site identity,4,exposed-aggregate-vs-stencil;sealing-and-resealing-concrete;stencilled-vs-stamped-concrete-cost;why-concrete-cracks
guide tests unresolved intended use,4,exposed-aggregate-vs-stencil;sealing-and-resealing-concrete;stencilled-vs-stamped-concrete-cost;why-concrete-cracks
guide tracks unresolved traffic pattern,4,exposed-aggregate-vs-stencil;sealing-and-resealing-concrete;stencilled-vs-stamped-concrete-cost;why-concrete-cracks
2170 in liverpool city council,4,concreters-casula;concreters-chipping-norton;concreters-moorebank;concreters-prestons
dish crossing aligned to the,4,concrete-driveways-catherine-field;concrete-driveways-cobbitty;concreters-catherine-field;concreters-cobbitty
crossing aligned to the table,4,concrete-driveways-catherine-field;concrete-driveways-cobbitty;concreters-catherine-field;concreters-cobbitty
aligned to the table drain,4,concrete-driveways-catherine-field;concrete-driveways-cobbitty;concreters-catherine-field;concreters-cobbitty
to the table drain invert,4,concrete-driveways-catherine-field;concrete-driveways-cobbitty;concreters-catherine-field;concreters-cobbitty
camden standard driveway crossing application,4,concreters-currans-hill;concreters-elderslie;concreters-mount-annan;concreters-spring-farm
identifies the record owner oran,4,concrete-crossovers-and-laybacks-oran-park;concrete-driveways-oran-park;exposed-aggregate-oran-park;shed-and-garage-slabs-oran-park
keeps the basis explicit oran,4,concrete-crossovers-and-laybacks-oran-park;concrete-driveways-oran-park;exposed-aggregate-oran-park;shed-and-garage-slabs-oran-park
leaves an audit trail oran,4,concrete-crossovers-and-laybacks-oran-park;concrete-driveways-oran-park;exposed-aggregate-oran-park;shed-and-garage-slabs-oran-park
links the supporting record oran,4,concrete-crossovers-and-laybacks-oran-park;concrete-driveways-oran-park;exposed-aggregate-oran-park;shed-and-garage-slabs-oran-park
carries the source date oran,4,concrete-crossovers-and-laybacks-oran-park;concrete-driveways-oran-park;exposed-aggregate-oran-park;shed-and-garage-slabs-oran-park
marks the evidence owner oran,4,concrete-crossovers-and-laybacks-oran-park;concrete-driveways-oran-park;exposed-aggregate-oran-park;shed-and-garage-slabs-oran-park
discussion for oran park no,4,concrete-crossovers-and-laybacks-oran-park;concrete-driveways-oran-park;exposed-aggregate-oran-park;shed-and-garage-slabs-oran-park
for oran park no fact,4,concrete-crossovers-and-laybacks-oran-park;concrete-driveways-oran-park;exposed-aggregate-oran-park;shed-and-garage-slabs-oran-park
oran park no fact from,4,concrete-crossovers-and-laybacks-oran-park;concrete-driveways-oran-park;exposed-aggregate-oran-park;shed-and-garage-slabs-oran-park
scope flags the authority oran,4,concrete-crossovers-and-laybacks-oran-park;concrete-driveways-oran-park;exposed-aggregate-oran-park;shed-and-garage-slabs-oran-park
scope holds the citation oran,4,concrete-crossovers-and-laybacks-oran-park;concrete-driveways-oran-park;exposed-aggregate-oran-park;shed-and-garage-slabs-oran-park
scope keeps provenance visible oran,4,concrete-crossovers-and-laybacks-oran-park;concrete-driveways-oran-park;exposed-aggregate-oran-park;shed-and-garage-slabs-oran-park
scope retains the source oran,4,concrete-crossovers-and-laybacks-oran-park;concrete-driveways-oran-park;exposed-aggregate-oran-park;shed-and-garage-slabs-oran-park
scope keeps it open oran,4,concrete-crossovers-and-laybacks-oran-park;concrete-driveways-oran-park;exposed-aggregate-oran-park;shed-and-garage-slabs-oran-park
scope stores the reference oran,4,concrete-crossovers-and-laybacks-oran-park;concrete-driveways-oran-park;exposed-aggregate-oran-park;shed-and-garage-slabs-oran-park
sydney and concreting in oran,4,concrete-crossovers-and-laybacks-oran-park;concrete-driveways-oran-park;exposed-aggregate-oran-park;shed-and-garage-slabs-oran-park
and concreting in oran park,4,concrete-crossovers-and-laybacks-oran-park;concrete-driveways-oran-park;exposed-aggregate-oran-park;shed-and-garage-slabs-oran-park
in oran park and the,4,concrete-crossovers-and-laybacks-oran-park;concrete-driveways-oran-park;exposed-aggregate-oran-park;shed-and-garage-slabs-oran-park
oran park and the site,4,concrete-crossovers-and-laybacks-oran-park;concrete-driveways-oran-park;exposed-aggregate-oran-park;shed-and-garage-slabs-oran-park
unresolved surface water path oran,4,concrete-crossovers-and-laybacks-oran-park;concrete-driveways-oran-park;exposed-aggregate-oran-park;shed-and-garage-slabs-oran-park
concrete south west sydney and,4,decorative-concrete-harrington-park;exposed-aggregate-gledswood-hills;exposed-aggregate-harrington-park;exposed-aggregate-oran-park
hardstand scope keeps provenance visible,4,commercial-concreting-bringelly;commercial-concreting-cobbitty;commercial-concreting-gregory-hills;commercial-concreting-narellan
hardstand scope retains the source,4,commercial-concreting-bringelly;commercial-concreting-cobbitty;commercial-concreting-gregory-hills;commercial-concreting-narellan
hardstand scope identifies the record,4,commercial-concreting-bringelly;commercial-concreting-cobbitty;commercial-concreting-gregory-hills;commercial-concreting-narellan
hardstand scope keeps the basis,4,commercial-concreting-bringelly;commercial-concreting-cobbitty;commercial-concreting-gregory-hills;commercial-concreting-narellan
hardstand scope leaves an audit,4,commercial-concreting-bringelly;commercial-concreting-cobbitty;commercial-concreting-gregory-hills;commercial-concreting-narellan
hardstand scope links the supporting,4,commercial-concreting-bringelly;commercial-concreting-cobbitty;commercial-concreting-gregory-hills;commercial-concreting-narellan
hardstand scope keeps it open,4,commercial-concreting-bringelly;commercial-concreting-cobbitty;commercial-concreting-gregory-hills;commercial-concreting-narellan
that differentiator controls the commercial,4,commercial-concreting-bringelly;commercial-concreting-cobbitty;commercial-concreting-gregory-hills;commercial-concreting-narellan
differentiator controls the commercial concreting,4,commercial-concreting-bringelly;commercial-concreting-cobbitty;commercial-concreting-gregory-hills;commercial-concreting-narellan
controls the commercial concreting discussion,4,commercial-concreting-bringelly;commercial-concreting-cobbitty;commercial-concreting-gregory-hills;commercial-concreting-narellan
the commercial concreting discussion for,4,commercial-concreting-bringelly;commercial-concreting-cobbitty;commercial-concreting-gregory-hills;commercial-concreting-narellan
intersection is substituted why commercial,4,commercial-concreting-bringelly;commercial-concreting-cobbitty;commercial-concreting-gregory-hills;commercial-concreting-narellan
is substituted why commercial concreting,4,commercial-concreting-bringelly;commercial-concreting-cobbitty;commercial-concreting-gregory-hills;commercial-concreting-narellan
substituted why commercial concreting differs,4,commercial-concreting-bringelly;commercial-concreting-cobbitty;commercial-concreting-gregory-hills;commercial-concreting-narellan
why commercial concreting differs in,4,commercial-concreting-bringelly;commercial-concreting-cobbitty;commercial-concreting-gregory-hills;commercial-concreting-narellan
hardstand scope marks the evidence,4,commercial-concreting-bringelly;commercial-concreting-cobbitty;commercial-concreting-gregory-hills;commercial-concreting-narellan
hardstand scope stores the reference,4,commercial-concreting-bringelly;commercial-concreting-cobbitty;commercial-concreting-gregory-hills;commercial-concreting-narellan
hardstand scope flags the authority,4,commercial-concreting-bringelly;commercial-concreting-cobbitty;commercial-concreting-gregory-hills;commercial-concreting-narellan
hardstand scope holds the citation,4,commercial-concreting-bringelly;commercial-concreting-cobbitty;commercial-concreting-gregory-hills;commercial-concreting-narellan
hardstand scope carries the source,4,commercial-concreting-bringelly;commercial-concreting-cobbitty;commercial-concreting-gregory-hills;commercial-concreting-narellan
related sources for commercial concreting,4,commercial-concreting-bringelly;commercial-concreting-cobbitty;commercial-concreting-gregory-hills;commercial-concreting-narellan
are commercial concreting south west,4,commercial-concreting-bringelly;commercial-concreting-cobbitty;commercial-concreting-gregory-hills;commercial-concreting-narellan
commercial concreting south west sydney,4,commercial-concreting-bringelly;commercial-concreting-cobbitty;commercial-concreting-gregory-hills;commercial-concreting-narellan
concreting south west sydney and,4,commercial-concreting-bringelly;commercial-concreting-cobbitty;commercial-concreting-gregory-hills;commercial-concreting-narellan
corex quoted range for commercial,4,commercial-concreting-bringelly;commercial-concreting-cobbitty;commercial-concreting-gregory-hills;commercial-concreting-narellan
quoted range for commercial concreting,4,commercial-concreting-bringelly;commercial-concreting-cobbitty;commercial-concreting-gregory-hills;commercial-concreting-narellan
range for commercial concreting in,4,commercial-concreting-bringelly;commercial-concreting-cobbitty;commercial-concreting-gregory-hills;commercial-concreting-narellan
site inputs behind it commercial,4,commercial-concreting-bringelly;commercial-concreting-cobbitty;commercial-concreting-gregory-hills;commercial-concreting-narellan
inputs behind it commercial concreting,4,commercial-concreting-bringelly;commercial-concreting-cobbitty;commercial-concreting-gregory-hills;commercial-concreting-narellan
it open questions about commercial,4,commercial-concreting-bringelly;commercial-concreting-cobbitty;commercial-concreting-gregory-hills;commercial-concreting-narellan
open questions about commercial concreting,4,commercial-concreting-bringelly;commercial-concreting-cobbitty;commercial-concreting-gregory-hills;commercial-concreting-narellan
keeps it open why commercial,4,commercial-concreting-bringelly;commercial-concreting-cobbitty;commercial-concreting-gregory-hills;commercial-concreting-narellan
it open why commercial concreting,4,commercial-concreting-bringelly;commercial-concreting-cobbitty;commercial-concreting-gregory-hills;commercial-concreting-narellan
open why commercial concreting differs,4,commercial-concreting-bringelly;commercial-concreting-cobbitty;commercial-concreting-gregory-hills;commercial-concreting-narellan
scope keeps it open commercial,4,commercial-concreting-bringelly;commercial-concreting-cobbitty;commercial-concreting-gregory-hills;commercial-concreting-narellan
keeps it open commercial concreting,4,commercial-concreting-bringelly;commercial-concreting-cobbitty;commercial-concreting-gregory-hills;commercial-concreting-narellan
scope verifies unresolved subgrade evidence,4,commercial-concreting-cobbitty;concrete-slabs-gledswood-hills;exposed-aggregate-gledswood-hills;exposed-aggregate-harrington-park
scope tests unresolved fill history,4,commercial-concreting-cobbitty;concrete-slabs-gledswood-hills;exposed-aggregate-gledswood-hills;exposed-aggregate-harrington-park
scope tracks unresolved finished levels,4,commercial-concreting-cobbitty;concrete-slabs-gledswood-hills;exposed-aggregate-gledswood-hills;exposed-aggregate-harrington-park
scope records unresolved threshold control,4,commercial-concreting-cobbitty;concrete-slabs-gledswood-hills;exposed-aggregate-gledswood-hills;exposed-aggregate-harrington-park
scope attributes unresolved lawful discharge,4,commercial-concreting-cobbitty;concrete-slabs-gledswood-hills;exposed-aggregate-gledswood-hills;exposed-aggregate-harrington-park
scope logs surface water path,4,commercial-concreting-cobbitty;concrete-slabs-gledswood-hills;exposed-aggregate-gledswood-hills;exposed-aggregate-harrington-park
scope lists unresolved surface water,4,commercial-concreting-cobbitty;concrete-slabs-gledswood-hills;exposed-aggregate-gledswood-hills;exposed-aggregate-harrington-park
lists unresolved surface water path,4,commercial-concreting-cobbitty;concrete-slabs-gledswood-hills;exposed-aggregate-gledswood-hills;exposed-aggregate-harrington-park
scope logs unresolved site access,4,commercial-concreting-cobbitty;concrete-slabs-gledswood-hills;exposed-aggregate-gledswood-hills;exposed-aggregate-harrington-park
scope documents unresolved delivery sequence,4,commercial-concreting-cobbitty;concrete-slabs-gledswood-hills;exposed-aggregate-gledswood-hills;exposed-aggregate-harrington-park
scope dates unresolved pump requirement,4,commercial-concreting-cobbitty;concrete-slabs-gledswood-hills;exposed-aggregate-gledswood-hills;exposed-aggregate-harrington-park
your free quote today why,4,concrete-paths-edmondson-park;concrete-patios-edmondson-park;concrete-patios-elderslie;concrete-patios-gledswood-hills
free quote today why concrete,4,concrete-paths-edmondson-park;concrete-patios-edmondson-park;concrete-patios-elderslie;concrete-patios-gledswood-hills
replacement scope links the supporting,4,concrete-driveway-replacement-currans-hill;concrete-driveway-replacement-harrington-park;concrete-driveway-replacement-mount-annan;concrete-driveway-replacement-narellan
replacement scope carries the source,4,concrete-driveway-replacement-currans-hill;concrete-driveway-replacement-harrington-park;concrete-driveway-replacement-mount-annan;concrete-driveway-replacement-narellan
replacement scope marks the evidence,4,concrete-driveway-replacement-currans-hill;concrete-driveway-replacement-harrington-park;concrete-driveway-replacement-mount-annan;concrete-driveway-replacement-narellan
replacement scope stores the reference,4,concrete-driveway-replacement-currans-hill;concrete-driveway-replacement-harrington-park;concrete-driveway-replacement-mount-annan;concrete-driveway-replacement-narellan
replacement scope flags the authority,4,concrete-driveway-replacement-currans-hill;concrete-driveway-replacement-harrington-park;concrete-driveway-replacement-mount-annan;concrete-driveway-replacement-narellan
replacement scope keeps it open,4,concrete-driveway-replacement-currans-hill;concrete-driveway-replacement-harrington-park;concrete-driveway-replacement-mount-annan;concrete-driveway-replacement-narellan
differentiator controls the concrete driveway,4,concrete-driveway-replacement-currans-hill;concrete-driveway-replacement-harrington-park;concrete-driveway-replacement-mount-annan;concrete-driveway-replacement-narellan
controls the concrete driveway replacement,4,concrete-driveway-replacement-currans-hill;concrete-driveway-replacement-harrington-park;concrete-driveway-replacement-mount-annan;concrete-driveway-replacement-narellan
the concrete driveway replacement discussion,4,concrete-driveway-replacement-currans-hill;concrete-driveway-replacement-harrington-park;concrete-driveway-replacement-mount-annan;concrete-driveway-replacement-narellan
concrete driveway replacement discussion for,4,concrete-driveway-replacement-currans-hill;concrete-driveway-replacement-harrington-park;concrete-driveway-replacement-mount-annan;concrete-driveway-replacement-narellan
free quote today concrete driveway,4,concrete-driveway-replacement-currans-hill;concrete-driveway-replacement-harrington-park;concrete-driveway-replacement-mount-annan;concrete-driveway-replacement-narellan
quote today concrete driveway replacement,4,concrete-driveway-replacement-currans-hill;concrete-driveway-replacement-harrington-park;concrete-driveway-replacement-mount-annan;concrete-driveway-replacement-narellan
replacement scope keeps provenance visible,4,concrete-driveway-replacement-currans-hill;concrete-driveway-replacement-harrington-park;concrete-driveway-replacement-mount-annan;concrete-driveway-replacement-narellan
replacement scope retains the source,4,concrete-driveway-replacement-currans-hill;concrete-driveway-replacement-harrington-park;concrete-driveway-replacement-mount-annan;concrete-driveway-replacement-narellan
replacement scope identifies the record,4,concrete-driveway-replacement-currans-hill;concrete-driveway-replacement-harrington-park;concrete-driveway-replacement-mount-annan;concrete-driveway-replacement-narellan
replacement scope keeps the basis,4,concrete-driveway-replacement-currans-hill;concrete-driveway-replacement-harrington-park;concrete-driveway-replacement-mount-annan;concrete-driveway-replacement-narellan
replacement scope leaves an audit,4,concrete-driveway-replacement-currans-hill;concrete-driveway-replacement-harrington-park;concrete-driveway-replacement-mount-annan;concrete-driveway-replacement-narellan
keeps it open concrete driveway,4,concrete-driveway-replacement-currans-hill;concrete-driveway-replacement-harrington-park;concrete-driveway-replacement-mount-annan;concrete-driveway-replacement-narellan
it open concrete driveway replacement,4,concrete-driveway-replacement-currans-hill;concrete-driveway-replacement-harrington-park;concrete-driveway-replacement-mount-annan;concrete-driveway-replacement-narellan
replacement scope holds the citation,4,concrete-driveway-replacement-currans-hill;concrete-driveway-replacement-harrington-park;concrete-driveway-replacement-mount-annan;concrete-driveway-replacement-narellan
it open why concrete driveway,4,concrete-driveway-replacement-currans-hill;concrete-driveway-replacement-harrington-park;concrete-driveway-replacement-mount-annan;concrete-driveway-replacement-narellan
open why concrete driveway replacement,4,concrete-driveway-replacement-currans-hill;concrete-driveway-replacement-harrington-park;concrete-driveway-replacement-mount-annan;concrete-driveway-replacement-narellan
why concrete driveway replacement differs,4,concrete-driveway-replacement-currans-hill;concrete-driveway-replacement-harrington-park;concrete-driveway-replacement-mount-annan;concrete-driveway-replacement-narellan
concrete driveway replacement differs in,4,concrete-driveway-replacement-currans-hill;concrete-driveway-replacement-harrington-park;concrete-driveway-replacement-mount-annan;concrete-driveway-replacement-narellan
sources for concrete driveway replacement,4,concrete-driveway-replacement-currans-hill;concrete-driveway-replacement-harrington-park;concrete-driveway-replacement-mount-annan;concrete-driveway-replacement-narellan
are concrete driveway replacement south,4,concrete-driveway-replacement-currans-hill;concrete-driveway-replacement-harrington-park;concrete-driveway-replacement-mount-annan;concrete-driveway-replacement-narellan
replacement south west sydney and,4,concrete-driveway-replacement-currans-hill;concrete-driveway-replacement-harrington-park;concrete-driveway-replacement-mount-annan;concrete-driveway-replacement-narellan
quoted range for concrete driveway,4,concrete-driveway-replacement-currans-hill;concrete-driveway-replacement-harrington-park;concrete-driveway-replacement-mount-annan;concrete-driveway-replacement-narellan
range for concrete driveway replacement,4,concrete-driveway-replacement-currans-hill;concrete-driveway-replacement-harrington-park;concrete-driveway-replacement-mount-annan;concrete-driveway-replacement-narellan
for concrete driveway replacement in,4,concrete-driveway-replacement-currans-hill;concrete-driveway-replacement-harrington-park;concrete-driveway-replacement-mount-annan;concrete-driveway-replacement-narellan
it questions about concrete driveway,4,concrete-driveway-replacement-currans-hill;concrete-driveway-replacement-harrington-park;concrete-driveway-replacement-mount-annan;concrete-driveway-replacement-narellan
verifies unresolved surface water path,4,concrete-crossovers-and-laybacks-currans-hill;concrete-driveways-edmondson-park;concrete-driveways-spring-farm;driveway-cost-calculator
driveway cost and separates measurable,4,coloured-concrete-driveway-cost;exposed-aggregate-driveway-cost;plain-concrete-driveway-cost;stencilled-concrete-driveway-cost
cost and separates measurable inputs,4,coloured-concrete-driveway-cost;exposed-aggregate-driveway-cost;plain-concrete-driveway-cost;stencilled-concrete-driveway-cost
driveway cost are concrete driveway,4,coloured-concrete-driveway-cost;exposed-aggregate-driveway-cost;plain-concrete-driveway-cost;stencilled-concrete-driveway-cost
cost are concrete driveway scopes,4,coloured-concrete-driveway-cost;exposed-aggregate-driveway-cost;plain-concrete-driveway-cost;stencilled-concrete-driveway-cost
driveway cost from real corex,4,coloured-concrete-driveway-cost;exposed-aggregate-driveway-cost;plain-concrete-driveway-cost;stencilled-concrete-driveway-cost
cost from real corex quotes,4,coloured-concrete-driveway-cost;exposed-aggregate-driveway-cost;plain-concrete-driveway-cost;stencilled-concrete-driveway-cost
that require site evidence get,4,concrete-vs-asphalt;concrete-vs-pavers;diy-concrete-vs-hiring-a-concreter;exposed-aggregate-vs-plain-concrete
require site evidence get your,4,concrete-vs-asphalt;concrete-vs-pavers;diy-concrete-vs-hiring-a-concreter;exposed-aggregate-vs-plain-concrete
site evidence get your free,4,concrete-vs-asphalt;concrete-vs-pavers;diy-concrete-vs-hiring-a-concreter;exposed-aggregate-vs-plain-concrete
evidence get your free quote,4,concrete-vs-asphalt;concrete-vs-pavers;diy-concrete-vs-hiring-a-concreter;exposed-aggregate-vs-plain-concrete
on site quote request get,4,concrete-vs-asphalt;concrete-vs-pavers;diy-concrete-vs-hiring-a-concreter;exposed-aggregate-vs-plain-concrete
site quote request get your,4,concrete-vs-asphalt;concrete-vs-pavers;diy-concrete-vs-hiring-a-concreter;exposed-aggregate-vs-plain-concrete
quote request get your free,4,concrete-vs-asphalt;concrete-vs-pavers;diy-concrete-vs-hiring-a-concreter;exposed-aggregate-vs-plain-concrete
request get your free quote,4,concrete-vs-asphalt;concrete-vs-pavers;diy-concrete-vs-hiring-a-concreter;exposed-aggregate-vs-plain-concrete
park carries that service decision,3,concreters-edmondson-park;concreters-harrington-park;concreters-oran-park
lep 2008 and records the,3,concreters-bringelly;concreters-gregory-hills;concreters-oran-park
2008 and records the local,3,concreters-bringelly;concreters-gregory-hills;concreters-oran-park
park examples describe the supplied,3,concreters-edmondson-park;concreters-harrington-park;concreters-oran-park
park checks are framed by,3,concreters-edmondson-park;concreters-harrington-park;concreters-oran-park
park answer must retain its,3,concreters-edmondson-park;concreters-harrington-park;concreters-oran-park
park development references supplied for,3,concreters-edmondson-park;concreters-harrington-park;concreters-oran-park
park page treats those names,3,concreters-edmondson-park;concreters-harrington-park;concreters-oran-park
park job weighting is new,3,concreters-edmondson-park;concreters-harrington-park;concreters-oran-park
park service emphasis follows that,3,concreters-edmondson-park;concreters-harrington-park;concreters-oran-park
park research brief assigns postcode,3,concreters-edmondson-park;concreters-harrington-park;concreters-oran-park
park identifiers must agree across,3,concreters-edmondson-park;concreters-harrington-park;concreters-oran-park
park query set is concreter,3,concreters-edmondson-park;concreters-harrington-park;concreters-oran-park
park body uses that set,3,concreters-edmondson-park;concreters-harrington-park;concreters-oran-park
driveway crossing application where the,3,concreters-currans-hill;concreters-oran-park;concreters-spring-farm
uses the engineered fill and,3,concreters-austral;concreters-edmondson-park;concreters-oran-park
the engineered fill and why,3,concreters-austral;concreters-edmondson-park;concreters-oran-park
new estate slabs crack reference,3,concreters-austral;concreters-edmondson-park;concreters-oran-park
estate slabs crack reference for,3,concreters-austral;concreters-edmondson-park;concreters-oran-park
park evidence reaches that topic,3,concreters-edmondson-park;concreters-harrington-park;concreters-oran-park
separates its exposed aggregate concrete,3,concreters-gledswood-hills;concreters-harrington-park;concreters-oran-park
its exposed aggregate concrete evidence,3,concreters-gledswood-hills;concreters-harrington-park;concreters-oran-park
exposed aggregate concrete evidence from,3,concreters-gledswood-hills;concreters-harrington-park;concreters-oran-park
aggregate concrete evidence from the,3,concreters-gledswood-hills;concreters-harrington-park;concreters-oran-park
concrete evidence from the general,3,concreters-gledswood-hills;concreters-harrington-park;concreters-oran-park
brief exposed aggregate concrete in,3,concreters-gledswood-hills;concreters-harrington-park;concreters-oran-park
and harrington park get your,3,concreters-currans-hill;concreters-mount-annan;concreters-oran-park
harrington park get your free,3,concreters-currans-hill;concreters-mount-annan;concreters-oran-park
on the nsw planning portal,3,concrete-crossovers-and-laybacks-leppington;concreters-bringelly;concreters-leppington
the nsw planning portal before,3,concrete-crossovers-and-laybacks-leppington;concreters-bringelly;concreters-leppington
school with access commonly read,3,concreters-harrington-park;concreters-leppington;concreters-mount-annan
access commonly read from camden,3,concreters-catherine-field;concreters-elderslie;concreters-leppington
commonly read from camden valley,3,concreters-catherine-field;concreters-elderslie;concreters-leppington
read from camden valley way,3,concreters-catherine-field;concreters-elderslie;concreters-leppington
evidence register identifies camden growth,3,concreters-catherine-field;concreters-gledswood-hills;concreters-leppington
register identifies camden growth centres,3,concreters-catherine-field;concreters-gledswood-hills;concreters-leppington
identifies camden growth centres lep,3,concreters-catherine-field;concreters-gledswood-hills;concreters-leppington
local housing period as 2016,3,concreters-edmondson-park;concreters-leppington;concreters-spring-farm
is anchored to camden valley,3,concreters-catherine-field;concreters-elderslie;concreters-leppington
anchored to camden valley way,3,concreters-catherine-field;concreters-elderslie;concreters-leppington
replacement 5 decorative 10 and,3,concreters-catherine-field;concreters-gregory-hills;concreters-leppington
5 decorative 10 and commercial,3,concreters-catherine-field;concreters-gregory-hills;concreters-leppington
city council vehicle crossing application,3,concreters-austral;concreters-edmondson-park;concreters-leppington
reactive clay slabs as 2870,3,concreters-elderslie;concreters-leppington;reactive-clay-slabs-as2870
2557 corex concreters camden covers,3,concreters-catherine-field;concreters-gledswood-hills;concreters-gregory-hills
adjacent with access commonly read,3,concreters-currans-hill;concreters-gregory-hills;concreters-spring-farm
research brief assigns postcode 2557,3,concreters-catherine-field;concreters-gledswood-hills;concreters-gregory-hills
brief assigns postcode 2557 authority,3,concreters-catherine-field;concreters-gledswood-hills;concreters-gregory-hills
assigns postcode 2557 authority camden,3,concreters-catherine-field;concreters-gledswood-hills;concreters-gregory-hills
postcode 2557 authority camden council,3,concreters-catherine-field;concreters-gledswood-hills;concreters-gregory-hills
2557 authority camden council and,3,concreters-catherine-field;concreters-gledswood-hills;concreters-gregory-hills
drive the verified local distinction,3,concreters-austral;concreters-currans-hill;concreters-gledswood-hills
questions do i need a,3,concreters-catherine-field;concreters-cobbitty;concreters-gledswood-hills
separates its concrete patios and,3,concreters-edmondson-park;concreters-elderslie;concreters-gledswood-hills
its concrete patios and alfresco,3,concreters-edmondson-park;concreters-elderslie;concreters-gledswood-hills
patios and alfresco slabs evidence,3,concreters-edmondson-park;concreters-elderslie;concreters-gledswood-hills
and alfresco slabs evidence from,3,concreters-edmondson-park;concreters-elderslie;concreters-gledswood-hills
alfresco slabs evidence from the,3,concreters-edmondson-park;concreters-elderslie;concreters-gledswood-hills
brief concrete patios and alfresco,3,concreters-edmondson-park;concreters-elderslie;concreters-gledswood-hills
says camden council standard driveway,3,concreters-gledswood-hills;concreters-harrington-park;concreters-narellan
shed slabs preparation is matched,3,concreters-austral;concreters-currans-hill;concreters-elderslie
that service decision the verified,3,concreters-austral;concreters-edmondson-park;concreters-harrington-park
service decision the verified approval,3,concreters-austral;concreters-edmondson-park;concreters-harrington-park
decision the verified approval path,3,concreters-austral;concreters-edmondson-park;concreters-harrington-park
by these supplied questions can,3,concreters-elderslie;concreters-harrington-park;concreters-narellan
weighting is new build 15,3,concreters-bringelly;concreters-elderslie;concreters-harrington-park
is new build 15 replacement,3,concreters-bringelly;concreters-elderslie;concreters-harrington-park
standard driveway crossing application for,3,concreters-elderslie;concreters-harrington-park;concreters-narellan
the concrete repair vs replace,3,concrete-repair-vs-replace;concreters-harrington-park;concreters-narellan
is set out in concrete,3,concrete-driveway-replacement-south-west-sydney;concrete-driveways-south-west-sydney;concrete-slabs-south-west-sydney
concrete vs pavers vs asphalt,3,concrete-driveways-south-west-sydney;concrete-vs-pavers-vs-asphalt;guides
what actually moves a concrete,3,concrete-driveways-south-west-sydney;guides;what-actually-moves-a-concrete-quote
actually moves a concrete quote,3,concrete-driveways-south-west-sydney;guides;what-actually-moves-a-concrete-quote
to a project scope finish,3,concrete-driveway-replacement-south-west-sydney;concrete-driveways-south-west-sydney;concrete-slabs-south-west-sydney
a project scope finish and,3,concrete-driveway-replacement-south-west-sydney;concrete-driveways-south-west-sydney;concrete-slabs-south-west-sydney
project scope finish and curing,3,concrete-driveway-replacement-south-west-sydney;concrete-driveways-south-west-sydney;concrete-slabs-south-west-sydney
scope finish and curing for,3,concrete-driveway-replacement-south-west-sydney;concrete-driveways-south-west-sydney;concrete-slabs-south-west-sydney
open areas served for concrete,3,concrete-driveways-south-west-sydney;concrete-paths-south-west-sydney;concrete-patios-south-west-sydney
scope keeps it open ground,3,concrete-driveway-replacement-south-west-sydney;concrete-driveways-south-west-sydney;shed-and-garage-slabs-south-west-sydney
keeps it open ground support,3,concrete-driveway-replacement-south-west-sydney;concrete-driveways-south-west-sydney;shed-and-garage-slabs-south-west-sydney
it open ground support for,3,concrete-driveway-replacement-south-west-sydney;concrete-driveways-south-west-sydney;shed-and-garage-slabs-south-west-sydney
driveway cost rather than presented,3,concrete-driveways-south-west-sydney;decorative-concrete-south-west-sydney;exposed-aggregate-south-west-sydney
cost rather than presented as,3,concrete-driveways-south-west-sydney;decorative-concrete-south-west-sydney;exposed-aggregate-south-west-sydney
curing concrete in summer vs,3,concrete-driveway-replacement-south-west-sydney;curing-concrete-in-summer-vs-winter;guides
concrete in summer vs winter,3,concrete-driveway-replacement-south-west-sydney;curing-concrete-in-summer-vs-winter;guides
how long before you can,3,concrete-driveway-replacement-south-west-sydney;guides;how-long-before-you-can-drive-on-concrete
long before you can drive,3,concrete-driveway-replacement-south-west-sydney;guides;how-long-before-you-can-drive-on-concrete
before you can drive on,3,concrete-driveway-replacement-south-west-sydney;guides;how-long-before-you-can-drive-on-concrete
you can drive on concrete,3,concrete-driveway-replacement-south-west-sydney;guides;how-long-before-you-can-drive-on-concrete
removing oil stains and tyre,3,concrete-driveway-replacement-south-west-sydney;guides;removing-oil-stains-and-tyre-marks-from-concrete
oil stains and tyre marks,3,concrete-driveway-replacement-south-west-sydney;guides;removing-oil-stains-and-tyre-marks-from-concrete
stains and tyre marks from,3,concrete-driveway-replacement-south-west-sydney;guides;removing-oil-stains-and-tyre-marks-from-concrete
and tyre marks from concrete,3,concrete-driveway-replacement-south-west-sydney;guides;removing-oil-stains-and-tyre-marks-from-concrete
dates unresolved surface water path,3,concrete-driveway-replacement-harrington-park;concrete-driveway-replacement-south-west-sydney;slab-volume-calculator
slabs covers in south west,3,concrete-patios-south-west-sydney;concrete-slabs-south-west-sydney;shed-and-garage-slabs-south-west-sydney
cost before it is applied,3,concrete-slabs-south-west-sydney;decorative-concrete-south-west-sydney;exposed-aggregate-south-west-sydney
slab thickness for driveways vs,3,concrete-slabs-south-west-sydney;guides;slab-thickness-for-driveways-vs-sheds
thickness for driveways vs sheds,3,concrete-slabs-south-west-sydney;guides;slab-thickness-for-driveways-vs-sheds
slabs spring farm questions about,3,concrete-patios-south-west-sydney;concrete-slabs-south-west-sydney;shed-and-garage-slabs-south-west-sydney
slabs range from real corex,3,concrete-patios-south-west-sydney;concrete-slabs-south-west-sydney;shed-and-garage-slabs-south-west-sydney
the assumptions behind it what,3,commercial-concreting-south-west-sydney;concrete-slabs-south-west-sydney;shed-and-garage-slabs-south-west-sydney
open site assessment for concrete,3,concrete-paths-south-west-sydney;concrete-patios-south-west-sydney;concrete-slabs-south-west-sydney
slab scope names the finished,3,concrete-patios-south-west-sydney;concrete-slabs-austral;concrete-slabs-south-west-sydney
slab scope documents unresolved site,3,concrete-patios-south-west-sydney;concrete-slabs-austral;concrete-slabs-south-west-sydney
scope keeps it open shed,3,shed-and-garage-slabs-catherine-field;shed-and-garage-slabs-oran-park;shed-and-garage-slabs-south-west-sydney
slab scope logs unresolved source,3,concrete-patios-south-west-sydney;concrete-slabs-austral;shed-and-garage-slabs-south-west-sydney
for shed and garage slabs,3,shed-and-garage-slabs-catherine-field;shed-and-garage-slabs-oran-park;shed-and-garage-slabs-south-west-sydney
are shed and garage slabs,3,shed-and-garage-slabs-catherine-field;shed-and-garage-slabs-oran-park;shed-and-garage-slabs-south-west-sydney
questions about shed and garage,3,shed-and-garage-slabs-catherine-field;shed-and-garage-slabs-oran-park;shed-and-garage-slabs-south-west-sydney
about shed and garage slabs,3,shed-and-garage-slabs-catherine-field;shed-and-garage-slabs-oran-park;shed-and-garage-slabs-south-west-sydney
non slip finishes for pools,3,decorative-concrete-south-west-sydney;guides;non-slip-finishes-for-pools-and-slopes
slip finishes for pools and,3,decorative-concrete-south-west-sydney;guides;non-slip-finishes-for-pools-and-slopes
finishes for pools and slopes,3,decorative-concrete-south-west-sydney;guides;non-slip-finishes-for-pools-and-slopes
stencilled vs stamped concrete cost,3,decorative-concrete-south-west-sydney;guides;stencilled-vs-stamped-concrete-cost
the assumptions behind it get,3,concrete-paths-south-west-sydney;concrete-patios-south-west-sydney;decorative-concrete-south-west-sydney
assumptions behind it get your,3,concrete-paths-south-west-sydney;concrete-patios-south-west-sydney;decorative-concrete-south-west-sydney
behind it get your free,3,concrete-paths-south-west-sydney;concrete-patios-south-west-sydney;decorative-concrete-south-west-sydney
it get your free quote,3,concrete-paths-south-west-sydney;concrete-patios-south-west-sydney;decorative-concrete-south-west-sydney
tests unresolved surface water path,3,concrete-driveway-cost-nsw;concrete-patios-south-west-sydney;concrete-slabs-austral
work scope keeps the basis,3,commercial-concreting-south-west-sydney;concrete-crossovers-and-laybacks-south-west-sydney;concrete-paths-south-west-sydney
work scope leaves an audit,3,commercial-concreting-south-west-sydney;concrete-crossovers-and-laybacks-south-west-sydney;concrete-paths-south-west-sydney
work scope maps and the,3,commercial-concreting-south-west-sydney;concrete-crossovers-and-laybacks-south-west-sydney;concrete-paths-south-west-sydney
work scope links the supporting,3,commercial-concreting-south-west-sydney;concrete-crossovers-and-laybacks-south-west-sydney;concrete-paths-south-west-sydney
work scope carries the source,3,commercial-concreting-south-west-sydney;concrete-crossovers-and-laybacks-south-west-sydney;concrete-paths-south-west-sydney
work scope marks the evidence,3,commercial-concreting-south-west-sydney;concrete-crossovers-and-laybacks-south-west-sydney;concrete-paths-south-west-sydney
work scope stores the reference,3,commercial-concreting-south-west-sydney;concrete-crossovers-and-laybacks-south-west-sydney;concrete-paths-south-west-sydney
scope separates unresolved scope boundary,3,commercial-concreting-south-west-sydney;concrete-paths-south-west-sydney;concrete-slabs-gregory-hills
work scope keeps it open,3,commercial-concreting-south-west-sydney;concrete-crossovers-and-laybacks-south-west-sydney;concrete-paths-south-west-sydney
work scope holds the citation,3,commercial-concreting-south-west-sydney;concrete-crossovers-and-laybacks-south-west-sydney;concrete-paths-south-west-sydney
work scope keeps provenance visible,3,commercial-concreting-south-west-sydney;concrete-crossovers-and-laybacks-south-west-sydney;concrete-paths-south-west-sydney
work scope retains the source,3,commercial-concreting-south-west-sydney;concrete-crossovers-and-laybacks-south-west-sydney;concrete-paths-south-west-sydney
work scope identifies the record,3,commercial-concreting-south-west-sydney;concrete-crossovers-and-laybacks-south-west-sydney;concrete-paths-south-west-sydney
scope verifies unresolved decision owner,3,commercial-concreting-south-west-sydney;concrete-paths-south-west-sydney;concrete-slabs-gregory-hills
work scope flags the authority,3,commercial-concreting-south-west-sydney;concrete-crossovers-and-laybacks-south-west-sydney;concrete-paths-south-west-sydney
scope tests unresolved source authority,3,commercial-concreting-south-west-sydney;concrete-paths-south-west-sydney;concrete-slabs-gregory-hills
work scope tracks unresolved source,3,commercial-concreting-south-west-sydney;concrete-crossovers-and-laybacks-south-west-sydney;concrete-paths-south-west-sydney
scope tracks unresolved source date,3,commercial-concreting-south-west-sydney;concrete-paths-south-west-sydney;concrete-slabs-gregory-hills
scope records unresolved site identity,3,commercial-concreting-south-west-sydney;concrete-paths-south-west-sydney;concrete-slabs-gregory-hills
scope attributes unresolved intended use,3,commercial-concreting-south-west-sydney;concrete-paths-south-west-sydney;concrete-slabs-gregory-hills
scope lists unresolved traffic pattern,3,commercial-concreting-south-west-sydney;concrete-paths-south-west-sydney;concrete-slabs-gregory-hills
scope logs unresolved measured geometry,3,commercial-concreting-south-west-sydney;concrete-paths-south-west-sydney;concrete-slabs-gregory-hills
scope documents unresolved existing surface,3,commercial-concreting-south-west-sydney;concrete-paths-south-west-sydney;concrete-slabs-gregory-hills
scope dates unresolved excavation plan,3,commercial-concreting-south-west-sydney;concrete-paths-south-west-sydney;concrete-slabs-gregory-hills
scope maps unresolved subgrade evidence,3,commercial-concreting-south-west-sydney;concrete-paths-south-west-sydney;concrete-slabs-gregory-hills
scope names unresolved fill history,3,commercial-concreting-south-west-sydney;concrete-paths-south-west-sydney;concrete-slabs-gregory-hills
scope checks unresolved finished levels,3,commercial-concreting-south-west-sydney;concrete-paths-south-west-sydney;concrete-slabs-gregory-hills
scope measures unresolved threshold control,3,commercial-concreting-south-west-sydney;concrete-paths-south-west-sydney;concrete-slabs-gregory-hills
scope notes unresolved lawful discharge,3,commercial-concreting-south-west-sydney;concrete-paths-south-west-sydney;concrete-slabs-gregory-hills
scope states surface water path,3,commercial-concreting-south-west-sydney;concrete-paths-south-west-sydney;concrete-slabs-gregory-hills
scope cites unresolved surface water,3,commercial-concreting-south-west-sydney;concrete-paths-south-west-sydney;concrete-slabs-gregory-hills
cites unresolved surface water path,3,commercial-concreting-south-west-sydney;concrete-paths-south-west-sydney;concrete-slabs-gregory-hills
scope states unresolved site access,3,commercial-concreting-south-west-sydney;concrete-paths-south-west-sydney;concrete-slabs-gregory-hills
scope separates unresolved delivery sequence,3,commercial-concreting-south-west-sydney;concrete-paths-south-west-sydney;concrete-slabs-gregory-hills
scope tracks unresolved spoil movement,3,concrete-crossovers-and-laybacks-south-west-sydney;concrete-driveways-austral;shed-and-garage-slabs-catherine-field
scope records unresolved reinforcement design,3,concrete-crossovers-and-laybacks-south-west-sydney;concrete-driveways-austral;shed-and-garage-slabs-catherine-field
control joints and saw cut,3,concreters-currans-hill;control-joints-and-saw-cut-timing;guides
joints and saw cut timing,3,concreters-currans-hill;control-joints-and-saw-cut-timing;guides
concrete crack types and which,3,concrete-crack-types-and-which-matter;concreters-mount-annan;guides
crack types and which matter,3,concrete-crack-types-and-which-matter;concreters-mount-annan;guides
council driveway guide holds the,3,camden-council-driveway-crossing;campbelltown-council-driveway-crossing;wollondilly-council-driveway-crossing
driveway guide holds the citation,3,camden-council-driveway-crossing;campbelltown-council-driveway-crossing;wollondilly-council-driveway-crossing
council driveway guide keeps provenance,3,camden-council-driveway-crossing;campbelltown-council-driveway-crossing;wollondilly-council-driveway-crossing
driveway guide keeps provenance visible,3,camden-council-driveway-crossing;campbelltown-council-driveway-crossing;wollondilly-council-driveway-crossing
council driveway guide retains the,3,camden-council-driveway-crossing;campbelltown-council-driveway-crossing;wollondilly-council-driveway-crossing
driveway guide retains the source,3,camden-council-driveway-crossing;campbelltown-council-driveway-crossing;wollondilly-council-driveway-crossing
council driveway guide identifies the,3,camden-council-driveway-crossing;campbelltown-council-driveway-crossing;wollondilly-council-driveway-crossing
driveway guide identifies the record,3,camden-council-driveway-crossing;campbelltown-council-driveway-crossing;wollondilly-council-driveway-crossing
council driveway guide keeps the,3,camden-council-driveway-crossing;campbelltown-council-driveway-crossing;wollondilly-council-driveway-crossing
driveway guide keeps the basis,3,camden-council-driveway-crossing;campbelltown-council-driveway-crossing;wollondilly-council-driveway-crossing
council driveway guide leaves an,3,camden-council-driveway-crossing;campbelltown-council-driveway-crossing;wollondilly-council-driveway-crossing
driveway guide leaves an audit,3,camden-council-driveway-crossing;campbelltown-council-driveway-crossing;wollondilly-council-driveway-crossing
council driveway guide keeps it,3,camden-council-driveway-crossing;campbelltown-council-driveway-crossing;wollondilly-council-driveway-crossing
driveway guide keeps it open,3,camden-council-driveway-crossing;campbelltown-council-driveway-crossing;wollondilly-council-driveway-crossing
council driveway crossing it does,3,camden-council-driveway-crossing;campbelltown-council-driveway-crossing;wollondilly-council-driveway-crossing
driveway crossing it does not,3,camden-council-driveway-crossing;campbelltown-council-driveway-crossing;wollondilly-council-driveway-crossing
council driveway guide carries the,3,camden-council-driveway-crossing;campbelltown-council-driveway-crossing;wollondilly-council-driveway-crossing
driveway guide carries the source,3,camden-council-driveway-crossing;campbelltown-council-driveway-crossing;wollondilly-council-driveway-crossing
council driveway guide marks the,3,camden-council-driveway-crossing;campbelltown-council-driveway-crossing;wollondilly-council-driveway-crossing
driveway guide marks the evidence,3,camden-council-driveway-crossing;campbelltown-council-driveway-crossing;wollondilly-council-driveway-crossing
council driveway guide stores the,3,camden-council-driveway-crossing;campbelltown-council-driveway-crossing;wollondilly-council-driveway-crossing
driveway guide stores the reference,3,camden-council-driveway-crossing;campbelltown-council-driveway-crossing;wollondilly-council-driveway-crossing
council driveway guide flags the,3,camden-council-driveway-crossing;campbelltown-council-driveway-crossing;wollondilly-council-driveway-crossing
driveway guide flags the authority,3,camden-council-driveway-crossing;campbelltown-council-driveway-crossing;wollondilly-council-driveway-crossing
council driveway guide preserves attribution,3,camden-council-driveway-crossing;campbelltown-council-driveway-crossing;wollondilly-council-driveway-crossing
council driveway guide links the,3,camden-council-driveway-crossing;campbelltown-council-driveway-crossing;wollondilly-council-driveway-crossing
driveway guide links the supporting,3,camden-council-driveway-crossing;campbelltown-council-driveway-crossing;wollondilly-council-driveway-crossing
council driveway crossing are driveway,3,camden-council-driveway-crossing;campbelltown-council-driveway-crossing;wollondilly-council-driveway-crossing
driveway crossing are driveway concreting,3,camden-council-driveway-crossing;campbelltown-council-driveway-crossing;wollondilly-council-driveway-crossing
council driveway guide logs unresolved,3,camden-council-driveway-crossing;campbelltown-council-driveway-crossing;wollondilly-council-driveway-crossing
council driveway guide documents unresolved,3,camden-council-driveway-crossing;campbelltown-council-driveway-crossing;wollondilly-council-driveway-crossing
council driveway guide dates unresolved,3,camden-council-driveway-crossing;campbelltown-council-driveway-crossing;wollondilly-council-driveway-crossing
council driveway guide maps unresolved,3,camden-council-driveway-crossing;campbelltown-council-driveway-crossing;wollondilly-council-driveway-crossing
council driveway guide names unresolved,3,camden-council-driveway-crossing;campbelltown-council-driveway-crossing;wollondilly-council-driveway-crossing
council driveway guide checks unresolved,3,camden-council-driveway-crossing;campbelltown-council-driveway-crossing;wollondilly-council-driveway-crossing
a project specification the current,3,campbelltown-council-driveway-crossing;liverpool-council-vehicle-crossing;wollondilly-council-driveway-crossing
council numeric specification remains a,3,campbelltown-council-driveway-crossing;liverpool-council-vehicle-crossing;wollondilly-council-driveway-crossing
numeric specification remains a verification,3,campbelltown-council-driveway-crossing;liverpool-council-vehicle-crossing;wollondilly-council-driveway-crossing
specification remains a verification item,3,campbelltown-council-driveway-crossing;liverpool-council-vehicle-crossing;wollondilly-council-driveway-crossing
remains a verification item verify,3,campbelltown-council-driveway-crossing;liverpool-council-vehicle-crossing;wollondilly-council-driveway-crossing
a verification item verify current,3,campbelltown-council-driveway-crossing;liverpool-council-vehicle-crossing;wollondilly-council-driveway-crossing
council vehicle crossing specification application,3,campbelltown-council-driveway-crossing;liverpool-council-vehicle-crossing;wollondilly-council-driveway-crossing
vehicle crossing specification application fees,3,campbelltown-council-driveway-crossing;liverpool-council-vehicle-crossing;wollondilly-council-driveway-crossing
crossing specification application fees inspections,3,campbelltown-council-driveway-crossing;liverpool-council-vehicle-crossing;wollondilly-council-driveway-crossing
specification application fees inspections widths,3,campbelltown-council-driveway-crossing;liverpool-council-vehicle-crossing;wollondilly-council-driveway-crossing
application fees inspections widths and,3,campbelltown-council-driveway-crossing;liverpool-council-vehicle-crossing;wollondilly-council-driveway-crossing
fees inspections widths and grades,3,campbelltown-council-driveway-crossing;liverpool-council-vehicle-crossing;wollondilly-council-driveway-crossing
inspections widths and grades before,3,campbelltown-council-driveway-crossing;liverpool-council-vehicle-crossing;wollondilly-council-driveway-crossing
widths and grades before this,3,campbelltown-council-driveway-crossing;liverpool-council-vehicle-crossing;wollondilly-council-driveway-crossing
and grades before this guide,3,campbelltown-council-driveway-crossing;liverpool-council-vehicle-crossing;wollondilly-council-driveway-crossing
grades before this guide is,3,campbelltown-council-driveway-crossing;liverpool-council-vehicle-crossing;wollondilly-council-driveway-crossing
before this guide is published,3,campbelltown-council-driveway-crossing;liverpool-council-vehicle-crossing;wollondilly-council-driveway-crossing
this guide is published get,3,campbelltown-council-driveway-crossing;liverpool-council-vehicle-crossing;wollondilly-council-driveway-crossing
guide is published get your,3,campbelltown-council-driveway-crossing;liverpool-council-vehicle-crossing;wollondilly-council-driveway-crossing
is published get your free,3,campbelltown-council-driveway-crossing;liverpool-council-vehicle-crossing;wollondilly-council-driveway-crossing
published get your free quote,3,campbelltown-council-driveway-crossing;liverpool-council-vehicle-crossing;wollondilly-council-driveway-crossing
explained it does not turn,3,coloured-concrete-explained;concrete-strength-grades-explained;site-classification-explained
explained are driveway concreting crossover,3,coloured-concrete-explained;concrete-strength-grades-explained;site-classification-explained
cost guide maps unresolved source,3,commercial-hardstand-cost;driveway-crossover-cost-nsw;exposed-aggregate-cost
identifies the record owner driveway,3,concrete-driveway-cost-nsw;driveway-cost-calculator;driveway-crossover-cost-nsw
nsw it does not turn,3,concrete-driveway-cost-nsw;do-i-need-council-approval-driveway-nsw;driveway-crossover-cost-nsw
leaves an audit trail driveway,3,concrete-driveway-cost-nsw;driveway-cost-calculator;driveway-crossover-cost-nsw
links the supporting record driveway,3,concrete-driveway-cost-nsw;driveway-cost-calculator;driveway-crossover-cost-nsw
carries the source date driveway,3,concrete-driveway-cost-nsw;driveway-cost-calculator;driveway-crossover-cost-nsw
marks the evidence owner driveway,3,concrete-driveway-cost-nsw;driveway-cost-calculator;driveway-crossover-cost-nsw
keeps the basis explicit driveway,3,concrete-driveway-cost-nsw;driveway-cost-calculator;driveway-crossover-cost-nsw
nsw are driveway concreting crossover,3,concrete-driveway-cost-nsw;do-i-need-council-approval-driveway-nsw;driveway-crossover-cost-nsw
leaves an audit trail slab,3,concrete-slab-cost-per-m2;slab-thickness-for-driveways-vs-sheds;slab-volume-calculator
links the supporting record slab,3,concrete-slab-cost-per-m2;slab-thickness-for-driveways-vs-sheds;slab-volume-calculator
carries the source date slab,3,concrete-slab-cost-per-m2;slab-thickness-for-driveways-vs-sheds;slab-volume-calculator
marks the evidence owner slab,3,concrete-slab-cost-per-m2;slab-thickness-for-driveways-vs-sheds;slab-volume-calculator
identifies the record owner slab,3,concrete-slab-cost-per-m2;slab-thickness-for-driveways-vs-sheds;slab-volume-calculator
keeps the basis explicit slab,3,concrete-slab-cost-per-m2;slab-thickness-for-driveways-vs-sheds;slab-volume-calculator
vs guide holds the citation,3,concrete-vs-pavers-vs-asphalt;curing-concrete-in-summer-vs-winter;exposed-aggregate-vs-stencil
vs guide keeps provenance visible,3,concrete-vs-pavers-vs-asphalt;curing-concrete-in-summer-vs-winter;exposed-aggregate-vs-stencil
vs guide retains the source,3,concrete-vs-pavers-vs-asphalt;curing-concrete-in-summer-vs-winter;exposed-aggregate-vs-stencil
vs guide identifies the record,3,concrete-vs-pavers-vs-asphalt;curing-concrete-in-summer-vs-winter;exposed-aggregate-vs-stencil
identifies the record owner vs,3,concrete-vs-asphalt;concrete-vs-pavers;concrete-vs-pavers-vs-asphalt
vs guide keeps the basis,3,concrete-vs-pavers-vs-asphalt;curing-concrete-in-summer-vs-winter;exposed-aggregate-vs-stencil
keeps the basis explicit vs,3,concrete-vs-asphalt;concrete-vs-pavers;concrete-vs-pavers-vs-asphalt
vs guide leaves an audit,3,concrete-vs-pavers-vs-asphalt;curing-concrete-in-summer-vs-winter;exposed-aggregate-vs-stencil
leaves an audit trail vs,3,concrete-vs-asphalt;concrete-vs-pavers;concrete-vs-pavers-vs-asphalt
vs guide keeps it open,3,concrete-vs-pavers-vs-asphalt;curing-concrete-in-summer-vs-winter;exposed-aggregate-vs-stencil
us 03 4517 6915 vs,3,concrete-vs-asphalt;concrete-vs-pavers;concrete-vs-pavers-vs-asphalt
vs guide carries the source,3,concrete-vs-pavers-vs-asphalt;curing-concrete-in-summer-vs-winter;exposed-aggregate-vs-stencil
carries the source date vs,3,concrete-vs-asphalt;concrete-vs-pavers;concrete-vs-pavers-vs-asphalt
vs guide marks the evidence,3,concrete-vs-pavers-vs-asphalt;curing-concrete-in-summer-vs-winter;exposed-aggregate-vs-stencil
marks the evidence owner vs,3,concrete-vs-asphalt;concrete-vs-pavers;concrete-vs-pavers-vs-asphalt
vs guide stores the reference,3,concrete-vs-pavers-vs-asphalt;curing-concrete-in-summer-vs-winter;exposed-aggregate-vs-stencil
vs guide flags the authority,3,concrete-vs-pavers-vs-asphalt;curing-concrete-in-summer-vs-winter;exposed-aggregate-vs-stencil
vs guide links the supporting,3,concrete-vs-pavers-vs-asphalt;curing-concrete-in-summer-vs-winter;exposed-aggregate-vs-stencil
links the supporting record vs,3,concrete-vs-asphalt;concrete-vs-pavers;concrete-vs-pavers-vs-asphalt
related sources for concrete vs,3,concrete-vs-asphalt;concrete-vs-pavers;concrete-vs-pavers-vs-asphalt
us 03 4517 6915 exposed,3,exposed-aggregate-cost;exposed-aggregate-vs-plain-concrete;exposed-aggregate-vs-stencil
03 4517 6915 exposed aggregate,3,exposed-aggregate-cost;exposed-aggregate-vs-plain-concrete;exposed-aggregate-vs-stencil
open related sources for shed,3,shed-and-garage-slabs-catherine-field;shed-and-garage-slabs-oran-park;shed-slab-cost
council requires a standard concrete,3,concrete-driveways-cobbitty;concreters-catherine-field;concreters-cobbitty
requires a standard concrete dish,3,concrete-driveways-cobbitty;concreters-catherine-field;concreters-cobbitty
a standard concrete dish crossing,3,concrete-driveways-cobbitty;concreters-catherine-field;concreters-cobbitty
standard concrete dish crossing aligned,3,concrete-driveways-cobbitty;concreters-catherine-field;concreters-cobbitty
concrete dish crossing aligned to,3,concrete-driveways-cobbitty;concreters-catherine-field;concreters-cobbitty
the table drain invert plus,3,concrete-driveways-catherine-field;concrete-driveways-cobbitty;concreters-cobbitty
table drain invert plus a,3,concrete-driveways-catherine-field;concrete-driveways-cobbitty;concreters-cobbitty
drain invert plus a bitumen,3,concrete-driveways-catherine-field;concrete-driveways-cobbitty;concreters-cobbitty
invert plus a bitumen shoulder,3,concrete-driveways-catherine-field;concrete-driveways-cobbitty;concreters-cobbitty
plus a bitumen shoulder seal,3,concrete-driveways-catherine-field;concrete-driveways-cobbitty;concreters-cobbitty
2570 corex concreters camden covers,3,concreters-cobbitty;concreters-elderslie;concreters-spring-farm
at the layback rather than,3,concrete-crossovers-and-laybacks-currans-hill;concrete-driveway-replacement-harrington-park;concreters-currans-hill
the layback rather than mid,3,concrete-crossovers-and-laybacks-currans-hill;concrete-driveway-replacement-harrington-park;concreters-currans-hill
layback rather than mid slab,3,concrete-crossovers-and-laybacks-currans-hill;concrete-driveway-replacement-harrington-park;concreters-currans-hill
is camden standard driveway crossing,3,concreters-currans-hill;concreters-elderslie;concreters-spring-farm
project record says camden standard,3,concreters-currans-hill;concreters-elderslie;concreters-spring-farm
record says camden standard driveway,3,concreters-currans-hill;concreters-elderslie;concreters-spring-farm
says camden standard driveway crossing,3,concreters-currans-hill;concreters-elderslie;concreters-spring-farm
crossover scope dates and the,3,concrete-crossovers-and-laybacks-austral;concrete-crossovers-and-laybacks-leppington;concrete-crossovers-and-laybacks-oran-park
crossover scope documents slip exposure,3,concrete-crossovers-and-laybacks-austral;concrete-crossovers-and-laybacks-currans-hill;concrete-crossovers-and-laybacks-oran-park
crossover scope verifies and the,3,concrete-crossovers-and-laybacks-austral;concrete-crossovers-and-laybacks-leppington;concrete-crossovers-and-laybacks-oran-park
scope cites unresolved scope boundary,3,commercial-concreting-bringelly;concrete-driveway-replacement-mount-annan;concrete-driveways-oran-park
oran park process and specification,3,concrete-driveways-oran-park;exposed-aggregate-oran-park;shed-and-garage-slabs-oran-park
park process and specification oran,3,concrete-driveways-oran-park;exposed-aggregate-oran-park;shed-and-garage-slabs-oran-park
scope states unresolved decision owner,3,commercial-concreting-bringelly;concrete-driveway-replacement-mount-annan;concrete-driveways-oran-park
oran park cost inputs oran,3,concrete-driveways-oran-park;exposed-aggregate-oran-park;shed-and-garage-slabs-oran-park
scope separates unresolved source authority,3,commercial-concreting-bringelly;concrete-driveway-replacement-mount-annan;concrete-driveways-oran-park
scope verifies unresolved source date,3,commercial-concreting-bringelly;concrete-driveway-replacement-mount-annan;concrete-driveways-oran-park
differs in oran park oran,3,concrete-driveways-oran-park;exposed-aggregate-oran-park;shed-and-garage-slabs-oran-park
driveway scope tests unresolved site,3,concrete-driveways-edmondson-park;concrete-driveways-oran-park;concrete-driveways-spring-farm
scope tests unresolved site identity,3,commercial-concreting-bringelly;concrete-driveway-replacement-mount-annan;concrete-driveways-oran-park
the verified oran park condition,3,concrete-driveways-oran-park;exposed-aggregate-oran-park;shed-and-garage-slabs-oran-park
verified oran park condition oran,3,concrete-driveways-oran-park;exposed-aggregate-oran-park;shed-and-garage-slabs-oran-park
scope tracks unresolved intended use,3,commercial-concreting-bringelly;concrete-driveway-replacement-mount-annan;concrete-driveways-oran-park
scope records unresolved traffic pattern,3,commercial-concreting-bringelly;concrete-driveway-replacement-mount-annan;concrete-driveways-oran-park
scope attributes unresolved measured geometry,3,commercial-concreting-bringelly;concrete-driveway-replacement-mount-annan;concrete-driveways-oran-park
scope lists unresolved existing surface,3,commercial-concreting-bringelly;concrete-driveway-replacement-mount-annan;concrete-driveways-oran-park
scope logs unresolved excavation plan,3,commercial-concreting-bringelly;concrete-driveway-replacement-mount-annan;concrete-driveways-oran-park
scope documents unresolved subgrade evidence,3,commercial-concreting-bringelly;concrete-driveway-replacement-mount-annan;concrete-driveways-oran-park
scope dates unresolved fill history,3,commercial-concreting-bringelly;concrete-driveway-replacement-mount-annan;concrete-driveways-oran-park
scope maps unresolved finished levels,3,commercial-concreting-bringelly;concrete-driveway-replacement-mount-annan;concrete-driveways-oran-park
driveway scope attributes the finished,3,concrete-driveways-edmondson-park;concrete-driveways-oran-park;concrete-driveways-spring-farm
scope names unresolved threshold control,3,commercial-concreting-bringelly;concrete-driveway-replacement-mount-annan;concrete-driveways-oran-park
scope checks unresolved lawful discharge,3,commercial-concreting-bringelly;concrete-driveway-replacement-mount-annan;concrete-driveways-oran-park
scope notes surface water path,3,commercial-concreting-bringelly;concrete-driveway-replacement-mount-annan;concrete-driveways-oran-park
scope measures unresolved surface water,3,commercial-concreting-bringelly;concrete-driveway-replacement-mount-annan;concrete-driveways-oran-park
scope notes unresolved site access,3,commercial-concreting-bringelly;concrete-driveway-replacement-mount-annan;concrete-driveways-oran-park
scope cites unresolved delivery sequence,3,commercial-concreting-bringelly;concrete-driveway-replacement-mount-annan;concrete-driveways-oran-park
scope states unresolved pump requirement,3,commercial-concreting-bringelly;concrete-driveway-replacement-mount-annan;concrete-driveways-oran-park
scope separates unresolved spoil movement,3,commercial-concreting-bringelly;concrete-driveway-replacement-mount-annan;concrete-driveways-oran-park
scope verifies unresolved reinforcement design,3,commercial-concreting-bringelly;concrete-driveway-replacement-mount-annan;concrete-driveways-oran-park
aggregate scope marks the evidence,3,exposed-aggregate-gledswood-hills;exposed-aggregate-harrington-park;exposed-aggregate-oran-park
aggregate scope stores the reference,3,exposed-aggregate-gledswood-hills;exposed-aggregate-harrington-park;exposed-aggregate-oran-park
aggregate scope flags the authority,3,exposed-aggregate-gledswood-hills;exposed-aggregate-harrington-park;exposed-aggregate-oran-park
aggregate scope holds the citation,3,exposed-aggregate-gledswood-hills;exposed-aggregate-harrington-park;exposed-aggregate-oran-park
aggregate scope keeps provenance visible,3,exposed-aggregate-gledswood-hills;exposed-aggregate-harrington-park;exposed-aggregate-oran-park
aggregate scope keeps it open,3,exposed-aggregate-gledswood-hills;exposed-aggregate-harrington-park;exposed-aggregate-oran-park
that differentiator controls the exposed,3,exposed-aggregate-gledswood-hills;exposed-aggregate-harrington-park;exposed-aggregate-oran-park
differentiator controls the exposed aggregate,3,exposed-aggregate-gledswood-hills;exposed-aggregate-harrington-park;exposed-aggregate-oran-park
controls the exposed aggregate concrete,3,exposed-aggregate-gledswood-hills;exposed-aggregate-harrington-park;exposed-aggregate-oran-park
the exposed aggregate concrete discussion,3,exposed-aggregate-gledswood-hills;exposed-aggregate-harrington-park;exposed-aggregate-oran-park
exposed aggregate concrete discussion for,3,exposed-aggregate-gledswood-hills;exposed-aggregate-harrington-park;exposed-aggregate-oran-park
intersection is substituted why exposed,3,exposed-aggregate-gledswood-hills;exposed-aggregate-harrington-park;exposed-aggregate-oran-park
is substituted why exposed aggregate,3,exposed-aggregate-gledswood-hills;exposed-aggregate-harrington-park;exposed-aggregate-oran-park
substituted why exposed aggregate concrete,3,exposed-aggregate-gledswood-hills;exposed-aggregate-harrington-park;exposed-aggregate-oran-park
why exposed aggregate concrete differs,3,exposed-aggregate-gledswood-hills;exposed-aggregate-harrington-park;exposed-aggregate-oran-park
exposed aggregate concrete differs in,3,exposed-aggregate-gledswood-hills;exposed-aggregate-harrington-park;exposed-aggregate-oran-park
aggregate scope identifies the record,3,exposed-aggregate-gledswood-hills;exposed-aggregate-harrington-park;exposed-aggregate-oran-park
aggregate scope keeps the basis,3,exposed-aggregate-gledswood-hills;exposed-aggregate-harrington-park;exposed-aggregate-oran-park
aggregate scope leaves an audit,3,exposed-aggregate-gledswood-hills;exposed-aggregate-harrington-park;exposed-aggregate-oran-park
aggregate scope links the supporting,3,exposed-aggregate-gledswood-hills;exposed-aggregate-harrington-park;exposed-aggregate-oran-park
aggregate scope carries the source,3,exposed-aggregate-gledswood-hills;exposed-aggregate-harrington-park;exposed-aggregate-oran-park
aggregate scope retains the source,3,exposed-aggregate-gledswood-hills;exposed-aggregate-harrington-park;exposed-aggregate-oran-park
aggregate scope maps unresolved source,3,exposed-aggregate-gledswood-hills;exposed-aggregate-harrington-park;exposed-aggregate-oran-park
keeps it open why exposed,3,exposed-aggregate-gledswood-hills;exposed-aggregate-harrington-park;exposed-aggregate-oran-park
it open why exposed aggregate,3,exposed-aggregate-gledswood-hills;exposed-aggregate-harrington-park;exposed-aggregate-oran-park
open why exposed aggregate concrete,3,exposed-aggregate-gledswood-hills;exposed-aggregate-harrington-park;exposed-aggregate-oran-park
sources for exposed aggregate concrete,3,exposed-aggregate-gledswood-hills;exposed-aggregate-harrington-park;exposed-aggregate-oran-park
are exposed aggregate concrete south,3,exposed-aggregate-gledswood-hills;exposed-aggregate-harrington-park;exposed-aggregate-oran-park
exposed aggregate concrete south west,3,exposed-aggregate-gledswood-hills;exposed-aggregate-harrington-park;exposed-aggregate-oran-park
aggregate concrete south west sydney,3,exposed-aggregate-gledswood-hills;exposed-aggregate-harrington-park;exposed-aggregate-oran-park
corex quoted range for exposed,3,exposed-aggregate-gledswood-hills;exposed-aggregate-harrington-park;exposed-aggregate-oran-park
quoted range for exposed aggregate,3,exposed-aggregate-gledswood-hills;exposed-aggregate-harrington-park;exposed-aggregate-oran-park
range for exposed aggregate concrete,3,exposed-aggregate-gledswood-hills;exposed-aggregate-harrington-park;exposed-aggregate-oran-park
for exposed aggregate concrete in,3,exposed-aggregate-gledswood-hills;exposed-aggregate-harrington-park;exposed-aggregate-oran-park
site inputs behind it exposed,3,exposed-aggregate-gledswood-hills;exposed-aggregate-harrington-park;exposed-aggregate-oran-park
inputs behind it exposed aggregate,3,exposed-aggregate-gledswood-hills;exposed-aggregate-harrington-park;exposed-aggregate-oran-park
behind it exposed aggregate concrete,3,exposed-aggregate-gledswood-hills;exposed-aggregate-harrington-park;exposed-aggregate-oran-park
scope keeps it open exposed,3,exposed-aggregate-gledswood-hills;exposed-aggregate-harrington-park;exposed-aggregate-oran-park
it open exposed aggregate concrete,3,exposed-aggregate-gledswood-hills;exposed-aggregate-harrington-park;exposed-aggregate-oran-park
it open questions about exposed,3,exposed-aggregate-gledswood-hills;exposed-aggregate-harrington-park;exposed-aggregate-oran-park
open questions about exposed aggregate,3,exposed-aggregate-gledswood-hills;exposed-aggregate-harrington-park;exposed-aggregate-oran-park
marks the evidence owner leppington,3,concrete-crossovers-and-laybacks-leppington;concrete-driveways-leppington;concrete-slabs-leppington
scope stores the reference leppington,3,concrete-crossovers-and-laybacks-leppington;concrete-driveways-leppington;concrete-slabs-leppington
scope flags the authority leppington,3,concrete-crossovers-and-laybacks-leppington;concrete-driveways-leppington;concrete-slabs-leppington
scope holds the citation leppington,3,concrete-crossovers-and-laybacks-leppington;concrete-driveways-leppington;concrete-slabs-leppington
scope keeps provenance visible leppington,3,concrete-crossovers-and-laybacks-leppington;concrete-driveways-leppington;concrete-slabs-leppington
discussion for leppington no fact,3,concrete-crossovers-and-laybacks-leppington;concrete-driveways-leppington;concrete-slabs-leppington
for leppington no fact from,3,concrete-crossovers-and-laybacks-leppington;concrete-driveways-leppington;concrete-slabs-leppington
leppington no fact from an,3,concrete-crossovers-and-laybacks-leppington;concrete-driveways-leppington;concrete-slabs-leppington
identifies the record owner leppington,3,concrete-crossovers-and-laybacks-leppington;concrete-driveways-leppington;concrete-slabs-leppington
keeps the basis explicit leppington,3,concrete-crossovers-and-laybacks-leppington;concrete-driveways-leppington;concrete-slabs-leppington
leaves an audit trail leppington,3,concrete-crossovers-and-laybacks-leppington;concrete-driveways-leppington;concrete-slabs-leppington
links the supporting record leppington,3,concrete-crossovers-and-laybacks-leppington;concrete-driveways-leppington;concrete-slabs-leppington
carries the source date leppington,3,concrete-crossovers-and-laybacks-leppington;concrete-driveways-leppington;concrete-slabs-leppington
scope keeps it open leppington,3,concrete-crossovers-and-laybacks-leppington;concrete-driveways-leppington;concrete-slabs-leppington
scope retains the source leppington,3,concrete-crossovers-and-laybacks-leppington;concrete-driveways-leppington;concrete-slabs-leppington
sydney and concreting in leppington,3,concrete-crossovers-and-laybacks-leppington;concrete-driveways-leppington;concrete-slabs-leppington
in leppington and the site,3,concrete-crossovers-and-laybacks-leppington;concrete-driveways-leppington;concrete-slabs-leppington
leppington and the site inputs,3,concrete-crossovers-and-laybacks-leppington;concrete-driveways-leppington;concrete-slabs-leppington
unresolved surface water path leppington,3,concrete-crossovers-and-laybacks-leppington;concrete-driveways-leppington;concrete-slabs-leppington
records unresolved surface water path,3,concrete-paths-edmondson-park;concrete-slabs-leppington;exposed-aggregate-driveway-cost
scope stores the reference gledswood,3,concrete-patios-gledswood-hills;concrete-slabs-gledswood-hills;exposed-aggregate-gledswood-hills
scope flags the authority gledswood,3,concrete-patios-gledswood-hills;concrete-slabs-gledswood-hills;exposed-aggregate-gledswood-hills
scope holds the citation gledswood,3,concrete-patios-gledswood-hills;concrete-slabs-gledswood-hills;exposed-aggregate-gledswood-hills
scope keeps provenance visible gledswood,3,concrete-patios-gledswood-hills;concrete-slabs-gledswood-hills;exposed-aggregate-gledswood-hills
scope retains the source gledswood,3,concrete-patios-gledswood-hills;concrete-slabs-gledswood-hills;exposed-aggregate-gledswood-hills
discussion for gledswood hills no,3,concrete-patios-gledswood-hills;concrete-slabs-gledswood-hills;exposed-aggregate-gledswood-hills
for gledswood hills no fact,3,concrete-patios-gledswood-hills;concrete-slabs-gledswood-hills;exposed-aggregate-gledswood-hills
gledswood hills no fact from,3,concrete-patios-gledswood-hills;concrete-slabs-gledswood-hills;exposed-aggregate-gledswood-hills
differs in gledswood hills gledswood,3,concrete-patios-gledswood-hills;concrete-slabs-gledswood-hills;exposed-aggregate-gledswood-hills
keeps the basis explicit gledswood,3,concrete-patios-gledswood-hills;concrete-slabs-gledswood-hills;exposed-aggregate-gledswood-hills
leaves an audit trail gledswood,3,concrete-patios-gledswood-hills;concrete-slabs-gledswood-hills;exposed-aggregate-gledswood-hills
links the supporting record gledswood,3,concrete-patios-gledswood-hills;concrete-slabs-gledswood-hills;exposed-aggregate-gledswood-hills
carries the source date gledswood,3,concrete-patios-gledswood-hills;concrete-slabs-gledswood-hills;exposed-aggregate-gledswood-hills
marks the evidence owner gledswood,3,concrete-patios-gledswood-hills;concrete-slabs-gledswood-hills;exposed-aggregate-gledswood-hills
scope keeps it open gledswood,3,concrete-patios-gledswood-hills;concrete-slabs-gledswood-hills;exposed-aggregate-gledswood-hills
identifies the record owner gledswood,3,concrete-patios-gledswood-hills;concrete-slabs-gledswood-hills;exposed-aggregate-gledswood-hills
the verified gledswood hills condition,3,concrete-patios-gledswood-hills;concrete-slabs-gledswood-hills;exposed-aggregate-gledswood-hills
verified gledswood hills condition gledswood,3,concrete-patios-gledswood-hills;concrete-slabs-gledswood-hills;exposed-aggregate-gledswood-hills
sydney and concreting in gledswood,3,concrete-patios-gledswood-hills;concrete-slabs-gledswood-hills;exposed-aggregate-gledswood-hills
and concreting in gledswood hills,3,concrete-patios-gledswood-hills;concrete-slabs-gledswood-hills;exposed-aggregate-gledswood-hills
gledswood hills process and specification,3,concrete-patios-gledswood-hills;concrete-slabs-gledswood-hills;exposed-aggregate-gledswood-hills
hills process and specification gledswood,3,concrete-patios-gledswood-hills;concrete-slabs-gledswood-hills;exposed-aggregate-gledswood-hills
in gledswood hills and the,3,concrete-patios-gledswood-hills;concrete-slabs-gledswood-hills;exposed-aggregate-gledswood-hills
gledswood hills and the site,3,concrete-patios-gledswood-hills;concrete-slabs-gledswood-hills;exposed-aggregate-gledswood-hills
gledswood hills cost inputs gledswood,3,concrete-patios-gledswood-hills;concrete-slabs-gledswood-hills;exposed-aggregate-gledswood-hills
unresolved surface water path gledswood,3,concrete-patios-gledswood-hills;concrete-slabs-gledswood-hills;exposed-aggregate-gledswood-hills
patio scope links the supporting,3,concrete-patios-edmondson-park;concrete-patios-elderslie;concrete-patios-gledswood-hills
patio scope carries the source,3,concrete-patios-edmondson-park;concrete-patios-elderslie;concrete-patios-gledswood-hills
patio scope marks the evidence,3,concrete-patios-edmondson-park;concrete-patios-elderslie;concrete-patios-gledswood-hills
patio scope stores the reference,3,concrete-patios-edmondson-park;concrete-patios-elderslie;concrete-patios-gledswood-hills
patio scope flags the authority,3,concrete-patios-edmondson-park;concrete-patios-elderslie;concrete-patios-gledswood-hills
patio scope keeps it open,3,concrete-patios-edmondson-park;concrete-patios-elderslie;concrete-patios-gledswood-hills
differentiator controls the concrete patios,3,concrete-patios-edmondson-park;concrete-patios-elderslie;concrete-patios-gledswood-hills
controls the concrete patios and,3,concrete-patios-edmondson-park;concrete-patios-elderslie;concrete-patios-gledswood-hills
the concrete patios and alfresco,3,concrete-patios-edmondson-park;concrete-patios-elderslie;concrete-patios-gledswood-hills
patios and alfresco slabs discussion,3,concrete-patios-edmondson-park;concrete-patios-elderslie;concrete-patios-gledswood-hills
and alfresco slabs discussion for,3,concrete-patios-edmondson-park;concrete-patios-elderslie;concrete-patios-gledswood-hills
is substituted why concrete patios,3,concrete-patios-edmondson-park;concrete-patios-elderslie;concrete-patios-gledswood-hills
substituted why concrete patios and,3,concrete-patios-edmondson-park;concrete-patios-elderslie;concrete-patios-gledswood-hills
why concrete patios and alfresco,3,concrete-patios-edmondson-park;concrete-patios-elderslie;concrete-patios-gledswood-hills
patios and alfresco slabs differs,3,concrete-patios-edmondson-park;concrete-patios-elderslie;concrete-patios-gledswood-hills
and alfresco slabs differs in,3,concrete-patios-edmondson-park;concrete-patios-elderslie;concrete-patios-gledswood-hills
patio scope keeps provenance visible,3,concrete-patios-edmondson-park;concrete-patios-elderslie;concrete-patios-gledswood-hills
patio scope retains the source,3,concrete-patios-edmondson-park;concrete-patios-elderslie;concrete-patios-gledswood-hills
patio scope identifies the record,3,concrete-patios-edmondson-park;concrete-patios-elderslie;concrete-patios-gledswood-hills
patio scope keeps the basis,3,concrete-patios-edmondson-park;concrete-patios-elderslie;concrete-patios-gledswood-hills
patio scope leaves an audit,3,concrete-patios-edmondson-park;concrete-patios-elderslie;concrete-patios-gledswood-hills
patio scope holds the citation,3,concrete-patios-edmondson-park;concrete-patios-elderslie;concrete-patios-gledswood-hills
related sources for concrete patios,3,concrete-patios-edmondson-park;concrete-patios-elderslie;concrete-patios-gledswood-hills
sources for concrete patios and,3,concrete-patios-edmondson-park;concrete-patios-elderslie;concrete-patios-gledswood-hills
patios and alfresco slabs south,3,concrete-patios-edmondson-park;concrete-patios-elderslie;concrete-patios-gledswood-hills
and alfresco slabs south west,3,concrete-patios-edmondson-park;concrete-patios-elderslie;concrete-patios-gledswood-hills
alfresco slabs south west sydney,3,concrete-patios-edmondson-park;concrete-patios-elderslie;concrete-patios-gledswood-hills
quoted range for concrete patios,3,concrete-patios-edmondson-park;concrete-patios-elderslie;concrete-patios-gledswood-hills
range for concrete patios and,3,concrete-patios-edmondson-park;concrete-patios-elderslie;concrete-patios-gledswood-hills
inputs behind it concrete patios,3,concrete-patios-edmondson-park;concrete-patios-elderslie;concrete-patios-gledswood-hills
behind it concrete patios and,3,concrete-patios-edmondson-park;concrete-patios-elderslie;concrete-patios-gledswood-hills
it concrete patios and alfresco,3,concrete-patios-edmondson-park;concrete-patios-elderslie;concrete-patios-gledswood-hills
open questions about concrete patios,3,concrete-patios-edmondson-park;concrete-patios-elderslie;concrete-patios-gledswood-hills
quote today why concrete patios,3,concrete-patios-edmondson-park;concrete-patios-elderslie;concrete-patios-gledswood-hills
today why concrete patios and,3,concrete-patios-edmondson-park;concrete-patios-elderslie;concrete-patios-gledswood-hills
keeps the basis explicit austral,3,concrete-crossovers-and-laybacks-austral;concrete-driveways-austral;concrete-slabs-austral
leaves an audit trail austral,3,concrete-crossovers-and-laybacks-austral;concrete-driveways-austral;concrete-slabs-austral
links the supporting record austral,3,concrete-crossovers-and-laybacks-austral;concrete-driveways-austral;concrete-slabs-austral
carries the source date austral,3,concrete-crossovers-and-laybacks-austral;concrete-driveways-austral;concrete-slabs-austral
marks the evidence owner austral,3,concrete-crossovers-and-laybacks-austral;concrete-driveways-austral;concrete-slabs-austral
scope stores the reference austral,3,concrete-crossovers-and-laybacks-austral;concrete-driveways-austral;concrete-slabs-austral
discussion for austral no fact,3,concrete-crossovers-and-laybacks-austral;concrete-driveways-austral;concrete-slabs-austral
for austral no fact from,3,concrete-crossovers-and-laybacks-austral;concrete-driveways-austral;concrete-slabs-austral
austral no fact from an,3,concrete-crossovers-and-laybacks-austral;concrete-driveways-austral;concrete-slabs-austral
scope holds the citation austral,3,concrete-crossovers-and-laybacks-austral;concrete-driveways-austral;concrete-slabs-austral
scope keeps provenance visible austral,3,concrete-crossovers-and-laybacks-austral;concrete-driveways-austral;concrete-slabs-austral
scope retains the source austral,3,concrete-crossovers-and-laybacks-austral;concrete-driveways-austral;concrete-slabs-austral
identifies the record owner austral,3,concrete-crossovers-and-laybacks-austral;concrete-driveways-austral;concrete-slabs-austral
scope flags the authority austral,3,concrete-crossovers-and-laybacks-austral;concrete-driveways-austral;concrete-slabs-austral
sydney and concreting in austral,3,concrete-crossovers-and-laybacks-austral;concrete-driveways-austral;concrete-slabs-austral
in austral and the site,3,concrete-crossovers-and-laybacks-austral;concrete-driveways-austral;concrete-slabs-austral
austral and the site inputs,3,concrete-crossovers-and-laybacks-austral;concrete-driveways-austral;concrete-slabs-austral
unresolved surface water path austral,3,concrete-crossovers-and-laybacks-austral;concrete-driveways-austral;concrete-slabs-austral
scope keeps it open austral,3,concrete-crossovers-and-laybacks-austral;concrete-driveways-austral;concrete-slabs-austral
leaves an audit trail harrington,3,concrete-driveway-replacement-harrington-park;decorative-concrete-harrington-park;exposed-aggregate-harrington-park
links the supporting record harrington,3,concrete-driveway-replacement-harrington-park;decorative-concrete-harrington-park;exposed-aggregate-harrington-park
carries the source date harrington,3,concrete-driveway-replacement-harrington-park;decorative-concrete-harrington-park;exposed-aggregate-harrington-park
marks the evidence owner harrington,3,concrete-driveway-replacement-harrington-park;decorative-concrete-harrington-park;exposed-aggregate-harrington-park
scope stores the reference harrington,3,concrete-driveway-replacement-harrington-park;decorative-concrete-harrington-park;exposed-aggregate-harrington-park
scope flags the authority harrington,3,concrete-driveway-replacement-harrington-park;decorative-concrete-harrington-park;exposed-aggregate-harrington-park
discussion for harrington park no,3,concrete-driveway-replacement-harrington-park;decorative-concrete-harrington-park;exposed-aggregate-harrington-park
for harrington park no fact,3,concrete-driveway-replacement-harrington-park;decorative-concrete-harrington-park;exposed-aggregate-harrington-park
harrington park no fact from,3,concrete-driveway-replacement-harrington-park;decorative-concrete-harrington-park;exposed-aggregate-harrington-park
differs in harrington park harrington,3,concrete-driveway-replacement-harrington-park;decorative-concrete-harrington-park;exposed-aggregate-harrington-park
scope holds the citation harrington,3,concrete-driveway-replacement-harrington-park;decorative-concrete-harrington-park;exposed-aggregate-harrington-park
scope keeps provenance visible harrington,3,concrete-driveway-replacement-harrington-park;decorative-concrete-harrington-park;exposed-aggregate-harrington-park
scope retains the source harrington,3,concrete-driveway-replacement-harrington-park;decorative-concrete-harrington-park;exposed-aggregate-harrington-park
identifies the record owner harrington,3,concrete-driveway-replacement-harrington-park;decorative-concrete-harrington-park;exposed-aggregate-harrington-park
keeps the basis explicit harrington,3,concrete-driveway-replacement-harrington-park;decorative-concrete-harrington-park;exposed-aggregate-harrington-park
scope keeps it open harrington,3,concrete-driveway-replacement-harrington-park;decorative-concrete-harrington-park;exposed-aggregate-harrington-park
sydney and concreting in harrington,3,concrete-driveway-replacement-harrington-park;decorative-concrete-harrington-park;exposed-aggregate-harrington-park
and concreting in harrington park,3,concrete-driveway-replacement-harrington-park;decorative-concrete-harrington-park;exposed-aggregate-harrington-park
in harrington park and the,3,concrete-driveway-replacement-harrington-park;decorative-concrete-harrington-park;exposed-aggregate-harrington-park
harrington park and the site,3,concrete-driveway-replacement-harrington-park;decorative-concrete-harrington-park;exposed-aggregate-harrington-park
links the supporting record edmondson,3,concrete-driveways-edmondson-park;concrete-paths-edmondson-park;concrete-patios-edmondson-park
carries the source date edmondson,3,concrete-driveways-edmondson-park;concrete-paths-edmondson-park;concrete-patios-edmondson-park
marks the evidence owner edmondson,3,concrete-driveways-edmondson-park;concrete-paths-edmondson-park;concrete-patios-edmondson-park
scope stores the reference edmondson,3,concrete-driveways-edmondson-park;concrete-paths-edmondson-park;concrete-patios-edmondson-park
scope flags the authority edmondson,3,concrete-driveways-edmondson-park;concrete-paths-edmondson-park;concrete-patios-edmondson-park
discussion for edmondson park no,3,concrete-driveways-edmondson-park;concrete-paths-edmondson-park;concrete-patios-edmondson-park
for edmondson park no fact,3,concrete-driveways-edmondson-park;concrete-paths-edmondson-park;concrete-patios-edmondson-park
edmondson park no fact from,3,concrete-driveways-edmondson-park;concrete-paths-edmondson-park;concrete-patios-edmondson-park
differs in edmondson park edmondson,3,concrete-driveways-edmondson-park;concrete-paths-edmondson-park;concrete-patios-edmondson-park
scope keeps provenance visible edmondson,3,concrete-driveways-edmondson-park;concrete-paths-edmondson-park;concrete-patios-edmondson-park
scope retains the source edmondson,3,concrete-driveways-edmondson-park;concrete-paths-edmondson-park;concrete-patios-edmondson-park
identifies the record owner edmondson,3,concrete-driveways-edmondson-park;concrete-paths-edmondson-park;concrete-patios-edmondson-park
keeps the basis explicit edmondson,3,concrete-driveways-edmondson-park;concrete-paths-edmondson-park;concrete-patios-edmondson-park
leaves an audit trail edmondson,3,concrete-driveways-edmondson-park;concrete-paths-edmondson-park;concrete-patios-edmondson-park
scope keeps it open edmondson,3,concrete-driveways-edmondson-park;concrete-paths-edmondson-park;concrete-patios-edmondson-park
scope holds the citation edmondson,3,concrete-driveways-edmondson-park;concrete-paths-edmondson-park;concrete-patios-edmondson-park
it open the verified edmondson,3,concrete-driveways-edmondson-park;concrete-paths-edmondson-park;concrete-patios-edmondson-park
open the verified edmondson park,3,concrete-driveways-edmondson-park;concrete-paths-edmondson-park;concrete-patios-edmondson-park
the verified edmondson park condition,3,concrete-driveways-edmondson-park;concrete-paths-edmondson-park;concrete-patios-edmondson-park
verified edmondson park condition edmondson,3,concrete-driveways-edmondson-park;concrete-paths-edmondson-park;concrete-patios-edmondson-park
sydney and concreting in edmondson,3,concrete-driveways-edmondson-park;concrete-paths-edmondson-park;concrete-patios-edmondson-park
and concreting in edmondson park,3,concrete-driveways-edmondson-park;concrete-paths-edmondson-park;concrete-patios-edmondson-park
concreting in edmondson park concrete,3,concrete-driveways-edmondson-park;concrete-paths-edmondson-park;concrete-patios-edmondson-park
edmondson park process and specification,3,concrete-driveways-edmondson-park;concrete-paths-edmondson-park;concrete-patios-edmondson-park
park process and specification edmondson,3,concrete-driveways-edmondson-park;concrete-paths-edmondson-park;concrete-patios-edmondson-park
in edmondson park and the,3,concrete-driveways-edmondson-park;concrete-paths-edmondson-park;concrete-patios-edmondson-park
edmondson park and the site,3,concrete-driveways-edmondson-park;concrete-paths-edmondson-park;concrete-patios-edmondson-park
edmondson park cost inputs edmondson,3,concrete-driveways-edmondson-park;concrete-paths-edmondson-park;concrete-patios-edmondson-park
unresolved surface water path edmondson,3,concrete-driveways-edmondson-park;concrete-paths-edmondson-park;concrete-patios-edmondson-park
scope tracks unresolved scope boundary,3,concrete-crossovers-and-laybacks-currans-hill;concrete-driveways-edmondson-park;concrete-driveways-spring-farm
scope records unresolved decision owner,3,concrete-crossovers-and-laybacks-currans-hill;concrete-driveways-edmondson-park;concrete-driveways-spring-farm
scope attributes unresolved source authority,3,concrete-crossovers-and-laybacks-currans-hill;concrete-driveways-edmondson-park;concrete-driveways-spring-farm
scope lists unresolved source date,3,concrete-crossovers-and-laybacks-currans-hill;concrete-driveways-edmondson-park;concrete-driveways-spring-farm
scope logs unresolved site identity,3,concrete-crossovers-and-laybacks-currans-hill;concrete-driveways-edmondson-park;concrete-driveways-spring-farm
scope documents unresolved intended use,3,concrete-crossovers-and-laybacks-currans-hill;concrete-driveways-edmondson-park;concrete-driveways-spring-farm
scope dates unresolved traffic pattern,3,concrete-crossovers-and-laybacks-currans-hill;concrete-driveways-edmondson-park;concrete-driveways-spring-farm
scope maps unresolved measured geometry,3,concrete-crossovers-and-laybacks-currans-hill;concrete-driveways-edmondson-park;concrete-driveways-spring-farm
scope names unresolved existing surface,3,concrete-crossovers-and-laybacks-currans-hill;concrete-driveways-edmondson-park;concrete-driveways-spring-farm
scope checks unresolved excavation plan,3,concrete-crossovers-and-laybacks-currans-hill;concrete-driveways-edmondson-park;concrete-driveways-spring-farm
scope measures unresolved subgrade evidence,3,concrete-crossovers-and-laybacks-currans-hill;concrete-driveways-edmondson-park;concrete-driveways-spring-farm
scope notes unresolved fill history,3,concrete-crossovers-and-laybacks-currans-hill;concrete-driveways-edmondson-park;concrete-driveways-spring-farm
scope cites unresolved finished levels,3,concrete-crossovers-and-laybacks-currans-hill;concrete-driveways-edmondson-park;concrete-driveways-spring-farm
scope states unresolved threshold control,3,concrete-crossovers-and-laybacks-currans-hill;concrete-driveways-edmondson-park;concrete-driveways-spring-farm
scope separates unresolved lawful discharge,3,concrete-crossovers-and-laybacks-currans-hill;concrete-driveways-edmondson-park;concrete-driveways-spring-farm
scope tests surface water path,3,concrete-crossovers-and-laybacks-currans-hill;concrete-driveways-edmondson-park;concrete-driveways-spring-farm
scope verifies unresolved surface water,3,concrete-crossovers-and-laybacks-currans-hill;concrete-driveways-edmondson-park;concrete-driveways-spring-farm
scope tests unresolved site access,3,concrete-crossovers-and-laybacks-currans-hill;concrete-driveways-edmondson-park;concrete-driveways-spring-farm
scope tracks unresolved delivery sequence,3,concrete-crossovers-and-laybacks-currans-hill;concrete-driveways-edmondson-park;concrete-driveways-spring-farm
scope records unresolved pump requirement,3,concrete-crossovers-and-laybacks-currans-hill;concrete-driveways-edmondson-park;concrete-driveways-spring-farm
scope attributes unresolved spoil movement,3,concrete-crossovers-and-laybacks-currans-hill;concrete-driveways-edmondson-park;concrete-driveways-spring-farm
scope lists unresolved reinforcement design,3,concrete-crossovers-and-laybacks-currans-hill;concrete-driveways-edmondson-park;concrete-driveways-spring-farm
driveway cost review keeps the,3,coloured-concrete-driveway-cost;plain-concrete-driveway-cost;stencilled-concrete-driveway-cost
cost review keeps the basis,3,coloured-concrete-driveway-cost;plain-concrete-driveway-cost;stencilled-concrete-driveway-cost
driveway cost review leaves an,3,coloured-concrete-driveway-cost;plain-concrete-driveway-cost;stencilled-concrete-driveway-cost
cost review leaves an audit,3,coloured-concrete-driveway-cost;plain-concrete-driveway-cost;stencilled-concrete-driveway-cost
driveway cost review tests and,3,coloured-concrete-driveway-cost;plain-concrete-driveway-cost;stencilled-concrete-driveway-cost
driveway cost review links the,3,coloured-concrete-driveway-cost;plain-concrete-driveway-cost;stencilled-concrete-driveway-cost
cost review links the supporting,3,coloured-concrete-driveway-cost;plain-concrete-driveway-cost;stencilled-concrete-driveway-cost
driveway cost review carries the,3,coloured-concrete-driveway-cost;plain-concrete-driveway-cost;stencilled-concrete-driveway-cost
cost review carries the source,3,coloured-concrete-driveway-cost;plain-concrete-driveway-cost;stencilled-concrete-driveway-cost
driveway cost review marks the,3,coloured-concrete-driveway-cost;plain-concrete-driveway-cost;stencilled-concrete-driveway-cost
cost review marks the evidence,3,coloured-concrete-driveway-cost;plain-concrete-driveway-cost;stencilled-concrete-driveway-cost
driveway cost review stores the,3,coloured-concrete-driveway-cost;plain-concrete-driveway-cost;stencilled-concrete-driveway-cost
cost review stores the reference,3,coloured-concrete-driveway-cost;plain-concrete-driveway-cost;stencilled-concrete-driveway-cost
driveway cost review dates unresolved,3,coloured-concrete-driveway-cost;plain-concrete-driveway-cost;stencilled-concrete-driveway-cost
driveway cost review keeps it,3,coloured-concrete-driveway-cost;plain-concrete-driveway-cost;stencilled-concrete-driveway-cost
cost review keeps it open,3,coloured-concrete-driveway-cost;plain-concrete-driveway-cost;stencilled-concrete-driveway-cost
concrete driveway cost and separates,3,coloured-concrete-driveway-cost;plain-concrete-driveway-cost;stencilled-concrete-driveway-cost
driveway cost review dates the,3,coloured-concrete-driveway-cost;plain-concrete-driveway-cost;stencilled-concrete-driveway-cost
driveway cost review preserves attribution,3,coloured-concrete-driveway-cost;plain-concrete-driveway-cost;stencilled-concrete-driveway-cost
driveway cost review holds the,3,coloured-concrete-driveway-cost;plain-concrete-driveway-cost;stencilled-concrete-driveway-cost
cost review holds the citation,3,coloured-concrete-driveway-cost;plain-concrete-driveway-cost;stencilled-concrete-driveway-cost
driveway cost review keeps provenance,3,coloured-concrete-driveway-cost;plain-concrete-driveway-cost;stencilled-concrete-driveway-cost
cost review keeps provenance visible,3,coloured-concrete-driveway-cost;plain-concrete-driveway-cost;stencilled-concrete-driveway-cost
driveway cost review retains the,3,coloured-concrete-driveway-cost;plain-concrete-driveway-cost;stencilled-concrete-driveway-cost
cost review retains the source,3,coloured-concrete-driveway-cost;plain-concrete-driveway-cost;stencilled-concrete-driveway-cost
driveway cost review identifies the,3,coloured-concrete-driveway-cost;plain-concrete-driveway-cost;stencilled-concrete-driveway-cost
cost review identifies the record,3,coloured-concrete-driveway-cost;plain-concrete-driveway-cost;stencilled-concrete-driveway-cost
driveway cost review maps unresolved,3,coloured-concrete-driveway-cost;plain-concrete-driveway-cost;stencilled-concrete-driveway-cost
driveway cost review records the,3,coloured-concrete-driveway-cost;plain-concrete-driveway-cost;stencilled-concrete-driveway-cost
driveway cost review flags the,3,coloured-concrete-driveway-cost;plain-concrete-driveway-cost;stencilled-concrete-driveway-cost
cost review flags the authority,3,coloured-concrete-driveway-cost;plain-concrete-driveway-cost;stencilled-concrete-driveway-cost
driveway cost review names unresolved,3,coloured-concrete-driveway-cost;plain-concrete-driveway-cost;stencilled-concrete-driveway-cost
concrete driveway cost cannot decide,3,coloured-concrete-driveway-cost;plain-concrete-driveway-cost;stencilled-concrete-driveway-cost
driveway cost review checks unresolved,3,coloured-concrete-driveway-cost;plain-concrete-driveway-cost;stencilled-concrete-driveway-cost
driveway cost review measures unresolved,3,coloured-concrete-driveway-cost;plain-concrete-driveway-cost;stencilled-concrete-driveway-cost
driveway cost review lists the,3,coloured-concrete-driveway-cost;plain-concrete-driveway-cost;stencilled-concrete-driveway-cost
driveway cost review states the,3,coloured-concrete-driveway-cost;plain-concrete-driveway-cost;stencilled-concrete-driveway-cost
driveway cost review notes unresolved,3,coloured-concrete-driveway-cost;plain-concrete-driveway-cost;stencilled-concrete-driveway-cost
driveway cost review cites unresolved,3,coloured-concrete-driveway-cost;plain-concrete-driveway-cost;stencilled-concrete-driveway-cost
concrete driveway cost are concrete,3,coloured-concrete-driveway-cost;plain-concrete-driveway-cost;stencilled-concrete-driveway-cost
driveway cost review states unresolved,3,coloured-concrete-driveway-cost;plain-concrete-driveway-cost;stencilled-concrete-driveway-cost
concrete driveway cost from real,3,coloured-concrete-driveway-cost;plain-concrete-driveway-cost;stencilled-concrete-driveway-cost
driveway cost review separates unresolved,3,coloured-concrete-driveway-cost;plain-concrete-driveway-cost;stencilled-concrete-driveway-cost
driveway cost review verifies unresolved,3,coloured-concrete-driveway-cost;plain-concrete-driveway-cost;stencilled-concrete-driveway-cost
driveway cost review cites the,3,coloured-concrete-driveway-cost;plain-concrete-driveway-cost;stencilled-concrete-driveway-cost
driveway cost review tests unresolved,3,coloured-concrete-driveway-cost;plain-concrete-driveway-cost;stencilled-concrete-driveway-cost
driveway cost review tracks unresolved,3,coloured-concrete-driveway-cost;plain-concrete-driveway-cost;stencilled-concrete-driveway-cost
driveway cost review attributes the,3,coloured-concrete-driveway-cost;plain-concrete-driveway-cost;stencilled-concrete-driveway-cost
driveway cost review records and,3,coloured-concrete-driveway-cost;plain-concrete-driveway-cost;stencilled-concrete-driveway-cost
driveway cost review records unresolved,3,coloured-concrete-driveway-cost;plain-concrete-driveway-cost;stencilled-concrete-driveway-cost
driveway cost review names and,3,coloured-concrete-driveway-cost;plain-concrete-driveway-cost;stencilled-concrete-driveway-cost
driveway cost review attributes unresolved,3,coloured-concrete-driveway-cost;plain-concrete-driveway-cost;stencilled-concrete-driveway-cost
driveway cost review checks the,3,coloured-concrete-driveway-cost;plain-concrete-driveway-cost;stencilled-concrete-driveway-cost
driveway cost review lists unresolved,3,coloured-concrete-driveway-cost;plain-concrete-driveway-cost;stencilled-concrete-driveway-cost
driveway cost review logs unresolved,3,coloured-concrete-driveway-cost;plain-concrete-driveway-cost;stencilled-concrete-driveway-cost
driveway cost review documents unresolved,3,coloured-concrete-driveway-cost;plain-concrete-driveway-cost;stencilled-concrete-driveway-cost
driveway cost review lists and,3,coloured-concrete-driveway-cost;plain-concrete-driveway-cost;stencilled-concrete-driveway-cost
driveway cost review measures the,3,coloured-concrete-driveway-cost;plain-concrete-driveway-cost;stencilled-concrete-driveway-cost
driveway cost review documents the,3,coloured-concrete-driveway-cost;plain-concrete-driveway-cost;stencilled-concrete-driveway-cost
driveway cost review tracks and,3,coloured-concrete-driveway-cost;plain-concrete-driveway-cost;stencilled-concrete-driveway-cost
driveway cost review maps the,3,coloured-concrete-driveway-cost;plain-concrete-driveway-cost;stencilled-concrete-driveway-cost
driveway cost review tests the,3,coloured-concrete-driveway-cost;plain-concrete-driveway-cost;stencilled-concrete-driveway-cost
driveway cost review logs and,3,coloured-concrete-driveway-cost;plain-concrete-driveway-cost;stencilled-concrete-driveway-cost
driveway cost review notes and,3,coloured-concrete-driveway-cost;plain-concrete-driveway-cost;stencilled-concrete-driveway-cost
