claim_id,register_scope,category,page_id,slug,page_type,intended_status,exact_claim,matched_text,placement,widget_type,evidence_citation,evidence_status,required_disposition,blocks_staging,blocks_publication,final_disposition,final_text,disposition_authority,final_blocks_staging,final_blocks_publication
LEG-0001,legacy_232,fixed_price_on_site_quote,474,concreters-oran-park,suburb,publish,"Oran Park sits at the geographic centre of the Camden LGA and it's where most of our work starts — new driveways at handover, alfresco slabs once the landscaping goes in, and shed slabs out the back a year later. One local detail worth knowing before anyone quotes you: the footpath allocation in Oran Park starts 800mm from your property boundary, not the 900mm that applies across the rest of Camden. Get the crossover set-out wrong by that 100mm and it fails inspection. We build driveways, slabs, paths and outdoor areas across Oran Park with proper base preparation, correct reinforcement and a fixed price before we start.",fixed price,_elementor_data:$[0].elements[1].settings.editor,text-editor,NONE — data/verified-facts.yml pricing and owner attestation 21 August 2026,UNSUPPORTED,remove the promise; say only that job-specific quotations and terms must be confirmed,True,True,NEUTRALISED_WITH_ATTESTED_OR_NONCLAIM_WORDING,"Structure Co Concreters Camden manages concreting enquiries and coordinates suitable independent providers. Job-specific quotations, contractual terms, licensing, insurance and warranty information must be confirmed before work begins.","owner attestation and remediation authority, 21 August 2026; Oran Park direct-contractor claim replaced with role disclosure",False,False
LEG-0002,legacy_232,contractor_operator_claim,474,concreters-oran-park,suburb,publish,"Oran Park sits at the geographic centre of the Camden LGA and it's where most of our work starts — new driveways at handover, alfresco slabs once the landscaping goes in, and shed slabs out the back a year later. One local detail worth knowing before anyone quotes you: the footpath allocation in Oran Park starts 800mm from your property boundary, not the 900mm that applies across the rest of Camden. Get the crossover set-out wrong by that 100mm and it fails inspection. We build driveways, slabs, paths and outdoor areas across Oran Park with proper base preparation, correct reinforcement and a fixed price before we start.",our work starts | We build,_elementor_data:$[0].elements[1].settings.editor,text-editor,"NONE — owner operating-model attestation, 21 August 2026",UNSUPPORTED,replace direct-contractor wording with the authorised enquiry-coordination disclosure,True,True,NEUTRALISED_WITH_ATTESTED_OR_NONCLAIM_WORDING,"Structure Co Concreters Camden manages concreting enquiries and coordinates suitable independent providers. Job-specific quotations, contractual terms, licensing, insurance and warranty information must be confirmed before work begins.","owner attestation and remediation authority, 21 August 2026; Oran Park direct-contractor claim replaced with role disclosure",False,False
LEG-0003,legacy_232,local_operation_or_premises,474,concreters-oran-park,suburb,publish,"Oran Park sits at the geographic centre of the Camden LGA and it's where most of our work starts — new driveways at handover, alfresco slabs once the landscaping goes in, and shed slabs out the back a year later. One local detail worth knowing before anyone quotes you: the footpath allocation in Oran Park starts 800mm from your property boundary, not the 900mm that applies across the rest of Camden. Get the crossover set-out wrong by that 100mm and it fails inspection. We build driveways, slabs, paths and outdoor areas across Oran Park with proper base preparation, correct reinforcement and a fixed price before we start.",most of our work starts,_elementor_data:$[0].elements[1].settings.editor,text-editor,NONE — administrative office is not customer-facing; service_areas remains unverified,UNSUPPORTED,remove local-contractor/premises implication,True,True,NEUTRALISED_WITH_ATTESTED_OR_NONCLAIM_WORDING,"Structure Co Concreters Camden manages concreting enquiries and coordinates suitable independent providers. Job-specific quotations, contractual terms, licensing, insurance and warranty information must be confirmed before work begins.","owner attestation and remediation authority, 21 August 2026; Oran Park direct-contractor claim replaced with role disclosure",False,False
LEG-0004,legacy_232,contractor_operator_claim,474,concreters-oran-park,suburb,publish,"Whatever the pour, we match you with concreters who do it every week.",we match | concreters who do it,_elementor_data:$[1].elements[1].settings.editor,text-editor,"NONE — owner operating-model attestation, 21 August 2026",UNSUPPORTED,replace direct-contractor wording with the authorised enquiry-coordination disclosure,True,True,NEUTRALISED_WITH_ATTESTED_OR_NONCLAIM_WORDING,"Structure Co Concreters Camden manages concreting enquiries and coordinates suitable independent providers. Job-specific quotations, contractual terms, licensing, insurance and warranty information must be confirmed before work begins.","owner attestation and remediation authority, 21 August 2026; Oran Park direct-contractor claim replaced with role disclosure",False,False
LEG-0005,legacy_232,contractor_operator_claim,474,concreters-oran-park,suburb,publish,How we prepare the ground in Oran Park,we prepare,_elementor_data:$[6].elements[1].elements[0].elements[0].settings.title.value.content.value,e-heading,"NONE — owner operating-model attestation, 21 August 2026",UNSUPPORTED,replace direct-contractor wording with the authorised enquiry-coordination disclosure,True,True,NEUTRALISED_WITH_ATTESTED_OR_NONCLAIM_WORDING,Site information to confirm with an independent provider,"owner attestation and remediation authority, 21 August 2026; direct preparation heading neutralised",False,False
LEG-0006,legacy_232,contractor_operator_claim,474,concreters-oran-park,suburb,publish,"On a handover lot the driveway area usually still has builder's spoil, offcuts and a compacted haul route through it. That comes out first. We excavate to depth, identify anything soft or organic, and remove it rather than covering it over. Then a compacted crushed-rock base goes in, so the slab sits on uniform support instead of a mix of undisturbed clay and loose fill. That step matters most under the driveway and garage approach, where vehicle loads concentrate. Reinforcement goes in on bar chairs so the steel sits inside the slab rather than lying on the dirt — mesh on the ground does almost nothing. Camden Council specifies SL72 fabric in a 125mm slab at 32 MPa for a residential crossing, and that's the standard we build the whole driveway to, not just the section on council land. The Oran Park evidence register identifies Oran Park Precinct DCP 2007, Oran Park Estate Design Guidelines and Camden Growth Centres LEP 2008 and records the local housing period as 2011–present, masterplanned. Access evidence for Oran Park is anchored to Oran Park Drive, Peter Brock Drive, Central Avenue and Dick Johnson Drive; the Oran Park locality references are Oran Park Podium, Julia Reserve, Oran Park Library, Oran Park Anglican College, Oran Park Public School, Oran Park Homestead (State Heritage Register, 1837–1946) and former Oran Park Raceway. The researched Oran Park job record contains Two-car driveway and crossover at handover (350–450sqm lots), Alfresco and side-path slabs post-handover, Colorbond shed slabs in rear yards and Exposed aggregate upgrades on the Hermitage releases. These Oran Park examples describe the supplied job mix rather than a claim about an unverified project. The unresolved Oran Park checks are framed by these supplied questions: Do I need the driveway finished before I can get my Occupation Certificate in Oran Park?, Why is the footpath set-out different in Oran Park to the rest of Camden? and Can I pour a shed slab straight onto the fill in my Oran Park backyard?. Each Oran Park answer must retain its cited council, planning, engineering or operator source. The Oran Park development references supplied for research are Oran Park Town (Greenfields Development Company) and The Hermitage. The Oran Park page treats those names as source leads, not as proof of a Structure Co project. The supplied Oran Park job weighting is new build 75%, replacement 10%, decorative 10% and commercial 5%. The Oran Park service emphasis follows that recorded mix. The Oran Park research brief assigns postcode 2570, authority Camden Council and primary query concreters oran park. Those Oran Park identifiers must agree across the import record. The supplied Oran Park query set is concreter oran park, concreting oran park, concrete driveway oran park, exposed aggregate oran park, concrete slab oran park, driveway crossover oran park, shed slab oran park and concrete contractors oran park nsw. The Oran Park body uses that set only where the researched ground, approval or job evidence supports the wording. Oran Park separates its concrete driveways evidence from the general Oran Park brief; Concrete Driveways in Oran Park carries that service decision.",We excavate | we build,_elementor_data:$[6].elements[1].elements[0].elements[1].settings.editor,text-editor,"NONE — owner operating-model attestation, 21 August 2026",UNSUPPORTED,replace direct-contractor wording with the authorised enquiry-coordination disclosure,True,True,REMOVED_WITHOUT_REPLACEMENT,,"owner attestation and remediation authority, 21 August 2026; invented researched-job-record construction removed | unsupported direct-work and invented job-record field removed",False,False
LEG-0007,legacy_232,researched_job_record,474,concreters-oran-park,suburb,publish,"On a handover lot the driveway area usually still has builder's spoil, offcuts and a compacted haul route through it. That comes out first. We excavate to depth, identify anything soft or organic, and remove it rather than covering it over. Then a compacted crushed-rock base goes in, so the slab sits on uniform support instead of a mix of undisturbed clay and loose fill. That step matters most under the driveway and garage approach, where vehicle loads concentrate. Reinforcement goes in on bar chairs so the steel sits inside the slab rather than lying on the dirt — mesh on the ground does almost nothing. Camden Council specifies SL72 fabric in a 125mm slab at 32 MPa for a residential crossing, and that's the standard we build the whole driveway to, not just the section on council land. The Oran Park evidence register identifies Oran Park Precinct DCP 2007, Oran Park Estate Design Guidelines and Camden Growth Centres LEP 2008 and records the local housing period as 2011–present, masterplanned. Access evidence for Oran Park is anchored to Oran Park Drive, Peter Brock Drive, Central Avenue and Dick Johnson Drive; the Oran Park locality references are Oran Park Podium, Julia Reserve, Oran Park Library, Oran Park Anglican College, Oran Park Public School, Oran Park Homestead (State Heritage Register, 1837–1946) and former Oran Park Raceway. The researched Oran Park job record contains Two-car driveway and crossover at handover (350–450sqm lots), Alfresco and side-path slabs post-handover, Colorbond shed slabs in rear yards and Exposed aggregate upgrades on the Hermitage releases. These Oran Park examples describe the supplied job mix rather than a claim about an unverified project. The unresolved Oran Park checks are framed by these supplied questions: Do I need the driveway finished before I can get my Occupation Certificate in Oran Park?, Why is the footpath set-out different in Oran Park to the rest of Camden? and Can I pour a shed slab straight onto the fill in my Oran Park backyard?. Each Oran Park answer must retain its cited council, planning, engineering or operator source. The Oran Park development references supplied for research are Oran Park Town (Greenfields Development Company) and The Hermitage. The Oran Park page treats those names as source leads, not as proof of a Structure Co project. The supplied Oran Park job weighting is new build 75%, replacement 10%, decorative 10% and commercial 5%. The Oran Park service emphasis follows that recorded mix. The Oran Park research brief assigns postcode 2570, authority Camden Council and primary query concreters oran park. Those Oran Park identifiers must agree across the import record. The supplied Oran Park query set is concreter oran park, concreting oran park, concrete driveway oran park, exposed aggregate oran park, concrete slab oran park, driveway crossover oran park, shed slab oran park and concrete contractors oran park nsw. The Oran Park body uses that set only where the researched ground, approval or job evidence supports the wording. Oran Park separates its concrete driveways evidence from the general Oran Park brief; Concrete Driveways in Oran Park carries that service decision.",The researched Oran Park job record contains,_elementor_data:$[6].elements[1].elements[0].elements[1].settings.editor,text-editor,NONE — DECISION-06 D32: no Camden job record exists,UNSUPPORTED,remove the invented job-record construction,True,True,REMOVED_WITHOUT_REPLACEMENT,,"owner attestation and remediation authority, 21 August 2026; invented researched-job-record construction removed | unsupported direct-work and invented job-record field removed",False,False
LEG-0008,legacy_232,contractor_operator_claim,474,concreters-oran-park,suburb,publish,"Any driveway that crosses council land needs Camden Council approval before it's poured. For a standard job that's the Standard Residential Driveway Crossing Application; where the site can't meet the standard specification — a steep grade, an awkward corner lot, a commercial access — it's the Non-Standard Driveway Application instead, with an explanation of why. Camden's specification for an urban residential crossover is 4.0m minimum to 5.5m maximum width, 125mm thick, 32 MPa concrete, SL72 reinforcing fabric. The footpath allocation is 1200mm wide and, in Oran Park specifically, starts 800mm from your property boundary rather than the 900mm that applies elsewhere in the LGA. Licence and public liability insurance details aren't required at lodgement but must be with Council before work starts. We handle the application and the inspections as part of the job so you're not chasing Council yourself. [[VERIFY: confirm whether the Oran Park estate design guidelines require the driveway to be complete before the Occupation Certificate is issued — check the current Oran Park Estate Design Guidelines before publishing this claim.]] Oran Park uses the engineered fill and why new estate slabs crack reference for Oran Park when the Oran Park evidence reaches that topic; the lot record still controls the decision. Oran Park separates its exposed aggregate concrete evidence from the general Oran Park brief; Exposed Aggregate Concrete in Oran Park carries that service decision.",We handle,_elementor_data:$[8].elements[0].elements[1].elements[0].elements[1].settings.editor,text-editor,"NONE — owner operating-model attestation, 21 August 2026",UNSUPPORTED,replace direct-contractor wording with the authorised enquiry-coordination disclosure,True,True,REMOVED_WITHOUT_REPLACEMENT,,"owner attestation and remediation authority, 21 August 2026; unattested Camden specification and direct application claim removed",False,False
LEG-0009,legacy_232,completed_job_count_or_recent_work,474,concreters-oran-park,suburb,publish,Local Work Completed,Local Work Completed,_elementor_data:$[9].elements[0].settings.title.value.content.value,e-heading,NONE — DECISION-06 D32; completed_projects verified:false and empty,UNSUPPORTED,remove completed-project claim,True,True,REMOVED_WITHOUT_REPLACEMENT,,"owner attestation and remediation authority, 21 August 2026; unsupported completed-local-work heading removed",False,False
LEG-0010,legacy_232,fixed_price_on_site_quote,474,concreters-oran-park,suburb,publish,Fixed-Price On-Site Quotes in Oran Park,Fixed-Price On-Site Quotes,_elementor_data:$[11].elements[1].elements[0].settings.title_text,icon-box,NONE — data/verified-facts.yml pricing and owner attestation 21 August 2026,UNSUPPORTED,remove the promise; say only that job-specific quotations and terms must be confirmed,True,True,REMOVED_WITHOUT_REPLACEMENT,,"owner attestation and remediation authority, 21 August 2026",False,False
LEG-0011,legacy_232,licence_insurance_accreditation,474,concreters-oran-park,suburb,publish,Licensed & Insured,Licensed & Insured,_elementor_data:$[11].elements[1].elements[2].settings.title_text,icon-box,NONE — data/verified-facts.yml licensing; no contractor credential is authorised,UNSUPPORTED,remove or restate only as a requirement to verify the independent provider,True,True,REMOVED_WITHOUT_REPLACEMENT,,"owner attestation and remediation authority, 21 August 2026",False,False
LEG-0012,legacy_232,licence_insurance_accreditation,474,concreters-oran-park,suburb,publish,"NSW licence [[NSW_LICENCE_NO]], public liability and HBCF where required.",NSW licence,_elementor_data:$[11].elements[1].elements[2].settings.description_text,icon-box,NONE — data/verified-facts.yml licensing; no contractor credential is authorised,UNSUPPORTED,remove or restate only as a requirement to verify the independent provider,True,True,REMOVED_WITHOUT_REPLACEMENT,,"owner attestation and remediation authority, 21 August 2026",False,False
LEG-0013,legacy_232,workmanship_guarantee_warranty,474,concreters-oran-park,suburb,publish,Written workmanship guarantee on every job.,workmanship guarantee,_elementor_data:$[11].elements[1].elements[3].settings.description_text,icon-box,NONE — no verified written guarantee or warranty instrument,UNSUPPORTED,remove the promise or state only that provider-specific terms must be confirmed,True,True,REMOVED_WITHOUT_REPLACEMENT,,"owner attestation and remediation authority, 21 August 2026",False,False
LEG-0014,legacy_232,service_area_claim,474,concreters-oran-park,suburb,publish,AREAS WE COVER AROUND ORAN PARK,AREAS WE COVER,_elementor_data:$[12].elements[1].elements[0].settings.title,heading,NONE — data/verified-facts.yml service_areas verified:false and empty,UNSUPPORTED,replace with non-service suburb information or remove,True,True,REMOVED_WITHOUT_REPLACEMENT,,"owner attestation and remediation authority, 21 August 2026",False,False
LEG-0015,legacy_232,local_operation_or_premises,474,concreters-oran-park,suburb,publish,"We work across Oran Park and the surrounding Camden growth suburbs, including Catherine Field , Gledswood Hills , Gregory Hills and Harrington Park .",work across,_elementor_data:$[12].elements[1].elements[1].settings.editor,text-editor,NONE — administrative office is not customer-facing; service_areas remains unverified,UNSUPPORTED,remove local-contractor/premises implication,True,True,REMOVED_WITHOUT_REPLACEMENT,,"owner attestation and remediation authority, 21 August 2026",False,False
LEG-0016,legacy_232,service_area_claim,474,concreters-oran-park,suburb,publish,"We work across Oran Park and the surrounding Camden growth suburbs, including Catherine Field , Gledswood Hills , Gregory Hills and Harrington Park .",We work across,_elementor_data:$[12].elements[1].elements[1].settings.editor,text-editor,NONE — data/verified-facts.yml service_areas verified:false and empty,UNSUPPORTED,replace with non-service suburb information or remove,True,True,REMOVED_WITHOUT_REPLACEMENT,,"owner attestation and remediation authority, 21 August 2026",False,False
LEG-0017,legacy_232,fixed_price_on_site_quote,474,concreters-oran-park,suburb,publish,"It comes down to area, finish and access. A standard two-car driveway on a 350–450sqm lot is usually somewhere in the 40–70m² range from kerb to garage, and plain concrete sits at the lower end with exposed aggregate and decorative finishes above it. We measure on site and give you a fixed price rather than a per-metre estimate off an aerial photo. [[PLACEHOLDER: insert your real per-m² ranges once you've quoted 5+ Camden jobs]]",give you a fixed price,_elementor_data:$[14].elements[2].elements[2].elements[0].settings.editor,text-editor,NONE — data/verified-facts.yml pricing and owner attestation 21 August 2026,UNSUPPORTED,remove the promise; say only that job-specific quotations and terms must be confirmed,True,True,REMOVED_WITHOUT_REPLACEMENT,,"owner attestation and remediation authority, 21 August 2026",False,False
LEG-0018,legacy_232,contractor_operator_claim,474,concreters-oran-park,suburb,publish,"It comes down to area, finish and access. A standard two-car driveway on a 350–450sqm lot is usually somewhere in the 40–70m² range from kerb to garage, and plain concrete sits at the lower end with exposed aggregate and decorative finishes above it. We measure on site and give you a fixed price rather than a per-metre estimate off an aerial photo. [[PLACEHOLDER: insert your real per-m² ranges once you've quoted 5+ Camden jobs]]",We measure,_elementor_data:$[14].elements[2].elements[2].elements[0].settings.editor,text-editor,"NONE — owner operating-model attestation, 21 August 2026",UNSUPPORTED,replace direct-contractor wording with the authorised enquiry-coordination disclosure,True,True,REMOVED_WITHOUT_REPLACEMENT,,"owner attestation and remediation authority, 21 August 2026",False,False
LEG-0019,legacy_232,fixed_price_on_site_quote,474,concreters-oran-park,suburb,publish,"Concreting in Oran Park 2570 for driveways, slabs, paths and crossovers, using the verified Camden Council approval path. Request an on-site quote.",on-site quote,postmeta:rank_math_description,meta,NONE — data/verified-facts.yml pricing and owner attestation 21 August 2026,UNSUPPORTED,remove the promise; say only that job-specific quotations and terms must be confirmed,True,True,NEUTRALISED_WITH_ATTESTED_OR_NONCLAIM_WORDING,Concreting information only. Council requirements must be checked for the specific property and proposed work.,"owner attestation and remediation authority, 21 August 2026; unsupported verified-council meta claim removed",False,False
LEG-0020,legacy_232,researched_job_record,221,concreters-leppington,suburb,publish,"The typical Leppington workload includes High-volume new-build driveways across the 2016–present release area, Crossovers for house-and-land handovers, Alfresco slabs and Retaining and stepped driveways on the Ingleburn Road grade. Preparation is matched to the verified Leppington ground profile, the finished levels and the intended load rather than copied from a neighbouring suburb. The Leppington evidence register identifies Camden Growth Centres LEP 2008, Liverpool LEP 2008 and Austral and Leppington North Precinct DCP and records the local housing period as 2016–present, multi-developer release. Access evidence for Leppington is anchored to Camden Valley Way, Ingleburn Road, Heath Road, Rickard Road and Bringelly Road; the Leppington locality references are Leppington railway station (South West Rail Link terminus), HomeWorld Leppington display village and Leppington Public School. The researched Leppington job record contains High-volume new-build driveways across the 2016–present release area, Crossovers for house-and-land handovers, Alfresco slabs and Retaining and stepped driveways on the Ingleburn Road grade. These Leppington examples describe the supplied job mix rather than a claim about an unverified project. The unresolved Leppington checks are framed by these supplied questions: Is my Leppington block in Camden or Liverpool council?, How does the Upper South Creek flood planning level affect my slab height? and Do the two councils charge different crossover fees?. Each Leppington answer must retain its cited council, planning, engineering or operator source. The Leppington development references supplied for research are Crownland Developments, Rawson Communities, Creation Homes, Seed Projects and Valley Rise Estate. The Leppington page treats those names as source leads, not as proof of a Structure Co project. The supplied Leppington job weighting is new build 80%, replacement 5%, decorative 10% and commercial 5%. The Leppington service emphasis follows that recorded mix. The Leppington research brief assigns postcode 2179, authority Camden Council / Liverpool City Council (split — verify per lot) and primary query concreters leppington. Those Leppington identifiers must agree across the import record. The supplied Leppington query set is concreter leppington, concreting leppington nsw, concrete driveway leppington, concrete slab leppington, exposed aggregate leppington, driveway crossover leppington and leppington concrete contractors. The Leppington body uses that set only where the researched ground, approval or job evidence supports the wording. Leppington separates its concrete slabs evidence from the general Leppington brief; Concrete Slabs in Leppington carries that service decision.",The researched Leppington job record contains,_elementor_data:$[6].elements[1].elements[0].elements[1].settings.editor,text-editor,NONE — DECISION-06 D32: no Camden job record exists,UNSUPPORTED,remove the invented job-record construction,True,True,REMOVED_WITHOUT_REPLACEMENT,,"owner attestation and remediation authority, 21 August 2026; invented researched-job-record construction removed",False,False
LEG-0021,legacy_232,real_photo_pending_local_project,221,concreters-leppington,suburb,publish,[[REAL_PHOTO_PENDING: verified Structure Co project in Leppington]],[[REAL_PHOTO_PENDING: verified Structure Co project in Leppington]],_elementor_data:$[10].elements[0].elements[1].settings.editor,text-editor,NONE — DECISION-06 D32 and Report 50,UNSUPPORTED,remove the evidential local-work module,True,True,REMOVED_BY_REPORT_50_MEDIA_AND_D32,,DECISION-06 D32; owner-approved Report 49/Report 50 media plan,False,False
LEG-0022,legacy_232,real_photo_pending_local_project,221,concreters-leppington,suburb,publish,[[REAL_PHOTO_PENDING: verified Structure Co project in Leppington]],[[REAL_PHOTO_PENDING: verified Structure Co project in Leppington]],_elementor_data:$[10].elements[1].elements[1].settings.editor,text-editor,NONE — DECISION-06 D32 and Report 50,UNSUPPORTED,remove the evidential local-work module,True,True,REMOVED_BY_REPORT_50_MEDIA_AND_D32,,DECISION-06 D32; owner-approved Report 49/Report 50 media plan,False,False
LEG-0023,legacy_232,real_photo_pending_local_project,221,concreters-leppington,suburb,publish,[[REAL_PHOTO_PENDING: verified Structure Co project in Leppington]],[[REAL_PHOTO_PENDING: verified Structure Co project in Leppington]],_elementor_data:$[10].elements[2].elements[1].settings.editor,text-editor,NONE — DECISION-06 D32 and Report 50,UNSUPPORTED,remove the evidential local-work module,True,True,REMOVED_BY_REPORT_50_MEDIA_AND_D32,,DECISION-06 D32; owner-approved Report 49/Report 50 media plan,False,False
LEG-0024,legacy_232,fixed_price_on_site_quote,221,concreters-leppington,suburb,publish,Fixed-Price On-Site Quotes in Oran Park,Fixed-Price On-Site Quotes,_elementor_data:$[11].elements[1].elements[0].settings.title_text,icon-box,NONE — data/verified-facts.yml pricing and owner attestation 21 August 2026,UNSUPPORTED,remove the promise; say only that job-specific quotations and terms must be confirmed,True,True,REMOVED_WITHOUT_REPLACEMENT,,"owner attestation and remediation authority, 21 August 2026",False,False
LEG-0025,legacy_232,licence_insurance_accreditation,221,concreters-leppington,suburb,publish,Licensed & Insured,Licensed & Insured,_elementor_data:$[11].elements[1].elements[2].settings.title_text,icon-box,NONE — data/verified-facts.yml licensing; no contractor credential is authorised,UNSUPPORTED,remove or restate only as a requirement to verify the independent provider,True,True,REMOVED_WITHOUT_REPLACEMENT,,"owner attestation and remediation authority, 21 August 2026",False,False
LEG-0026,legacy_232,service_area_claim,221,concreters-leppington,suburb,publish,AREAS WE COVER AROUND LEPPINGTON,AREAS WE COVER,_elementor_data:$[12].elements[1].elements[0].settings.title,heading,NONE — data/verified-facts.yml service_areas verified:false and empty,UNSUPPORTED,replace with non-service suburb information or remove,True,True,REMOVED_WITHOUT_REPLACEMENT,,"owner attestation and remediation authority, 21 August 2026",False,False
LEG-0027,legacy_232,false_verified_project_record,221,concreters-leppington,suburb,publish,"For Leppington, the verified project record says: Leppington straddles the Camden and Liverpool council boundary. Two lots on opposite sides of the same street can require two different crossover applications, two fee schedules and two inspection processes. Check the lot on the NSW Planning Portal before quoting.",verified project record says,_elementor_data:$[14].elements[2].elements[0].elements[0].settings.editor,text-editor,NONE — DECISION-06 D32: no Camden job completed or scheduled,UNSUPPORTED,remove false project-record framing; retain only separately sourced public facts,True,True,REPLACED_WITH_OFFICIAL_LIVERPOOL_EVIDENCE,,https://www.liverpool.nsw.gov.au/__data/assets/pdf_file/0003/286329/VEHICULAR-CROSSING-APPLICATION-FORM-March-2026v1.pdf; accessed 2026-08-21,False,False
LEG-0028,legacy_232,false_verified_project_record,221,concreters-leppington,suburb,publish,"For Leppington, the verified project record says: Reactive Wianamatta clay with Upper South Creek drainage running through parts of the suburb. Flood-affected streets have a specified flood planning level that governs slab height and fall — this is a design input, not an afterthought.",verified project record says,_elementor_data:$[14].elements[2].elements[1].elements[0].settings.editor,text-editor,NONE — DECISION-06 D32: no Camden job completed or scheduled,UNSUPPORTED,remove false project-record framing; retain only separately sourced public facts,True,True,REPLACED_WITH_OFFICIAL_LIVERPOOL_EVIDENCE,,https://www.liverpool.nsw.gov.au/__data/assets/pdf_file/0003/286329/VEHICULAR-CROSSING-APPLICATION-FORM-March-2026v1.pdf; accessed 2026-08-21,False,False
LEG-0029,legacy_232,false_verified_project_record,221,concreters-leppington,suburb,publish,"For Leppington, the verified project record says: Camden Council Standard/Non-Standard Driveway Crossing Application OR Liverpool City Council vehicle crossing application, depending on which LGA the lot falls in.",verified project record says,_elementor_data:$[14].elements[2].elements[2].elements[0].settings.editor,text-editor,NONE — DECISION-06 D32: no Camden job completed or scheduled,UNSUPPORTED,remove false project-record framing; retain only separately sourced public facts,True,True,REPLACED_WITH_OFFICIAL_LIVERPOOL_EVIDENCE,,https://www.liverpool.nsw.gov.au/__data/assets/pdf_file/0003/286329/VEHICULAR-CROSSING-APPLICATION-FORM-March-2026v1.pdf; accessed 2026-08-21,False,False
LEG-0030,legacy_232,researched_job_record,969,concreters-gregory-hills,suburb,publish,"The typical Gregory Hills workload includes Residential driveways on the more affordable Dart West stock, Warehouse and factory floor slabs, Loading dock aprons and truck hardstands and Carpark slabs and kerbing. Preparation is matched to the verified Gregory Hills ground profile, the finished levels and the intended load rather than copied from a neighbouring suburb. Where the brief is business-facing, commercial concreting in Gregory Hills is scoped around the documented use and project requirements rather than domestic assumptions. The Gregory Hills evidence register identifies Turner Road Precinct DCP and Camden Growth Centres LEP 2008 and records the local housing period as 2013–present residential; ongoing industrial build-out. Access evidence for Gregory Hills is anchored to Gregory Hills Drive, Badgally Road, Rodeo Road and Turner Road; the Gregory Hills locality references are Gregory Hills Town Centre, Turner Road Precinct, Smeaton Grange industrial estate (adjacent), Mater Dei and Gregory Hills Public School. The researched Gregory Hills job record contains Residential driveways on the more affordable Dart West stock, Warehouse and factory floor slabs, Loading dock aprons and truck hardstands and Carpark slabs and kerbing. These Gregory Hills examples describe the supplied job mix rather than a claim about an unverified project. The unresolved Gregory Hills checks are framed by these supplied questions: What thickness does a forklift-rated warehouse slab need in Gregory Hills?, Can you pour a commercial hardstand while the tenancy is operating? and What's the difference between a residential driveway mix and a hardstand mix?. Each Gregory Hills answer must retain its cited council, planning, engineering or operator source. The Gregory Hills development references supplied for research are Gregory Hills Estate (Dart West Developments). The Gregory Hills page treats those names as source leads, not as proof of a Structure Co project. The supplied Gregory Hills job weighting is new build 45%, replacement 5%, decorative 10% and commercial 40%. The Gregory Hills service emphasis follows that recorded mix. The Gregory Hills research brief assigns postcode 2557, authority Camden Council and primary query concreters gregory hills. Those Gregory Hills identifiers must agree across the import record. The supplied Gregory Hills query set is concreter gregory hills, concrete driveway gregory hills, concrete slab gregory hills, commercial concreting gregory hills, warehouse slab gregory hills and shed slab gregory hills. The Gregory Hills body uses that set only where the researched ground, approval or job evidence supports the wording. Gregory Hills separates its concrete slabs evidence from the general Gregory Hills brief; Concrete Slabs in Gregory Hills carries that service decision.",The researched Gregory Hills job record contains,_elementor_data:$[6].elements[1].elements[0].elements[1].settings.editor,text-editor,NONE — DECISION-06 D32: no Camden job record exists,UNSUPPORTED,remove the invented job-record construction,True,True,REMOVED_WITHOUT_REPLACEMENT,,"owner attestation and remediation authority, 21 August 2026; invented researched-job-record construction removed",False,False
LEG-0031,legacy_232,real_photo_pending_local_project,969,concreters-gregory-hills,suburb,publish,[[REAL_PHOTO_PENDING: verified Structure Co project in Gregory Hills]],[[REAL_PHOTO_PENDING: verified Structure Co project in Gregory Hills]],_elementor_data:$[10].elements[0].elements[1].settings.editor,text-editor,NONE — DECISION-06 D32 and Report 50,UNSUPPORTED,remove the evidential local-work module,True,True,REMOVED_BY_REPORT_50_MEDIA_AND_D32,,DECISION-06 D32; owner-approved Report 49/Report 50 media plan,False,False
LEG-0032,legacy_232,real_photo_pending_local_project,969,concreters-gregory-hills,suburb,publish,[[REAL_PHOTO_PENDING: verified Structure Co project in Gregory Hills]],[[REAL_PHOTO_PENDING: verified Structure Co project in Gregory Hills]],_elementor_data:$[10].elements[1].elements[1].settings.editor,text-editor,NONE — DECISION-06 D32 and Report 50,UNSUPPORTED,remove the evidential local-work module,True,True,REMOVED_BY_REPORT_50_MEDIA_AND_D32,,DECISION-06 D32; owner-approved Report 49/Report 50 media plan,False,False
LEG-0033,legacy_232,real_photo_pending_local_project,969,concreters-gregory-hills,suburb,publish,[[REAL_PHOTO_PENDING: verified Structure Co project in Gregory Hills]],[[REAL_PHOTO_PENDING: verified Structure Co project in Gregory Hills]],_elementor_data:$[10].elements[2].elements[1].settings.editor,text-editor,NONE — DECISION-06 D32 and Report 50,UNSUPPORTED,remove the evidential local-work module,True,True,REMOVED_BY_REPORT_50_MEDIA_AND_D32,,DECISION-06 D32; owner-approved Report 49/Report 50 media plan,False,False
LEG-0034,legacy_232,fixed_price_on_site_quote,969,concreters-gregory-hills,suburb,publish,Fixed-Price On-Site Quotes in Oran Park,Fixed-Price On-Site Quotes,_elementor_data:$[11].elements[1].elements[0].settings.title_text,icon-box,NONE — data/verified-facts.yml pricing and owner attestation 21 August 2026,UNSUPPORTED,remove the promise; say only that job-specific quotations and terms must be confirmed,True,True,REMOVED_WITHOUT_REPLACEMENT,,"owner attestation and remediation authority, 21 August 2026",False,False
LEG-0035,legacy_232,licence_insurance_accreditation,969,concreters-gregory-hills,suburb,publish,Licensed & Insured,Licensed & Insured,_elementor_data:$[11].elements[1].elements[2].settings.title_text,icon-box,NONE — data/verified-facts.yml licensing; no contractor credential is authorised,UNSUPPORTED,remove or restate only as a requirement to verify the independent provider,True,True,REMOVED_WITHOUT_REPLACEMENT,,"owner attestation and remediation authority, 21 August 2026",False,False
LEG-0036,legacy_232,service_area_claim,969,concreters-gregory-hills,suburb,publish,AREAS WE COVER AROUND GREGORY HILLS,AREAS WE COVER,_elementor_data:$[12].elements[1].elements[0].settings.title,heading,NONE — data/verified-facts.yml service_areas verified:false and empty,UNSUPPORTED,replace with non-service suburb information or remove,True,True,REMOVED_WITHOUT_REPLACEMENT,,"owner attestation and remediation authority, 21 August 2026",False,False
LEG-0037,legacy_232,false_verified_project_record,969,concreters-gregory-hills,suburb,publish,"For Gregory Hills, the verified project record says: Gregory Hills is the one Camden growth suburb where residential and light-industrial work sit side by side. The Turner Road business precinct and the Smeaton Grange estate next door mean forklift-rated slabs, loading-dock aprons and truck hardstands are quoted off the same drive as a domestic driveway — different mix design, different reinforcement, different jointing.",verified project record says,_elementor_data:$[14].elements[2].elements[0].elements[0].settings.editor,text-editor,NONE — DECISION-06 D32: no Camden job completed or scheduled,UNSUPPORTED,remove false project-record framing; retain only separately sourced public facts,True,True,REMOVED_WITHOUT_REPLACEMENT,,"owner attestation and remediation authority, 21 August 2026",False,False
LEG-0038,legacy_232,false_verified_project_record,969,concreters-gregory-hills,suburb,publish,"For Gregory Hills, the verified project record says: Shale-derived clay on engineered fill. Commercial hardstand areas need subgrade CBR testing and a thicker reinforced section than a residential driveway — do not quote a warehouse apron off a residential rate.",verified project record says,_elementor_data:$[14].elements[2].elements[1].elements[0].settings.editor,text-editor,NONE — DECISION-06 D32: no Camden job completed or scheduled,UNSUPPORTED,remove false project-record framing; retain only separately sourced public facts,True,True,REMOVED_WITHOUT_REPLACEMENT,,"owner attestation and remediation authority, 21 August 2026",False,False
LEG-0039,legacy_232,false_verified_project_record,969,concreters-gregory-hills,suburb,publish,"For Gregory Hills, the verified project record says: Residential: Camden Council Standard Driveway Crossing Application. Commercial/industrial: Non-Standard Driveway Application, plus any DA conditions attached to the site.",verified project record says,_elementor_data:$[14].elements[2].elements[2].elements[0].settings.editor,text-editor,NONE — DECISION-06 D32: no Camden job completed or scheduled,UNSUPPORTED,remove false project-record framing; retain only separately sourced public facts,True,True,REMOVED_WITHOUT_REPLACEMENT,,"owner attestation and remediation authority, 21 August 2026",False,False
LEG-0040,legacy_232,fixed_price_on_site_quote,969,concreters-gregory-hills,suburb,publish,"Concreting in Gregory Hills 2557 for driveways, slabs, paths and crossovers, using the verified Camden Council approval path. Request an on-site quote.",on-site quote,postmeta:rank_math_description,meta,NONE — data/verified-facts.yml pricing and owner attestation 21 August 2026,UNSUPPORTED,remove the promise; say only that job-specific quotations and terms must be confirmed,True,True,NEUTRALISED_WITH_ATTESTED_OR_NONCLAIM_WORDING,Concreting information only. Council requirements must be checked for the specific property and proposed work.,"owner attestation and remediation authority, 21 August 2026; unsupported verified-council meta claim removed",False,False
LEG-0041,legacy_232,researched_job_record,1370,concreters-gledswood-hills,suburb,publish,"The typical Gledswood Hills workload includes Exposed aggregate driveways on premium lots, Pool surrounds and coping, Large alfresco and outdoor kitchen slabs and Pumped pours where tree protection restricts truck access. Preparation is matched to the verified Gledswood Hills ground profile, the finished levels and the intended load rather than copied from a neighbouring suburb. The Gledswood Hills evidence register identifies Camden Growth Centres LEP 2008, Gledswood Hills Voluntary Planning Agreement and Cumberland Plain Woodland conservation areas and records the local housing period as 2014–present, premium masterplanned. Access evidence for Gledswood Hills is anchored to Raby Road, Camden Valley Way and Gregory Hills Drive; the Gledswood Hills locality references are Camden Lakeside Golf Course, Gledswood Homestead & Winery (heritage), Harrington Park Homestead, Orielton Homestead, Sydney Water Upper Canal and South Creek riparian corridor. The researched Gledswood Hills job record contains Exposed aggregate driveways on premium lots, Pool surrounds and coping, Large alfresco and outdoor kitchen slabs and Pumped pours where tree protection restricts truck access. These Gledswood Hills examples describe the supplied job mix rather than a claim about an unverified project. The unresolved Gledswood Hills checks are framed by these supplied questions: Do I need a salinity-rated concrete mix near the South Creek corridor?, Can you get a truck in if my lot has a tree protection zone? and What finishes are allowed under the Gledswood Hills design guidelines?. Each Gledswood Hills answer must retain its cited council, planning, engineering or operator source. The Gledswood Hills development references supplied for research are Gledswood Hills Estate (Sekisui House), The Crest, Norman Estates and Eden. The Gledswood Hills page treats those names as source leads, not as proof of a Structure Co project. The supplied Gledswood Hills job weighting is new build 55%, replacement 5%, decorative 35% and commercial 5%. The Gledswood Hills service emphasis follows that recorded mix. The Gledswood Hills research brief assigns postcode 2557, authority Camden Council and primary query concreters gledswood hills. Those Gledswood Hills identifiers must agree across the import record. The supplied Gledswood Hills query set is concreter gledswood hills, exposed aggregate driveway gledswood hills, concrete pool surround gledswood hills, concrete driveway gledswood hills and alfresco slab gledswood hills. The Gledswood Hills body uses that set only where the researched ground, approval or job evidence supports the wording. Gledswood Hills separates its exposed aggregate concrete evidence from the general Gledswood Hills brief; Exposed Aggregate Concrete in Gledswood Hills carries that service decision.",The researched Gledswood Hills job record contains,_elementor_data:$[6].elements[1].elements[0].elements[1].settings.editor,text-editor,NONE — DECISION-06 D32: no Camden job record exists,UNSUPPORTED,remove the invented job-record construction,True,True,REMOVED_WITHOUT_REPLACEMENT,,"owner attestation and remediation authority, 21 August 2026; invented researched-job-record construction removed",False,False
LEG-0042,legacy_232,real_photo_pending_local_project,1370,concreters-gledswood-hills,suburb,publish,[[REAL_PHOTO_PENDING: verified Structure Co project in Gledswood Hills]],[[REAL_PHOTO_PENDING: verified Structure Co project in Gledswood Hills]],_elementor_data:$[10].elements[0].elements[1].settings.editor,text-editor,NONE — DECISION-06 D32 and Report 50,UNSUPPORTED,remove the evidential local-work module,True,True,REMOVED_BY_REPORT_50_MEDIA_AND_D32,,DECISION-06 D32; owner-approved Report 49/Report 50 media plan,False,False
LEG-0043,legacy_232,real_photo_pending_local_project,1370,concreters-gledswood-hills,suburb,publish,[[REAL_PHOTO_PENDING: verified Structure Co project in Gledswood Hills]],[[REAL_PHOTO_PENDING: verified Structure Co project in Gledswood Hills]],_elementor_data:$[10].elements[1].elements[1].settings.editor,text-editor,NONE — DECISION-06 D32 and Report 50,UNSUPPORTED,remove the evidential local-work module,True,True,REMOVED_BY_REPORT_50_MEDIA_AND_D32,,DECISION-06 D32; owner-approved Report 49/Report 50 media plan,False,False
LEG-0044,legacy_232,real_photo_pending_local_project,1370,concreters-gledswood-hills,suburb,publish,[[REAL_PHOTO_PENDING: verified Structure Co project in Gledswood Hills]],[[REAL_PHOTO_PENDING: verified Structure Co project in Gledswood Hills]],_elementor_data:$[10].elements[2].elements[1].settings.editor,text-editor,NONE — DECISION-06 D32 and Report 50,UNSUPPORTED,remove the evidential local-work module,True,True,REMOVED_BY_REPORT_50_MEDIA_AND_D32,,DECISION-06 D32; owner-approved Report 49/Report 50 media plan,False,False
LEG-0045,legacy_232,fixed_price_on_site_quote,1370,concreters-gledswood-hills,suburb,publish,Fixed-Price On-Site Quotes in Oran Park,Fixed-Price On-Site Quotes,_elementor_data:$[11].elements[1].elements[0].settings.title_text,icon-box,NONE — data/verified-facts.yml pricing and owner attestation 21 August 2026,UNSUPPORTED,remove the promise; say only that job-specific quotations and terms must be confirmed,True,True,REMOVED_WITHOUT_REPLACEMENT,,"owner attestation and remediation authority, 21 August 2026",False,False
LEG-0046,legacy_232,licence_insurance_accreditation,1370,concreters-gledswood-hills,suburb,publish,Licensed & Insured,Licensed & Insured,_elementor_data:$[11].elements[1].elements[2].settings.title_text,icon-box,NONE — data/verified-facts.yml licensing; no contractor credential is authorised,UNSUPPORTED,remove or restate only as a requirement to verify the independent provider,True,True,REMOVED_WITHOUT_REPLACEMENT,,"owner attestation and remediation authority, 21 August 2026",False,False
LEG-0047,legacy_232,service_area_claim,1370,concreters-gledswood-hills,suburb,publish,AREAS WE COVER AROUND GLEDSWOOD HILLS,AREAS WE COVER,_elementor_data:$[12].elements[1].elements[0].settings.title,heading,NONE — data/verified-facts.yml service_areas verified:false and empty,UNSUPPORTED,replace with non-service suburb information or remove,True,True,REMOVED_WITHOUT_REPLACEMENT,,"owner attestation and remediation authority, 21 August 2026",False,False
LEG-0048,legacy_232,false_verified_project_record,1370,concreters-gledswood-hills,suburb,publish,"For Gledswood Hills, the verified project record says: Parts of Gledswood Hills back onto the South Creek riparian corridor and the Sydney Water Upper Canal. Sulfate and chloride levels in subsoil near western Sydney creek lines can be aggressive to concrete and reinforcement — this is the suburb where the Western Sydney Salinity Code of Practice and the CCAA saline-environments guide actually change the mix and the cover you specify, not just the paperwork.",verified project record says,_elementor_data:$[14].elements[2].elements[0].elements[0].settings.editor,text-editor,NONE — DECISION-06 D32: no Camden job completed or scheduled,UNSUPPORTED,remove false project-record framing; retain only separately sourced public facts,True,True,REMOVED_WITHOUT_REPLACEMENT,,"owner attestation and remediation authority, 21 August 2026",False,False
LEG-0049,legacy_232,false_verified_project_record,1370,concreters-gledswood-hills,suburb,publish,"For Gledswood Hills, the verified project record says: Clay over shale, larger lots (350–600sqm), some Cumberland Plain Woodland conservation overlays restricting access and requiring line-pump or boom-pump placement rather than direct chute.",verified project record says,_elementor_data:$[14].elements[2].elements[1].elements[0].settings.editor,text-editor,NONE — DECISION-06 D32: no Camden job completed or scheduled,UNSUPPORTED,remove false project-record framing; retain only separately sourced public facts,True,True,REMOVED_WITHOUT_REPLACEMENT,,"owner attestation and remediation authority, 21 August 2026",False,False
LEG-0050,legacy_232,false_verified_project_record,1370,concreters-gledswood-hills,suburb,publish,"For Gledswood Hills, the verified project record says: Camden Council Standard Driveway Crossing Application. Check estate design guidelines for permitted driveway finishes before quoting a plain broom finish.",verified project record says,_elementor_data:$[14].elements[2].elements[2].elements[0].settings.editor,text-editor,NONE — DECISION-06 D32: no Camden job completed or scheduled,UNSUPPORTED,remove false project-record framing; retain only separately sourced public facts,True,True,REMOVED_WITHOUT_REPLACEMENT,,"owner attestation and remediation authority, 21 August 2026",False,False
LEG-0051,legacy_232,fixed_price_on_site_quote,1370,concreters-gledswood-hills,suburb,publish,"Concreting in Gledswood Hills 2557 for driveways, slabs, paths and crossovers, using the verified Camden Council approval path. Request an on-site quote.",on-site quote,postmeta:rank_math_description,meta,NONE — data/verified-facts.yml pricing and owner attestation 21 August 2026,UNSUPPORTED,remove the promise; say only that job-specific quotations and terms must be confirmed,True,True,NEUTRALISED_WITH_ATTESTED_OR_NONCLAIM_WORDING,Concreting information only. Council requirements must be checked for the specific property and proposed work.,"owner attestation and remediation authority, 21 August 2026; unsupported verified-council meta claim removed",False,False
LEG-0052,legacy_232,researched_job_record,1163,concreters-austral,suburb,publish,"The typical Austral workload includes Long battle-axe handle driveways, Dual occupancy double crossovers, Granny flat and secondary dwelling slabs and Rear-yard hardstand and shed slabs. Preparation is matched to the verified Austral ground profile, the finished levels and the intended load rather than copied from a neighbouring suburb. The Austral evidence register identifies Liverpool LEP 2008 and Austral and Leppington North Precinct DCP and records the local housing period as Mixed — 1960s–90s acreage housing plus 2015–present infill subdivision. Access evidence for Austral is anchored to Fifteenth Avenue, Edmondson Avenue, Kelvin Park Drive, Bringelly Road and Eighth Avenue; the Austral locality references are Austral Public School, Leppington North Precinct and Western Sydney Airport corridor. The researched Austral job record contains Long battle-axe handle driveways, Dual occupancy double crossovers, Granny flat and secondary dwelling slabs and Rear-yard hardstand and shed slabs. These Austral examples describe the supplied job mix rather than a claim about an unverified project. The unresolved Austral checks are framed by these supplied questions: How much does a 50-metre battle-axe driveway cost in Austral?, Do I need a second crossover for a dual occupancy? and What happens if there's undocumented fill on my old market-garden block?. Each Austral answer must retain its cited council, planning, engineering or operator source. The Austral development references supplied for research are Austral and Leppington North Precinct releases and multiple small-scale subdividers. The Austral page treats those names as source leads, not as proof of a Structure Co project. The supplied Austral job weighting is new build 60%, replacement 15%, decorative 10% and commercial 15%. The Austral service emphasis follows that recorded mix. The Austral research brief assigns postcode 2179, authority Liverpool City Council and primary query concreters austral. Those Austral identifiers must agree across the import record. The supplied Austral query set is concreter austral nsw, concrete driveway austral, battle axe driveway austral, granny flat slab austral, dual occupancy driveway austral and concrete slab austral 2179. The Austral body uses that set only where the researched ground, approval or job evidence supports the wording. Austral separates its concrete slabs evidence from the general Austral brief; Concrete Slabs in Austral carries that service decision.",The researched Austral job record contains,_elementor_data:$[6].elements[1].elements[0].elements[1].settings.editor,text-editor,NONE — DECISION-06 D32: no Camden job record exists,UNSUPPORTED,remove the invented job-record construction,True,True,REMOVED_WITHOUT_REPLACEMENT,,"owner attestation and remediation authority, 21 August 2026; invented researched-job-record construction removed",False,False
LEG-0053,legacy_232,real_photo_pending_local_project,1163,concreters-austral,suburb,publish,[[REAL_PHOTO_PENDING: verified Structure Co project in Austral]],[[REAL_PHOTO_PENDING: verified Structure Co project in Austral]],_elementor_data:$[10].elements[0].elements[1].settings.editor,text-editor,NONE — DECISION-06 D32 and Report 50,UNSUPPORTED,remove the evidential local-work module,True,True,REMOVED_BY_REPORT_50_MEDIA_AND_D32,,DECISION-06 D32; owner-approved Report 49/Report 50 media plan,False,False
LEG-0054,legacy_232,real_photo_pending_local_project,1163,concreters-austral,suburb,publish,[[REAL_PHOTO_PENDING: verified Structure Co project in Austral]],[[REAL_PHOTO_PENDING: verified Structure Co project in Austral]],_elementor_data:$[10].elements[1].elements[1].settings.editor,text-editor,NONE — DECISION-06 D32 and Report 50,UNSUPPORTED,remove the evidential local-work module,True,True,REMOVED_BY_REPORT_50_MEDIA_AND_D32,,DECISION-06 D32; owner-approved Report 49/Report 50 media plan,False,False
LEG-0055,legacy_232,real_photo_pending_local_project,1163,concreters-austral,suburb,publish,[[REAL_PHOTO_PENDING: verified Structure Co project in Austral]],[[REAL_PHOTO_PENDING: verified Structure Co project in Austral]],_elementor_data:$[10].elements[2].elements[1].settings.editor,text-editor,NONE — DECISION-06 D32 and Report 50,UNSUPPORTED,remove the evidential local-work module,True,True,REMOVED_BY_REPORT_50_MEDIA_AND_D32,,DECISION-06 D32; owner-approved Report 49/Report 50 media plan,False,False
LEG-0056,legacy_232,fixed_price_on_site_quote,1163,concreters-austral,suburb,publish,Fixed-Price On-Site Quotes in Oran Park,Fixed-Price On-Site Quotes,_elementor_data:$[11].elements[1].elements[0].settings.title_text,icon-box,NONE — data/verified-facts.yml pricing and owner attestation 21 August 2026,UNSUPPORTED,remove the promise; say only that job-specific quotations and terms must be confirmed,True,True,REMOVED_WITHOUT_REPLACEMENT,,"owner attestation and remediation authority, 21 August 2026",False,False
LEG-0057,legacy_232,licence_insurance_accreditation,1163,concreters-austral,suburb,publish,Licensed & Insured,Licensed & Insured,_elementor_data:$[11].elements[1].elements[2].settings.title_text,icon-box,NONE — data/verified-facts.yml licensing; no contractor credential is authorised,UNSUPPORTED,remove or restate only as a requirement to verify the independent provider,True,True,REMOVED_WITHOUT_REPLACEMENT,,"owner attestation and remediation authority, 21 August 2026",False,False
LEG-0058,legacy_232,service_area_claim,1163,concreters-austral,suburb,publish,AREAS WE COVER AROUND AUSTRAL,AREAS WE COVER,_elementor_data:$[12].elements[1].elements[0].settings.title,heading,NONE — data/verified-facts.yml service_areas verified:false and empty,UNSUPPORTED,replace with non-service suburb information or remove,True,True,REMOVED_WITHOUT_REPLACEMENT,,"owner attestation and remediation authority, 21 August 2026",False,False
LEG-0059,legacy_232,false_verified_project_record,1163,concreters-austral,suburb,publish,"For Austral, the verified project record says: Austral is not a masterplanned estate — it is old five-acre market-garden blocks being cut up lot by lot. That produces work no growth-corridor estate produces: 40–60 metre battle-axe handle driveways, double crossovers for dual occupancies, and second-dwelling slabs squeezed behind an existing house. Volume per job is high, access is usually terrible, and the pour almost always needs a line pump.",verified project record says,_elementor_data:$[14].elements[2].elements[0].elements[0].settings.editor,text-editor,NONE — DECISION-06 D32: no Camden job completed or scheduled,UNSUPPORTED,remove false project-record framing; retain only separately sourced public facts,True,True,REPLACED_WITH_OFFICIAL_LIVERPOOL_EVIDENCE,,https://www.liverpool.nsw.gov.au/__data/assets/pdf_file/0003/286329/VEHICULAR-CROSSING-APPLICATION-FORM-March-2026v1.pdf; accessed 2026-08-21,False,False
LEG-0060,legacy_232,false_verified_project_record,1163,concreters-austral,suburb,publish,"For Austral, the verified project record says: Reactive clay with variable historic fill from decades of market-garden use. Undocumented fill is common — test before you assume a Class M site.",verified project record says,_elementor_data:$[14].elements[2].elements[1].elements[0].settings.editor,text-editor,NONE — DECISION-06 D32: no Camden job completed or scheduled,UNSUPPORTED,remove false project-record framing; retain only separately sourced public facts,True,True,REPLACED_WITH_OFFICIAL_LIVERPOOL_EVIDENCE,,https://www.liverpool.nsw.gov.au/__data/assets/pdf_file/0003/286329/VEHICULAR-CROSSING-APPLICATION-FORM-March-2026v1.pdf; accessed 2026-08-21,False,False
LEG-0061,legacy_232,false_verified_project_record,1163,concreters-austral,suburb,publish,"For Austral, the verified project record says: Liverpool City Council vehicle crossing application — a different process and fee schedule to Camden. Dual occupancies typically require the crossing to match the approved parking facility on the DA or CDC.",verified project record says,_elementor_data:$[14].elements[2].elements[2].elements[0].settings.editor,text-editor,NONE — DECISION-06 D32: no Camden job completed or scheduled,UNSUPPORTED,remove false project-record framing; retain only separately sourced public facts,True,True,REPLACED_WITH_OFFICIAL_LIVERPOOL_EVIDENCE,,https://www.liverpool.nsw.gov.au/__data/assets/pdf_file/0003/286329/VEHICULAR-CROSSING-APPLICATION-FORM-March-2026v1.pdf; accessed 2026-08-21,False,False
LEG-0062,legacy_232,fixed_price_on_site_quote,1163,concreters-austral,suburb,publish,"Concreting in Austral 2179 for driveways, slabs, paths and crossovers, using the verified Liverpool City Council approval path. Request an on-site quote.",on-site quote,postmeta:rank_math_description,meta,NONE — data/verified-facts.yml pricing and owner attestation 21 August 2026,UNSUPPORTED,remove the promise; say only that job-specific quotations and terms must be confirmed,True,True,NEUTRALISED_WITH_ATTESTED_OR_NONCLAIM_WORDING,Concreting information only. Council requirements must be checked for the specific property and proposed work.,"owner attestation and remediation authority, 21 August 2026; unsupported verified-council meta claim removed",False,False
LEG-0063,legacy_232,review_rating_testimonial,1126,concreters-harrington-park,suburb,publish,Concrete testimonial 6 camden in the context of Concreters Harrington Park,testimonial,_elementor_data:$[2].elements[0].settings.image.alt,image-box,NONE — data/verified-facts.yml reviews verified:false; permission_to_publish:false,UNSUPPORTED,remove review/testimonial claim,True,True,REMOVED_BY_REPORT_50_MEDIA_AND_D32,,DECISION-06 D32; owner-approved Report 49/Report 50 media plan,False,False
LEG-0064,legacy_232,review_rating_testimonial,1126,concreters-harrington-park,suburb,publish,Concrete testimonial 3 camden in the context of Concreters Harrington Park,testimonial,_elementor_data:$[2].elements[1].settings.image.alt,image-box,NONE — data/verified-facts.yml reviews verified:false; permission_to_publish:false,UNSUPPORTED,remove review/testimonial claim,True,True,REMOVED_BY_REPORT_50_MEDIA_AND_D32,,DECISION-06 D32; owner-approved Report 49/Report 50 media plan,False,False
LEG-0065,legacy_232,review_rating_testimonial,1126,concreters-harrington-park,suburb,publish,Concrete testimonial 1 camden in the context of Concreters Harrington Park,testimonial,_elementor_data:$[2].elements[2].settings.image.alt,image-box,NONE — data/verified-facts.yml reviews verified:false; permission_to_publish:false,UNSUPPORTED,remove review/testimonial claim,True,True,REMOVED_BY_REPORT_50_MEDIA_AND_D32,,DECISION-06 D32; owner-approved Report 49/Report 50 media plan,False,False
LEG-0066,legacy_232,review_rating_testimonial,1126,concreters-harrington-park,suburb,publish,Concrete testimonial 2 camden in the context of Concreters Harrington Park,testimonial,_elementor_data:$[3].elements[1].settings.image.alt,image-box,NONE — data/verified-facts.yml reviews verified:false; permission_to_publish:false,UNSUPPORTED,remove review/testimonial claim,True,True,REMOVED_BY_REPORT_50_MEDIA_AND_D32,,DECISION-06 D32; owner-approved Report 49/Report 50 media plan,False,False
LEG-0067,legacy_232,review_rating_testimonial,1126,concreters-harrington-park,suburb,publish,Concrete testimonial 1 1 camden in the context of Concreters Harrington Park,testimonial,_elementor_data:$[5].elements[1].elements[0].settings.image.alt,image,NONE — data/verified-facts.yml reviews verified:false; permission_to_publish:false,UNSUPPORTED,remove review/testimonial claim,True,True,REMOVED_BY_REPORT_50_MEDIA_AND_D32,,DECISION-06 D32; owner-approved Report 49/Report 50 media plan,False,False
LEG-0068,legacy_232,researched_job_record,1126,concreters-harrington-park,suburb,publish,"The typical Harrington Park workload includes Full driveway removal and replacement, Decorative upgrades from plain to exposed aggregate or stencil, Pool surround replacement and Crossover repair where the layback has settled. Preparation is matched to the verified Harrington Park ground profile, the finished levels and the intended load rather than copied from a neighbouring suburb. The Harrington Park evidence register identifies Camden LEP 2010 and Camden DCP — Harrington Grove site-specific residential controls and records the local housing period as 1995–2010 established, plus Harrington Grove 2010–present. Access evidence for Harrington Park is anchored to The Parkway, Harrington Parkway, Camden Valley Way and Kirkham Lane; the Harrington Park locality references are Harrington Park Lake, Harrington Park Homestead (heritage), Harrington Park Public School and Kirkham. The researched Harrington Park job record contains Full driveway removal and replacement, Decorative upgrades from plain to exposed aggregate or stencil, Pool surround replacement and Crossover repair where the layback has settled. These Harrington Park examples describe the supplied job mix rather than a claim about an unverified project. The unresolved Harrington Park checks are framed by these supplied questions: Can I put plain grey concrete on my Harrington Grove driveway?, Is it cheaper to resurface or replace a 25-year-old driveway? and Do I need council approval to replace an existing driveway?. Each Harrington Park answer must retain its cited council, planning, engineering or operator source. The Harrington Park development references supplied for research are Harrington Park Estate and Harrington Grove. The Harrington Park page treats those names as source leads, not as proof of a Structure Co project. The supplied Harrington Park job weighting is new build 15%, replacement 45%, decorative 35% and commercial 5%. The Harrington Park service emphasis follows that recorded mix. The Harrington Park research brief assigns postcode 2567, authority Camden Council and primary query concreters harrington park. Those Harrington Park identifiers must agree across the import record. The supplied Harrington Park query set is concreter harrington park, driveway replacement harrington park, stencilled concrete harrington park, exposed aggregate harrington park, concrete resurfacing harrington park and concrete driveway harrington grove. The Harrington Park body uses that set only where the researched ground, approval or job evidence supports the wording. Harrington Park separates its decorative concrete evidence from the general Harrington Park brief; Decorative Concrete in Harrington Park carries that service decision.",The researched Harrington Park job record contains,_elementor_data:$[6].elements[1].elements[0].elements[1].settings.editor,text-editor,NONE — DECISION-06 D32: no Camden job record exists,UNSUPPORTED,remove the invented job-record construction,True,True,REMOVED_WITHOUT_REPLACEMENT,,"owner attestation and remediation authority, 21 August 2026; invented researched-job-record construction removed",False,False
LEG-0069,legacy_232,real_photo_pending_local_project,1126,concreters-harrington-park,suburb,publish,[[REAL_PHOTO_PENDING: verified Structure Co project in Harrington Park]],[[REAL_PHOTO_PENDING: verified Structure Co project in Harrington Park]],_elementor_data:$[10].elements[0].elements[1].settings.editor,text-editor,NONE — DECISION-06 D32 and Report 50,UNSUPPORTED,remove the evidential local-work module,True,True,REMOVED_BY_REPORT_50_MEDIA_AND_D32,,DECISION-06 D32; owner-approved Report 49/Report 50 media plan,False,False
LEG-0070,legacy_232,real_photo_pending_local_project,1126,concreters-harrington-park,suburb,publish,[[REAL_PHOTO_PENDING: verified Structure Co project in Harrington Park]],[[REAL_PHOTO_PENDING: verified Structure Co project in Harrington Park]],_elementor_data:$[10].elements[1].elements[1].settings.editor,text-editor,NONE — DECISION-06 D32 and Report 50,UNSUPPORTED,remove the evidential local-work module,True,True,REMOVED_BY_REPORT_50_MEDIA_AND_D32,,DECISION-06 D32; owner-approved Report 49/Report 50 media plan,False,False
LEG-0071,legacy_232,real_photo_pending_local_project,1126,concreters-harrington-park,suburb,publish,[[REAL_PHOTO_PENDING: verified Structure Co project in Harrington Park]],[[REAL_PHOTO_PENDING: verified Structure Co project in Harrington Park]],_elementor_data:$[10].elements[2].elements[1].settings.editor,text-editor,NONE — DECISION-06 D32 and Report 50,UNSUPPORTED,remove the evidential local-work module,True,True,REMOVED_BY_REPORT_50_MEDIA_AND_D32,,DECISION-06 D32; owner-approved Report 49/Report 50 media plan,False,False
LEG-0072,legacy_232,fixed_price_on_site_quote,1126,concreters-harrington-park,suburb,publish,Fixed-Price On-Site Quotes in Oran Park in Harrington Park,Fixed-Price On-Site Quotes,_elementor_data:$[11].elements[1].elements[0].settings.title_text,icon-box,NONE — data/verified-facts.yml pricing and owner attestation 21 August 2026,UNSUPPORTED,remove the promise; say only that job-specific quotations and terms must be confirmed,True,True,REMOVED_WITHOUT_REPLACEMENT,,"owner attestation and remediation authority, 21 August 2026",False,False
LEG-0073,legacy_232,licence_insurance_accreditation,1126,concreters-harrington-park,suburb,publish,Licensed & Insured in Harrington Park,Licensed & Insured,_elementor_data:$[11].elements[1].elements[2].settings.title_text,icon-box,NONE — data/verified-facts.yml licensing; no contractor credential is authorised,UNSUPPORTED,remove or restate only as a requirement to verify the independent provider,True,True,REMOVED_WITHOUT_REPLACEMENT,,"owner attestation and remediation authority, 21 August 2026",False,False
LEG-0074,legacy_232,service_area_claim,1126,concreters-harrington-park,suburb,publish,AREAS WE COVER AROUND HARRINGTON PARK,AREAS WE COVER,_elementor_data:$[12].elements[1].elements[0].settings.title,heading,NONE — data/verified-facts.yml service_areas verified:false and empty,UNSUPPORTED,replace with non-service suburb information or remove,True,True,REMOVED_WITHOUT_REPLACEMENT,,"owner attestation and remediation authority, 21 August 2026",False,False
LEG-0075,legacy_232,false_verified_project_record,1126,concreters-harrington-park,suburb,publish,"For Harrington Park, the verified project record says: Under the Harrington Grove schedule of the Camden DCP, a driveway must be built across its full width in stencilled or stamped concrete, clay pavers or exposed aggregate — no portion may be uncoloured concrete. Width is 3m to 5.5m, average grade 1:6, and it must sit at least 500mm clear of kerb drainage structures and side fencing. Anyone quoting you a plain broom finish here has not read the controls.",verified project record says,_elementor_data:$[14].elements[2].elements[0].elements[0].settings.editor,text-editor,NONE — DECISION-06 D32: no Camden job completed or scheduled,UNSUPPORTED,remove false project-record framing; retain only separately sourced public facts,True,True,REMOVED_WITHOUT_REPLACEMENT,,"owner attestation and remediation authority, 21 August 2026",False,False
LEG-0076,legacy_232,false_verified_project_record,1126,concreters-harrington-park,suburb,publish,"For Harrington Park, the verified project record says: Established suburb on shale-derived clay. The 1990s–2000s driveways are now at 20–30 years and showing edge failure, settlement at the crossover, and cracking where the original slab was under-reinforced by today's standards.",verified project record says,_elementor_data:$[14].elements[2].elements[1].elements[0].settings.editor,text-editor,NONE — DECISION-06 D32: no Camden job completed or scheduled,UNSUPPORTED,remove false project-record framing; retain only separately sourced public facts,True,True,REMOVED_WITHOUT_REPLACEMENT,,"owner attestation and remediation authority, 21 August 2026",False,False
LEG-0077,legacy_232,false_verified_project_record,1126,concreters-harrington-park,suburb,publish,"For Harrington Park, the verified project record says: Camden Council Standard Driveway Crossing Application for a new or altered crossover. Like-for-like replacement inside the property boundary generally does not, but confirm before starting.",verified project record says,_elementor_data:$[14].elements[2].elements[2].elements[0].settings.editor,text-editor,NONE — DECISION-06 D32: no Camden job completed or scheduled,UNSUPPORTED,remove false project-record framing; retain only separately sourced public facts,True,True,REMOVED_WITHOUT_REPLACEMENT,,"owner attestation and remediation authority, 21 August 2026",False,False
LEG-0078,legacy_232,fixed_price_on_site_quote,1126,concreters-harrington-park,suburb,publish,"Concreting in Harrington Park 2567 for driveways, slabs, paths and crossovers, using the verified Camden Council approval path. Request an on-site quote.",on-site quote,postmeta:rank_math_description,meta,NONE — data/verified-facts.yml pricing and owner attestation 21 August 2026,UNSUPPORTED,remove the promise; say only that job-specific quotations and terms must be confirmed,True,True,NEUTRALISED_WITH_ATTESTED_OR_NONCLAIM_WORDING,Concreting information only. Council requirements must be checked for the specific property and proposed work.,"owner attestation and remediation authority, 21 August 2026; unsupported verified-council meta claim removed",False,False
LEG-0079,legacy_232,review_rating_testimonial,12,homepage,home,publish,Concrete testimonial 6 camden in the context of Concreters Camden,testimonial,_elementor_data:$[3].elements[1].settings.image.alt,image-box,NONE — data/verified-facts.yml reviews verified:false; permission_to_publish:false,UNSUPPORTED,remove review/testimonial claim,True,True,REMOVED_BY_REPORT_50_MEDIA_AND_D32,,DECISION-06 D32; owner-approved Report 49/Report 50 media plan,False,False
LEG-0080,legacy_232,review_rating_testimonial,12,homepage,home,publish,Concrete testimonial 3 camden in the context of Concreters Camden,testimonial,_elementor_data:$[4].elements[1].settings.image.alt,image,NONE — data/verified-facts.yml reviews verified:false; permission_to_publish:false,UNSUPPORTED,remove review/testimonial claim,True,True,REMOVED_BY_REPORT_50_MEDIA_AND_D32,,DECISION-06 D32; owner-approved Report 49/Report 50 media plan,False,False
LEG-0081,legacy_232,service_area_claim,12,homepage,home,publish,Concrete service areas,service areas,_elementor_data:$[6].elements[1].elements[0].elements[0].settings.title.value.content.value,e-heading,NONE — data/verified-facts.yml service_areas verified:false and empty,UNSUPPORTED,replace with non-service suburb information or remove,True,True,NEUTRALISED_WITH_ATTESTED_OR_NONCLAIM_WORDING,Suburb information,"owner attestation and remediation authority, 21 August 2026; unverified service-area heading neutralised",False,False
LEG-0082,legacy_232,service_area_claim,12,homepage,home,publish,"Tier 1 service areas are Oran Park , Leppington , Gregory Hills , Gledswood Hills , Austral and Harrington Park .",service areas,_elementor_data:$[6].elements[1].elements[2].elements[1].settings.editor,text-editor,NONE — data/verified-facts.yml service_areas verified:false and empty,UNSUPPORTED,replace with non-service suburb information or remove,True,True,NEUTRALISED_WITH_ATTESTED_OR_NONCLAIM_WORDING,&lt;p&gt;These suburb pages provide location-specific information only. Availability of a suitable independent provider must be confirmed for each enquiry.&lt;/p&gt;,"owner attestation and remediation authority, 21 August 2026; homepage service-area claim neutralised",False,False
LEG-0083,legacy_232,review_rating_testimonial,12,homepage,home,publish,[[PLACEHOLDER: verified Structure Co review text and permission to publish]],verified Structure Co review text,_elementor_data:$[7].elements[1].elements[0].elements[0].settings.testimonial_content,testimonial,NONE — data/verified-facts.yml reviews verified:false; permission_to_publish:false,UNSUPPORTED,remove review/testimonial claim,True,True,REMOVED_BY_REPORT_50_MEDIA_AND_D32,,DECISION-06 D32; owner-approved Report 49/Report 50 media plan,False,False
LEG-0084,legacy_232,review_rating_testimonial,12,homepage,home,publish,[[PLACEHOLDER: verified reviewer name]],verified reviewer name,_elementor_data:$[7].elements[1].elements[0].elements[0].settings.testimonial_name,testimonial,NONE — data/verified-facts.yml reviews verified:false; permission_to_publish:false,UNSUPPORTED,remove review/testimonial claim,True,True,REMOVED_BY_REPORT_50_MEDIA_AND_D32,,DECISION-06 D32; owner-approved Report 49/Report 50 media plan,False,False
LEG-0085,legacy_232,review_rating_testimonial,12,homepage,home,publish,[[PLACEHOLDER: verified Structure Co review text and permission to publish]],verified Structure Co review text,_elementor_data:$[7].elements[1].elements[1].elements[0].settings.testimonial_content,testimonial,NONE — data/verified-facts.yml reviews verified:false; permission_to_publish:false,UNSUPPORTED,remove review/testimonial claim,True,True,REMOVED_BY_REPORT_50_MEDIA_AND_D32,,DECISION-06 D32; owner-approved Report 49/Report 50 media plan,False,False
LEG-0086,legacy_232,review_rating_testimonial,12,homepage,home,publish,[[PLACEHOLDER: verified reviewer name]],verified reviewer name,_elementor_data:$[7].elements[1].elements[1].elements[0].settings.testimonial_name,testimonial,NONE — data/verified-facts.yml reviews verified:false; permission_to_publish:false,UNSUPPORTED,remove review/testimonial claim,True,True,REMOVED_BY_REPORT_50_MEDIA_AND_D32,,DECISION-06 D32; owner-approved Report 49/Report 50 media plan,False,False
LEG-0087,legacy_232,review_rating_testimonial,12,homepage,home,publish,[[PLACEHOLDER: verified Structure Co review text and permission to publish]],verified Structure Co review text,_elementor_data:$[7].elements[1].elements[2].elements[0].settings.testimonial_content,testimonial,NONE — data/verified-facts.yml reviews verified:false; permission_to_publish:false,UNSUPPORTED,remove review/testimonial claim,True,True,REMOVED_BY_REPORT_50_MEDIA_AND_D32,,DECISION-06 D32; owner-approved Report 49/Report 50 media plan,False,False
LEG-0088,legacy_232,review_rating_testimonial,12,homepage,home,publish,[[PLACEHOLDER: verified reviewer name]],verified reviewer name,_elementor_data:$[7].elements[1].elements[2].elements[0].settings.testimonial_name,testimonial,NONE — data/verified-facts.yml reviews verified:false; permission_to_publish:false,UNSUPPORTED,remove review/testimonial claim,True,True,REMOVED_BY_REPORT_50_MEDIA_AND_D32,,DECISION-06 D32; owner-approved Report 49/Report 50 media plan,False,False
LEG-0089,legacy_232,review_rating_testimonial_widget,12,homepage,home,publish,testimonial_content=[[PLACEHOLDER: verified Structure Co review text and permission to publish]] | testimonial_name=[[PLACEHOLDER: verified reviewer name]],testimonial,_elementor_data:$[7].elements[1].elements[0].elements[0],testimonial,NONE — reviews unverified; permission_to_publish:false,UNSUPPORTED,remove claim-bearing widget,True,True,REMOVED_BY_REPORT_50_MEDIA_AND_D32,,DECISION-06 D32; owner-approved Report 49/Report 50 media plan,False,False
LEG-0090,legacy_232,review_rating_testimonial_widget,12,homepage,home,publish,testimonial_content=[[PLACEHOLDER: verified Structure Co review text and permission to publish]] | testimonial_name=[[PLACEHOLDER: verified reviewer name]],testimonial,_elementor_data:$[7].elements[1].elements[1].elements[0],testimonial,NONE — reviews unverified; permission_to_publish:false,UNSUPPORTED,remove claim-bearing widget,True,True,REMOVED_BY_REPORT_50_MEDIA_AND_D32,,DECISION-06 D32; owner-approved Report 49/Report 50 media plan,False,False
LEG-0091,legacy_232,review_rating_testimonial_widget,12,homepage,home,publish,testimonial_content=[[PLACEHOLDER: verified Structure Co review text and permission to publish]] | testimonial_name=[[PLACEHOLDER: verified reviewer name]],testimonial,_elementor_data:$[7].elements[1].elements[2].elements[0],testimonial,NONE — reviews unverified; permission_to_publish:false,UNSUPPORTED,remove claim-bearing widget,True,True,REMOVED_BY_REPORT_50_MEDIA_AND_D32,,DECISION-06 D32; owner-approved Report 49/Report 50 media plan,False,False
LEG-0092,legacy_232,review_rating_testimonial,1364,about,utility,publish,"No licence, completed-project count or review claim is published until the operator supplies evidence. [[PLACEHOLDER: verified licence, insurance and operator profile]]",review,_elementor_data:$[2].elements[1].settings.editor,text-editor,data/verified-facts.yml reviews verified:false; permission_to_publish:false,SUPPORTED,retain; evidence condition satisfied,False,False,NEUTRALISED_WITH_ATTESTED_OR_NONCLAIM_WORDING,"&lt;p&gt;Structure Co Concreters Camden manages concreting enquiries and coordinates suitable independent providers. Job-specific quotations, contractual terms, licensing, insurance and warranty information must be confirmed before work begins.&lt;/p&gt;","owner attestation and remediation authority, 21 August 2026; about direct-contractor/credential placeholder replaced with role disclosure",False,False
LEG-0093,legacy_232,review_rating_testimonial,1364,about,utility,publish,"No licence, completed-project count or review claim is published until the operator supplies evidence. [[PLACEHOLDER: verified licence, insurance and operator profile]]",review,_elementor_data:$[5].elements[0].elements[1].elements[0].settings.editor,text-editor,data/verified-facts.yml reviews verified:false; permission_to_publish:false,SUPPORTED,retain; evidence condition satisfied,False,False,NEUTRALISED_WITH_ATTESTED_OR_NONCLAIM_WORDING,"&lt;p&gt;Structure Co Concreters Camden manages concreting enquiries and coordinates suitable independent providers. Job-specific quotations, contractual terms, licensing, insurance and warranty information must be confirmed before work begins.&lt;/p&gt;","owner attestation and remediation authority, 21 August 2026; about direct-contractor/credential placeholder replaced with role disclosure",False,False
LEG-0094,legacy_232,real_photo_pending_local_project,1365,gallery,utility,publish,"[[REAL_PHOTO_PENDING: project image, suburb, service, completion date and permission to publish]]","[[REAL_PHOTO_PENDING: project image, suburb, service, completion date and permission to publish]]",_elementor_data:$[2].elements[1].settings.editor,text-editor,NONE — DECISION-06 D32 and Report 50,UNSUPPORTED,remove the evidential local-work module,True,True,REMOVED_BY_REPORT_50_MEDIA_AND_D32,,DECISION-06 D32; owner-approved Report 49/Report 50 media plan,False,False
LEG-0095,legacy_232,real_photo_pending_local_project,1365,gallery,utility,publish,"[[REAL_PHOTO_PENDING: project image, suburb, service, completion date and permission to publish]]","[[REAL_PHOTO_PENDING: project image, suburb, service, completion date and permission to publish]]",_elementor_data:$[5].elements[0].elements[1].elements[0].settings.editor,text-editor,NONE — DECISION-06 D32 and Report 50,UNSUPPORTED,remove the evidential local-work module,True,True,REMOVED_BY_REPORT_50_MEDIA_AND_D32,,DECISION-06 D32; owner-approved Report 49/Report 50 media plan,False,False
LEG-0096,legacy_232,review_rating_testimonial,1367,shed-and-garage-slabs-south-west-sydney,service,publish,Concrete testimonial 6 camden in the context of Shed and Garage Slabs South West Sydney,testimonial,_elementor_data:$[1].elements[1].settings.image.alt,image,NONE — data/verified-facts.yml reviews verified:false; permission_to_publish:false,UNSUPPORTED,remove review/testimonial claim,True,True,REMOVED_BY_REPORT_50_MEDIA_AND_D32,,DECISION-06 D32; owner-approved Report 49/Report 50 media plan,False,False
LEG-0097,legacy_232,review_rating_testimonial,1367,shed-and-garage-slabs-south-west-sydney,service,publish,Concrete testimonial 3 camden in the context of Shed and Garage Slabs South West Sydney,testimonial,_elementor_data:$[3].elements[1].elements[0].settings.image.alt,image,NONE — data/verified-facts.yml reviews verified:false; permission_to_publish:false,UNSUPPORTED,remove review/testimonial claim,True,True,REMOVED_BY_REPORT_50_MEDIA_AND_D32,,DECISION-06 D32; owner-approved Report 49/Report 50 media plan,False,False
LEG-0098,legacy_232,review_rating_testimonial,1367,shed-and-garage-slabs-south-west-sydney,service,publish,Concrete testimonial 1 camden in the context of Shed and Garage Slabs South West Sydney,testimonial,_elementor_data:$[4].elements[1].elements[0].settings.image.alt,image,NONE — data/verified-facts.yml reviews verified:false; permission_to_publish:false,UNSUPPORTED,remove review/testimonial claim,True,True,REMOVED_BY_REPORT_50_MEDIA_AND_D32,,DECISION-06 D32; owner-approved Report 49/Report 50 media plan,False,False
LEG-0099,legacy_232,review_rating_testimonial,1367,shed-and-garage-slabs-south-west-sydney,service,publish,Concrete testimonial 2 camden in the context of Shed and Garage Slabs South West Sydney,testimonial,_elementor_data:$[6].elements[1].elements[0].settings.image.alt,image,NONE — data/verified-facts.yml reviews verified:false; permission_to_publish:false,UNSUPPORTED,remove review/testimonial claim,True,True,REMOVED_BY_REPORT_50_MEDIA_AND_D32,,DECISION-06 D32; owner-approved Report 49/Report 50 media plan,False,False
LEG-0100,legacy_232,review_rating_testimonial,1367,shed-and-garage-slabs-south-west-sydney,service,publish,Concrete testimonial 1 1 camden in the context of Shed and Garage Slabs South West Sydney,testimonial,_elementor_data:$[8].elements[1].settings.image.alt,image,NONE — data/verified-facts.yml reviews verified:false; permission_to_publish:false,UNSUPPORTED,remove review/testimonial claim,True,True,REMOVED_BY_REPORT_50_MEDIA_AND_D32,,DECISION-06 D32; owner-approved Report 49/Report 50 media plan,False,False
LEG-0101,legacy_232,review_rating_testimonial,195,concrete-patios-south-west-sydney,service,publish,Concrete testimonial 6 camden in the context of Concrete Patios and Alfresco Slabs South West Sydney,testimonial,_elementor_data:$[2].elements[1].elements[0].settings.image.alt,image,NONE — data/verified-facts.yml reviews verified:false; permission_to_publish:false,UNSUPPORTED,remove review/testimonial claim,True,True,REMOVED_BY_REPORT_50_MEDIA_AND_D32,,DECISION-06 D32; owner-approved Report 49/Report 50 media plan,False,False
LEG-0102,legacy_232,review_rating_testimonial,195,concrete-patios-south-west-sydney,service,publish,Concrete testimonial 3 camden in the context of Concrete Patios and Alfresco Slabs South West Sydney,testimonial,_elementor_data:$[3].elements[1].elements[0].settings.image.alt,image,NONE — data/verified-facts.yml reviews verified:false; permission_to_publish:false,UNSUPPORTED,remove review/testimonial claim,True,True,REMOVED_BY_REPORT_50_MEDIA_AND_D32,,DECISION-06 D32; owner-approved Report 49/Report 50 media plan,False,False
LEG-0103,legacy_232,review_rating_testimonial,195,concrete-patios-south-west-sydney,service,publish,Concrete testimonial 1 camden in the context of Concrete Patios and Alfresco Slabs South West Sydney,testimonial,_elementor_data:$[4].elements[1].elements[0].settings.image.alt,image,NONE — data/verified-facts.yml reviews verified:false; permission_to_publish:false,UNSUPPORTED,remove review/testimonial claim,True,True,REMOVED_BY_REPORT_50_MEDIA_AND_D32,,DECISION-06 D32; owner-approved Report 49/Report 50 media plan,False,False
LEG-0104,legacy_232,review_rating_testimonial,1420,concreters-appin,suburb,draft,Concrete testimonial 1 camden in the context of Concreters Appin,testimonial,_elementor_data:$[2].elements[0].settings.image.alt,image-box,NONE — data/verified-facts.yml reviews verified:false; permission_to_publish:false,UNSUPPORTED,remove review/testimonial claim,True,True,REMOVED_BY_REPORT_50_MEDIA_AND_D32,,DECISION-06 D32; owner-approved Report 49/Report 50 media plan,False,False
LEG-0105,legacy_232,review_rating_testimonial,1420,concreters-appin,suburb,draft,Concrete testimonial 2 camden in the context of Concreters Appin,testimonial,_elementor_data:$[2].elements[2].settings.image.alt,image-box,NONE — data/verified-facts.yml reviews verified:false; permission_to_publish:false,UNSUPPORTED,remove review/testimonial claim,True,True,REMOVED_BY_REPORT_50_MEDIA_AND_D32,,DECISION-06 D32; owner-approved Report 49/Report 50 media plan,False,False
LEG-0106,legacy_232,review_rating_testimonial,1420,concreters-appin,suburb,draft,Concrete testimonial 1 1 camden in the context of Concreters Appin,testimonial,_elementor_data:$[3].elements[0].settings.image.alt,image-box,NONE — data/verified-facts.yml reviews verified:false; permission_to_publish:false,UNSUPPORTED,remove review/testimonial claim,True,True,REMOVED_BY_REPORT_50_MEDIA_AND_D32,,DECISION-06 D32; owner-approved Report 49/Report 50 media plan,False,False
LEG-0107,legacy_232,review_rating_testimonial,1420,concreters-appin,suburb,draft,Concrete testimonial 1 1 camden in the context of Concreters Appin,testimonial,_elementor_data:$[3].elements[2].settings.image.alt,image-box,NONE — data/verified-facts.yml reviews verified:false; permission_to_publish:false,UNSUPPORTED,remove review/testimonial claim,True,True,REMOVED_BY_REPORT_50_MEDIA_AND_D32,,DECISION-06 D32; owner-approved Report 49/Report 50 media plan,False,False
LEG-0108,legacy_232,researched_job_record,1388,concreters-bringelly,suburb,draft,"The typical Bringelly workload includes Industrial and warehouse floor slabs, Truck hardstands and yard slabs, Rural access driveways and Shed and workshop floors. Preparation is matched to the verified Bringelly ground profile, the finished levels and the intended load rather than copied from a neighbouring suburb. Where the brief is business-facing, commercial concreting in Bringelly is scoped around the documented use and project requirements rather than domestic assumptions. The Bringelly evidence register identifies Western Sydney Aerotropolis SEPP and Liverpool LEP 2008 and records the local housing period as Rural acreage in transition to employment lands. Access evidence for Bringelly is anchored to The Northern Road, Bringelly Road and Greendale Road; the Bringelly locality references are Western Sydney International (Nancy-Bird Walton) Airport, Bradfield City Centre, Sydney Metro Western Sydney Airport line and M12 Motorway. The researched Bringelly job record contains Industrial and warehouse floor slabs, Truck hardstands and yard slabs, Rural access driveways and Shed and workshop floors. These Bringelly examples describe the supplied job mix rather than a claim about an unverified project. The unresolved Bringelly checks are framed by these supplied questions: What slab spec does a warehouse floor need near the Aerotropolis?, Do I need a salinity assessment before pouring an industrial slab? and Can you handle staged pours on a large yard?. Each Bringelly answer must retain its cited council, planning, engineering or operator source. The Bringelly development references supplied for research are Western Sydney Aerotropolis precincts and Bradfield City Centre. The Bringelly page treats those names as source leads, not as proof of a Structure Co project. The supplied Bringelly job weighting is new build 15%, replacement 5%, decorative 2% and commercial 78%. The Bringelly service emphasis follows that recorded mix. The Bringelly research brief assigns postcode 2556, authority VERIFY — Liverpool City Council / Camden Council boundary and primary query concreters bringelly. Those Bringelly identifiers must agree across the import record. The supplied Bringelly query set is concreter bringelly, industrial slab bringelly, rural driveway bringelly, hardstand aerotropolis and warehouse floor western sydney airport. The Bringelly body uses that set only where the researched ground, approval or job evidence supports the wording. Bringelly separates its concrete slabs evidence from the general Bringelly brief; Concrete Slabs in Bringelly carries that service decision.",The researched Bringelly job record contains,_elementor_data:$[6].elements[1].elements[0].elements[1].settings.editor,text-editor,NONE — DECISION-06 D32: no Camden job record exists,UNSUPPORTED,remove the invented job-record construction,True,True,REMOVED_WITHOUT_REPLACEMENT,,"owner attestation and remediation authority, 21 August 2026; invented researched-job-record construction removed",False,False
LEG-0109,legacy_232,real_photo_pending_local_project,1388,concreters-bringelly,suburb,draft,[[REAL_PHOTO_PENDING: verified Structure Co project in Bringelly]],[[REAL_PHOTO_PENDING: verified Structure Co project in Bringelly]],_elementor_data:$[10].elements[0].elements[1].settings.editor,text-editor,NONE — DECISION-06 D32 and Report 50,UNSUPPORTED,remove the evidential local-work module,True,True,REMOVED_BY_REPORT_50_MEDIA_AND_D32,,DECISION-06 D32; owner-approved Report 49/Report 50 media plan,False,False
LEG-0110,legacy_232,real_photo_pending_local_project,1388,concreters-bringelly,suburb,draft,[[REAL_PHOTO_PENDING: verified Structure Co project in Bringelly]],[[REAL_PHOTO_PENDING: verified Structure Co project in Bringelly]],_elementor_data:$[10].elements[1].elements[1].settings.editor,text-editor,NONE — DECISION-06 D32 and Report 50,UNSUPPORTED,remove the evidential local-work module,True,True,REMOVED_BY_REPORT_50_MEDIA_AND_D32,,DECISION-06 D32; owner-approved Report 49/Report 50 media plan,False,False
LEG-0111,legacy_232,real_photo_pending_local_project,1388,concreters-bringelly,suburb,draft,[[REAL_PHOTO_PENDING: verified Structure Co project in Bringelly]],[[REAL_PHOTO_PENDING: verified Structure Co project in Bringelly]],_elementor_data:$[10].elements[2].elements[1].settings.editor,text-editor,NONE — DECISION-06 D32 and Report 50,UNSUPPORTED,remove the evidential local-work module,True,True,REMOVED_BY_REPORT_50_MEDIA_AND_D32,,DECISION-06 D32; owner-approved Report 49/Report 50 media plan,False,False
LEG-0112,legacy_232,fixed_price_on_site_quote,1388,concreters-bringelly,suburb,draft,Fixed-Price On-Site Quotes in Oran Park in Bringelly,Fixed-Price On-Site Quotes,_elementor_data:$[11].elements[1].elements[0].settings.title_text,icon-box,NONE — data/verified-facts.yml pricing and owner attestation 21 August 2026,UNSUPPORTED,remove the promise; say only that job-specific quotations and terms must be confirmed,True,True,REMOVED_WITHOUT_REPLACEMENT,,"owner attestation and remediation authority, 21 August 2026",False,False
LEG-0113,legacy_232,licence_insurance_accreditation,1388,concreters-bringelly,suburb,draft,Licensed & Insured in Bringelly,Licensed & Insured,_elementor_data:$[11].elements[1].elements[2].settings.title_text,icon-box,NONE — data/verified-facts.yml licensing; no contractor credential is authorised,UNSUPPORTED,remove or restate only as a requirement to verify the independent provider,True,True,REMOVED_WITHOUT_REPLACEMENT,,"owner attestation and remediation authority, 21 August 2026",False,False
LEG-0114,legacy_232,service_area_claim,1388,concreters-bringelly,suburb,draft,AREAS WE COVER AROUND BRINGELLY,AREAS WE COVER,_elementor_data:$[12].elements[1].elements[0].settings.title,heading,NONE — data/verified-facts.yml service_areas verified:false and empty,UNSUPPORTED,replace with non-service suburb information or remove,True,True,REMOVED_WITHOUT_REPLACEMENT,,"owner attestation and remediation authority, 21 August 2026",False,False
LEG-0115,legacy_232,false_verified_project_record,1388,concreters-bringelly,suburb,draft,"For Bringelly, the verified project record says: Bringelly is the closest residential locality to the Aerotropolis build-out. Western Sydney International opens to freight from July 2026 and passengers in October 2026, and private project value around the Aerotropolis has risen from $9.8bn to $21.6bn in fourteen months. That reshapes the work here from domestic driveways to industrial floors, hardstands and yard slabs — and toward B2B clients who tender rather than take a homeowner quote.",verified project record says,_elementor_data:$[14].elements[2].elements[0].elements[0].settings.editor,text-editor,NONE — DECISION-06 D32: no Camden job completed or scheduled,UNSUPPORTED,remove false project-record framing; retain only separately sourced public facts,True,True,REPLACED_WITH_OFFICIAL_LIVERPOOL_EVIDENCE,,https://www.liverpool.nsw.gov.au/__data/assets/pdf_file/0003/286329/VEHICULAR-CROSSING-APPLICATION-FORM-March-2026v1.pdf; accessed 2026-08-21,False,False
LEG-0116,legacy_232,false_verified_project_record,1388,concreters-bringelly,suburb,draft,"For Bringelly, the verified project record says: Rural profiles with documented sulfate concentrations near creek lines in western Sydney. Salinity and aggressivity assessment under AS 2159 is a real input on industrial slabs here, not a formality.",verified project record says,_elementor_data:$[14].elements[2].elements[1].elements[0].settings.editor,text-editor,NONE — DECISION-06 D32: no Camden job completed or scheduled,UNSUPPORTED,remove false project-record framing; retain only separately sourced public facts,True,True,REPLACED_WITH_OFFICIAL_LIVERPOOL_EVIDENCE,,https://www.liverpool.nsw.gov.au/__data/assets/pdf_file/0003/286329/VEHICULAR-CROSSING-APPLICATION-FORM-March-2026v1.pdf; accessed 2026-08-21,False,False
LEG-0117,legacy_232,false_verified_project_record,1388,concreters-bringelly,suburb,draft,"For Bringelly, the verified project record says: VERIFY the governing LGA per lot on the NSW Planning Portal before quoting. Industrial slabs typically sit under DA conditions rather than a standalone driveway application.",verified project record says,_elementor_data:$[14].elements[2].elements[2].elements[0].settings.editor,text-editor,NONE — DECISION-06 D32: no Camden job completed or scheduled,UNSUPPORTED,remove false project-record framing; retain only separately sourced public facts,True,True,REPLACED_WITH_OFFICIAL_LIVERPOOL_EVIDENCE,,https://www.liverpool.nsw.gov.au/__data/assets/pdf_file/0003/286329/VEHICULAR-CROSSING-APPLICATION-FORM-March-2026v1.pdf; accessed 2026-08-21,False,False
LEG-0118,legacy_232,review_rating_testimonial,1371,concreters-catherine-field,suburb,draft,Concrete testimonial 6 camden in the context of Concreters Catherine Field,testimonial,_elementor_data:$[3].elements[1].settings.image.alt,image-box,NONE — data/verified-facts.yml reviews verified:false; permission_to_publish:false,UNSUPPORTED,remove review/testimonial claim,True,True,REMOVED_BY_REPORT_50_MEDIA_AND_D32,,DECISION-06 D32; owner-approved Report 49/Report 50 media plan,False,False
LEG-0119,legacy_232,review_rating_testimonial,1371,concreters-catherine-field,suburb,draft,Concrete testimonial 3 camden in the context of Concreters Catherine Field,testimonial,_elementor_data:$[5].elements[1].elements[0].settings.image.alt,image,NONE — data/verified-facts.yml reviews verified:false; permission_to_publish:false,UNSUPPORTED,remove review/testimonial claim,True,True,REMOVED_BY_REPORT_50_MEDIA_AND_D32,,DECISION-06 D32; owner-approved Report 49/Report 50 media plan,False,False
LEG-0120,legacy_232,review_rating_testimonial,1371,concreters-catherine-field,suburb,draft,Concrete testimonial 1 camden in the context of Concreters Catherine Field,testimonial,_elementor_data:$[6].elements[0].elements[0].settings.image.alt,image,NONE — data/verified-facts.yml reviews verified:false; permission_to_publish:false,UNSUPPORTED,remove review/testimonial claim,True,True,REMOVED_BY_REPORT_50_MEDIA_AND_D32,,DECISION-06 D32; owner-approved Report 49/Report 50 media plan,False,False
LEG-0121,legacy_232,researched_job_record,1371,concreters-catherine-field,suburb,draft,"The typical Catherine Field workload includes New-release urban driveways and crossovers, Long rural access driveways with dish crossings, Machinery and shed hardstand on acreage and Alfresco slabs. Preparation is matched to the verified Catherine Field ground profile, the finished levels and the intended load rather than copied from a neighbouring suburb. The Catherine Field evidence register identifies Camden Growth Centres LEP 2008 and Catherine Field (Part) Precinct DCP and records the local housing period as 2018–present new release alongside retained rural acreage. Access evidence for Catherine Field is anchored to Camden Valley Way, Oran Park Drive, Catherine Field Road and Sussex Street; the Catherine Field locality references are Catherine Park House, Western Sydney Aerotropolis corridor and St Benedict's Catholic College. The researched Catherine Field job record contains New-release urban driveways and crossovers, Long rural access driveways with dish crossings, Machinery and shed hardstand on acreage and Alfresco slabs. These Catherine Field examples describe the supplied job mix rather than a claim about an unverified project. The unresolved Catherine Field checks are framed by these supplied questions: Do I need a dish crossing or a pipe crossing on my acreage block?, How thick should a rural access driveway be for truck traffic? and Does the bitumen shoulder seal come with the driveway quote?. Each Catherine Field answer must retain its cited council, planning, engineering or operator source. The Catherine Field development references supplied for research are Catherine Park Estate and new release stages. The Catherine Field page treats those names as source leads, not as proof of a Structure Co project. The supplied Catherine Field job weighting is new build 70%, replacement 5%, decorative 10% and commercial 15%. The Catherine Field service emphasis follows that recorded mix. The Catherine Field research brief assigns postcode 2557, authority Camden Council and primary query concreters catherine field. Those Catherine Field identifiers must agree across the import record. The supplied Catherine Field query set is concreter catherine field, concrete driveway catherine field, rural driveway catherine field, shed slab catherine field and concrete slab catherine field 2557. The Catherine Field body uses that set only where the researched ground, approval or job evidence supports the wording. Catherine Field separates its shed and garage slabs evidence from the general Catherine Field brief; Shed and Garage Slabs in Catherine Field carries that service decision.",The researched Catherine Field job record contains,_elementor_data:$[6].elements[1].elements[0].elements[1].settings.editor,text-editor,NONE — DECISION-06 D32: no Camden job record exists,UNSUPPORTED,remove the invented job-record construction,True,True,REMOVED_WITHOUT_REPLACEMENT,,"owner attestation and remediation authority, 21 August 2026; invented researched-job-record construction removed",False,False
LEG-0122,legacy_232,review_rating_testimonial,1371,concreters-catherine-field,suburb,draft,Concrete testimonial 2 camden in the context of Concreters Catherine Field,testimonial,_elementor_data:$[8].elements[0].elements[0].elements[0].settings.image.alt,image,NONE — data/verified-facts.yml reviews verified:false; permission_to_publish:false,UNSUPPORTED,remove review/testimonial claim,True,True,REMOVED_BY_REPORT_50_MEDIA_AND_D32,,DECISION-06 D32; owner-approved Report 49/Report 50 media plan,False,False
LEG-0123,legacy_232,review_rating_testimonial,1371,concreters-catherine-field,suburb,draft,Concrete testimonial 1 1 camden in the context of Concreters Catherine Field,testimonial,_elementor_data:$[10].elements[0].elements[0].settings.image.alt,image,NONE — data/verified-facts.yml reviews verified:false; permission_to_publish:false,UNSUPPORTED,remove review/testimonial claim,True,True,REMOVED_BY_REPORT_50_MEDIA_AND_D32,,DECISION-06 D32; owner-approved Report 49/Report 50 media plan,False,False
LEG-0124,legacy_232,real_photo_pending_local_project,1371,concreters-catherine-field,suburb,draft,[[REAL_PHOTO_PENDING: verified Structure Co project in Catherine Field]],[[REAL_PHOTO_PENDING: verified Structure Co project in Catherine Field]],_elementor_data:$[10].elements[0].elements[1].settings.editor,text-editor,NONE — DECISION-06 D32 and Report 50,UNSUPPORTED,remove the evidential local-work module,True,True,REMOVED_BY_REPORT_50_MEDIA_AND_D32,,DECISION-06 D32; owner-approved Report 49/Report 50 media plan,False,False
LEG-0125,legacy_232,real_photo_pending_local_project,1371,concreters-catherine-field,suburb,draft,[[REAL_PHOTO_PENDING: verified Structure Co project in Catherine Field]],[[REAL_PHOTO_PENDING: verified Structure Co project in Catherine Field]],_elementor_data:$[10].elements[1].elements[1].settings.editor,text-editor,NONE — DECISION-06 D32 and Report 50,UNSUPPORTED,remove the evidential local-work module,True,True,REMOVED_BY_REPORT_50_MEDIA_AND_D32,,DECISION-06 D32; owner-approved Report 49/Report 50 media plan,False,False
LEG-0126,legacy_232,real_photo_pending_local_project,1371,concreters-catherine-field,suburb,draft,[[REAL_PHOTO_PENDING: verified Structure Co project in Catherine Field]],[[REAL_PHOTO_PENDING: verified Structure Co project in Catherine Field]],_elementor_data:$[10].elements[2].elements[1].settings.editor,text-editor,NONE — DECISION-06 D32 and Report 50,UNSUPPORTED,remove the evidential local-work module,True,True,REMOVED_BY_REPORT_50_MEDIA_AND_D32,,DECISION-06 D32; owner-approved Report 49/Report 50 media plan,False,False
LEG-0127,legacy_232,fixed_price_on_site_quote,1371,concreters-catherine-field,suburb,draft,Fixed-Price On-Site Quotes in Oran Park,Fixed-Price On-Site Quotes,_elementor_data:$[11].elements[1].elements[0].settings.title_text,icon-box,NONE — data/verified-facts.yml pricing and owner attestation 21 August 2026,UNSUPPORTED,remove the promise; say only that job-specific quotations and terms must be confirmed,True,True,REMOVED_WITHOUT_REPLACEMENT,,"owner attestation and remediation authority, 21 August 2026",False,False
LEG-0128,legacy_232,licence_insurance_accreditation,1371,concreters-catherine-field,suburb,draft,Licensed & Insured,Licensed & Insured,_elementor_data:$[11].elements[1].elements[2].settings.title_text,icon-box,NONE — data/verified-facts.yml licensing; no contractor credential is authorised,UNSUPPORTED,remove or restate only as a requirement to verify the independent provider,True,True,REMOVED_WITHOUT_REPLACEMENT,,"owner attestation and remediation authority, 21 August 2026",False,False
LEG-0129,legacy_232,service_area_claim,1371,concreters-catherine-field,suburb,draft,AREAS WE COVER AROUND CATHERINE FIELD,AREAS WE COVER,_elementor_data:$[12].elements[1].elements[0].settings.title,heading,NONE — data/verified-facts.yml service_areas verified:false and empty,UNSUPPORTED,replace with non-service suburb information or remove,True,True,REMOVED_WITHOUT_REPLACEMENT,,"owner attestation and remediation authority, 21 August 2026",False,False
LEG-0130,legacy_232,false_verified_project_record,1371,concreters-catherine-field,suburb,draft,"For Catherine Field, the verified project record says: Catherine Field is mid-transition. On one street you're pouring a 4.5m urban crossover to Camden's 32 MPa / 125mm / SL72 standard; two streets over you're on an RU acreage lot where Council requires a standard concrete dish crossing aligned to the table drain invert and a bitumen shoulder seal back to the existing pavement. Two completely different specs in the same suburb.",verified project record says,_elementor_data:$[14].elements[2].elements[0].elements[0].settings.editor,text-editor,NONE — DECISION-06 D32: no Camden job completed or scheduled,UNSUPPORTED,remove false project-record framing; retain only separately sourced public facts,True,True,REMOVED_WITHOUT_REPLACEMENT,,"owner attestation and remediation authority, 21 August 2026",False,False
LEG-0131,legacy_232,false_verified_project_record,1371,concreters-catherine-field,suburb,draft,"For Catherine Field, the verified project record says: Shale clay, engineered fill in the new releases, undisturbed profile on the remaining acreage. Rural lots often need a longer, thicker access section to carry delivery and machinery traffic.",verified project record says,_elementor_data:$[14].elements[2].elements[1].elements[0].settings.editor,text-editor,NONE — DECISION-06 D32: no Camden job completed or scheduled,UNSUPPORTED,remove false project-record framing; retain only separately sourced public facts,True,True,REMOVED_WITHOUT_REPLACEMENT,,"owner attestation and remediation authority, 21 August 2026",False,False
LEG-0132,legacy_232,false_verified_project_record,1371,concreters-catherine-field,suburb,draft,"For Catherine Field, the verified project record says: Urban lots: Camden Standard Residential Driveway Crossing Application. Rural lots: rural residential driveway spec with dish crossing; pipe crossings only by Council approval.",verified project record says,_elementor_data:$[14].elements[2].elements[2].elements[0].settings.editor,text-editor,NONE — DECISION-06 D32: no Camden job completed or scheduled,UNSUPPORTED,remove false project-record framing; retain only separately sourced public facts,True,True,REMOVED_WITHOUT_REPLACEMENT,,"owner attestation and remediation authority, 21 August 2026",False,False
LEG-0133,legacy_232,fixed_price_on_site_quote,1371,concreters-catherine-field,suburb,draft,"Concreting in Catherine Field 2557 for driveways, slabs, paths and crossovers, using the verified Camden Council approval path. Request an on-site quote.",on-site quote,postmeta:rank_math_description,meta,NONE — data/verified-facts.yml pricing and owner attestation 21 August 2026,UNSUPPORTED,remove the promise; say only that job-specific quotations and terms must be confirmed,True,True,NEUTRALISED_WITH_ATTESTED_OR_NONCLAIM_WORDING,Concreting information only. Council requirements must be checked for the specific property and proposed work.,"owner attestation and remediation authority, 21 August 2026; unsupported verified-council meta claim removed",False,False
LEG-0134,legacy_232,researched_job_record,1379,concreters-cobbitty,suburb,draft,"The typical Cobbitty workload includes Long rural access driveways, Dish crossings and shoulder seals, Machinery shed floors and hardstands and Stable and workshop slabs. Preparation is matched to the verified Cobbitty ground profile, the finished levels and the intended load rather than copied from a neighbouring suburb. Where the brief is business-facing, commercial concreting in Cobbitty is scoped around the documented use and project requirements rather than domestic assumptions. The Cobbitty evidence register identifies Camden LEP 2010, Camden Growth Centres LEP 2008 and Rural residential driveway specification and records the local housing period as Rural acreage plus emerging new release. Access evidence for Cobbitty is anchored to Cobbitty Road, The Northern Road and Werombi Road; the Cobbitty locality references are Cobbitty Village, Heritage Cobbitty church precinct, University of Sydney Camden campus and Western Sydney Airport corridor. The researched Cobbitty job record contains Long rural access driveways, Dish crossings and shoulder seals, Machinery shed floors and hardstands and Stable and workshop slabs. These Cobbitty examples describe the supplied job mix rather than a claim about an unverified project. The unresolved Cobbitty checks are framed by these supplied questions: Do I need a dish crossing or a pipe crossing?, Who pays for the bitumen shoulder seal? and How thick should a machinery shed floor be?. Each Cobbitty answer must retain its cited council, planning, engineering or operator source. The Cobbitty development references supplied for research are Cobbitty new release and RU1 acreage holdings. The Cobbitty page treats those names as source leads, not as proof of a Structure Co project. The supplied Cobbitty job weighting is new build 35%, replacement 10%, decorative 5% and commercial 50%. The Cobbitty service emphasis follows that recorded mix. The Cobbitty research brief assigns postcode 2570, authority Camden Council and primary query concreters cobbitty. Those Cobbitty identifiers must agree across the import record. The supplied Cobbitty query set is concreter cobbitty, rural driveway cobbitty, shed slab cobbitty, machinery hardstand cobbitty and concrete acreage driveway camden. The Cobbitty body uses that set only where the researched ground, approval or job evidence supports the wording. Cobbitty separates its commercial concreting evidence from the general Cobbitty brief; Commercial Concreting in Cobbitty carries that service decision.",The researched Cobbitty job record contains,_elementor_data:$[6].elements[1].elements[0].elements[1].settings.editor,text-editor,NONE — DECISION-06 D32: no Camden job record exists,UNSUPPORTED,remove the invented job-record construction,True,True,REMOVED_WITHOUT_REPLACEMENT,,"owner attestation and remediation authority, 21 August 2026; invented researched-job-record construction removed",False,False
LEG-0135,legacy_232,real_photo_pending_local_project,1379,concreters-cobbitty,suburb,draft,[[REAL_PHOTO_PENDING: verified Structure Co project in Cobbitty]],[[REAL_PHOTO_PENDING: verified Structure Co project in Cobbitty]],_elementor_data:$[10].elements[0].elements[1].settings.editor,text-editor,NONE — DECISION-06 D32 and Report 50,UNSUPPORTED,remove the evidential local-work module,True,True,REMOVED_BY_REPORT_50_MEDIA_AND_D32,,DECISION-06 D32; owner-approved Report 49/Report 50 media plan,False,False
LEG-0136,legacy_232,real_photo_pending_local_project,1379,concreters-cobbitty,suburb,draft,[[REAL_PHOTO_PENDING: verified Structure Co project in Cobbitty]],[[REAL_PHOTO_PENDING: verified Structure Co project in Cobbitty]],_elementor_data:$[10].elements[1].elements[1].settings.editor,text-editor,NONE — DECISION-06 D32 and Report 50,UNSUPPORTED,remove the evidential local-work module,True,True,REMOVED_BY_REPORT_50_MEDIA_AND_D32,,DECISION-06 D32; owner-approved Report 49/Report 50 media plan,False,False
LEG-0137,legacy_232,real_photo_pending_local_project,1379,concreters-cobbitty,suburb,draft,[[REAL_PHOTO_PENDING: verified Structure Co project in Cobbitty]],[[REAL_PHOTO_PENDING: verified Structure Co project in Cobbitty]],_elementor_data:$[10].elements[2].elements[1].settings.editor,text-editor,NONE — DECISION-06 D32 and Report 50,UNSUPPORTED,remove the evidential local-work module,True,True,REMOVED_BY_REPORT_50_MEDIA_AND_D32,,DECISION-06 D32; owner-approved Report 49/Report 50 media plan,False,False
LEG-0138,legacy_232,fixed_price_on_site_quote,1379,concreters-cobbitty,suburb,draft,Fixed-Price On-Site Quotes in Oran Park,Fixed-Price On-Site Quotes,_elementor_data:$[11].elements[1].elements[0].settings.title_text,icon-box,NONE — data/verified-facts.yml pricing and owner attestation 21 August 2026,UNSUPPORTED,remove the promise; say only that job-specific quotations and terms must be confirmed,True,True,REMOVED_WITHOUT_REPLACEMENT,,"owner attestation and remediation authority, 21 August 2026",False,False
LEG-0139,legacy_232,licence_insurance_accreditation,1379,concreters-cobbitty,suburb,draft,Licensed & Insured,Licensed & Insured,_elementor_data:$[11].elements[1].elements[2].settings.title_text,icon-box,NONE — data/verified-facts.yml licensing; no contractor credential is authorised,UNSUPPORTED,remove or restate only as a requirement to verify the independent provider,True,True,REMOVED_WITHOUT_REPLACEMENT,,"owner attestation and remediation authority, 21 August 2026",False,False
LEG-0140,legacy_232,service_area_claim,1379,concreters-cobbitty,suburb,draft,AREAS WE COVER AROUND COBBITTY,AREAS WE COVER,_elementor_data:$[12].elements[1].elements[0].settings.title,heading,NONE — data/verified-facts.yml service_areas verified:false and empty,UNSUPPORTED,replace with non-service suburb information or remove,True,True,REMOVED_WITHOUT_REPLACEMENT,,"owner attestation and remediation authority, 21 August 2026",False,False
LEG-0141,legacy_232,false_verified_project_record,1379,concreters-cobbitty,suburb,draft,"For Cobbitty, the verified project record says: Cobbitty is where Camden's rural driveway specification actually bites. There's no kerb and gutter on most frontages, so Council requires a standard concrete dish crossing aligned to the table drain invert, plus a bitumen shoulder seal from the dish back to the edge of the existing road pavement. A pipe crossing is only permitted where a dish won't provide suitable access, and only with Council approval. That's three separate scope items most quotes leave off.",verified project record says,_elementor_data:$[14].elements[2].elements[0].elements[0].settings.editor,text-editor,NONE — DECISION-06 D32: no Camden job completed or scheduled,UNSUPPORTED,remove false project-record framing; retain only separately sourced public facts,True,True,REMOVED_WITHOUT_REPLACEMENT,,"owner attestation and remediation authority, 21 August 2026",False,False
LEG-0142,legacy_232,false_verified_project_record,1379,concreters-cobbitty,suburb,draft,"For Cobbitty, the verified project record says: Undisturbed shale and alluvial profiles, no engineered fill. Long access runs need a thicker section and proper crossfall to survive delivery trucks and machinery.",verified project record says,_elementor_data:$[14].elements[2].elements[1].elements[0].settings.editor,text-editor,NONE — DECISION-06 D32: no Camden job completed or scheduled,UNSUPPORTED,remove false project-record framing; retain only separately sourced public facts,True,True,REMOVED_WITHOUT_REPLACEMENT,,"owner attestation and remediation authority, 21 August 2026",False,False
LEG-0143,legacy_232,false_verified_project_record,1379,concreters-cobbitty,suburb,draft,"For Cobbitty, the verified project record says: Rural residential driveway specification via Camden Council. Dish crossing standard; pipe crossing by approval only. Bitumen shoulder seal required.",verified project record says,_elementor_data:$[14].elements[2].elements[2].elements[0].settings.editor,text-editor,NONE — DECISION-06 D32: no Camden job completed or scheduled,UNSUPPORTED,remove false project-record framing; retain only separately sourced public facts,True,True,REMOVED_WITHOUT_REPLACEMENT,,"owner attestation and remediation authority, 21 August 2026",False,False
LEG-0144,legacy_232,fixed_price_on_site_quote,1379,concreters-cobbitty,suburb,draft,"Concreting in Cobbitty 2570 for driveways, slabs, paths and crossovers, using the verified Camden Council approval path. Request an on-site quote.",on-site quote,postmeta:rank_math_description,meta,NONE — data/verified-facts.yml pricing and owner attestation 21 August 2026,UNSUPPORTED,remove the promise; say only that job-specific quotations and terms must be confirmed,True,True,NEUTRALISED_WITH_ATTESTED_OR_NONCLAIM_WORDING,Concreting information only. Council requirements must be checked for the specific property and proposed work.,"owner attestation and remediation authority, 21 August 2026; unsupported verified-council meta claim removed",False,False
LEG-0145,legacy_232,researched_job_record,1376,concreters-currans-hill,suburb,draft,"The typical Currans Hill workload includes Short driveway replacement, Crossover and layback repair, Side path and gate access and Small shed slabs. Preparation is matched to the verified Currans Hill ground profile, the finished levels and the intended load rather than copied from a neighbouring suburb. The Currans Hill evidence register identifies Camden LEP 2010 and Camden DCP 2019 and records the local housing period as 1990–2000. Access evidence for Currans Hill is anchored to Kellerman Drive, Narellan Road and Waterworth Drive; the Currans Hill locality references are Currans Hill Public School and Narellan Town Centre (adjacent). The researched Currans Hill job record contains Short driveway replacement, Crossover and layback repair, Side path and gate access and Small shed slabs. These Currans Hill examples describe the supplied job mix rather than a claim about an unverified project. The unresolved Currans Hill checks are framed by these supplied questions: Why does my driveway sink at the gutter?, Can I widen a single driveway to double on a small lot? and How long does a small driveway replacement take?. Each Currans Hill answer must retain its cited council, planning, engineering or operator source. The Currans Hill development references supplied for research are Currans Hill 1990s subdivision. The Currans Hill page treats those names as source leads, not as proof of a Structure Co project. The supplied Currans Hill job weighting is new build 5%, replacement 60%, decorative 25% and commercial 10%. The Currans Hill service emphasis follows that recorded mix. The Currans Hill research brief assigns postcode 2567, authority Camden Council and primary query concreters currans hill. Those Currans Hill identifiers must agree across the import record. The supplied Currans Hill query set is concreter currans hill, concrete driveway currans hill, driveway replacement currans hill and shed slab currans hill. The Currans Hill body uses that set only where the researched ground, approval or job evidence supports the wording. Currans Hill separates its concrete driveway replacement evidence from the general Currans Hill brief; Concrete Driveway Replacement in Currans Hill carries that service decision.",The researched Currans Hill job record contains,_elementor_data:$[6].elements[1].elements[0].elements[1].settings.editor,text-editor,NONE — DECISION-06 D32: no Camden job record exists,UNSUPPORTED,remove the invented job-record construction,True,True,REMOVED_WITHOUT_REPLACEMENT,,"owner attestation and remediation authority, 21 August 2026; invented researched-job-record construction removed",False,False
LEG-0146,legacy_232,real_photo_pending_local_project,1376,concreters-currans-hill,suburb,draft,[[REAL_PHOTO_PENDING: verified Structure Co project in Currans Hill]],[[REAL_PHOTO_PENDING: verified Structure Co project in Currans Hill]],_elementor_data:$[10].elements[0].elements[1].settings.editor,text-editor,NONE — DECISION-06 D32 and Report 50,UNSUPPORTED,remove the evidential local-work module,True,True,REMOVED_BY_REPORT_50_MEDIA_AND_D32,,DECISION-06 D32; owner-approved Report 49/Report 50 media plan,False,False
LEG-0147,legacy_232,real_photo_pending_local_project,1376,concreters-currans-hill,suburb,draft,[[REAL_PHOTO_PENDING: verified Structure Co project in Currans Hill]],[[REAL_PHOTO_PENDING: verified Structure Co project in Currans Hill]],_elementor_data:$[10].elements[1].elements[1].settings.editor,text-editor,NONE — DECISION-06 D32 and Report 50,UNSUPPORTED,remove the evidential local-work module,True,True,REMOVED_BY_REPORT_50_MEDIA_AND_D32,,DECISION-06 D32; owner-approved Report 49/Report 50 media plan,False,False
LEG-0148,legacy_232,real_photo_pending_local_project,1376,concreters-currans-hill,suburb,draft,[[REAL_PHOTO_PENDING: verified Structure Co project in Currans Hill]],[[REAL_PHOTO_PENDING: verified Structure Co project in Currans Hill]],_elementor_data:$[10].elements[2].elements[1].settings.editor,text-editor,NONE — DECISION-06 D32 and Report 50,UNSUPPORTED,remove the evidential local-work module,True,True,REMOVED_BY_REPORT_50_MEDIA_AND_D32,,DECISION-06 D32; owner-approved Report 49/Report 50 media plan,False,False
LEG-0149,legacy_232,fixed_price_on_site_quote,1376,concreters-currans-hill,suburb,draft,Fixed-Price On-Site Quotes in Oran Park in Currans Hill,Fixed-Price On-Site Quotes,_elementor_data:$[11].elements[1].elements[0].settings.title_text,icon-box,NONE — data/verified-facts.yml pricing and owner attestation 21 August 2026,UNSUPPORTED,remove the promise; say only that job-specific quotations and terms must be confirmed,True,True,REMOVED_WITHOUT_REPLACEMENT,,"owner attestation and remediation authority, 21 August 2026",False,False
LEG-0150,legacy_232,licence_insurance_accreditation,1376,concreters-currans-hill,suburb,draft,Licensed & Insured in Currans Hill,Licensed & Insured,_elementor_data:$[11].elements[1].elements[2].settings.title_text,icon-box,NONE — data/verified-facts.yml licensing; no contractor credential is authorised,UNSUPPORTED,remove or restate only as a requirement to verify the independent provider,True,True,REMOVED_WITHOUT_REPLACEMENT,,"owner attestation and remediation authority, 21 August 2026",False,False
LEG-0151,legacy_232,service_area_claim,1376,concreters-currans-hill,suburb,draft,AREAS WE COVER AROUND CURRANS HILL,AREAS WE COVER,_elementor_data:$[12].elements[1].elements[0].settings.title,heading,NONE — data/verified-facts.yml service_areas verified:false and empty,UNSUPPORTED,replace with non-service suburb information or remove,True,True,REMOVED_WITHOUT_REPLACEMENT,,"owner attestation and remediation authority, 21 August 2026",False,False
LEG-0152,legacy_232,false_verified_project_record,1376,concreters-currans-hill,suburb,draft,"For Currans Hill, the verified project record says: Currans Hill was one of the first 1990s Camden subdivisions and its lots are noticeably smaller than Mount Annan or Harrington Park. Driveways are short, single-width and heavily trafficked, and the common failure is settlement at the layback rather than mid-slab cracking — which changes whether you're repairing the crossover or the driveway.",verified project record says,_elementor_data:$[14].elements[2].elements[0].elements[0].settings.editor,text-editor,NONE — DECISION-06 D32: no Camden job completed or scheduled,UNSUPPORTED,remove false project-record framing; retain only separately sourced public facts,True,True,REMOVED_WITHOUT_REPLACEMENT,,"owner attestation and remediation authority, 21 August 2026",False,False
LEG-0153,legacy_232,false_verified_project_record,1376,concreters-currans-hill,suburb,draft,"For Currans Hill, the verified project record says: Shale clay, compact lots, tight side access.",verified project record says,_elementor_data:$[14].elements[2].elements[1].elements[0].settings.editor,text-editor,NONE — DECISION-06 D32: no Camden job completed or scheduled,UNSUPPORTED,remove false project-record framing; retain only separately sourced public facts,True,True,REMOVED_WITHOUT_REPLACEMENT,,"owner attestation and remediation authority, 21 August 2026",False,False
LEG-0154,legacy_232,false_verified_project_record,1376,concreters-currans-hill,suburb,draft,"For Currans Hill, the verified project record says: Camden Standard Driveway Crossing Application where the crossover is altered or widened.",verified project record says,_elementor_data:$[14].elements[2].elements[2].elements[0].settings.editor,text-editor,NONE — DECISION-06 D32: no Camden job completed or scheduled,UNSUPPORTED,remove false project-record framing; retain only separately sourced public facts,True,True,REMOVED_WITHOUT_REPLACEMENT,,"owner attestation and remediation authority, 21 August 2026",False,False
LEG-0155,legacy_232,fixed_price_on_site_quote,1376,concreters-currans-hill,suburb,draft,"Concreting in Currans Hill 2567 for driveways, slabs, paths and crossovers, using the verified Camden Council approval path. Request an on-site quote.",on-site quote,postmeta:rank_math_description,meta,NONE — data/verified-facts.yml pricing and owner attestation 21 August 2026,UNSUPPORTED,remove the promise; say only that job-specific quotations and terms must be confirmed,True,True,NEUTRALISED_WITH_ATTESTED_OR_NONCLAIM_WORDING,Concreting information only. Council requirements must be checked for the specific property and proposed work.,"owner attestation and remediation authority, 21 August 2026; unsupported verified-council meta claim removed",False,False
LEG-0156,legacy_232,researched_job_record,1387,concreters-edmondson-park,suburb,draft,"The typical Edmondson Park workload includes Compact single driveways and aprons, Courtyard and alfresco slabs, Strata common-area paths and bin store slabs and Shared driveway repair. Preparation is matched to the verified Edmondson Park ground profile, the finished levels and the intended load rather than copied from a neighbouring suburb. The Edmondson Park evidence register identifies Liverpool LEP 2008 and Edmondson Park South Precinct DCP and records the local housing period as 2016–present, medium density. Access evidence for Edmondson Park is anchored to Soldiers Parade, Campbelltown Road, Croatia Avenue and Bardia Avenue; the Edmondson Park locality references are Ed.Square Town Centre, Edmondson Park railway station, Edmondson Park South and Bardia Public School. The researched Edmondson Park job record contains Compact single driveways and aprons, Courtyard and alfresco slabs, Strata common-area paths and bin store slabs and Shared driveway repair. These Edmondson Park examples describe the supplied job mix rather than a claim about an unverified project. The unresolved Edmondson Park checks are framed by these supplied questions: Who pays for concrete repairs on a shared driveway?, Can you pour in a courtyard with no truck access? and What approvals does a strata need before common-area concreting?. Each Edmondson Park answer must retain its cited council, planning, engineering or operator source. The Edmondson Park development references supplied for research are Ed.Square (Frasers Property) and Bardia releases. The Edmondson Park page treats those names as source leads, not as proof of a Structure Co project. The supplied Edmondson Park job weighting is new build 45%, replacement 15%, decorative 15% and commercial 25%. The Edmondson Park service emphasis follows that recorded mix. The Edmondson Park research brief assigns postcode 2174, authority Liverpool City Council and primary query concreters edmondson park. Those Edmondson Park identifiers must agree across the import record. The supplied Edmondson Park query set is concreter edmondson park, concrete driveway edmondson park, courtyard concrete edmondson park, strata concrete path edmondson park and concrete slab edmondson park 2174. The Edmondson Park body uses that set only where the researched ground, approval or job evidence supports the wording. Edmondson Park separates its concrete patios and alfresco slabs evidence from the general Edmondson Park brief; Concrete Patios and Alfresco Slabs in Edmondson Park carries that service decision.",The researched Edmondson Park job record contains,_elementor_data:$[6].elements[1].elements[0].elements[1].settings.editor,text-editor,NONE — DECISION-06 D32: no Camden job record exists,UNSUPPORTED,remove the invented job-record construction,True,True,REMOVED_WITHOUT_REPLACEMENT,,"owner attestation and remediation authority, 21 August 2026; invented researched-job-record construction removed",False,False
LEG-0157,legacy_232,review_rating_testimonial,1387,concreters-edmondson-park,suburb,draft,Concrete testimonial 6 camden in the context of Concreters Edmondson Park,testimonial,_elementor_data:$[8].elements[0].elements[0].elements[0].settings.image.alt,image,NONE — data/verified-facts.yml reviews verified:false; permission_to_publish:false,UNSUPPORTED,remove review/testimonial claim,True,True,REMOVED_BY_REPORT_50_MEDIA_AND_D32,,DECISION-06 D32; owner-approved Report 49/Report 50 media plan,False,False
LEG-0158,legacy_232,review_rating_testimonial,1387,concreters-edmondson-park,suburb,draft,Concrete testimonial 3 camden in the context of Concreters Edmondson Park,testimonial,_elementor_data:$[10].elements[0].elements[0].settings.image.alt,image,NONE — data/verified-facts.yml reviews verified:false; permission_to_publish:false,UNSUPPORTED,remove review/testimonial claim,True,True,REMOVED_BY_REPORT_50_MEDIA_AND_D32,,DECISION-06 D32; owner-approved Report 49/Report 50 media plan,False,False
LEG-0159,legacy_232,real_photo_pending_local_project,1387,concreters-edmondson-park,suburb,draft,[[REAL_PHOTO_PENDING: verified Structure Co project in Edmondson Park]],[[REAL_PHOTO_PENDING: verified Structure Co project in Edmondson Park]],_elementor_data:$[10].elements[0].elements[1].settings.editor,text-editor,NONE — DECISION-06 D32 and Report 50,UNSUPPORTED,remove the evidential local-work module,True,True,REMOVED_BY_REPORT_50_MEDIA_AND_D32,,DECISION-06 D32; owner-approved Report 49/Report 50 media plan,False,False
LEG-0160,legacy_232,review_rating_testimonial,1387,concreters-edmondson-park,suburb,draft,Concrete testimonial 1 camden in the context of Concreters Edmondson Park,testimonial,_elementor_data:$[10].elements[1].elements[0].settings.image.alt,image,NONE — data/verified-facts.yml reviews verified:false; permission_to_publish:false,UNSUPPORTED,remove review/testimonial claim,True,True,REMOVED_BY_REPORT_50_MEDIA_AND_D32,,DECISION-06 D32; owner-approved Report 49/Report 50 media plan,False,False
LEG-0161,legacy_232,real_photo_pending_local_project,1387,concreters-edmondson-park,suburb,draft,[[REAL_PHOTO_PENDING: verified Structure Co project in Edmondson Park]],[[REAL_PHOTO_PENDING: verified Structure Co project in Edmondson Park]],_elementor_data:$[10].elements[1].elements[1].settings.editor,text-editor,NONE — DECISION-06 D32 and Report 50,UNSUPPORTED,remove the evidential local-work module,True,True,REMOVED_BY_REPORT_50_MEDIA_AND_D32,,DECISION-06 D32; owner-approved Report 49/Report 50 media plan,False,False
LEG-0162,legacy_232,real_photo_pending_local_project,1387,concreters-edmondson-park,suburb,draft,[[REAL_PHOTO_PENDING: verified Structure Co project in Edmondson Park]],[[REAL_PHOTO_PENDING: verified Structure Co project in Edmondson Park]],_elementor_data:$[10].elements[2].elements[1].settings.editor,text-editor,NONE — DECISION-06 D32 and Report 50,UNSUPPORTED,remove the evidential local-work module,True,True,REMOVED_BY_REPORT_50_MEDIA_AND_D32,,DECISION-06 D32; owner-approved Report 49/Report 50 media plan,False,False
LEG-0163,legacy_232,fixed_price_on_site_quote,1387,concreters-edmondson-park,suburb,draft,Fixed-Price On-Site Quotes in Oran Park,Fixed-Price On-Site Quotes,_elementor_data:$[11].elements[1].elements[0].settings.title_text,icon-box,NONE — data/verified-facts.yml pricing and owner attestation 21 August 2026,UNSUPPORTED,remove the promise; say only that job-specific quotations and terms must be confirmed,True,True,REMOVED_WITHOUT_REPLACEMENT,,"owner attestation and remediation authority, 21 August 2026",False,False
LEG-0164,legacy_232,licence_insurance_accreditation,1387,concreters-edmondson-park,suburb,draft,Licensed & Insured,Licensed & Insured,_elementor_data:$[11].elements[1].elements[2].settings.title_text,icon-box,NONE — data/verified-facts.yml licensing; no contractor credential is authorised,UNSUPPORTED,remove or restate only as a requirement to verify the independent provider,True,True,REMOVED_WITHOUT_REPLACEMENT,,"owner attestation and remediation authority, 21 August 2026",False,False
LEG-0165,legacy_232,service_area_claim,1387,concreters-edmondson-park,suburb,draft,AREAS WE COVER AROUND EDMONDSON PARK,AREAS WE COVER,_elementor_data:$[12].elements[1].elements[0].settings.title,heading,NONE — data/verified-facts.yml service_areas verified:false and empty,UNSUPPORTED,replace with non-service suburb information or remove,True,True,REMOVED_WITHOUT_REPLACEMENT,,"owner attestation and remediation authority, 21 August 2026",False,False
LEG-0166,legacy_232,false_verified_project_record,1387,concreters-edmondson-park,suburb,draft,"For Edmondson Park, the verified project record says: Edmondson Park is the densest suburb in this corridor — terraces, townhouses and small lots rather than 450sqm detached blocks. The jobs are small, access is tight, and a meaningful share of the work is strata: common-area paths, bin-store slabs and shared driveway aprons where the client is a strata committee, not a homeowner. Different sales cycle, different insurance requirements, repeat work if you do it well.",verified project record says,_elementor_data:$[14].elements[2].elements[0].elements[0].settings.editor,text-editor,NONE — DECISION-06 D32: no Camden job completed or scheduled,UNSUPPORTED,remove false project-record framing; retain only separately sourced public facts,True,True,REPLACED_WITH_OFFICIAL_LIVERPOOL_EVIDENCE,,https://www.liverpool.nsw.gov.au/__data/assets/pdf_file/0003/286329/VEHICULAR-CROSSING-APPLICATION-FORM-March-2026v1.pdf; accessed 2026-08-21,False,False
LEG-0167,legacy_232,false_verified_project_record,1387,concreters-edmondson-park,suburb,draft,"For Edmondson Park, the verified project record says: Clay over shale on engineered fill. Tight access means barrow, kibble or line pump on most jobs — factor it into the quote rather than discovering it on the day.",verified project record says,_elementor_data:$[14].elements[2].elements[1].elements[0].settings.editor,text-editor,NONE — DECISION-06 D32: no Camden job completed or scheduled,UNSUPPORTED,remove false project-record framing; retain only separately sourced public facts,True,True,REPLACED_WITH_OFFICIAL_LIVERPOOL_EVIDENCE,,https://www.liverpool.nsw.gov.au/__data/assets/pdf_file/0003/286329/VEHICULAR-CROSSING-APPLICATION-FORM-March-2026v1.pdf; accessed 2026-08-21,False,False
LEG-0168,legacy_232,false_verified_project_record,1387,concreters-edmondson-park,suburb,draft,"For Edmondson Park, the verified project record says: Liverpool City Council vehicle crossing application. Strata common property works need owners corporation approval and usually a committee resolution before you start.",verified project record says,_elementor_data:$[14].elements[2].elements[2].elements[0].settings.editor,text-editor,NONE — DECISION-06 D32: no Camden job completed or scheduled,UNSUPPORTED,remove false project-record framing; retain only separately sourced public facts,True,True,REPLACED_WITH_OFFICIAL_LIVERPOOL_EVIDENCE,,https://www.liverpool.nsw.gov.au/__data/assets/pdf_file/0003/286329/VEHICULAR-CROSSING-APPLICATION-FORM-March-2026v1.pdf; accessed 2026-08-21,False,False
LEG-0169,legacy_232,fixed_price_on_site_quote,1387,concreters-edmondson-park,suburb,draft,"Concreting in Edmondson Park 2174 for driveways, slabs, paths and crossovers, using the verified Liverpool City Council approval path. Request an on-site quote.",on-site quote,postmeta:rank_math_description,meta,NONE — data/verified-facts.yml pricing and owner attestation 21 August 2026,UNSUPPORTED,remove the promise; say only that job-specific quotations and terms must be confirmed,True,True,NEUTRALISED_WITH_ATTESTED_OR_NONCLAIM_WORDING,Concreting information only. Council requirements must be checked for the specific property and proposed work.,"owner attestation and remediation authority, 21 August 2026; unsupported verified-council meta claim removed",False,False
LEG-0170,legacy_232,review_rating_testimonial,1378,concreters-elderslie,suburb,draft,Concrete testimonial 2 camden in the context of Concreters Elderslie,testimonial,_elementor_data:$[2].elements[0].settings.image.alt,image-box,NONE — data/verified-facts.yml reviews verified:false; permission_to_publish:false,UNSUPPORTED,remove review/testimonial claim,True,True,REMOVED_BY_REPORT_50_MEDIA_AND_D32,,DECISION-06 D32; owner-approved Report 49/Report 50 media plan,False,False
LEG-0171,legacy_232,review_rating_testimonial,1378,concreters-elderslie,suburb,draft,Concrete testimonial 1 1 camden in the context of Concreters Elderslie,testimonial,_elementor_data:$[2].elements[1].settings.image.alt,image-box,NONE — data/verified-facts.yml reviews verified:false; permission_to_publish:false,UNSUPPORTED,remove review/testimonial claim,True,True,REMOVED_BY_REPORT_50_MEDIA_AND_D32,,DECISION-06 D32; owner-approved Report 49/Report 50 media plan,False,False
LEG-0172,legacy_232,researched_job_record,1378,concreters-elderslie,suburb,draft,"The typical Elderslie workload includes Alfresco and pergola slabs, Side access and path extensions, Driveway widening and Shed slabs. Preparation is matched to the verified Elderslie ground profile, the finished levels and the intended load rather than copied from a neighbouring suburb. The Elderslie evidence register identifies Camden LEP 2010 and Camden DCP 2019 and records the local housing period as 2000–2012. Access evidence for Elderslie is anchored to Camden Valley Way, Macquarie Grove Road and Lodges Road; the Elderslie locality references are Elderslie Public School, Nepean River corridor and Camden Airport (Macquarie Grove). The researched Elderslie job record contains Alfresco and pergola slabs, Side access and path extensions, Driveway widening and Shed slabs. These Elderslie examples describe the supplied job mix rather than a claim about an unverified project. The unresolved Elderslie checks are framed by these supplied questions: Can I tie a new alfresco slab into an existing house slab?, What's the lead time on a pergola base? and Do I need approval to widen my driveway?. Each Elderslie answer must retain its cited council, planning, engineering or operator source. The Elderslie development references supplied for research are Elderslie 2000s releases. The Elderslie page treats those names as source leads, not as proof of a Structure Co project. The supplied Elderslie job weighting is new build 15%, replacement 25%, decorative 45% and commercial 15%. The Elderslie service emphasis follows that recorded mix. The Elderslie research brief assigns postcode 2570, authority Camden Council and primary query concreters elderslie. Those Elderslie identifiers must agree across the import record. The supplied Elderslie query set is concreter elderslie nsw, concrete driveway elderslie, alfresco slab elderslie and concrete slab elderslie 2570. The Elderslie body uses that set only where the researched ground, approval or job evidence supports the wording.",The researched Elderslie job record contains,_elementor_data:$[6].elements[1].elements[0].elements[1].settings.editor,text-editor,NONE — DECISION-06 D32: no Camden job record exists,UNSUPPORTED,remove the invented job-record construction,True,True,REMOVED_WITHOUT_REPLACEMENT,,"owner attestation and remediation authority, 21 August 2026; invented researched-job-record construction removed",False,False
LEG-0173,legacy_232,real_photo_pending_local_project,1378,concreters-elderslie,suburb,draft,[[REAL_PHOTO_PENDING: verified Structure Co project in Elderslie]],[[REAL_PHOTO_PENDING: verified Structure Co project in Elderslie]],_elementor_data:$[10].elements[0].elements[1].settings.editor,text-editor,NONE — DECISION-06 D32 and Report 50,UNSUPPORTED,remove the evidential local-work module,True,True,REMOVED_BY_REPORT_50_MEDIA_AND_D32,,DECISION-06 D32; owner-approved Report 49/Report 50 media plan,False,False
LEG-0174,legacy_232,real_photo_pending_local_project,1378,concreters-elderslie,suburb,draft,[[REAL_PHOTO_PENDING: verified Structure Co project in Elderslie]],[[REAL_PHOTO_PENDING: verified Structure Co project in Elderslie]],_elementor_data:$[10].elements[1].elements[1].settings.editor,text-editor,NONE — DECISION-06 D32 and Report 50,UNSUPPORTED,remove the evidential local-work module,True,True,REMOVED_BY_REPORT_50_MEDIA_AND_D32,,DECISION-06 D32; owner-approved Report 49/Report 50 media plan,False,False
LEG-0175,legacy_232,real_photo_pending_local_project,1378,concreters-elderslie,suburb,draft,[[REAL_PHOTO_PENDING: verified Structure Co project in Elderslie]],[[REAL_PHOTO_PENDING: verified Structure Co project in Elderslie]],_elementor_data:$[10].elements[2].elements[1].settings.editor,text-editor,NONE — DECISION-06 D32 and Report 50,UNSUPPORTED,remove the evidential local-work module,True,True,REMOVED_BY_REPORT_50_MEDIA_AND_D32,,DECISION-06 D32; owner-approved Report 49/Report 50 media plan,False,False
LEG-0176,legacy_232,fixed_price_on_site_quote,1378,concreters-elderslie,suburb,draft,Fixed-Price On-Site Quotes in Oran Park in Elderslie,Fixed-Price On-Site Quotes,_elementor_data:$[11].elements[1].elements[0].settings.title_text,icon-box,NONE — data/verified-facts.yml pricing and owner attestation 21 August 2026,UNSUPPORTED,remove the promise; say only that job-specific quotations and terms must be confirmed,True,True,REMOVED_WITHOUT_REPLACEMENT,,"owner attestation and remediation authority, 21 August 2026",False,False
LEG-0177,legacy_232,licence_insurance_accreditation,1378,concreters-elderslie,suburb,draft,Licensed & Insured in Elderslie,Licensed & Insured,_elementor_data:$[11].elements[1].elements[2].settings.title_text,icon-box,NONE — data/verified-facts.yml licensing; no contractor credential is authorised,UNSUPPORTED,remove or restate only as a requirement to verify the independent provider,True,True,REMOVED_WITHOUT_REPLACEMENT,,"owner attestation and remediation authority, 21 August 2026",False,False
LEG-0178,legacy_232,service_area_claim,1378,concreters-elderslie,suburb,draft,AREAS WE COVER AROUND ELDERSLIE,AREAS WE COVER,_elementor_data:$[12].elements[1].elements[0].settings.title,heading,NONE — data/verified-facts.yml service_areas verified:false and empty,UNSUPPORTED,replace with non-service suburb information or remove,True,True,REMOVED_WITHOUT_REPLACEMENT,,"owner attestation and remediation authority, 21 August 2026",False,False
LEG-0179,legacy_232,false_verified_project_record,1378,concreters-elderslie,suburb,draft,"For Elderslie, the verified project record says: Elderslie homes are mostly 2000s-era, which puts their concrete in an awkward middle age — old enough that owners are ready to upgrade the outdoor areas, young enough that the driveway itself is usually still structurally sound. The work here skews to adding rather than replacing: alfresco slabs, pergola bases, extended side access.",verified project record says,_elementor_data:$[14].elements[2].elements[0].elements[0].settings.editor,text-editor,NONE — DECISION-06 D32: no Camden job completed or scheduled,UNSUPPORTED,remove false project-record framing; retain only separately sourced public facts,True,True,REMOVED_WITHOUT_REPLACEMENT,,"owner attestation and remediation authority, 21 August 2026",False,False
LEG-0180,legacy_232,false_verified_project_record,1378,concreters-elderslie,suburb,draft,"For Elderslie, the verified project record says: Shale clay transitioning to Nepean alluvial closer to the river. Check flood mapping on the lower lots.",verified project record says,_elementor_data:$[14].elements[2].elements[1].elements[0].settings.editor,text-editor,NONE — DECISION-06 D32: no Camden job completed or scheduled,UNSUPPORTED,remove false project-record framing; retain only separately sourced public facts,True,True,REMOVED_WITHOUT_REPLACEMENT,,"owner attestation and remediation authority, 21 August 2026",False,False
LEG-0181,legacy_232,false_verified_project_record,1378,concreters-elderslie,suburb,draft,"For Elderslie, the verified project record says: Camden Standard Driveway Crossing Application for new or altered crossovers.",verified project record says,_elementor_data:$[14].elements[2].elements[2].elements[0].settings.editor,text-editor,NONE — DECISION-06 D32: no Camden job completed or scheduled,UNSUPPORTED,remove false project-record framing; retain only separately sourced public facts,True,True,REMOVED_WITHOUT_REPLACEMENT,,"owner attestation and remediation authority, 21 August 2026",False,False
LEG-0182,legacy_232,fixed_price_on_site_quote,1378,concreters-elderslie,suburb,draft,"Concreting in Elderslie 2570 for driveways, slabs, paths and crossovers, using the verified Camden Council approval path. Request an on-site quote.",on-site quote,postmeta:rank_math_description,meta,NONE — data/verified-facts.yml pricing and owner attestation 21 August 2026,UNSUPPORTED,remove the promise; say only that job-specific quotations and terms must be confirmed,True,True,NEUTRALISED_WITH_ATTESTED_OR_NONCLAIM_WORDING,Concreting information only. Council requirements must be checked for the specific property and proposed work.,"owner attestation and remediation authority, 21 August 2026; unsupported verified-council meta claim removed",False,False
LEG-0183,legacy_232,review_rating_testimonial,1422,concreters-menangle,suburb,draft,Concrete testimonial 6 camden in the context of Concreters Menangle,testimonial,_elementor_data:$[2].elements[1].settings.image.alt,image-box,NONE — data/verified-facts.yml reviews verified:false; permission_to_publish:false,UNSUPPORTED,remove review/testimonial claim,True,True,REMOVED_BY_REPORT_50_MEDIA_AND_D32,,DECISION-06 D32; owner-approved Report 49/Report 50 media plan,False,False
LEG-0184,legacy_232,review_rating_testimonial,1422,concreters-menangle,suburb,draft,Concrete testimonial 3 camden in the context of Concreters Menangle,testimonial,_elementor_data:$[2].elements[2].settings.image.alt,image-box,NONE — data/verified-facts.yml reviews verified:false; permission_to_publish:false,UNSUPPORTED,remove review/testimonial claim,True,True,REMOVED_BY_REPORT_50_MEDIA_AND_D32,,DECISION-06 D32; owner-approved Report 49/Report 50 media plan,False,False
LEG-0185,legacy_232,review_rating_testimonial,1422,concreters-menangle,suburb,draft,Concrete testimonial 1 camden in the context of Concreters Menangle,testimonial,_elementor_data:$[3].elements[0].settings.image.alt,image-box,NONE — data/verified-facts.yml reviews verified:false; permission_to_publish:false,UNSUPPORTED,remove review/testimonial claim,True,True,REMOVED_BY_REPORT_50_MEDIA_AND_D32,,DECISION-06 D32; owner-approved Report 49/Report 50 media plan,False,False
LEG-0186,legacy_232,review_rating_testimonial,1422,concreters-menangle,suburb,draft,Concrete testimonial 1 camden in the context of Concreters Menangle,testimonial,_elementor_data:$[3].elements[2].settings.image.alt,image-box,NONE — data/verified-facts.yml reviews verified:false; permission_to_publish:false,UNSUPPORTED,remove review/testimonial claim,True,True,REMOVED_BY_REPORT_50_MEDIA_AND_D32,,DECISION-06 D32; owner-approved Report 49/Report 50 media plan,False,False
LEG-0187,legacy_232,review_rating_testimonial,1390,concreters-middleton-grange,suburb,draft,Concrete testimonial 2 camden in the context of Concreters Middleton Grange,testimonial,_elementor_data:$[2].elements[0].settings.image.alt,image-box,NONE — data/verified-facts.yml reviews verified:false; permission_to_publish:false,UNSUPPORTED,remove review/testimonial claim,True,True,REMOVED_BY_REPORT_50_MEDIA_AND_D32,,DECISION-06 D32; owner-approved Report 49/Report 50 media plan,False,False
LEG-0188,legacy_232,review_rating_testimonial,1390,concreters-middleton-grange,suburb,draft,Concrete testimonial 1 1 camden in the context of Concreters Middleton Grange,testimonial,_elementor_data:$[2].elements[1].settings.image.alt,image-box,NONE — data/verified-facts.yml reviews verified:false; permission_to_publish:false,UNSUPPORTED,remove review/testimonial claim,True,True,REMOVED_BY_REPORT_50_MEDIA_AND_D32,,DECISION-06 D32; owner-approved Report 49/Report 50 media plan,False,False
LEG-0189,legacy_232,researched_job_record,1375,concreters-mount-annan,suburb,draft,"The typical Mount Annan workload includes Full driveway removal and replacement, Resurfacing and overlays where the base is sound, Path and side-access renewal and Shed and pergola slabs. Preparation is matched to the verified Mount Annan ground profile, the finished levels and the intended load rather than copied from a neighbouring suburb. The Mount Annan evidence register identifies Camden LEP 2010 and Camden DCP 2019 and records the local housing period as 1992–2005 established. Access evidence for Mount Annan is anchored to Welling Drive, Waterworth Drive, Main Street and Narellan Road; the Mount Annan locality references are Australian Botanic Garden Mount Annan, Mount Annan Leisure Centre, Mount Annan High School and Mount Annan Christian College. The researched Mount Annan job record contains Full driveway removal and replacement, Resurfacing and overlays where the base is sound, Path and side-access renewal and Shed and pergola slabs. These Mount Annan examples describe the supplied job mix rather than a claim about an unverified project. The unresolved Mount Annan checks are framed by these supplied questions: Should I resurface or replace a cracked 1990s driveway?, Why do so many Mount Annan driveways crack at the edges? and Can you widen an existing driveway without a new council crossing?. Each Mount Annan answer must retain its cited council, planning, engineering or operator source. The Mount Annan development references supplied for research are Mount Annan 1990s subdivisions. The Mount Annan page treats those names as source leads, not as proof of a Structure Co project. The supplied Mount Annan job weighting is new build 10%, replacement 55%, decorative 25% and commercial 10%. The Mount Annan service emphasis follows that recorded mix. The Mount Annan research brief assigns postcode 2567, authority Camden Council and primary query concreters mount annan. Those Mount Annan identifiers must agree across the import record. The supplied Mount Annan query set is concreter mount annan, driveway replacement mount annan, concrete repair mount annan, concrete driveway mount annan and shed slab mount annan. The Mount Annan body uses that set only where the researched ground, approval or job evidence supports the wording.",The researched Mount Annan job record contains,_elementor_data:$[6].elements[1].elements[0].elements[1].settings.editor,text-editor,NONE — DECISION-06 D32: no Camden job record exists,UNSUPPORTED,remove the invented job-record construction,True,True,REMOVED_WITHOUT_REPLACEMENT,,"owner attestation and remediation authority, 21 August 2026; invented researched-job-record construction removed",False,False
LEG-0190,legacy_232,real_photo_pending_local_project,1375,concreters-mount-annan,suburb,draft,[[REAL_PHOTO_PENDING: verified Structure Co project in Mount Annan]],[[REAL_PHOTO_PENDING: verified Structure Co project in Mount Annan]],_elementor_data:$[10].elements[0].elements[1].settings.editor,text-editor,NONE — DECISION-06 D32 and Report 50,UNSUPPORTED,remove the evidential local-work module,True,True,REMOVED_BY_REPORT_50_MEDIA_AND_D32,,DECISION-06 D32; owner-approved Report 49/Report 50 media plan,False,False
LEG-0191,legacy_232,real_photo_pending_local_project,1375,concreters-mount-annan,suburb,draft,[[REAL_PHOTO_PENDING: verified Structure Co project in Mount Annan]],[[REAL_PHOTO_PENDING: verified Structure Co project in Mount Annan]],_elementor_data:$[10].elements[1].elements[1].settings.editor,text-editor,NONE — DECISION-06 D32 and Report 50,UNSUPPORTED,remove the evidential local-work module,True,True,REMOVED_BY_REPORT_50_MEDIA_AND_D32,,DECISION-06 D32; owner-approved Report 49/Report 50 media plan,False,False
LEG-0192,legacy_232,real_photo_pending_local_project,1375,concreters-mount-annan,suburb,draft,[[REAL_PHOTO_PENDING: verified Structure Co project in Mount Annan]],[[REAL_PHOTO_PENDING: verified Structure Co project in Mount Annan]],_elementor_data:$[10].elements[2].elements[1].settings.editor,text-editor,NONE — DECISION-06 D32 and Report 50,UNSUPPORTED,remove the evidential local-work module,True,True,REMOVED_BY_REPORT_50_MEDIA_AND_D32,,DECISION-06 D32; owner-approved Report 49/Report 50 media plan,False,False
LEG-0193,legacy_232,fixed_price_on_site_quote,1375,concreters-mount-annan,suburb,draft,Fixed-Price On-Site Quotes in Oran Park,Fixed-Price On-Site Quotes,_elementor_data:$[11].elements[1].elements[0].settings.title_text,icon-box,NONE — data/verified-facts.yml pricing and owner attestation 21 August 2026,UNSUPPORTED,remove the promise; say only that job-specific quotations and terms must be confirmed,True,True,REMOVED_WITHOUT_REPLACEMENT,,"owner attestation and remediation authority, 21 August 2026",False,False
LEG-0194,legacy_232,licence_insurance_accreditation,1375,concreters-mount-annan,suburb,draft,Licensed & Insured,Licensed & Insured,_elementor_data:$[11].elements[1].elements[2].settings.title_text,icon-box,NONE — data/verified-facts.yml licensing; no contractor credential is authorised,UNSUPPORTED,remove or restate only as a requirement to verify the independent provider,True,True,REMOVED_WITHOUT_REPLACEMENT,,"owner attestation and remediation authority, 21 August 2026",False,False
LEG-0195,legacy_232,service_area_claim,1375,concreters-mount-annan,suburb,draft,AREAS WE COVER AROUND MOUNT ANNAN,AREAS WE COVER,_elementor_data:$[12].elements[1].elements[0].settings.title,heading,NONE — data/verified-facts.yml service_areas verified:false and empty,UNSUPPORTED,replace with non-service suburb information or remove,True,True,REMOVED_WITHOUT_REPLACEMENT,,"owner attestation and remediation authority, 21 August 2026",False,False
LEG-0196,legacy_232,false_verified_project_record,1375,concreters-mount-annan,suburb,draft,"For Mount Annan, the verified project record says: Mount Annan was built out through the 1990s, which means its concrete is now 25 to 30 years old — the exact age where original driveways start failing at the edges and settling at the layback. Almost nothing here is a new pour. The question homeowners actually ask is whether to resurface or replace, and the honest answer depends on whether the failure is surface-level or structural.",verified project record says,_elementor_data:$[14].elements[2].elements[0].elements[0].settings.editor,text-editor,NONE — DECISION-06 D32: no Camden job completed or scheduled,UNSUPPORTED,remove false project-record framing; retain only separately sourced public facts,True,True,REMOVED_WITHOUT_REPLACEMENT,,"owner attestation and remediation authority, 21 August 2026",False,False
LEG-0197,legacy_232,false_verified_project_record,1375,concreters-mount-annan,suburb,draft,"For Mount Annan, the verified project record says: Shale clay, sloping topography in parts. Original 1990s driveways were often poured thinner and with less reinforcement than current Camden spec, which is why edge cracking is the dominant failure mode.",verified project record says,_elementor_data:$[14].elements[2].elements[1].elements[0].settings.editor,text-editor,NONE — DECISION-06 D32: no Camden job completed or scheduled,UNSUPPORTED,remove false project-record framing; retain only separately sourced public facts,True,True,REMOVED_WITHOUT_REPLACEMENT,,"owner attestation and remediation authority, 21 August 2026",False,False
LEG-0198,legacy_232,false_verified_project_record,1375,concreters-mount-annan,suburb,draft,"For Mount Annan, the verified project record says: Like-for-like replacement inside the boundary generally doesn't need a new crossing application, but a widened or relocated crossover does — Camden Standard Driveway Crossing Application.",verified project record says,_elementor_data:$[14].elements[2].elements[2].elements[0].settings.editor,text-editor,NONE — DECISION-06 D32: no Camden job completed or scheduled,UNSUPPORTED,remove false project-record framing; retain only separately sourced public facts,True,True,REMOVED_WITHOUT_REPLACEMENT,,"owner attestation and remediation authority, 21 August 2026",False,False
LEG-0199,legacy_232,fixed_price_on_site_quote,1375,concreters-mount-annan,suburb,draft,"Concreting in Mount Annan 2567 for driveways, slabs, paths and crossovers, using the verified Camden Council approval path. Request an on-site quote.",on-site quote,postmeta:rank_math_description,meta,NONE — data/verified-facts.yml pricing and owner attestation 21 August 2026,UNSUPPORTED,remove the promise; say only that job-specific quotations and terms must be confirmed,True,True,NEUTRALISED_WITH_ATTESTED_OR_NONCLAIM_WORDING,Concreting information only. Council requirements must be checked for the specific property and proposed work.,"owner attestation and remediation authority, 21 August 2026; unsupported verified-council meta claim removed",False,False
LEG-0200,legacy_232,researched_job_record,1372,concreters-narellan,suburb,draft,"The typical Narellan workload includes Retail and industrial carpark slabs, Loading dock aprons, Established-home driveway replacement and Kerb and channel, wheel stops, line-marked bays. Preparation is matched to the verified Narellan ground profile, the finished levels and the intended load rather than copied from a neighbouring suburb. Where the brief is business-facing, commercial concreting in Narellan is scoped around the documented use and project requirements rather than domestic assumptions. The Narellan evidence register identifies Camden LEP 2010 and Camden DCP 2019 and records the local housing period as 1980s–2000s established residential; ongoing commercial. Access evidence for Narellan is anchored to Narellan Road, Camden Valley Way, Hartley Road, Anderson Road and Waterworth Drive; the Narellan locality references are Narellan Town Centre, Narellan Sports Hub, Smeaton Grange and Elizabeth Macarthur High School. The researched Narellan job record contains Retail and industrial carpark slabs, Loading dock aprons, Established-home driveway replacement and Kerb and channel, wheel stops, line-marked bays. These Narellan examples describe the supplied job mix rather than a claim about an unverified project. The unresolved Narellan checks are framed by these supplied questions: Can you pour a carpark overnight so we don't lose trading days?, How long before a new commercial slab can take vehicle traffic? and What's involved in breaking out and replacing an old asphalt carpark?. Each Narellan answer must retain its cited council, planning, engineering or operator source. The Narellan development references supplied for research are Narellan Vale and Smeaton Grange industrial estate. The Narellan page treats those names as source leads, not as proof of a Structure Co project. The supplied Narellan job weighting is new build 10%, replacement 35%, decorative 15% and commercial 40%. The Narellan service emphasis follows that recorded mix. The Narellan research brief assigns postcode 2567, authority Camden Council and primary query concreters narellan. Those Narellan identifiers must agree across the import record. The supplied Narellan query set is concreter narellan, concrete driveway narellan, concreters narellan vale, commercial concreting smeaton grange, carpark concrete narellan and concrete slab narellan 2567. The Narellan body uses that set only where the researched ground, approval or job evidence supports the wording. Narellan separates its concrete driveway replacement evidence from the general Narellan brief; Concrete Driveway Replacement in Narellan carries that service decision.",The researched Narellan job record contains,_elementor_data:$[6].elements[1].elements[0].elements[1].settings.editor,text-editor,NONE — DECISION-06 D32: no Camden job record exists,UNSUPPORTED,remove the invented job-record construction,True,True,REMOVED_WITHOUT_REPLACEMENT,,"owner attestation and remediation authority, 21 August 2026; invented researched-job-record construction removed",False,False
LEG-0201,legacy_232,real_photo_pending_local_project,1372,concreters-narellan,suburb,draft,[[REAL_PHOTO_PENDING: verified Structure Co project in Narellan]],[[REAL_PHOTO_PENDING: verified Structure Co project in Narellan]],_elementor_data:$[10].elements[0].elements[1].settings.editor,text-editor,NONE — DECISION-06 D32 and Report 50,UNSUPPORTED,remove the evidential local-work module,True,True,REMOVED_BY_REPORT_50_MEDIA_AND_D32,,DECISION-06 D32; owner-approved Report 49/Report 50 media plan,False,False
LEG-0202,legacy_232,real_photo_pending_local_project,1372,concreters-narellan,suburb,draft,[[REAL_PHOTO_PENDING: verified Structure Co project in Narellan]],[[REAL_PHOTO_PENDING: verified Structure Co project in Narellan]],_elementor_data:$[10].elements[1].elements[1].settings.editor,text-editor,NONE — DECISION-06 D32 and Report 50,UNSUPPORTED,remove the evidential local-work module,True,True,REMOVED_BY_REPORT_50_MEDIA_AND_D32,,DECISION-06 D32; owner-approved Report 49/Report 50 media plan,False,False
LEG-0203,legacy_232,real_photo_pending_local_project,1372,concreters-narellan,suburb,draft,[[REAL_PHOTO_PENDING: verified Structure Co project in Narellan]],[[REAL_PHOTO_PENDING: verified Structure Co project in Narellan]],_elementor_data:$[10].elements[2].elements[1].settings.editor,text-editor,NONE — DECISION-06 D32 and Report 50,UNSUPPORTED,remove the evidential local-work module,True,True,REMOVED_BY_REPORT_50_MEDIA_AND_D32,,DECISION-06 D32; owner-approved Report 49/Report 50 media plan,False,False
LEG-0204,legacy_232,fixed_price_on_site_quote,1372,concreters-narellan,suburb,draft,Fixed-Price On-Site Quotes in Oran Park,Fixed-Price On-Site Quotes,_elementor_data:$[11].elements[1].elements[0].settings.title_text,icon-box,NONE — data/verified-facts.yml pricing and owner attestation 21 August 2026,UNSUPPORTED,remove the promise; say only that job-specific quotations and terms must be confirmed,True,True,REMOVED_WITHOUT_REPLACEMENT,,"owner attestation and remediation authority, 21 August 2026",False,False
LEG-0205,legacy_232,licence_insurance_accreditation,1372,concreters-narellan,suburb,draft,Licensed & Insured,Licensed & Insured,_elementor_data:$[11].elements[1].elements[2].settings.title_text,icon-box,NONE — data/verified-facts.yml licensing; no contractor credential is authorised,UNSUPPORTED,remove or restate only as a requirement to verify the independent provider,True,True,REMOVED_WITHOUT_REPLACEMENT,,"owner attestation and remediation authority, 21 August 2026",False,False
LEG-0206,legacy_232,service_area_claim,1372,concreters-narellan,suburb,draft,AREAS WE COVER AROUND NARELLAN,AREAS WE COVER,_elementor_data:$[12].elements[1].elements[0].settings.title,heading,NONE — data/verified-facts.yml service_areas verified:false and empty,UNSUPPORTED,replace with non-service suburb information or remove,True,True,REMOVED_WITHOUT_REPLACEMENT,,"owner attestation and remediation authority, 21 August 2026",False,False
LEG-0207,legacy_232,false_verified_project_record,1372,concreters-narellan,suburb,draft,"For Narellan, the verified project record says: Narellan is the LGA's commercial spine. Smeaton Grange sits directly north and Narellan Town Centre anchors the retail strip, which means the highest-value jobs here aren't driveways — they're carpark slabs, loading aprons and warehouse floors that have to be poured overnight or in staged sections so the tenancy keeps trading.",verified project record says,_elementor_data:$[14].elements[2].elements[0].elements[0].settings.editor,text-editor,NONE — DECISION-06 D32: no Camden job completed or scheduled,UNSUPPORTED,remove false project-record framing; retain only separately sourced public facts,True,True,REMOVED_WITHOUT_REPLACEMENT,,"owner attestation and remediation authority, 21 August 2026",False,False
LEG-0208,legacy_232,false_verified_project_record,1372,concreters-narellan,suburb,draft,"For Narellan, the verified project record says: Established shale clay. Older residential driveways from the 1980s–90s are at end of life. Commercial subgrades need CBR verification, especially where existing pavement is being broken out.",verified project record says,_elementor_data:$[14].elements[2].elements[1].elements[0].settings.editor,text-editor,NONE — DECISION-06 D32: no Camden job completed or scheduled,UNSUPPORTED,remove false project-record framing; retain only separately sourced public facts,True,True,REMOVED_WITHOUT_REPLACEMENT,,"owner attestation and remediation authority, 21 August 2026",False,False
LEG-0209,legacy_232,false_verified_project_record,1372,concreters-narellan,suburb,draft,"For Narellan, the verified project record says: Camden Council Standard Driveway Crossing Application for residential. Commercial and industrial crossings use the Non-Standard Driveway Application.",verified project record says,_elementor_data:$[14].elements[2].elements[2].elements[0].settings.editor,text-editor,NONE — DECISION-06 D32: no Camden job completed or scheduled,UNSUPPORTED,remove false project-record framing; retain only separately sourced public facts,True,True,REMOVED_WITHOUT_REPLACEMENT,,"owner attestation and remediation authority, 21 August 2026",False,False
LEG-0210,legacy_232,fixed_price_on_site_quote,1372,concreters-narellan,suburb,draft,"Concreting in Narellan 2567 for driveways, slabs, paths and crossovers, using the verified Camden Council approval path. Request an on-site quote.",on-site quote,postmeta:rank_math_description,meta,NONE — data/verified-facts.yml pricing and owner attestation 21 August 2026,UNSUPPORTED,remove the promise; say only that job-specific quotations and terms must be confirmed,True,True,NEUTRALISED_WITH_ATTESTED_OR_NONCLAIM_WORDING,Concreting information only. Council requirements must be checked for the specific property and proposed work.,"owner attestation and remediation authority, 21 August 2026; unsupported verified-council meta claim removed",False,False
LEG-0211,legacy_232,review_rating_testimonial,1411,concreters-raby,suburb,draft,Concrete testimonial 6 camden in the context of Concreters Raby,testimonial,_elementor_data:$[2].elements[0].settings.image.alt,image-box,NONE — data/verified-facts.yml reviews verified:false; permission_to_publish:false,UNSUPPORTED,remove review/testimonial claim,True,True,REMOVED_BY_REPORT_50_MEDIA_AND_D32,,DECISION-06 D32; owner-approved Report 49/Report 50 media plan,False,False
LEG-0212,legacy_232,review_rating_testimonial,1411,concreters-raby,suburb,draft,Concrete testimonial 3 camden in the context of Concreters Raby,testimonial,_elementor_data:$[2].elements[1].settings.image.alt,image-box,NONE — data/verified-facts.yml reviews verified:false; permission_to_publish:false,UNSUPPORTED,remove review/testimonial claim,True,True,REMOVED_BY_REPORT_50_MEDIA_AND_D32,,DECISION-06 D32; owner-approved Report 49/Report 50 media plan,False,False
LEG-0213,legacy_232,review_rating_testimonial,1411,concreters-raby,suburb,draft,Concrete testimonial 1 camden in the context of Concreters Raby,testimonial,_elementor_data:$[2].elements[2].settings.image.alt,image-box,NONE — data/verified-facts.yml reviews verified:false; permission_to_publish:false,UNSUPPORTED,remove review/testimonial claim,True,True,REMOVED_BY_REPORT_50_MEDIA_AND_D32,,DECISION-06 D32; owner-approved Report 49/Report 50 media plan,False,False
LEG-0214,legacy_232,review_rating_testimonial,1411,concreters-raby,suburb,draft,Concrete testimonial 2 camden in the context of Concreters Raby,testimonial,_elementor_data:$[3].elements[1].settings.image.alt,image-box,NONE — data/verified-facts.yml reviews verified:false; permission_to_publish:false,UNSUPPORTED,remove review/testimonial claim,True,True,REMOVED_BY_REPORT_50_MEDIA_AND_D32,,DECISION-06 D32; owner-approved Report 49/Report 50 media plan,False,False
LEG-0215,legacy_232,review_rating_testimonial,1389,concreters-rossmore,suburb,draft,Concrete testimonial 1 1 camden in the context of Concreters Rossmore,testimonial,_elementor_data:$[2].elements[0].settings.image.alt,image-box,NONE — data/verified-facts.yml reviews verified:false; permission_to_publish:false,UNSUPPORTED,remove review/testimonial claim,True,True,REMOVED_BY_REPORT_50_MEDIA_AND_D32,,DECISION-06 D32; owner-approved Report 49/Report 50 media plan,False,False
LEG-0216,legacy_232,researched_job_record,1377,concreters-spring-farm,suburb,draft,"The typical Spring Farm workload includes Stepped and graded driveways, Concrete retaining and edge beams, High-traction finishes on steep approaches and Terraced alfresco slabs. Preparation is matched to the verified Spring Farm ground profile, the finished levels and the intended load rather than copied from a neighbouring suburb. The Spring Farm evidence register identifies Camden LEP 2010 and Camden DCP 2019 and records the local housing period as 2016–2021 affordable release plus 2000s stock. Access evidence for Spring Farm is anchored to Spring Farm Parkway, Richardson Road and Elizabeth Macarthur Avenue; the Spring Farm locality references are Spring Farm Public School, Nepean River corridor and Mount Annan Botanic Garden (adjacent). The researched Spring Farm job record contains Stepped and graded driveways, Concrete retaining and edge beams, High-traction finishes on steep approaches and Terraced alfresco slabs. These Spring Farm examples describe the supplied job mix rather than a claim about an unverified project. The unresolved Spring Farm checks are framed by these supplied questions: How steep is too steep for a concrete driveway in Camden?, What finish gives the best grip on a sloped driveway? and When do I need a Non-Standard Driveway Application?. Each Spring Farm answer must retain its cited council, planning, engineering or operator source. The Spring Farm development references supplied for research are Evergreen Estate (AVJennings) and Spring Farm Estate (Cornish Group). The Spring Farm page treats those names as source leads, not as proof of a Structure Co project. The supplied Spring Farm job weighting is new build 55%, replacement 15%, decorative 10% and commercial 20%. The Spring Farm service emphasis follows that recorded mix. The Spring Farm research brief assigns postcode 2570, authority Camden Council and primary query concreters spring farm. Those Spring Farm identifiers must agree across the import record. The supplied Spring Farm query set is concreter spring farm nsw, sloped driveway spring farm, concrete driveway spring farm, retaining wall concrete spring farm and concrete slab spring farm 2570. The Spring Farm body uses that set only where the researched ground, approval or job evidence supports the wording. Spring Farm separates its concrete crossovers and laybacks evidence from the general Spring Farm brief; Concrete Crossovers and Laybacks in Spring Farm carries that service decision.",The researched Spring Farm job record contains,_elementor_data:$[6].elements[1].elements[0].elements[1].settings.editor,text-editor,NONE — DECISION-06 D32: no Camden job record exists,UNSUPPORTED,remove the invented job-record construction,True,True,REMOVED_WITHOUT_REPLACEMENT,,"owner attestation and remediation authority, 21 August 2026; invented researched-job-record construction removed",False,False
LEG-0217,legacy_232,real_photo_pending_local_project,1377,concreters-spring-farm,suburb,draft,[[REAL_PHOTO_PENDING: verified Structure Co project in Spring Farm]],[[REAL_PHOTO_PENDING: verified Structure Co project in Spring Farm]],_elementor_data:$[10].elements[0].elements[1].settings.editor,text-editor,NONE — DECISION-06 D32 and Report 50,UNSUPPORTED,remove the evidential local-work module,True,True,REMOVED_BY_REPORT_50_MEDIA_AND_D32,,DECISION-06 D32; owner-approved Report 49/Report 50 media plan,False,False
LEG-0218,legacy_232,real_photo_pending_local_project,1377,concreters-spring-farm,suburb,draft,[[REAL_PHOTO_PENDING: verified Structure Co project in Spring Farm]],[[REAL_PHOTO_PENDING: verified Structure Co project in Spring Farm]],_elementor_data:$[10].elements[1].elements[1].settings.editor,text-editor,NONE — DECISION-06 D32 and Report 50,UNSUPPORTED,remove the evidential local-work module,True,True,REMOVED_BY_REPORT_50_MEDIA_AND_D32,,DECISION-06 D32; owner-approved Report 49/Report 50 media plan,False,False
LEG-0219,legacy_232,real_photo_pending_local_project,1377,concreters-spring-farm,suburb,draft,[[REAL_PHOTO_PENDING: verified Structure Co project in Spring Farm]],[[REAL_PHOTO_PENDING: verified Structure Co project in Spring Farm]],_elementor_data:$[10].elements[2].elements[1].settings.editor,text-editor,NONE — DECISION-06 D32 and Report 50,UNSUPPORTED,remove the evidential local-work module,True,True,REMOVED_BY_REPORT_50_MEDIA_AND_D32,,DECISION-06 D32; owner-approved Report 49/Report 50 media plan,False,False
LEG-0220,legacy_232,fixed_price_on_site_quote,1377,concreters-spring-farm,suburb,draft,Fixed-Price On-Site Quotes in Oran Park,Fixed-Price On-Site Quotes,_elementor_data:$[11].elements[1].elements[0].settings.title_text,icon-box,NONE — data/verified-facts.yml pricing and owner attestation 21 August 2026,UNSUPPORTED,remove the promise; say only that job-specific quotations and terms must be confirmed,True,True,REMOVED_WITHOUT_REPLACEMENT,,"owner attestation and remediation authority, 21 August 2026",False,False
LEG-0221,legacy_232,licence_insurance_accreditation,1377,concreters-spring-farm,suburb,draft,Licensed & Insured,Licensed & Insured,_elementor_data:$[11].elements[1].elements[2].settings.title_text,icon-box,NONE — data/verified-facts.yml licensing; no contractor credential is authorised,UNSUPPORTED,remove or restate only as a requirement to verify the independent provider,True,True,REMOVED_WITHOUT_REPLACEMENT,,"owner attestation and remediation authority, 21 August 2026",False,False
LEG-0222,legacy_232,service_area_claim,1377,concreters-spring-farm,suburb,draft,AREAS WE COVER AROUND SPRING FARM,AREAS WE COVER,_elementor_data:$[12].elements[1].elements[0].settings.title,heading,NONE — data/verified-facts.yml service_areas verified:false and empty,UNSUPPORTED,replace with non-service suburb information or remove,True,True,REMOVED_WITHOUT_REPLACEMENT,,"owner attestation and remediation authority, 21 August 2026",False,False
LEG-0223,legacy_232,false_verified_project_record,1377,concreters-spring-farm,suburb,draft,"For Spring Farm, the verified project record says: Spring Farm sits on genuinely sloping ground, and that is what makes it different from the flat growth-corridor releases. Camden requires an average driveway grade of 1:6 with controlled vertical curves — on a steep Spring Farm block you either engineer the grade properly or you lodge a Non-Standard Driveway Application. Blocks here regularly need stepped pours, integrated retaining and a scratch or broom finish for traction rather than a smooth decorative one.",verified project record says,_elementor_data:$[14].elements[2].elements[0].elements[0].settings.editor,text-editor,NONE — DECISION-06 D32: no Camden job completed or scheduled,UNSUPPORTED,remove false project-record framing; retain only separately sourced public facts,True,True,REMOVED_WITHOUT_REPLACEMENT,,"owner attestation and remediation authority, 21 August 2026",False,False
LEG-0224,legacy_232,false_verified_project_record,1377,concreters-spring-farm,suburb,draft,"For Spring Farm, the verified project record says: Shale clay on graded fill benches. Retaining and drainage behind the driveway matter more here than anywhere else in the LGA — water tracking behind a slab on a slope is the failure mode.",verified project record says,_elementor_data:$[14].elements[2].elements[1].elements[0].settings.editor,text-editor,NONE — DECISION-06 D32: no Camden job completed or scheduled,UNSUPPORTED,remove false project-record framing; retain only separately sourced public facts,True,True,REMOVED_WITHOUT_REPLACEMENT,,"owner attestation and remediation authority, 21 August 2026",False,False
LEG-0225,legacy_232,false_verified_project_record,1377,concreters-spring-farm,suburb,draft,"For Spring Farm, the verified project record says: Camden Standard Driveway Crossing Application where the grade complies; Non-Standard Driveway Application where it cannot, with an explanation of why the standard spec can't be met.",verified project record says,_elementor_data:$[14].elements[2].elements[2].elements[0].settings.editor,text-editor,NONE — DECISION-06 D32: no Camden job completed or scheduled,UNSUPPORTED,remove false project-record framing; retain only separately sourced public facts,True,True,REMOVED_WITHOUT_REPLACEMENT,,"owner attestation and remediation authority, 21 August 2026",False,False
LEG-0226,legacy_232,fixed_price_on_site_quote,1377,concreters-spring-farm,suburb,draft,"Concreting in Spring Farm 2570 for driveways, slabs, paths and crossovers, using the verified Camden Council approval path. Request an on-site quote.",on-site quote,postmeta:rank_math_description,meta,NONE — data/verified-facts.yml pricing and owner attestation 21 August 2026,UNSUPPORTED,remove the promise; say only that job-specific quotations and terms must be confirmed,True,True,NEUTRALISED_WITH_ATTESTED_OR_NONCLAIM_WORDING,Concreting information only. Council requirements must be checked for the specific property and proposed work.,"owner attestation and remediation authority, 21 August 2026; unsupported verified-council meta claim removed",False,False
LEG-0227,legacy_232,workmanship_guarantee_warranty,1600,privacy-policy,utility,draft,"What this policy covers This policy explains what personal information [[PLACEHOLDER: verified legal entity name]] collects through this website, why it is collected, how it is stored and who to contact about it. It applies to the enquiry form on the About and Gallery pages and to any email or phone contact made through this site. Who is accountable The entity accountable for personal information collected through this site is [[PLACEHOLDER: verified legal entity name]], ABN [[PLACEHOLDER: verified ABN]], trading as [[PLACEHOLDER: verified trading name]]. What is collected The enquiry form collects your name, phone number, suburb, the service you are asking about and, optionally, your email address, an approximate job size and a free-text message. Nothing else is collected through the form. The site does not collect payment details. Why it is collected To respond to your enquiry, to quote on the work you have asked about, and to contact you about that enquiry. It is not used for anything else, and it is not sold, rented or disclosed to third parties for marketing. Where it goes Form submissions are delivered by email to [[PLACEHOLDER: verified recipient address]] and are stored in the website database. Delivery is by authenticated SMTP through [[PLACEHOLDER: verified sending domain]]. How long it is kept Enquiry records are kept for [[PLACEHOLDER: owner-decided retention period]] and then deleted. If your enquiry becomes a quoted or completed job, the record is kept for as long as required for tax and warranty purposes. Consent The enquiry form asks you to tick a box confirming you agree to be contacted about your enquiry and to your details being stored for that purpose. The box is not ticked for you. You can withdraw consent at any time using the contact details below. Access, correction and complaints You can ask what personal information is held about you, ask for it to be corrected, or ask for it to be deleted. Contact [[PLACEHOLDER: verified contact address for privacy requests]] or call [[PLACEHOLDER: verified phone number]]. We will respond within a reasonable period. If you are not satisfied with how a request was handled, you can complain to the Office of the Australian Information Commissioner at oaic.gov.au. Cookies and analytics [[VERIFY: confirm which analytics or tracking scripts are installed before publication. If any are present this section must describe them; if none are present it must say so.]] Changes to this policy If this policy changes, the revised version is published on this page with a new effective date. Effective date: [[PLACEHOLDER: date of publication]]",warranty,post_content,wordpress,no verified written guarantee or warranty instrument,SUPPORTED,retain; evidence condition satisfied,False,False,NEUTRALISED_WITH_ATTESTED_OR_NONCLAIM_WORDING,"<h1>Privacy Policy</h1>
<h2>What this policy covers</h2>
<p>This policy explains how personal information submitted through this website is handled. The public site-operator label is Structure Co Concreters Camden. The accountable legal entity remains [[PLACEHOLDER: accountable legal entity for privacy obligations]] and this policy must not be published until that entity is identified.</p>
<h2>Operating model</h2>
<p>Structure Co Concreters Camden manages concreting enquiries and coordinates suitable independent providers. Job-specific quotations, contractual terms, licensing, insurance and warranty information must be confirmed before work begins. Submitting an enquiry does not create a construction contract.</p>
<h2>What is collected</h2>
<p>The planned enquiry form may collect a name, phone number, suburb, requested service, optional email address, approximate job size and a free-text message. It must not collect payment details.</p>
<h2>Why it is collected and disclosed</h2>
<p>Information is used to respond to the enquiry and, with the submitter's consent, may be shared with a suitable independent provider so that the provider can assess the enquiry. It is not sold, rented or disclosed for third-party marketing.</p>
<h2>Delivery, storage and retention</h2>
<p>Form submissions are to be delivered to info@concreterscamden.com.au. [[VERIFY: form delivery, authenticated sending domain, database storage and access controls before publication.]] Enquiry records are retained for [[PLACEHOLDER: owner-decided retention period]] and then deleted unless a lawful obligation requires otherwise.</p>
<h2>Consent and contracts</h2>
<p>The form must require consent to contact the submitter, store the supplied information and share it with a suitable independent provider for the enquiry. Consent is not pre-ticked and may be withdrawn. Submitting an enquiry does not create a construction contract.</p>
<h2>Access, correction and complaints</h2>
<p>Requests to access, correct or delete personal information may be sent to info@concreterscamden.com.au or made by telephone on (03) 4328 3392. Postal correspondence may be sent to 15 Murray Street, Camden NSW 2570. This is an administrative correspondence office and is not open to customers or visitors. We will respond within a reasonable period. Complaints may also be made to the Office of the Australian Information Commissioner at <a href=""https://www.oaic.gov.au/"">oaic.gov.au</a>.</p>
<h2>Cookies and analytics</h2>
<p>[[VERIFY: confirm which analytics or tracking scripts are installed before publication and describe them here, or state that none are present.]]</p>
<h2>Changes</h2>
<p>If this policy changes, the revised version will be published on this page. Effective date: [[PLACEHOLDER: publication date]].</p>","owner attestation and remediation authority, 21 August 2026; privacy policy rebuilt from attested facts; genuine blockers retained",False,False
LEG-0228,legacy_232,response_time_promise,1600,privacy-policy,utility,draft,"What this policy covers This policy explains what personal information [[PLACEHOLDER: verified legal entity name]] collects through this website, why it is collected, how it is stored and who to contact about it. It applies to the enquiry form on the About and Gallery pages and to any email or phone contact made through this site. Who is accountable The entity accountable for personal information collected through this site is [[PLACEHOLDER: verified legal entity name]], ABN [[PLACEHOLDER: verified ABN]], trading as [[PLACEHOLDER: verified trading name]]. What is collected The enquiry form collects your name, phone number, suburb, the service you are asking about and, optionally, your email address, an approximate job size and a free-text message. Nothing else is collected through the form. The site does not collect payment details. Why it is collected To respond to your enquiry, to quote on the work you have asked about, and to contact you about that enquiry. It is not used for anything else, and it is not sold, rented or disclosed to third parties for marketing. Where it goes Form submissions are delivered by email to [[PLACEHOLDER: verified recipient address]] and are stored in the website database. Delivery is by authenticated SMTP through [[PLACEHOLDER: verified sending domain]]. How long it is kept Enquiry records are kept for [[PLACEHOLDER: owner-decided retention period]] and then deleted. If your enquiry becomes a quoted or completed job, the record is kept for as long as required for tax and warranty purposes. Consent The enquiry form asks you to tick a box confirming you agree to be contacted about your enquiry and to your details being stored for that purpose. The box is not ticked for you. You can withdraw consent at any time using the contact details below. Access, correction and complaints You can ask what personal information is held about you, ask for it to be corrected, or ask for it to be deleted. Contact [[PLACEHOLDER: verified contact address for privacy requests]] or call [[PLACEHOLDER: verified phone number]]. We will respond within a reasonable period. If you are not satisfied with how a request was handled, you can complain to the Office of the Australian Information Commissioner at oaic.gov.au. Cookies and analytics [[VERIFY: confirm which analytics or tracking scripts are installed before publication. If any are present this section must describe them; if none are present it must say so.]] Changes to this policy If this policy changes, the revised version is published on this page with a new effective date. Effective date: [[PLACEHOLDER: date of publication]]",respond within | reasonable period,post_content,wordpress,no verified service SLA; privacy response wording is separate,SUPPORTED,retain; evidence condition satisfied,False,False,NEUTRALISED_WITH_ATTESTED_OR_NONCLAIM_WORDING,"<h1>Privacy Policy</h1>
<h2>What this policy covers</h2>
<p>This policy explains how personal information submitted through this website is handled. The public site-operator label is Structure Co Concreters Camden. The accountable legal entity remains [[PLACEHOLDER: accountable legal entity for privacy obligations]] and this policy must not be published until that entity is identified.</p>
<h2>Operating model</h2>
<p>Structure Co Concreters Camden manages concreting enquiries and coordinates suitable independent providers. Job-specific quotations, contractual terms, licensing, insurance and warranty information must be confirmed before work begins. Submitting an enquiry does not create a construction contract.</p>
<h2>What is collected</h2>
<p>The planned enquiry form may collect a name, phone number, suburb, requested service, optional email address, approximate job size and a free-text message. It must not collect payment details.</p>
<h2>Why it is collected and disclosed</h2>
<p>Information is used to respond to the enquiry and, with the submitter's consent, may be shared with a suitable independent provider so that the provider can assess the enquiry. It is not sold, rented or disclosed for third-party marketing.</p>
<h2>Delivery, storage and retention</h2>
<p>Form submissions are to be delivered to info@concreterscamden.com.au. [[VERIFY: form delivery, authenticated sending domain, database storage and access controls before publication.]] Enquiry records are retained for [[PLACEHOLDER: owner-decided retention period]] and then deleted unless a lawful obligation requires otherwise.</p>
<h2>Consent and contracts</h2>
<p>The form must require consent to contact the submitter, store the supplied information and share it with a suitable independent provider for the enquiry. Consent is not pre-ticked and may be withdrawn. Submitting an enquiry does not create a construction contract.</p>
<h2>Access, correction and complaints</h2>
<p>Requests to access, correct or delete personal information may be sent to info@concreterscamden.com.au or made by telephone on (03) 4328 3392. Postal correspondence may be sent to 15 Murray Street, Camden NSW 2570. This is an administrative correspondence office and is not open to customers or visitors. We will respond within a reasonable period. Complaints may also be made to the Office of the Australian Information Commissioner at <a href=""https://www.oaic.gov.au/"">oaic.gov.au</a>.</p>
<h2>Cookies and analytics</h2>
<p>[[VERIFY: confirm which analytics or tracking scripts are installed before publication and describe them here, or state that none are present.]]</p>
<h2>Changes</h2>
<p>If this policy changes, the revised version will be published on this page. Effective date: [[PLACEHOLDER: publication date]].</p>","owner attestation and remediation authority, 21 August 2026; privacy policy rebuilt from attested facts; genuine blockers retained",False,False
LEG-0229,legacy_232,band_b_real_photo_pending_card,969,concreters-gregory-hills,suburb,publish,[[REAL_PHOTO_PENDING: verified Structure Co project in Gregory Hills]],[[REAL_PHOTO_PENDING: verified Structure Co project in Gregory Hills]],adjacent to attachment 46; image widget e5f56c0; context 0b6535c,image,NONE — DECISION-06 D32 and Report 45,UNSUPPORTED,remove with the evidential local-work module,True,True,REMOVED_BY_REPORT_50_MEDIA_AND_D32,,DECISION-06 D32; owner-approved Report 49/Report 50 media plan,False,False
LEG-0230,legacy_232,band_b_real_photo_pending_card,1387,concreters-edmondson-park,suburb,draft,[[REAL_PHOTO_PENDING: verified Structure Co project in Edmondson Park]],[[REAL_PHOTO_PENDING: verified Structure Co project in Edmondson Park]],adjacent to attachment 48; image widget 0424a72; context 70b3a77,image,NONE — DECISION-06 D32 and Report 45,UNSUPPORTED,remove with the evidential local-work module,True,True,REMOVED_BY_REPORT_50_MEDIA_AND_D32,,DECISION-06 D32; owner-approved Report 49/Report 50 media plan,False,False
LEG-0231,legacy_232,band_b_real_photo_pending_card,1387,concreters-edmondson-park,suburb,draft,[[REAL_PHOTO_PENDING: verified Structure Co project in Edmondson Park]],[[REAL_PHOTO_PENDING: verified Structure Co project in Edmondson Park]],adjacent to attachment 49; image widget 4195f9b; context feaa6cf,image,NONE — DECISION-06 D32 and Report 45,UNSUPPORTED,remove with the evidential local-work module,True,True,REMOVED_BY_REPORT_50_MEDIA_AND_D32,,DECISION-06 D32; owner-approved Report 49/Report 50 media plan,False,False
LEG-0232,legacy_232,band_b_real_photo_pending_card,1371,concreters-catherine-field,suburb,draft,[[REAL_PHOTO_PENDING: verified Structure Co project in Catherine Field]],[[REAL_PHOTO_PENDING: verified Structure Co project in Catherine Field]],adjacent to attachment 52; image widget 0424a72; context 70b3a77,image,NONE — DECISION-06 D32 and Report 45,UNSUPPORTED,remove with the evidential local-work module,True,True,REMOVED_BY_REPORT_50_MEDIA_AND_D32,,DECISION-06 D32; owner-approved Report 49/Report 50 media plan,False,False
ADD-0001,additional_blind_spots,quote_or_scope_promise,474,concreters-oran-park,suburb,publish,Get Your FREE Quote Today,Get Your FREE Quote,_elementor_data:$[0].elements[2].settings.text,button,NONE — owner operating-model attestation; no quotation policy or contractor is authorised,UNSUPPORTED,replace with a non-contractual concreting-enquiry invitation,True,True,NEUTRALISED_WITH_ATTESTED_OR_NONCLAIM_WORDING,Submit a concreting enquiry,"owner attestation and remediation authority, 21 August 2026; unsupported free-quote CTA neutralised",False,False
ADD-0002,additional_blind_spots,direct_service_or_scope_presentation,474,concreters-oran-park,suburb,publish,Our Services,Our Services,_elementor_data:$[1].elements[0].settings.title.value.content.value,e-heading,"NONE — owner operating-model attestation, 21 August 2026",UNSUPPORTED,replace with enquiry types and the authorised coordination disclosure,True,True,NEUTRALISED_WITH_ATTESTED_OR_NONCLAIM_WORDING,Concreting enquiry types,"owner attestation and remediation authority, 21 August 2026; direct service-ownership heading neutralised",False,False
ADD-0003,additional_blind_spots,direct_service_or_scope_presentation,474,concreters-oran-park,suburb,publish,Our Services,Our Services,_elementor_data:$[1].elements[0].settings.title.value.children[0].content,e-heading,"NONE — owner operating-model attestation, 21 August 2026",UNSUPPORTED,replace with enquiry types and the authorised coordination disclosure,True,True,NEUTRALISED_WITH_ATTESTED_OR_NONCLAIM_WORDING,Concreting enquiry types,"owner attestation and remediation authority, 21 August 2026; direct service-ownership heading neutralised",False,False
ADD-0004,additional_blind_spots,customer_social_proof_heading,474,concreters-oran-park,suburb,publish,WHY CUSTOMERS CHOOSE US,WHY CUSTOMERS CHOOSE US,_elementor_data:$[10].elements[0].settings.title,heading,NONE — reviews and completed_projects are unverified,UNSUPPORTED,replace with a factual enquiry-coordination heading,True,True,NEUTRALISED_WITH_ATTESTED_OR_NONCLAIM_WORDING,How enquiry coordination works,"owner attestation and remediation authority, 21 August 2026; unsupported customer social-proof heading neutralised",False,False
ADD-0005,additional_blind_spots,quote_or_scope_promise,474,concreters-oran-park,suburb,publish,Get Your FREE Quote Today,Get Your FREE Quote,_elementor_data:$[13].elements[0].settings.text,button,NONE — owner operating-model attestation; no quotation policy or contractor is authorised,UNSUPPORTED,replace with a non-contractual concreting-enquiry invitation,True,True,NEUTRALISED_WITH_ATTESTED_OR_NONCLAIM_WORDING,Submit a concreting enquiry,"owner attestation and remediation authority, 21 August 2026; unsupported free-quote CTA neutralised",False,False
ADD-0006,additional_blind_spots,quote_or_scope_promise,474,concreters-oran-park,suburb,publish,"Concreting in Oran Park 2570 for driveways, slabs, paths and crossovers, using the verified Camden Council approval path. Request an on-site quote.",Request an on-site quote,postmeta:rank_math_description,meta,NONE — owner operating-model attestation; no quotation policy or contractor is authorised,UNSUPPORTED,replace with a non-contractual concreting-enquiry invitation,True,True,NEUTRALISED_WITH_ATTESTED_OR_NONCLAIM_WORDING,Concreting information only. Council requirements must be checked for the specific property and proposed work.,"owner attestation and remediation authority, 21 August 2026; unsupported verified-council meta claim removed",False,False
ADD-0007,additional_blind_spots,unsupported_verified_local_evidence,474,concreters-oran-park,suburb,publish,"Concreting in Oran Park 2570 for driveways, slabs, paths and crossovers, using the verified Camden Council approval path. Request an on-site quote.",using the verified Camden,postmeta:rank_math_description,meta,NONE — no occurrence-level evidence citation supports the reader-visible verification claim,UNSUPPORTED,remove the claim; use only separately cited current official facts,True,True,NEUTRALISED_WITH_ATTESTED_OR_NONCLAIM_WORDING,Concreting information only. Council requirements must be checked for the specific property and proposed work.,"owner attestation and remediation authority, 21 August 2026; unsupported verified-council meta claim removed",False,False
ADD-0008,additional_blind_spots,quote_or_scope_promise,221,concreters-leppington,suburb,publish,Get Your FREE Quote Today,Get Your FREE Quote,_elementor_data:$[0].elements[2].settings.text,button,NONE — owner operating-model attestation; no quotation policy or contractor is authorised,UNSUPPORTED,replace with a non-contractual concreting-enquiry invitation,True,True,NEUTRALISED_WITH_ATTESTED_OR_NONCLAIM_WORDING,Submit a concreting enquiry,"owner attestation and remediation authority, 21 August 2026; unsupported free-quote CTA neutralised",False,False
ADD-0009,additional_blind_spots,direct_service_or_scope_presentation,221,concreters-leppington,suburb,publish,Our Services,Our Services,_elementor_data:$[1].elements[0].settings.title.value.content.value,e-heading,"NONE — owner operating-model attestation, 21 August 2026",UNSUPPORTED,replace with enquiry types and the authorised coordination disclosure,True,True,NEUTRALISED_WITH_ATTESTED_OR_NONCLAIM_WORDING,Concreting enquiry types,"owner attestation and remediation authority, 21 August 2026; direct service-ownership heading neutralised",False,False
ADD-0010,additional_blind_spots,direct_service_or_scope_presentation,221,concreters-leppington,suburb,publish,Our Services,Our Services,_elementor_data:$[1].elements[0].settings.title.value.children[0].content,e-heading,"NONE — owner operating-model attestation, 21 August 2026",UNSUPPORTED,replace with enquiry types and the authorised coordination disclosure,True,True,NEUTRALISED_WITH_ATTESTED_OR_NONCLAIM_WORDING,Concreting enquiry types,"owner attestation and remediation authority, 21 August 2026; direct service-ownership heading neutralised",False,False
ADD-0011,additional_blind_spots,unsupported_verified_local_evidence,221,concreters-leppington,suburb,publish,"Concrete work requested around Leppington, ordered around the verified local job mix.",verified local job mix,_elementor_data:$[1].elements[1].settings.editor,text-editor,NONE — no occurrence-level evidence citation supports the reader-visible verification claim,UNSUPPORTED,remove the claim; use only separately cited current official facts,True,True,NEUTRALISED_WITH_ATTESTED_OR_NONCLAIM_WORDING,Concreting enquiry information for Leppington.,"owner attestation and remediation authority, 21 August 2026; unsupported verified-local-job-mix framing removed",False,False
ADD-0012,additional_blind_spots,unsupported_verified_local_evidence,221,concreters-leppington,suburb,publish,"The recorded housing profile for Leppington is 2016–present, multi-developer release. Local reference points include Leppington railway station (South West Rail Link terminus), HomeWorld Leppington display village and Leppington Public School, with access commonly read from Camden Valley Way, Ingleburn Road and Heath Road. The verified local distinction is specific: Leppington straddles the Camden and Liverpool council boundary. Two lots on opposite sides of the same street can require two different crossover applications, two fee schedules and two inspection processes. Check the lot on the NSW Planning Portal before quoting.",verified local distinction,_elementor_data:$[4].elements[0].elements[1].settings.editor,text-editor,NONE — no occurrence-level evidence citation supports the reader-visible verification claim,UNSUPPORTED,remove the claim; use only separately cited current official facts,True,True,REMOVED_WITHOUT_REPLACEMENT,,"owner attestation and remediation authority, 21 August 2026; unsupported verified-local-distinction field removed",False,False
ADD-0013,additional_blind_spots,unsupported_verified_local_evidence,221,concreters-leppington,suburb,publish,"Leppington straddles Camden and Liverpool. The governing council is checked against the lot before any application is selected, because opposite sides of a street can follow different forms, fees and inspection processes. The verified approval record is: Camden Council Standard/Non-Standard Driveway Crossing Application OR Liverpool City Council vehicle crossing application, depending on which LGA the lot falls in. The recorded Leppington council specification is reproduced without alteration: REQUIRED-RESEARCH: confirm Liverpool City Council vehicle crossing specification, widths, strength and fee schedule at liverpool.nsw.gov.au. Before crossover work in Leppington starts, the parcel boundary is resolved. The related vehicle-crossing requirements guide records the council-level process. Leppington uses the reactive clay slabs as 2870 reference for Leppington when the Leppington evidence reaches that topic; the lot record still controls the decision.",verified approval record,_elementor_data:$[8].elements[0].elements[1].elements[0].elements[1].settings.editor,text-editor,NONE — no occurrence-level evidence citation supports the reader-visible verification claim,UNSUPPORTED,remove the claim; use only separately cited current official facts,True,True,REMOVED_WITHOUT_REPLACEMENT,,"owner attestation and remediation authority, 21 August 2026; unsupported verified-approval field removed",False,False
ADD-0014,additional_blind_spots,customer_social_proof_heading,221,concreters-leppington,suburb,publish,Why Leppington customers choose us,Why Leppington customers choose us,_elementor_data:$[10].elements[0].settings.title,heading,NONE — reviews and completed_projects are unverified,UNSUPPORTED,replace with a factual enquiry-coordination heading,True,True,NEUTRALISED_WITH_ATTESTED_OR_NONCLAIM_WORDING,How enquiry coordination works,"owner attestation and remediation authority, 21 August 2026; unsupported customer social-proof heading neutralised",False,False
ADD-0015,additional_blind_spots,unsupported_verified_local_evidence,221,concreters-leppington,suburb,publish,"From Leppington, the verified neighbouring service links are Austral , Catherine Field , Edmondson Park and Oran Park .",verified neighbouring service links,_elementor_data:$[11].elements[1].elements[1].settings.editor,text-editor,NONE — no occurrence-level evidence citation supports the reader-visible verification claim,UNSUPPORTED,remove the claim; use only separately cited current official facts,True,True,REMOVED_WITHOUT_REPLACEMENT,,"owner attestation and remediation authority, 21 August 2026; unsupported verified-service-area field removed",False,False
ADD-0016,additional_blind_spots,quote_or_scope_promise,221,concreters-leppington,suburb,publish,Get Your FREE Quote Today,Get Your FREE Quote,_elementor_data:$[13].elements[0].settings.text,button,NONE — owner operating-model attestation; no quotation policy or contractor is authorised,UNSUPPORTED,replace with a non-contractual concreting-enquiry invitation,True,True,NEUTRALISED_WITH_ATTESTED_OR_NONCLAIM_WORDING,Submit a concreting enquiry,"owner attestation and remediation authority, 21 August 2026; unsupported free-quote CTA neutralised",False,False
ADD-0017,additional_blind_spots,unsupported_verified_local_evidence,221,concreters-leppington,suburb,publish,"Concreting in Leppington 2179 for driveways, slabs, paths and crossovers, using the verified Camden Council / Liverpool City Council (split — verify per lot).",using the verified Camden,postmeta:rank_math_description,meta,NONE — no occurrence-level evidence citation supports the reader-visible verification claim,UNSUPPORTED,remove the claim; use only separately cited current official facts,True,True,NEUTRALISED_WITH_ATTESTED_OR_NONCLAIM_WORDING,Concreting information only. Council requirements must be checked for the specific property and proposed work.,"owner attestation and remediation authority, 21 August 2026; unsupported verified-council meta claim removed",False,False
ADD-0018,additional_blind_spots,quote_or_scope_promise,969,concreters-gregory-hills,suburb,publish,Get Your FREE Quote Today,Get Your FREE Quote,_elementor_data:$[0].elements[2].settings.text,button,NONE — owner operating-model attestation; no quotation policy or contractor is authorised,UNSUPPORTED,replace with a non-contractual concreting-enquiry invitation,True,True,NEUTRALISED_WITH_ATTESTED_OR_NONCLAIM_WORDING,Submit a concreting enquiry,"owner attestation and remediation authority, 21 August 2026; unsupported free-quote CTA neutralised",False,False
ADD-0019,additional_blind_spots,direct_service_or_scope_presentation,969,concreters-gregory-hills,suburb,publish,Our Services,Our Services,_elementor_data:$[1].elements[0].settings.title.value.content.value,e-heading,"NONE — owner operating-model attestation, 21 August 2026",UNSUPPORTED,replace with enquiry types and the authorised coordination disclosure,True,True,NEUTRALISED_WITH_ATTESTED_OR_NONCLAIM_WORDING,Concreting enquiry types,"owner attestation and remediation authority, 21 August 2026; direct service-ownership heading neutralised",False,False
ADD-0020,additional_blind_spots,direct_service_or_scope_presentation,969,concreters-gregory-hills,suburb,publish,Our Services,Our Services,_elementor_data:$[1].elements[0].settings.title.value.children[0].content,e-heading,"NONE — owner operating-model attestation, 21 August 2026",UNSUPPORTED,replace with enquiry types and the authorised coordination disclosure,True,True,NEUTRALISED_WITH_ATTESTED_OR_NONCLAIM_WORDING,Concreting enquiry types,"owner attestation and remediation authority, 21 August 2026; direct service-ownership heading neutralised",False,False
ADD-0021,additional_blind_spots,unsupported_verified_local_evidence,969,concreters-gregory-hills,suburb,publish,"Concrete work requested around Gregory Hills, ordered around the verified local job mix.",verified local job mix,_elementor_data:$[1].elements[1].settings.editor,text-editor,NONE — no occurrence-level evidence citation supports the reader-visible verification claim,UNSUPPORTED,remove the claim; use only separately cited current official facts,True,True,NEUTRALISED_WITH_ATTESTED_OR_NONCLAIM_WORDING,Concreting enquiry information for Gregory Hills.,"owner attestation and remediation authority, 21 August 2026; unsupported verified-local-job-mix framing removed",False,False
ADD-0022,additional_blind_spots,unsupported_verified_local_evidence,969,concreters-gregory-hills,suburb,publish,"The recorded housing profile for Gregory Hills is 2013–present residential; ongoing industrial build-out. Local reference points include Gregory Hills Town Centre, Turner Road Precinct and Smeaton Grange industrial estate (adjacent), with access commonly read from Gregory Hills Drive, Badgally Road and Rodeo Road. The verified local distinction is specific: Gregory Hills is the one Camden growth suburb where residential and light-industrial work sit side by side. The Turner Road business precinct and the Smeaton Grange estate next door mean forklift-rated slabs, loading-dock aprons and truck hardstands are quoted off the same drive as a domestic driveway — different mix design, different reinforcement, different jointing.",verified local distinction,_elementor_data:$[4].elements[0].elements[1].settings.editor,text-editor,NONE — no occurrence-level evidence citation supports the reader-visible verification claim,UNSUPPORTED,remove the claim; use only separately cited current official facts,True,True,REMOVED_WITHOUT_REPLACEMENT,,"owner attestation and remediation authority, 21 August 2026; unsupported verified-local-distinction field removed",False,False
ADD-0023,additional_blind_spots,unsupported_verified_local_evidence,969,concreters-gregory-hills,suburb,publish,The researched ground note for Gregory Hills records: Shale-derived clay on engineered fill. Commercial hardstand areas need subgrade CBR testing and a thicker reinforced section than a residential driveway — do not quote a warehouse apron off a residential rate. That evidence is checked against the proposed slab location in Gregory Hills; assumptions from another estate are not substituted for a site inspection. Gregory Hills separates its commercial concreting evidence from the general Gregory Hills brief; Commercial Concreting in Gregory Hills carries that service decision.,The researched ground note,_elementor_data:$[5].elements[0].elements[1].settings.editor,text-editor,NONE — no occurrence-level evidence citation supports the reader-visible verification claim,UNSUPPORTED,remove the claim; use only separately cited current official facts,True,True,REMOVED_WITHOUT_REPLACEMENT,,"owner attestation and remediation authority, 21 August 2026; unsupported researched-ground-note construction removed",False,False
ADD-0024,additional_blind_spots,unsupported_verified_local_evidence,969,concreters-gregory-hills,suburb,publish,"The verified approval path for Gregory Hills is: Residential: Camden Council Standard Driveway Crossing Application. Commercial/industrial: Non-Standard Driveway Application, plus any DA conditions attached to the site. The recorded council specification is reproduced without alteration: 32 MPa, 125mm, SL72 fabric, 4.0-5.5m urban width, 1200mm footpath allocation (900mm offset; 800mm in Oran Park), 4% footpath crossfall, 1:6 max batter. Before crossover work in Gregory Hills starts, the governing lot and application path are checked. The related vehicle-crossing requirements guide records the council-level process. Gregory Hills uses the commercial hardstand cost reference for Gregory Hills when the Gregory Hills evidence reaches that topic; the lot record still controls the decision.",verified approval path,_elementor_data:$[8].elements[0].elements[1].elements[0].elements[1].settings.editor,text-editor,NONE — no occurrence-level evidence citation supports the reader-visible verification claim,UNSUPPORTED,remove the claim; use only separately cited current official facts,True,True,REMOVED_WITHOUT_REPLACEMENT,,"owner attestation and remediation authority, 21 August 2026; unsupported verified-approval field removed",False,False
ADD-0025,additional_blind_spots,customer_social_proof_heading,969,concreters-gregory-hills,suburb,publish,Why Gregory Hills customers choose us,Why Gregory Hills customers choose us,_elementor_data:$[10].elements[0].settings.title,heading,NONE — reviews and completed_projects are unverified,UNSUPPORTED,replace with a factual enquiry-coordination heading,True,True,NEUTRALISED_WITH_ATTESTED_OR_NONCLAIM_WORDING,How enquiry coordination works,"owner attestation and remediation authority, 21 August 2026; unsupported customer social-proof heading neutralised",False,False
ADD-0026,additional_blind_spots,unsupported_verified_local_evidence,969,concreters-gregory-hills,suburb,publish,"From Gregory Hills, the verified neighbouring service links are Gledswood Hills , Narellan , Oran Park and Currans Hill .",verified neighbouring service links,_elementor_data:$[11].elements[1].elements[1].settings.editor,text-editor,NONE — no occurrence-level evidence citation supports the reader-visible verification claim,UNSUPPORTED,remove the claim; use only separately cited current official facts,True,True,REMOVED_WITHOUT_REPLACEMENT,,"owner attestation and remediation authority, 21 August 2026; unsupported verified-service-area field removed",False,False
ADD-0027,additional_blind_spots,quote_or_scope_promise,969,concreters-gregory-hills,suburb,publish,Get Your FREE Quote Today,Get Your FREE Quote,_elementor_data:$[13].elements[0].settings.text,button,NONE — owner operating-model attestation; no quotation policy or contractor is authorised,UNSUPPORTED,replace with a non-contractual concreting-enquiry invitation,True,True,NEUTRALISED_WITH_ATTESTED_OR_NONCLAIM_WORDING,Submit a concreting enquiry,"owner attestation and remediation authority, 21 August 2026; unsupported free-quote CTA neutralised",False,False
ADD-0028,additional_blind_spots,quote_or_scope_promise,969,concreters-gregory-hills,suburb,publish,"Concreting in Gregory Hills 2557 for driveways, slabs, paths and crossovers, using the verified Camden Council approval path. Request an on-site quote.",Request an on-site quote,postmeta:rank_math_description,meta,NONE — owner operating-model attestation; no quotation policy or contractor is authorised,UNSUPPORTED,replace with a non-contractual concreting-enquiry invitation,True,True,NEUTRALISED_WITH_ATTESTED_OR_NONCLAIM_WORDING,Concreting information only. Council requirements must be checked for the specific property and proposed work.,"owner attestation and remediation authority, 21 August 2026; unsupported verified-council meta claim removed",False,False
ADD-0029,additional_blind_spots,unsupported_verified_local_evidence,969,concreters-gregory-hills,suburb,publish,"Concreting in Gregory Hills 2557 for driveways, slabs, paths and crossovers, using the verified Camden Council approval path. Request an on-site quote.",using the verified Camden,postmeta:rank_math_description,meta,NONE — no occurrence-level evidence citation supports the reader-visible verification claim,UNSUPPORTED,remove the claim; use only separately cited current official facts,True,True,NEUTRALISED_WITH_ATTESTED_OR_NONCLAIM_WORDING,Concreting information only. Council requirements must be checked for the specific property and proposed work.,"owner attestation and remediation authority, 21 August 2026; unsupported verified-council meta claim removed",False,False
ADD-0030,additional_blind_spots,quote_or_scope_promise,1370,concreters-gledswood-hills,suburb,publish,Get Your FREE Quote Today,Get Your FREE Quote,_elementor_data:$[0].elements[2].settings.text,button,NONE — owner operating-model attestation; no quotation policy or contractor is authorised,UNSUPPORTED,replace with a non-contractual concreting-enquiry invitation,True,True,NEUTRALISED_WITH_ATTESTED_OR_NONCLAIM_WORDING,Submit a concreting enquiry,"owner attestation and remediation authority, 21 August 2026; unsupported free-quote CTA neutralised",False,False
ADD-0031,additional_blind_spots,direct_service_or_scope_presentation,1370,concreters-gledswood-hills,suburb,publish,Our Services,Our Services,_elementor_data:$[1].elements[0].settings.title.value.content.value,e-heading,"NONE — owner operating-model attestation, 21 August 2026",UNSUPPORTED,replace with enquiry types and the authorised coordination disclosure,True,True,NEUTRALISED_WITH_ATTESTED_OR_NONCLAIM_WORDING,Concreting enquiry types,"owner attestation and remediation authority, 21 August 2026; direct service-ownership heading neutralised",False,False
ADD-0032,additional_blind_spots,direct_service_or_scope_presentation,1370,concreters-gledswood-hills,suburb,publish,Our Services,Our Services,_elementor_data:$[1].elements[0].settings.title.value.children[0].content,e-heading,"NONE — owner operating-model attestation, 21 August 2026",UNSUPPORTED,replace with enquiry types and the authorised coordination disclosure,True,True,NEUTRALISED_WITH_ATTESTED_OR_NONCLAIM_WORDING,Concreting enquiry types,"owner attestation and remediation authority, 21 August 2026; direct service-ownership heading neutralised",False,False
ADD-0033,additional_blind_spots,unsupported_verified_local_evidence,1370,concreters-gledswood-hills,suburb,publish,"Concrete work requested around Gledswood Hills, ordered around the verified local job mix.",verified local job mix,_elementor_data:$[1].elements[1].settings.editor,text-editor,NONE — no occurrence-level evidence citation supports the reader-visible verification claim,UNSUPPORTED,remove the claim; use only separately cited current official facts,True,True,NEUTRALISED_WITH_ATTESTED_OR_NONCLAIM_WORDING,Concreting enquiry information for Gledswood Hills.,"owner attestation and remediation authority, 21 August 2026; unsupported verified-local-job-mix framing removed",False,False
ADD-0034,additional_blind_spots,unsupported_verified_local_evidence,1370,concreters-gledswood-hills,suburb,publish,"The recorded housing profile for Gledswood Hills is 2014–present, premium masterplanned. Local reference points include Camden Lakeside Golf Course, Gledswood Homestead & Winery (heritage) and Harrington Park Homestead, with access commonly read from Raby Road, Camden Valley Way and Gregory Hills Drive. The verified local distinction is specific: Parts of Gledswood Hills back onto the South Creek riparian corridor and the Sydney Water Upper Canal. Sulfate and chloride levels in subsoil near western Sydney creek lines can be aggressive to concrete and reinforcement — this is the suburb where the Western Sydney Salinity Code of Practice and the CCAA saline-environments guide actually change the mix and the cover you specify, not just the paperwork.",verified local distinction,_elementor_data:$[4].elements[0].elements[1].settings.editor,text-editor,NONE — no occurrence-level evidence citation supports the reader-visible verification claim,UNSUPPORTED,remove the claim; use only separately cited current official facts,True,True,REMOVED_WITHOUT_REPLACEMENT,,"owner attestation and remediation authority, 21 August 2026; unsupported verified-local-distinction field removed",False,False
ADD-0035,additional_blind_spots,unsupported_verified_local_evidence,1370,concreters-gledswood-hills,suburb,publish,"The researched ground note for Gledswood Hills records: Clay over shale, larger lots (350–600sqm), some Cumberland Plain Woodland conservation overlays restricting access and requiring line-pump or boom-pump placement rather than direct chute. That evidence is checked against the proposed slab location in Gledswood Hills; assumptions from another estate are not substituted for a site inspection. For post-handover work, shed and garage slabs in Gledswood Hills need the support beneath the rear-yard location checked before the reinforcement schedule is confirmed. Gledswood Hills separates its concrete slabs evidence from the general Gledswood Hills brief; Concrete Slabs in Gledswood Hills carries that service decision.",The researched ground note,_elementor_data:$[5].elements[0].elements[1].settings.editor,text-editor,NONE — no occurrence-level evidence citation supports the reader-visible verification claim,UNSUPPORTED,remove the claim; use only separately cited current official facts,True,True,REMOVED_WITHOUT_REPLACEMENT,,"owner attestation and remediation authority, 21 August 2026; unsupported researched-ground-note construction removed",False,False
ADD-0036,additional_blind_spots,customer_social_proof_heading,1370,concreters-gledswood-hills,suburb,publish,Why Gledswood Hills customers choose us,Why Gledswood Hills customers choose us,_elementor_data:$[10].elements[0].settings.title,heading,NONE — reviews and completed_projects are unverified,UNSUPPORTED,replace with a factual enquiry-coordination heading,True,True,NEUTRALISED_WITH_ATTESTED_OR_NONCLAIM_WORDING,How enquiry coordination works,"owner attestation and remediation authority, 21 August 2026; unsupported customer social-proof heading neutralised",False,False
ADD-0037,additional_blind_spots,unsupported_verified_local_evidence,1370,concreters-gledswood-hills,suburb,publish,"From Gledswood Hills, the verified neighbouring service links are Gregory Hills , Harrington Park , Catherine Field and Oran Park .",verified neighbouring service links,_elementor_data:$[11].elements[1].elements[1].settings.editor,text-editor,NONE — no occurrence-level evidence citation supports the reader-visible verification claim,UNSUPPORTED,remove the claim; use only separately cited current official facts,True,True,REMOVED_WITHOUT_REPLACEMENT,,"owner attestation and remediation authority, 21 August 2026; unsupported verified-service-area field removed",False,False
ADD-0038,additional_blind_spots,quote_or_scope_promise,1370,concreters-gledswood-hills,suburb,publish,Get Your FREE Quote Today,Get Your FREE Quote,_elementor_data:$[13].elements[0].settings.text,button,NONE — owner operating-model attestation; no quotation policy or contractor is authorised,UNSUPPORTED,replace with a non-contractual concreting-enquiry invitation,True,True,NEUTRALISED_WITH_ATTESTED_OR_NONCLAIM_WORDING,Submit a concreting enquiry,"owner attestation and remediation authority, 21 August 2026; unsupported free-quote CTA neutralised",False,False
ADD-0039,additional_blind_spots,quote_or_scope_promise,1370,concreters-gledswood-hills,suburb,publish,"Concreting in Gledswood Hills 2557 for driveways, slabs, paths and crossovers, using the verified Camden Council approval path. Request an on-site quote.",Request an on-site quote,postmeta:rank_math_description,meta,NONE — owner operating-model attestation; no quotation policy or contractor is authorised,UNSUPPORTED,replace with a non-contractual concreting-enquiry invitation,True,True,NEUTRALISED_WITH_ATTESTED_OR_NONCLAIM_WORDING,Concreting information only. Council requirements must be checked for the specific property and proposed work.,"owner attestation and remediation authority, 21 August 2026; unsupported verified-council meta claim removed",False,False
ADD-0040,additional_blind_spots,unsupported_verified_local_evidence,1370,concreters-gledswood-hills,suburb,publish,"Concreting in Gledswood Hills 2557 for driveways, slabs, paths and crossovers, using the verified Camden Council approval path. Request an on-site quote.",using the verified Camden,postmeta:rank_math_description,meta,NONE — no occurrence-level evidence citation supports the reader-visible verification claim,UNSUPPORTED,remove the claim; use only separately cited current official facts,True,True,NEUTRALISED_WITH_ATTESTED_OR_NONCLAIM_WORDING,Concreting information only. Council requirements must be checked for the specific property and proposed work.,"owner attestation and remediation authority, 21 August 2026; unsupported verified-council meta claim removed",False,False
ADD-0041,additional_blind_spots,quote_or_scope_promise,1163,concreters-austral,suburb,publish,Get Your FREE Quote Today,Get Your FREE Quote,_elementor_data:$[0].elements[2].settings.text,button,NONE — owner operating-model attestation; no quotation policy or contractor is authorised,UNSUPPORTED,replace with a non-contractual concreting-enquiry invitation,True,True,NEUTRALISED_WITH_ATTESTED_OR_NONCLAIM_WORDING,Submit a concreting enquiry,"owner attestation and remediation authority, 21 August 2026; unsupported free-quote CTA neutralised",False,False
ADD-0042,additional_blind_spots,direct_service_or_scope_presentation,1163,concreters-austral,suburb,publish,Our Services,Our Services,_elementor_data:$[1].elements[0].settings.title.value.content.value,e-heading,"NONE — owner operating-model attestation, 21 August 2026",UNSUPPORTED,replace with enquiry types and the authorised coordination disclosure,True,True,NEUTRALISED_WITH_ATTESTED_OR_NONCLAIM_WORDING,Concreting enquiry types,"owner attestation and remediation authority, 21 August 2026; direct service-ownership heading neutralised",False,False
ADD-0043,additional_blind_spots,direct_service_or_scope_presentation,1163,concreters-austral,suburb,publish,Our Services,Our Services,_elementor_data:$[1].elements[0].settings.title.value.children[0].content,e-heading,"NONE — owner operating-model attestation, 21 August 2026",UNSUPPORTED,replace with enquiry types and the authorised coordination disclosure,True,True,NEUTRALISED_WITH_ATTESTED_OR_NONCLAIM_WORDING,Concreting enquiry types,"owner attestation and remediation authority, 21 August 2026; direct service-ownership heading neutralised",False,False
ADD-0044,additional_blind_spots,unsupported_verified_local_evidence,1163,concreters-austral,suburb,publish,"Concrete work requested around Austral, ordered around the verified local job mix.",verified local job mix,_elementor_data:$[1].elements[1].settings.editor,text-editor,NONE — no occurrence-level evidence citation supports the reader-visible verification claim,UNSUPPORTED,remove the claim; use only separately cited current official facts,True,True,NEUTRALISED_WITH_ATTESTED_OR_NONCLAIM_WORDING,Concreting enquiry information for Austral.,"owner attestation and remediation authority, 21 August 2026; unsupported verified-local-job-mix framing removed",False,False
ADD-0045,additional_blind_spots,unsupported_verified_local_evidence,1163,concreters-austral,suburb,publish,"The recorded housing profile for Austral is Mixed — 1960s–90s acreage housing plus 2015–present infill subdivision. Local reference points include Austral Public School, Leppington North Precinct and Western Sydney Airport corridor, with access commonly read from Fifteenth Avenue, Edmondson Avenue and Kelvin Park Drive. The verified local distinction is specific: Austral is not a masterplanned estate — it is old five-acre market-garden blocks being cut up lot by lot. That produces work no growth-corridor estate produces: 40–60 metre battle-axe handle driveways, double crossovers for dual occupancies, and second-dwelling slabs squeezed behind an existing house. Volume per job is high, access is usually terrible, and the pour almost always needs a line pump.",verified local distinction,_elementor_data:$[4].elements[0].elements[1].settings.editor,text-editor,NONE — no occurrence-level evidence citation supports the reader-visible verification claim,UNSUPPORTED,remove the claim; use only separately cited current official facts,True,True,REMOVED_WITHOUT_REPLACEMENT,,"owner attestation and remediation authority, 21 August 2026; unsupported verified-local-distinction field removed",False,False
ADD-0046,additional_blind_spots,unsupported_verified_local_evidence,1163,concreters-austral,suburb,publish,"The researched ground note for Austral records: Reactive clay with variable historic fill from decades of market-garden use. Undocumented fill is common — test before you assume a Class M site. That evidence is checked against the proposed slab location in Austral; assumptions from another estate are not substituted for a site inspection. For post-handover work, shed and garage slabs in Austral need the support beneath the rear-yard location checked before the reinforcement schedule is confirmed. Austral separates its concrete driveways evidence from the general Austral brief; Concrete Driveways in Austral carries that service decision.",The researched ground note,_elementor_data:$[5].elements[0].elements[1].settings.editor,text-editor,NONE — no occurrence-level evidence citation supports the reader-visible verification claim,UNSUPPORTED,remove the claim; use only separately cited current official facts,True,True,REMOVED_WITHOUT_REPLACEMENT,,"owner attestation and remediation authority, 21 August 2026; unsupported researched-ground-note construction removed",False,False
ADD-0047,additional_blind_spots,unsupported_verified_local_evidence,1163,concreters-austral,suburb,publish,"The verified approval path for Austral is: Liverpool City Council vehicle crossing application — a different process and fee schedule to Camden. Dual occupancies typically require the crossing to match the approved parking facility on the DA or CDC. The recorded Austral council specification is reproduced without alteration: REQUIRED-RESEARCH: confirm Liverpool City Council vehicle crossing specification, widths, strength and fee schedule at liverpool.nsw.gov.au. Before crossover work in Austral starts, the governing lot and application path are checked. The related vehicle-crossing requirements guide records the council-level process. Austral uses the engineered fill and why new estate slabs crack reference for Austral when the Austral evidence reaches that topic; the lot record still controls the decision.",verified approval path,_elementor_data:$[8].elements[0].elements[1].elements[0].elements[1].settings.editor,text-editor,NONE — no occurrence-level evidence citation supports the reader-visible verification claim,UNSUPPORTED,remove the claim; use only separately cited current official facts,True,True,REMOVED_WITHOUT_REPLACEMENT,,"owner attestation and remediation authority, 21 August 2026; unsupported verified-approval field removed",False,False
ADD-0048,additional_blind_spots,customer_social_proof_heading,1163,concreters-austral,suburb,publish,Why Austral customers choose us,Why Austral customers choose us,_elementor_data:$[10].elements[0].settings.title,heading,NONE — reviews and completed_projects are unverified,UNSUPPORTED,replace with a factual enquiry-coordination heading,True,True,NEUTRALISED_WITH_ATTESTED_OR_NONCLAIM_WORDING,How enquiry coordination works,"owner attestation and remediation authority, 21 August 2026; unsupported customer social-proof heading neutralised",False,False
ADD-0049,additional_blind_spots,unsupported_verified_local_evidence,1163,concreters-austral,suburb,publish,"From Austral, the verified neighbouring service links are Leppington , Edmondson Park , Bringelly and Catherine Field .",verified neighbouring service links,_elementor_data:$[11].elements[1].elements[1].settings.editor,text-editor,NONE — no occurrence-level evidence citation supports the reader-visible verification claim,UNSUPPORTED,remove the claim; use only separately cited current official facts,True,True,REMOVED_WITHOUT_REPLACEMENT,,"owner attestation and remediation authority, 21 August 2026; unsupported verified-service-area field removed",False,False
ADD-0050,additional_blind_spots,quote_or_scope_promise,1163,concreters-austral,suburb,publish,Get Your FREE Quote Today,Get Your FREE Quote,_elementor_data:$[13].elements[0].settings.text,button,NONE — owner operating-model attestation; no quotation policy or contractor is authorised,UNSUPPORTED,replace with a non-contractual concreting-enquiry invitation,True,True,NEUTRALISED_WITH_ATTESTED_OR_NONCLAIM_WORDING,Submit a concreting enquiry,"owner attestation and remediation authority, 21 August 2026; unsupported free-quote CTA neutralised",False,False
ADD-0051,additional_blind_spots,quote_or_scope_promise,1163,concreters-austral,suburb,publish,"Concreting in Austral 2179 for driveways, slabs, paths and crossovers, using the verified Liverpool City Council approval path. Request an on-site quote.",Request an on-site quote,postmeta:rank_math_description,meta,NONE — owner operating-model attestation; no quotation policy or contractor is authorised,UNSUPPORTED,replace with a non-contractual concreting-enquiry invitation,True,True,NEUTRALISED_WITH_ATTESTED_OR_NONCLAIM_WORDING,Concreting information only. Council requirements must be checked for the specific property and proposed work.,"owner attestation and remediation authority, 21 August 2026; unsupported verified-council meta claim removed",False,False
ADD-0052,additional_blind_spots,unsupported_verified_local_evidence,1163,concreters-austral,suburb,publish,"Concreting in Austral 2179 for driveways, slabs, paths and crossovers, using the verified Liverpool City Council approval path. Request an on-site quote.",using the verified Liverpool,postmeta:rank_math_description,meta,NONE — no occurrence-level evidence citation supports the reader-visible verification claim,UNSUPPORTED,remove the claim; use only separately cited current official facts,True,True,NEUTRALISED_WITH_ATTESTED_OR_NONCLAIM_WORDING,Concreting information only. Council requirements must be checked for the specific property and proposed work.,"owner attestation and remediation authority, 21 August 2026; unsupported verified-council meta claim removed",False,False
ADD-0053,additional_blind_spots,quote_or_scope_promise,1126,concreters-harrington-park,suburb,publish,Get Your FREE Quote Today,Get Your FREE Quote,_elementor_data:$[0].elements[2].settings.text,button,NONE — owner operating-model attestation; no quotation policy or contractor is authorised,UNSUPPORTED,replace with a non-contractual concreting-enquiry invitation,True,True,NEUTRALISED_WITH_ATTESTED_OR_NONCLAIM_WORDING,Submit a concreting enquiry,"owner attestation and remediation authority, 21 August 2026; unsupported free-quote CTA neutralised",False,False
ADD-0054,additional_blind_spots,unsupported_verified_local_evidence,1126,concreters-harrington-park,suburb,publish,"Concrete work requested around Harrington Park, ordered around the verified local job mix.",verified local job mix,_elementor_data:$[1].elements[1].settings.editor,text-editor,NONE — no occurrence-level evidence citation supports the reader-visible verification claim,UNSUPPORTED,remove the claim; use only separately cited current official facts,True,True,NEUTRALISED_WITH_ATTESTED_OR_NONCLAIM_WORDING,Concreting enquiry information for Harrington Park.,"owner attestation and remediation authority, 21 August 2026; unsupported verified-local-job-mix framing removed",False,False
ADD-0055,additional_blind_spots,unsupported_verified_local_evidence,1126,concreters-harrington-park,suburb,publish,"The recorded housing profile for Harrington Park is 1995–2010 established, plus Harrington Grove 2010–present. Local reference points include Harrington Park Lake, Harrington Park Homestead (heritage) and Harrington Park Public School, with access commonly read from The Parkway, Harrington Parkway and Camden Valley Way. The verified local distinction is specific: Under the Harrington Grove schedule of the Camden DCP, a driveway must be built across its full width in stencilled or stamped concrete, clay pavers or exposed aggregate — no portion may be uncoloured concrete. Width is 3m to 5.5m, average grade 1:6, and it must sit at least 500mm clear of kerb drainage structures and side fencing. Anyone quoting you a plain broom finish here has not read the controls. Existing housing makes driveway replacement in Harrington Park a service that must be assessed separately from a first pour.",verified local distinction,_elementor_data:$[4].elements[0].elements[1].settings.editor,text-editor,NONE — no occurrence-level evidence citation supports the reader-visible verification claim,UNSUPPORTED,remove the claim; use only separately cited current official facts,True,True,REMOVED_WITHOUT_REPLACEMENT,,"owner attestation and remediation authority, 21 August 2026; unsupported verified-local-distinction field removed",False,False
ADD-0056,additional_blind_spots,unsupported_verified_local_evidence,1126,concreters-harrington-park,suburb,publish,"The researched ground note for Harrington Park records: Established suburb on shale-derived clay. The 1990s–2000s driveways are now at 20–30 years and showing edge failure, settlement at the crossover, and cracking where the original slab was under-reinforced by today's standards. That evidence is checked against the proposed slab location in Harrington Park; assumptions from another estate are not substituted for a site inspection. Harrington Park separates its exposed aggregate concrete evidence from the general Harrington Park brief; Exposed Aggregate Concrete in Harrington Park carries that service decision.",The researched ground note,_elementor_data:$[5].elements[0].elements[1].settings.editor,text-editor,NONE — no occurrence-level evidence citation supports the reader-visible verification claim,UNSUPPORTED,remove the claim; use only separately cited current official facts,True,True,REMOVED_WITHOUT_REPLACEMENT,,"owner attestation and remediation authority, 21 August 2026; unsupported researched-ground-note construction removed",False,False
ADD-0057,additional_blind_spots,unsupported_verified_local_evidence,1126,concreters-harrington-park,suburb,publish,"The verified approval path for Harrington Park is: Camden Council Standard Driveway Crossing Application for a new or altered crossover. Like-for-like replacement inside the property boundary generally does not, but confirm before starting. The recorded council specification is reproduced without alteration: 32 MPa, 125mm, SL72 fabric, 4.0-5.5m urban width, 1200mm footpath allocation (900mm offset; 800mm in Oran Park), 4% footpath crossfall, 1:6 max batter. Before crossover work in Harrington Park starts, the governing lot and application path are checked. The related vehicle-crossing requirements guide records the council-level process. Harrington Park uses the concrete repair vs replace reference for Harrington Park when the Harrington Park evidence reaches that topic; the lot record still controls the decision.",verified approval path,_elementor_data:$[8].elements[0].elements[1].elements[0].elements[1].settings.editor,text-editor,NONE — no occurrence-level evidence citation supports the reader-visible verification claim,UNSUPPORTED,remove the claim; use only separately cited current official facts,True,True,REMOVED_WITHOUT_REPLACEMENT,,"owner attestation and remediation authority, 21 August 2026; unsupported verified-approval field removed",False,False
ADD-0058,additional_blind_spots,customer_social_proof_heading,1126,concreters-harrington-park,suburb,publish,Why Harrington Park customers choose us,Why Harrington Park customers choose us,_elementor_data:$[10].elements[0].settings.title,heading,NONE — reviews and completed_projects are unverified,UNSUPPORTED,replace with a factual enquiry-coordination heading,True,True,NEUTRALISED_WITH_ATTESTED_OR_NONCLAIM_WORDING,How enquiry coordination works,"owner attestation and remediation authority, 21 August 2026; unsupported customer social-proof heading neutralised",False,False
ADD-0059,additional_blind_spots,unsupported_verified_local_evidence,1126,concreters-harrington-park,suburb,publish,"From Harrington Park, the verified neighbouring service links are Gledswood Hills , Narellan and Mount Annan .",verified neighbouring service links,_elementor_data:$[11].elements[1].elements[1].settings.editor,text-editor,NONE — no occurrence-level evidence citation supports the reader-visible verification claim,UNSUPPORTED,remove the claim; use only separately cited current official facts,True,True,REMOVED_WITHOUT_REPLACEMENT,,"owner attestation and remediation authority, 21 August 2026; unsupported verified-service-area field removed",False,False
ADD-0060,additional_blind_spots,quote_or_scope_promise,1126,concreters-harrington-park,suburb,publish,Get Your FREE Quote Today,Get Your FREE Quote,_elementor_data:$[13].elements[0].settings.text,button,NONE — owner operating-model attestation; no quotation policy or contractor is authorised,UNSUPPORTED,replace with a non-contractual concreting-enquiry invitation,True,True,NEUTRALISED_WITH_ATTESTED_OR_NONCLAIM_WORDING,Submit a concreting enquiry,"owner attestation and remediation authority, 21 August 2026; unsupported free-quote CTA neutralised",False,False
ADD-0061,additional_blind_spots,quote_or_scope_promise,1126,concreters-harrington-park,suburb,publish,"Concreting in Harrington Park 2567 for driveways, slabs, paths and crossovers, using the verified Camden Council approval path. Request an on-site quote.",Request an on-site quote,postmeta:rank_math_description,meta,NONE — owner operating-model attestation; no quotation policy or contractor is authorised,UNSUPPORTED,replace with a non-contractual concreting-enquiry invitation,True,True,NEUTRALISED_WITH_ATTESTED_OR_NONCLAIM_WORDING,Concreting information only. Council requirements must be checked for the specific property and proposed work.,"owner attestation and remediation authority, 21 August 2026; unsupported verified-council meta claim removed",False,False
ADD-0062,additional_blind_spots,unsupported_verified_local_evidence,1126,concreters-harrington-park,suburb,publish,"Concreting in Harrington Park 2567 for driveways, slabs, paths and crossovers, using the verified Camden Council approval path. Request an on-site quote.",using the verified Camden,postmeta:rank_math_description,meta,NONE — no occurrence-level evidence citation supports the reader-visible verification claim,UNSUPPORTED,remove the claim; use only separately cited current official facts,True,True,NEUTRALISED_WITH_ATTESTED_OR_NONCLAIM_WORDING,Concreting information only. Council requirements must be checked for the specific property and proposed work.,"owner attestation and remediation authority, 21 August 2026; unsupported verified-council meta claim removed",False,False
ADD-0063,additional_blind_spots,quote_or_scope_promise,12,homepage,home,publish,"Structure Co Concreters Camden provides on-site scopes for driveways, slabs, paths and finished concrete across Camden and South West Sydney.",provides on-site scopes,_elementor_data:$[0].elements[0].elements[1].settings.editor,text-editor,NONE — owner operating-model attestation; no quotation policy or contractor is authorised,UNSUPPORTED,replace with a non-contractual concreting-enquiry invitation,True,True,NEUTRALISED_WITH_ATTESTED_OR_NONCLAIM_WORDING,"Structure Co Concreters Camden manages concreting enquiries and coordinates suitable independent providers. Job-specific quotations, contractual terms, licensing, insurance and warranty information must be confirmed before work begins.","owner attestation and remediation authority, 21 August 2026; homepage direct-contractor claim replaced with authorised role disclosure",False,False
ADD-0064,additional_blind_spots,direct_service_or_scope_presentation,12,homepage,home,publish,"Structure Co Concreters Camden provides on-site scopes for driveways, slabs, paths and finished concrete across Camden and South West Sydney.",Structure Co Concreters Camden provides,_elementor_data:$[0].elements[0].elements[1].settings.editor,text-editor,"NONE — owner operating-model attestation, 21 August 2026",UNSUPPORTED,replace with enquiry types and the authorised coordination disclosure,True,True,NEUTRALISED_WITH_ATTESTED_OR_NONCLAIM_WORDING,"Structure Co Concreters Camden manages concreting enquiries and coordinates suitable independent providers. Job-specific quotations, contractual terms, licensing, insurance and warranty information must be confirmed before work begins.","owner attestation and remediation authority, 21 August 2026; homepage direct-contractor claim replaced with authorised role disclosure",False,False
ADD-0065,additional_blind_spots,local_service_presentation,12,homepage,home,publish,"Structure Co Concreters Camden provides on-site scopes for driveways, slabs, paths and finished concrete across Camden and South West Sydney.",finished concrete across Camden and South West Sydney,_elementor_data:$[0].elements[0].elements[1].settings.editor,text-editor,NONE — service_areas remains unverified,UNSUPPORTED,replace with non-geographic enquiry wording,True,True,NEUTRALISED_WITH_ATTESTED_OR_NONCLAIM_WORDING,"Structure Co Concreters Camden manages concreting enquiries and coordinates suitable independent providers. Job-specific quotations, contractual terms, licensing, insurance and warranty information must be confirmed before work begins.","owner attestation and remediation authority, 21 August 2026; homepage direct-contractor claim replaced with authorised role disclosure",False,False
ADD-0066,additional_blind_spots,quote_or_scope_promise,12,homepage,home,publish,Get Your FREE Quote Today,Get Your FREE Quote,_elementor_data:$[0].elements[0].elements[2].settings.text,button,NONE — owner operating-model attestation; no quotation policy or contractor is authorised,UNSUPPORTED,replace with a non-contractual concreting-enquiry invitation,True,True,NEUTRALISED_WITH_ATTESTED_OR_NONCLAIM_WORDING,Submit a concreting enquiry,"owner attestation and remediation authority, 21 August 2026; unsupported free-quote CTA neutralised",False,False
ADD-0067,additional_blind_spots,local_service_presentation,12,homepage,home,publish,Concrete services across Camden and South West Sydney,Concrete services across Camden and South West Sydney,_elementor_data:$[1].elements[0].settings.title.value.content.value,e-heading,NONE — service_areas remains unverified,UNSUPPORTED,replace with non-geographic enquiry wording,True,True,NEUTRALISED_WITH_ATTESTED_OR_NONCLAIM_WORDING,Concreting enquiry types,"owner attestation and remediation authority, 21 August 2026; unverified local service heading neutralised",False,False
ADD-0068,additional_blind_spots,local_service_presentation,12,homepage,home,publish,Concrete services across Camden and South West Sydney,Concrete services across Camden and South West Sydney,_elementor_data:$[1].elements[0].settings.title.value.children[0].content,e-heading,NONE — service_areas remains unverified,UNSUPPORTED,replace with non-geographic enquiry wording,True,True,NEUTRALISED_WITH_ATTESTED_OR_NONCLAIM_WORDING,Concreting enquiry types,"owner attestation and remediation authority, 21 August 2026; unverified local service heading neutralised",False,False
ADD-0069,additional_blind_spots,direct_service_or_scope_presentation,12,homepage,home,publish,"The service range covers Concrete Driveways , Concrete Driveway Replacement , Concrete Slabs , Shed and Garage Slabs , Exposed Aggregate Concrete , Decorative Concrete , Concrete Patios and Alfresco Slabs , Concrete Paths and Pathways , Concrete Crossovers and Laybacks and Commercial Concreting .",service range covers,_elementor_data:$[1].elements[1].settings.editor,text-editor,"NONE — owner operating-model attestation, 21 August 2026",UNSUPPORTED,replace with enquiry types and the authorised coordination disclosure,True,True,NEUTRALISED_WITH_ATTESTED_OR_NONCLAIM_WORDING,"<p>Enquiries may concern <a href=""/concrete-driveways-south-west-sydney/"">Concrete Driveways</a>, <a href=""/concrete-driveway-replacement-south-west-sydney/"">Concrete Driveway Replacement</a>, <a href=""/concrete-slabs-south-west-sydney/"">Concrete Slabs</a>, <a href=""/shed-and-garage-slabs-south-west-sydney/"">Shed and Garage Slabs</a>, <a href=""/exposed-aggregate-south-west-sydney/"">Exposed Aggregate Concrete</a>, <a href=""/decorative-concrete-south-west-sydney/"">Decorative Concrete</a>, <a href=""/concrete-patios-south-west-sydney/"">Concrete Patios and Alfresco Slabs</a>, <a href=""/concrete-paths-south-west-sydney/"">Concrete Paths and Pathways</a>, <a href=""/concrete-crossovers-and-laybacks-south-west-sydney/"">Concrete Crossovers and Laybacks</a> and <a href=""/commercial-concreting-south-west-sydney/"">Commercial Concreting</a>.</p>","owner attestation and remediation authority, 21 August 2026; direct service-range presentation neutralised",False,False
ADD-0070,additional_blind_spots,direct_service_or_scope_presentation,12,homepage,home,publish,How Structure Co scopes concrete work,How Structure Co scopes,_elementor_data:$[5].elements[0].settings.title.value.content.value,e-heading,"NONE — owner operating-model attestation, 21 August 2026",UNSUPPORTED,replace with enquiry types and the authorised coordination disclosure,True,True,NEUTRALISED_WITH_ATTESTED_OR_NONCLAIM_WORDING,How enquiry coordination works,"owner attestation and remediation authority, 21 August 2026; direct operator/social-proof heading neutralised",False,False
ADD-0071,additional_blind_spots,unsupported_verified_local_evidence,12,homepage,home,publish,"Across the growth corridor, Wianamatta shale-derived reactive clay and engineered fill are recurring site inputs. They are verified at the work area instead of assumed from the suburb name.",verified at the work area,_elementor_data:$[6].elements[1].elements[0].elements[1].settings.editor,text-editor,NONE — no occurrence-level evidence citation supports the reader-visible verification claim,UNSUPPORTED,remove the claim; use only separately cited current official facts,True,True,NEUTRALISED_WITH_ATTESTED_OR_NONCLAIM_WORDING,&lt;p&gt;Site conditions must be checked for the specific work area by the independent provider.&lt;/p&gt;,"owner attestation and remediation authority, 21 August 2026; direct-work verification implication neutralised",False,False
ADD-0072,additional_blind_spots,local_service_presentation,12,homepage,home,publish,Concrete services across Camden and South West Sydney,Concrete services across Camden and South West Sydney,_elementor_data:$[6].elements[1].elements[2].elements[0].settings.title.value.content.value,e-heading,NONE — service_areas remains unverified,UNSUPPORTED,replace with non-geographic enquiry wording,True,True,NEUTRALISED_WITH_ATTESTED_OR_NONCLAIM_WORDING,Concreting enquiry types,"owner attestation and remediation authority, 21 August 2026; unverified local service heading neutralised",False,False
ADD-0073,additional_blind_spots,direct_service_or_scope_presentation,12,homepage,home,publish,How Structure Co scopes concrete work,How Structure Co scopes,_elementor_data:$[8].elements[0].settings.title,heading,"NONE — owner operating-model attestation, 21 August 2026",UNSUPPORTED,replace with enquiry types and the authorised coordination disclosure,True,True,NEUTRALISED_WITH_ATTESTED_OR_NONCLAIM_WORDING,How enquiry coordination works,"owner attestation and remediation authority, 21 August 2026; direct operator/social-proof heading neutralised",False,False
ADD-0074,additional_blind_spots,quote_or_scope_promise,12,homepage,home,publish,"Structure Co Concreters Camden provides on-site scopes for driveways, slabs, paths and finished concrete across Camden and South West Sydney.",provides on-site scopes,_elementor_data:$[9].elements[1].elements[0].elements[0].settings.editor,text-editor,NONE — owner operating-model attestation; no quotation policy or contractor is authorised,UNSUPPORTED,replace with a non-contractual concreting-enquiry invitation,True,True,NEUTRALISED_WITH_ATTESTED_OR_NONCLAIM_WORDING,"Structure Co Concreters Camden manages concreting enquiries and coordinates suitable independent providers. Job-specific quotations, contractual terms, licensing, insurance and warranty information must be confirmed before work begins.","owner attestation and remediation authority, 21 August 2026; homepage direct-contractor claim replaced with authorised role disclosure",False,False
ADD-0075,additional_blind_spots,direct_service_or_scope_presentation,12,homepage,home,publish,"Structure Co Concreters Camden provides on-site scopes for driveways, slabs, paths and finished concrete across Camden and South West Sydney.",Structure Co Concreters Camden provides,_elementor_data:$[9].elements[1].elements[0].elements[0].settings.editor,text-editor,"NONE — owner operating-model attestation, 21 August 2026",UNSUPPORTED,replace with enquiry types and the authorised coordination disclosure,True,True,NEUTRALISED_WITH_ATTESTED_OR_NONCLAIM_WORDING,"Structure Co Concreters Camden manages concreting enquiries and coordinates suitable independent providers. Job-specific quotations, contractual terms, licensing, insurance and warranty information must be confirmed before work begins.","owner attestation and remediation authority, 21 August 2026; homepage direct-contractor claim replaced with authorised role disclosure",False,False
ADD-0076,additional_blind_spots,local_service_presentation,12,homepage,home,publish,"Structure Co Concreters Camden provides on-site scopes for driveways, slabs, paths and finished concrete across Camden and South West Sydney.",finished concrete across Camden and South West Sydney,_elementor_data:$[9].elements[1].elements[0].elements[0].settings.editor,text-editor,NONE — service_areas remains unverified,UNSUPPORTED,replace with non-geographic enquiry wording,True,True,NEUTRALISED_WITH_ATTESTED_OR_NONCLAIM_WORDING,"Structure Co Concreters Camden manages concreting enquiries and coordinates suitable independent providers. Job-specific quotations, contractual terms, licensing, insurance and warranty information must be confirmed before work begins.","owner attestation and remediation authority, 21 August 2026; homepage direct-contractor claim replaced with authorised role disclosure",False,False
ADD-0077,additional_blind_spots,direct_service_or_scope_presentation,12,homepage,home,publish,"The service range covers Concrete Driveways , Concrete Driveway Replacement , Concrete Slabs , Shed and Garage Slabs , Exposed Aggregate Concrete , Decorative Concrete , Concrete Patios and Alfresco Slabs , Concrete Paths and Pathways , Concrete Crossovers and Laybacks and Commercial Concreting .",service range covers,_elementor_data:$[9].elements[1].elements[1].elements[0].settings.editor,text-editor,"NONE — owner operating-model attestation, 21 August 2026",UNSUPPORTED,replace with enquiry types and the authorised coordination disclosure,True,True,NEUTRALISED_WITH_ATTESTED_OR_NONCLAIM_WORDING,"<p>Enquiries may concern <a href=""/concrete-driveways-south-west-sydney/"">Concrete Driveways</a>, <a href=""/concrete-driveway-replacement-south-west-sydney/"">Concrete Driveway Replacement</a>, <a href=""/concrete-slabs-south-west-sydney/"">Concrete Slabs</a>, <a href=""/shed-and-garage-slabs-south-west-sydney/"">Shed and Garage Slabs</a>, <a href=""/exposed-aggregate-south-west-sydney/"">Exposed Aggregate Concrete</a>, <a href=""/decorative-concrete-south-west-sydney/"">Decorative Concrete</a>, <a href=""/concrete-patios-south-west-sydney/"">Concrete Patios and Alfresco Slabs</a>, <a href=""/concrete-paths-south-west-sydney/"">Concrete Paths and Pathways</a>, <a href=""/concrete-crossovers-and-laybacks-south-west-sydney/"">Concrete Crossovers and Laybacks</a> and <a href=""/commercial-concreting-south-west-sydney/"">Commercial Concreting</a>.</p>","owner attestation and remediation authority, 21 August 2026; direct service-range presentation neutralised",False,False
ADD-0078,additional_blind_spots,unsupported_verified_local_evidence,12,homepage,home,publish,"Across the growth corridor, Wianamatta shale-derived reactive clay and engineered fill are recurring site inputs. They are verified at the work area instead of assumed from the suburb name.",verified at the work area,_elementor_data:$[9].elements[1].elements[4].elements[0].settings.editor,text-editor,NONE — no occurrence-level evidence citation supports the reader-visible verification claim,UNSUPPORTED,remove the claim; use only separately cited current official facts,True,True,NEUTRALISED_WITH_ATTESTED_OR_NONCLAIM_WORDING,&lt;p&gt;Site conditions must be checked for the specific work area by the independent provider.&lt;/p&gt;,"owner attestation and remediation authority, 21 August 2026; direct-work verification implication neutralised",False,False
ADD-0079,additional_blind_spots,direct_service_or_scope_presentation,12,homepage,home,publish,"Structure Co Concreters Camden scopes driveways, slabs, paths and finished concrete across Camden and South West Sydney with local ground and council checks.",Structure Co Concreters Camden scopes,postmeta:rank_math_description,meta,"NONE — owner operating-model attestation, 21 August 2026",UNSUPPORTED,replace with enquiry types and the authorised coordination disclosure,True,True,NEUTRALISED_WITH_ATTESTED_OR_NONCLAIM_WORDING,"Structure Co Concreters Camden manages concreting enquiries and coordinates suitable independent providers. Job-specific quotations, contractual terms, licensing, insurance and warranty information must be confirmed before work begins.","owner attestation and remediation authority, 21 August 2026; homepage meta direct-contractor claim neutralised",False,False
ADD-0080,additional_blind_spots,local_service_presentation,12,homepage,home,publish,"Structure Co Concreters Camden scopes driveways, slabs, paths and finished concrete across Camden and South West Sydney with local ground and council checks.",finished concrete across Camden and South West Sydney,postmeta:rank_math_description,meta,NONE — service_areas remains unverified,UNSUPPORTED,replace with non-geographic enquiry wording,True,True,NEUTRALISED_WITH_ATTESTED_OR_NONCLAIM_WORDING,"Structure Co Concreters Camden manages concreting enquiries and coordinates suitable independent providers. Job-specific quotations, contractual terms, licensing, insurance and warranty information must be confirmed before work begins.","owner attestation and remediation authority, 21 August 2026; homepage meta direct-contractor claim neutralised",False,False
ADD-0081,additional_blind_spots,local_service_presentation,321,contact,utility,publish,"Contact Structure Co Concreters Camden about a driveway, slab, path, crossover or finished-concrete scope in Camden and South West Sydney.",scope in Camden and South West Sydney,_elementor_data:$[0].elements[1].settings.editor,text-editor,NONE — service_areas remains unverified,UNSUPPORTED,replace with non-geographic enquiry wording,True,True,NEUTRALISED_WITH_ATTESTED_OR_NONCLAIM_WORDING,"&lt;p&gt;Structure Co Concreters Camden manages concreting enquiries and coordinates suitable independent providers. Job-specific quotations, contractual terms, licensing, insurance and warranty information must be confirmed before work begins. Contact info@concreterscamden.com.au or call (03) 4328 3392. Administrative correspondence office — not open to customers or visitors: 15 Murray Street, Camden NSW 2570.&lt;/p&gt;","owner attestation and remediation authority, 21 August 2026; contact intro replaced with role and attested contact facts",False,False
ADD-0082,additional_blind_spots,local_service_presentation,321,contact,utility,publish,"Contact Structure Co Concreters Camden about a driveway, slab, path, crossover or finished-concrete scope in Camden and South West Sydney.",scope in Camden and South West Sydney,_elementor_data:$[5].elements[0].elements[0].elements[0].settings.editor,text-editor,NONE — service_areas remains unverified,UNSUPPORTED,replace with non-geographic enquiry wording,True,True,NEUTRALISED_WITH_ATTESTED_OR_NONCLAIM_WORDING,"&lt;p&gt;Structure Co Concreters Camden manages concreting enquiries and coordinates suitable independent providers. Job-specific quotations, contractual terms, licensing, insurance and warranty information must be confirmed before work begins. Contact info@concreterscamden.com.au or call (03) 4328 3392. Administrative correspondence office — not open to customers or visitors: 15 Murray Street, Camden NSW 2570.&lt;/p&gt;","owner attestation and remediation authority, 21 August 2026; contact intro replaced with role and attested contact facts",False,False
ADD-0083,additional_blind_spots,unsupported_opening_hours,321,contact,utility,publish,Mon-Fri 9:00AM - 5:00PM,Mon-Fri 9:00AM - 5:00PM,_elementor_data:$[6].elements[1].elements[0].settings.icon_list[2].text,icon-list,NONE — no opening-hours attestation; office is not open to visitors,UNSUPPORTED,remove opening-hours presentation,True,True,NEUTRALISED_WITH_ATTESTED_OR_NONCLAIM_WORDING,Telephone: (03) 4328 3392,"owner attestation and remediation authority, 21 August 2026; unsupported opening hours removed",False,False
ADD-0084,additional_blind_spots,quote_or_scope_promise,321,contact,utility,publish,"Contact Structure Co Concreters Camden. Send the site address, intended concrete use, dimensions and access details to Structure Co Concreters Camden for an on-site project.",for an on-site project,postmeta:rank_math_description,meta,NONE — owner operating-model attestation; no quotation policy or contractor is authorised,UNSUPPORTED,replace with a non-contractual concreting-enquiry invitation,True,True,NEUTRALISED_WITH_ATTESTED_OR_NONCLAIM_WORDING,Contact Structure Co Concreters Camden at info@concreterscamden.com.au or (03) 4328 3392 to submit a concreting enquiry. Submitting an enquiry does not create a construction contract.,"owner attestation and remediation authority, 21 August 2026; contact meta project/quotation implication neutralised",False,False
ADD-0085,additional_blind_spots,quote_or_scope_promise,1363,quote,utility,publish,Request a Concrete Quote,Request a Concrete Quote,item.title,wordpress,NONE — owner operating-model attestation; no quotation policy or contractor is authorised,UNSUPPORTED,replace with a non-contractual concreting-enquiry invitation,True,True,NEUTRALISED_WITH_ATTESTED_OR_NONCLAIM_WORDING,Submit a Concreting Enquiry,"owner attestation and remediation authority, 21 August 2026; quotation promise changed to enquiry",False,False
ADD-0086,additional_blind_spots,quote_or_scope_promise,1363,quote,utility,publish,Request a Concrete Quote,Request a Concrete Quote,_elementor_data:$[0].elements[0].settings.title.value.content.value,e-heading,NONE — owner operating-model attestation; no quotation policy or contractor is authorised,UNSUPPORTED,replace with a non-contractual concreting-enquiry invitation,True,True,NEUTRALISED_WITH_ATTESTED_OR_NONCLAIM_WORDING,Submit a Concreting Enquiry,"owner attestation and remediation authority, 21 August 2026; quotation promise changed to enquiry",False,False
ADD-0087,additional_blind_spots,quote_or_scope_promise,1363,quote,utility,publish,"Request an on-site concrete quote by providing the property address, proposed use, approximate dimensions, access and preferred finish.",Request an on-site concrete quote,_elementor_data:$[0].elements[1].settings.editor,text-editor,NONE — owner operating-model attestation; no quotation policy or contractor is authorised,UNSUPPORTED,replace with a non-contractual concreting-enquiry invitation,True,True,NEUTRALISED_WITH_ATTESTED_OR_NONCLAIM_WORDING,"&lt;p&gt;Submit a concreting enquiry with the property address, proposed use, approximate dimensions, access and preferred finish. Submitting an enquiry does not create a construction contract. Structure Co Concreters Camden manages concreting enquiries and coordinates suitable independent providers. Job-specific quotations, contractual terms, licensing, insurance and warranty information must be confirmed before work begins.&lt;/p&gt;","owner attestation and remediation authority, 21 August 2026; on-site quote promise replaced with non-contractual enquiry wording",False,False
ADD-0088,additional_blind_spots,quote_or_scope_promise,1363,quote,utility,publish,Request a Concrete Quote details,Request a Concrete Quote,_elementor_data:$[1].elements[1].settings.title.value.content.value,e-heading,NONE — owner operating-model attestation; no quotation policy or contractor is authorised,UNSUPPORTED,replace with a non-contractual concreting-enquiry invitation,True,True,NEUTRALISED_WITH_ATTESTED_OR_NONCLAIM_WORDING,Submitting an enquiry does not create a construction contract.,"owner attestation and remediation authority, 21 August 2026; form-adjacent no-contract disclosure applied | residual quotation-promise wording neutralised",False,False
ADD-0089,additional_blind_spots,quote_or_scope_promise,1363,quote,utility,publish,What does the site evidence require for Request a Concrete Quote?,Request a Concrete Quote,_elementor_data:$[5].elements[0].settings.items[0].item_title,nested-accordion,NONE — owner operating-model attestation; no quotation policy or contractor is authorised,UNSUPPORTED,replace with a non-contractual concreting-enquiry invitation,True,True,NEUTRALISED_WITH_ATTESTED_OR_NONCLAIM_WORDING,What does the site evidence require for concreting enquiry?,"owner attestation and remediation authority, 21 August 2026; residual quotation-promise wording neutralised",False,False
ADD-0090,additional_blind_spots,quote_or_scope_promise,1363,quote,utility,publish,What does the approval record require for Request a Concrete Quote?,Request a Concrete Quote,_elementor_data:$[5].elements[0].settings.items[1].item_title,nested-accordion,NONE — owner operating-model attestation; no quotation policy or contractor is authorised,UNSUPPORTED,replace with a non-contractual concreting-enquiry invitation,True,True,NEUTRALISED_WITH_ATTESTED_OR_NONCLAIM_WORDING,What does the approval record require for concreting enquiry?,"owner attestation and remediation authority, 21 August 2026; residual quotation-promise wording neutralised",False,False
ADD-0091,additional_blind_spots,quote_or_scope_promise,1363,quote,utility,publish,What does the ground support require for Request a Concrete Quote?,Request a Concrete Quote,_elementor_data:$[5].elements[0].settings.items[2].item_title,nested-accordion,NONE — owner operating-model attestation; no quotation policy or contractor is authorised,UNSUPPORTED,replace with a non-contractual concreting-enquiry invitation,True,True,NEUTRALISED_WITH_ATTESTED_OR_NONCLAIM_WORDING,What does the ground support require for concreting enquiry?,"owner attestation and remediation authority, 21 August 2026; residual quotation-promise wording neutralised",False,False
ADD-0092,additional_blind_spots,quote_or_scope_promise,1363,quote,utility,publish,"Request an on-site concrete quote by providing the property address, proposed use, approximate dimensions, access and preferred finish.",Request an on-site concrete quote,_elementor_data:$[5].elements[0].elements[0].elements[0].settings.editor,text-editor,NONE — owner operating-model attestation; no quotation policy or contractor is authorised,UNSUPPORTED,replace with a non-contractual concreting-enquiry invitation,True,True,NEUTRALISED_WITH_ATTESTED_OR_NONCLAIM_WORDING,"&lt;p&gt;Submit a concreting enquiry with the property address, proposed use, approximate dimensions, access and preferred finish. Submitting an enquiry does not create a construction contract. Structure Co Concreters Camden manages concreting enquiries and coordinates suitable independent providers. Job-specific quotations, contractual terms, licensing, insurance and warranty information must be confirmed before work begins.&lt;/p&gt;","owner attestation and remediation authority, 21 August 2026; on-site quote promise replaced with non-contractual enquiry wording",False,False
ADD-0093,additional_blind_spots,unsupported_opening_hours,1363,quote,utility,publish,Mon-Fri 9:00AM - 5:00PM,Mon-Fri 9:00AM - 5:00PM,_elementor_data:$[6].elements[1].elements[0].settings.icon_list[2].text,icon-list,NONE — no opening-hours attestation; office is not open to visitors,UNSUPPORTED,remove opening-hours presentation,True,True,NEUTRALISED_WITH_ATTESTED_OR_NONCLAIM_WORDING,Telephone: (03) 4328 3392,"owner attestation and remediation authority, 21 August 2026; unsupported opening hours removed",False,False
ADD-0094,additional_blind_spots,quote_or_scope_promise,1363,quote,utility,publish,Request a Concrete Quote | Structure Co Camden Concrete | Structure Co,Request a Concrete Quote,postmeta:rank_math_title,meta,NONE — owner operating-model attestation; no quotation policy or contractor is authorised,UNSUPPORTED,replace with a non-contractual concreting-enquiry invitation,True,True,NEUTRALISED_WITH_ATTESTED_OR_NONCLAIM_WORDING,Submit a Concreting Enquiry | Structure Co Camden Concrete | Structure Co,"owner attestation and remediation authority, 21 August 2026; quote meta title neutralised",False,False
ADD-0095,additional_blind_spots,quote_or_scope_promise,1363,quote,utility,publish,"Request a Concrete Quote. Send the site address, intended concrete use, dimensions and access details to Structure Co Concreters Camden for an on-site project scope.",Request a Concrete Quote | for an on-site project scope,postmeta:rank_math_description,meta,NONE — owner operating-model attestation; no quotation policy or contractor is authorised,UNSUPPORTED,replace with a non-contractual concreting-enquiry invitation,True,True,NEUTRALISED_WITH_ATTESTED_OR_NONCLAIM_WORDING,Submit a concreting enquiry to Structure Co Concreters Camden. Submitting an enquiry does not create a construction contract.,"owner attestation and remediation authority, 21 August 2026; quote meta promise neutralised",False,False
ADD-0096,additional_blind_spots,quote_or_scope_promise,1363,quote,utility,publish,Request a Concrete Quote,Request a Concrete Quote,postmeta:rank_math_breadcrumb_title,meta,NONE — owner operating-model attestation; no quotation policy or contractor is authorised,UNSUPPORTED,replace with a non-contractual concreting-enquiry invitation,True,True,NEUTRALISED_WITH_ATTESTED_OR_NONCLAIM_WORDING,Submit a Concreting Enquiry,"owner attestation and remediation authority, 21 August 2026; quotation promise changed to enquiry",False,False
ADD-0097,additional_blind_spots,direct_service_or_scope_presentation,1364,about,utility,publish,"Structure Co Concreters Camden scopes concrete work around the actual site, intended loading, levels, access and governing council requirements.",Structure Co Concreters Camden scopes,_elementor_data:$[0].elements[1].settings.editor,text-editor,"NONE — owner operating-model attestation, 21 August 2026",UNSUPPORTED,replace with enquiry types and the authorised coordination disclosure,True,True,NEUTRALISED_WITH_ATTESTED_OR_NONCLAIM_WORDING,"&lt;p&gt;Structure Co Concreters Camden manages concreting enquiries and coordinates suitable independent providers. Job-specific quotations, contractual terms, licensing, insurance and warranty information must be confirmed before work begins.&lt;/p&gt;","owner attestation and remediation authority, 21 August 2026; about direct-contractor/credential placeholder replaced with role disclosure",False,False
ADD-0098,additional_blind_spots,direct_service_or_scope_presentation,1364,about,utility,publish,The current service scope is listed from the Camden concreters homepage .,current service scope,_elementor_data:$[3].elements[1].settings.editor,text-editor,"NONE — owner operating-model attestation, 21 August 2026",UNSUPPORTED,replace with enquiry types and the authorised coordination disclosure,True,True,NEUTRALISED_WITH_ATTESTED_OR_NONCLAIM_WORDING,&lt;p&gt;Concreting enquiry types are listed on the Camden homepage.&lt;/p&gt;,"owner attestation and remediation authority, 21 August 2026; about service-scope claim neutralised",False,False
ADD-0099,additional_blind_spots,direct_service_or_scope_presentation,1364,about,utility,publish,"Structure Co Concreters Camden scopes concrete work around the actual site, intended loading, levels, access and governing council requirements.",Structure Co Concreters Camden scopes,_elementor_data:$[5].elements[0].elements[0].elements[0].settings.editor,text-editor,"NONE — owner operating-model attestation, 21 August 2026",UNSUPPORTED,replace with enquiry types and the authorised coordination disclosure,True,True,NEUTRALISED_WITH_ATTESTED_OR_NONCLAIM_WORDING,"&lt;p&gt;Structure Co Concreters Camden manages concreting enquiries and coordinates suitable independent providers. Job-specific quotations, contractual terms, licensing, insurance and warranty information must be confirmed before work begins.&lt;/p&gt;","owner attestation and remediation authority, 21 August 2026; about direct-contractor/credential placeholder replaced with role disclosure",False,False
ADD-0100,additional_blind_spots,direct_service_or_scope_presentation,1364,about,utility,publish,The current service scope is listed from the Camden concreters homepage .,current service scope,_elementor_data:$[5].elements[0].elements[2].elements[0].settings.editor,text-editor,"NONE — owner operating-model attestation, 21 August 2026",UNSUPPORTED,replace with enquiry types and the authorised coordination disclosure,True,True,NEUTRALISED_WITH_ATTESTED_OR_NONCLAIM_WORDING,&lt;p&gt;Concreting enquiry types are listed on the Camden homepage.&lt;/p&gt;,"owner attestation and remediation authority, 21 August 2026; about service-scope claim neutralised",False,False
ADD-0101,additional_blind_spots,unsupported_opening_hours,1364,about,utility,publish,Mon-Fri 9:00AM - 5:00PM,Mon-Fri 9:00AM - 5:00PM,_elementor_data:$[6].elements[1].elements[0].settings.icon_list[2].text,icon-list,NONE — no opening-hours attestation; office is not open to visitors,UNSUPPORTED,remove opening-hours presentation,True,True,NEUTRALISED_WITH_ATTESTED_OR_NONCLAIM_WORDING,Telephone: (03) 4328 3392,"owner attestation and remediation authority, 21 August 2026; unsupported opening hours removed",False,False
ADD-0102,additional_blind_spots,quote_or_scope_promise,1364,about,utility,publish,"About Structure Co Concreters Camden. Send the site address, intended concrete use, dimensions and access details to Structure Co Concreters Camden for an on-site project.",for an on-site project,postmeta:rank_math_description,meta,NONE — owner operating-model attestation; no quotation policy or contractor is authorised,UNSUPPORTED,replace with a non-contractual concreting-enquiry invitation,True,True,NEUTRALISED_WITH_ATTESTED_OR_NONCLAIM_WORDING,"About Structure Co Concreters Camden. Structure Co Concreters Camden manages concreting enquiries and coordinates suitable independent providers. Job-specific quotations, contractual terms, licensing, insurance and warranty information must be confirmed before work begins.","owner attestation and remediation authority, 21 August 2026; about meta direct-project implication neutralised",False,False
ADD-0103,additional_blind_spots,unsupported_opening_hours,1365,gallery,utility,publish,Mon-Fri 9:00AM - 5:00PM,Mon-Fri 9:00AM - 5:00PM,_elementor_data:$[4].elements[1].elements[0].settings.icon_list[2].text,icon-list,NONE — no opening-hours attestation; office is not open to visitors,UNSUPPORTED,remove opening-hours presentation,True,True,NEUTRALISED_WITH_ATTESTED_OR_NONCLAIM_WORDING,Telephone: (03) 4328 3392,"owner attestation and remediation authority, 21 August 2026; unsupported opening hours removed",False,False
ADD-0104,additional_blind_spots,quote_or_scope_promise,1365,gallery,utility,publish,"Camden Concrete Project Gallery. Send the site address, intended concrete use, dimensions and access details to Structure Co Concreters Camden for an on-site project.",for an on-site project,postmeta:rank_math_description,meta,NONE — owner operating-model attestation; no quotation policy or contractor is authorised,UNSUPPORTED,replace with a non-contractual concreting-enquiry invitation,True,True,NEUTRALISED_WITH_ATTESTED_OR_NONCLAIM_WORDING,"The project gallery is deferred until a genuine, permission-backed project library exists.","owner attestation and remediation authority, 21 August 2026; gallery meta project implication removed",False,False
ADD-0105,additional_blind_spots,quote_or_scope_promise,105,concrete-driveways-south-west-sydney,service,publish,Get Your FREE Quote Today,Get Your FREE Quote,_elementor_data:$[0].elements[3].settings.text,button,NONE — owner operating-model attestation; no quotation policy or contractor is authorised,UNSUPPORTED,replace with a non-contractual concreting-enquiry invitation,True,True,NEUTRALISED_WITH_ATTESTED_OR_NONCLAIM_WORDING,Submit a concreting enquiry,"owner attestation and remediation authority, 21 August 2026; unsupported free-quote CTA neutralised",False,False
ADD-0106,additional_blind_spots,quote_or_scope_promise,105,concrete-driveways-south-west-sydney,service,publish,Get Your FREE Quote Today,Get Your FREE Quote,_elementor_data:$[14].elements[2].settings.text,button,NONE — owner operating-model attestation; no quotation policy or contractor is authorised,UNSUPPORTED,replace with a non-contractual concreting-enquiry invitation,True,True,NEUTRALISED_WITH_ATTESTED_OR_NONCLAIM_WORDING,Submit a concreting enquiry,"owner attestation and remediation authority, 21 August 2026; unsupported free-quote CTA neutralised",False,False
ADD-0107,additional_blind_spots,quote_or_scope_promise,1366,concrete-driveway-replacement-south-west-sydney,service,publish,Get Your FREE Quote Today,Get Your FREE Quote,_elementor_data:$[0].elements[3].settings.text,button,NONE — owner operating-model attestation; no quotation policy or contractor is authorised,UNSUPPORTED,replace with a non-contractual concreting-enquiry invitation,True,True,NEUTRALISED_WITH_ATTESTED_OR_NONCLAIM_WORDING,Submit a concreting enquiry,"owner attestation and remediation authority, 21 August 2026; unsupported free-quote CTA neutralised",False,False
ADD-0108,additional_blind_spots,quote_or_scope_promise,1366,concrete-driveway-replacement-south-west-sydney,service,publish,Get Your FREE Quote Today,Get Your FREE Quote,_elementor_data:$[14].elements[2].settings.text,button,NONE — owner operating-model attestation; no quotation policy or contractor is authorised,UNSUPPORTED,replace with a non-contractual concreting-enquiry invitation,True,True,NEUTRALISED_WITH_ATTESTED_OR_NONCLAIM_WORDING,Submit a concreting enquiry,"owner attestation and remediation authority, 21 August 2026; unsupported free-quote CTA neutralised",False,False
ADD-0109,additional_blind_spots,quote_or_scope_promise,163,concrete-slabs-south-west-sydney,service,publish,Get Your FREE Quote Today,Get Your FREE Quote,_elementor_data:$[15].elements[2].settings.text,button,NONE — owner operating-model attestation; no quotation policy or contractor is authorised,UNSUPPORTED,replace with a non-contractual concreting-enquiry invitation,True,True,NEUTRALISED_WITH_ATTESTED_OR_NONCLAIM_WORDING,Submit a concreting enquiry,"owner attestation and remediation authority, 21 August 2026; unsupported free-quote CTA neutralised",False,False
ADD-0110,additional_blind_spots,quote_or_scope_promise,1367,shed-and-garage-slabs-south-west-sydney,service,publish,Get Your FREE Quote Today,Get Your FREE Quote,_elementor_data:$[15].elements[2].settings.text,button,NONE — owner operating-model attestation; no quotation policy or contractor is authorised,UNSUPPORTED,replace with a non-contractual concreting-enquiry invitation,True,True,NEUTRALISED_WITH_ATTESTED_OR_NONCLAIM_WORDING,Submit a concreting enquiry,"owner attestation and remediation authority, 21 August 2026; unsupported free-quote CTA neutralised",False,False
ADD-0111,additional_blind_spots,quote_or_scope_promise,129,exposed-aggregate-south-west-sydney,service,publish,Get Your FREE Quote Today,Get Your FREE Quote,_elementor_data:$[12].elements[2].settings.text,button,NONE — owner operating-model attestation; no quotation policy or contractor is authorised,UNSUPPORTED,replace with a non-contractual concreting-enquiry invitation,True,True,NEUTRALISED_WITH_ATTESTED_OR_NONCLAIM_WORDING,Submit a concreting enquiry,"owner attestation and remediation authority, 21 August 2026; unsupported free-quote CTA neutralised",False,False
ADD-0112,additional_blind_spots,quote_or_scope_promise,922,decorative-concrete-south-west-sydney,service,publish,Get Your FREE Quote Today,Get Your FREE Quote,_elementor_data:$[10].elements[2].settings.text,button,NONE — owner operating-model attestation; no quotation policy or contractor is authorised,UNSUPPORTED,replace with a non-contractual concreting-enquiry invitation,True,True,NEUTRALISED_WITH_ATTESTED_OR_NONCLAIM_WORDING,Submit a concreting enquiry,"owner attestation and remediation authority, 21 August 2026; unsupported free-quote CTA neutralised",False,False
ADD-0113,additional_blind_spots,quote_or_scope_promise,195,concrete-patios-south-west-sydney,service,publish,Get Your FREE Quote Today,Get Your FREE Quote,_elementor_data:$[9].elements[2].settings.text,button,NONE — owner operating-model attestation; no quotation policy or contractor is authorised,UNSUPPORTED,replace with a non-contractual concreting-enquiry invitation,True,True,NEUTRALISED_WITH_ATTESTED_OR_NONCLAIM_WORDING,Submit a concreting enquiry,"owner attestation and remediation authority, 21 August 2026; unsupported free-quote CTA neutralised",False,False
ADD-0114,additional_blind_spots,unsupported_opening_hours,195,concrete-patios-south-west-sydney,service,publish,Mon-Fri 9:00AM - 5:00PM,Mon-Fri 9:00AM - 5:00PM,_elementor_data:$[15].elements[1].elements[0].settings.icon_list[2].text,icon-list,NONE — no opening-hours attestation; office is not open to visitors,UNSUPPORTED,remove opening-hours presentation,True,True,NEUTRALISED_WITH_ATTESTED_OR_NONCLAIM_WORDING,Telephone: (03) 4328 3392,"owner attestation and remediation authority, 21 August 2026; unsupported opening hours removed",False,False
ADD-0115,additional_blind_spots,quote_or_scope_promise,178,concrete-paths-south-west-sydney,service,publish,Get Your FREE Quote Today,Get Your FREE Quote,_elementor_data:$[9].elements[2].settings.text,button,NONE — owner operating-model attestation; no quotation policy or contractor is authorised,UNSUPPORTED,replace with a non-contractual concreting-enquiry invitation,True,True,NEUTRALISED_WITH_ATTESTED_OR_NONCLAIM_WORDING,Submit a concreting enquiry,"owner attestation and remediation authority, 21 August 2026; unsupported free-quote CTA neutralised",False,False
ADD-0116,additional_blind_spots,unsupported_opening_hours,178,concrete-paths-south-west-sydney,service,publish,Mon-Fri 9:00AM - 5:00PM,Mon-Fri 9:00AM - 5:00PM,_elementor_data:$[15].elements[1].elements[0].settings.icon_list[2].text,icon-list,NONE — no opening-hours attestation; office is not open to visitors,UNSUPPORTED,remove opening-hours presentation,True,True,NEUTRALISED_WITH_ATTESTED_OR_NONCLAIM_WORDING,Telephone: (03) 4328 3392,"owner attestation and remediation authority, 21 August 2026; unsupported opening hours removed",False,False
ADD-0117,additional_blind_spots,unsupported_opening_hours,1368,concrete-crossovers-and-laybacks-south-west-sydney,service,publish,Mon-Fri 9:00AM - 5:00PM,Mon-Fri 9:00AM - 5:00PM,_elementor_data:$[21].elements[1].elements[0].settings.icon_list[2].text,icon-list,NONE — no opening-hours attestation; office is not open to visitors,UNSUPPORTED,remove opening-hours presentation,True,True,NEUTRALISED_WITH_ATTESTED_OR_NONCLAIM_WORDING,Telephone: (03) 4328 3392,"owner attestation and remediation authority, 21 August 2026; unsupported opening hours removed",False,False
ADD-0118,additional_blind_spots,quote_or_scope_promise,1369,commercial-concreting-south-west-sydney,service,publish,Get Your FREE Quote Today,Get Your FREE Quote,_elementor_data:$[15].elements[2].settings.text,button,NONE — owner operating-model attestation; no quotation policy or contractor is authorised,UNSUPPORTED,replace with a non-contractual concreting-enquiry invitation,True,True,NEUTRALISED_WITH_ATTESTED_OR_NONCLAIM_WORDING,Submit a concreting enquiry,"owner attestation and remediation authority, 21 August 2026; unsupported free-quote CTA neutralised",False,False
ADD-0119,additional_blind_spots,quote_or_scope_promise,1420,concreters-appin,suburb,draft,Get Your FREE Quote Today,Get Your FREE Quote,_elementor_data:$[0].elements[2].settings.text,button,NONE — owner operating-model attestation; no quotation policy or contractor is authorised,UNSUPPORTED,replace with a non-contractual concreting-enquiry invitation,True,True,NEUTRALISED_WITH_ATTESTED_OR_NONCLAIM_WORDING,Submit a concreting enquiry,"owner attestation and remediation authority, 21 August 2026; unsupported free-quote CTA neutralised",False,False
ADD-0120,additional_blind_spots,quote_or_scope_promise,1420,concreters-appin,suburb,draft,Get Your FREE Quote Today,Get Your FREE Quote,_elementor_data:$[5].elements[0].settings.text,button,NONE — owner operating-model attestation; no quotation policy or contractor is authorised,UNSUPPORTED,replace with a non-contractual concreting-enquiry invitation,True,True,NEUTRALISED_WITH_ATTESTED_OR_NONCLAIM_WORDING,Submit a concreting enquiry,"owner attestation and remediation authority, 21 August 2026; unsupported free-quote CTA neutralised",False,False
ADD-0121,additional_blind_spots,quote_or_scope_promise,1424,concreters-bargo,suburb,draft,Get Your FREE Quote Today,Get Your FREE Quote,_elementor_data:$[0].elements[2].settings.text,button,NONE — owner operating-model attestation; no quotation policy or contractor is authorised,UNSUPPORTED,replace with a non-contractual concreting-enquiry invitation,True,True,NEUTRALISED_WITH_ATTESTED_OR_NONCLAIM_WORDING,Submit a concreting enquiry,"owner attestation and remediation authority, 21 August 2026; unsupported free-quote CTA neutralised",False,False
ADD-0122,additional_blind_spots,quote_or_scope_promise,1424,concreters-bargo,suburb,draft,Get Your FREE Quote Today,Get Your FREE Quote,_elementor_data:$[5].elements[0].settings.text,button,NONE — owner operating-model attestation; no quotation policy or contractor is authorised,UNSUPPORTED,replace with a non-contractual concreting-enquiry invitation,True,True,NEUTRALISED_WITH_ATTESTED_OR_NONCLAIM_WORDING,Submit a concreting enquiry,"owner attestation and remediation authority, 21 August 2026; unsupported free-quote CTA neutralised",False,False
ADD-0123,additional_blind_spots,quote_or_scope_promise,1413,concreters-bradbury,suburb,draft,Get Your FREE Quote Today,Get Your FREE Quote,_elementor_data:$[0].elements[2].settings.text,button,NONE — owner operating-model attestation; no quotation policy or contractor is authorised,UNSUPPORTED,replace with a non-contractual concreting-enquiry invitation,True,True,NEUTRALISED_WITH_ATTESTED_OR_NONCLAIM_WORDING,Submit a concreting enquiry,"owner attestation and remediation authority, 21 August 2026; unsupported free-quote CTA neutralised",False,False
ADD-0124,additional_blind_spots,quote_or_scope_promise,1413,concreters-bradbury,suburb,draft,Get Your FREE Quote Today,Get Your FREE Quote,_elementor_data:$[5].elements[0].settings.text,button,NONE — owner operating-model attestation; no quotation policy or contractor is authorised,UNSUPPORTED,replace with a non-contractual concreting-enquiry invitation,True,True,NEUTRALISED_WITH_ATTESTED_OR_NONCLAIM_WORDING,Submit a concreting enquiry,"owner attestation and remediation authority, 21 August 2026; unsupported free-quote CTA neutralised",False,False
ADD-0125,additional_blind_spots,quote_or_scope_promise,1388,concreters-bringelly,suburb,draft,Get Your FREE Quote Today,Get Your FREE Quote,_elementor_data:$[0].elements[2].settings.text,button,NONE — owner operating-model attestation; no quotation policy or contractor is authorised,UNSUPPORTED,replace with a non-contractual concreting-enquiry invitation,True,True,NEUTRALISED_WITH_ATTESTED_OR_NONCLAIM_WORDING,Submit a concreting enquiry,"owner attestation and remediation authority, 21 August 2026; unsupported free-quote CTA neutralised",False,False
ADD-0126,additional_blind_spots,unsupported_verified_local_evidence,1388,concreters-bringelly,suburb,draft,"Concrete work requested around Bringelly, ordered around the verified local job mix.",verified local job mix,_elementor_data:$[1].elements[1].settings.editor,text-editor,NONE — no occurrence-level evidence citation supports the reader-visible verification claim,UNSUPPORTED,remove the claim; use only separately cited current official facts,True,True,NEUTRALISED_WITH_ATTESTED_OR_NONCLAIM_WORDING,Concreting enquiry information for Bringelly.,"owner attestation and remediation authority, 21 August 2026; unsupported verified-local-job-mix framing removed",False,False
ADD-0127,additional_blind_spots,unsupported_verified_local_evidence,1388,concreters-bringelly,suburb,draft,"The recorded housing profile for Bringelly is Rural acreage in transition to employment lands. Local reference points include Western Sydney International (Nancy-Bird Walton) Airport, Bradfield City Centre and Sydney Metro Western Sydney Airport line, with access commonly read from The Northern Road, Bringelly Road and Greendale Road. The verified local distinction is specific: Bringelly is the closest residential locality to the Aerotropolis build-out. Western Sydney International opens to freight from July 2026 and passengers in October 2026, and private project value around the Aerotropolis has risen from $9.8bn to $21.6bn in fourteen months. That reshapes the work here from domestic driveways to industrial floors, hardstands and yard slabs — and toward B2B clients who tender rather than take a homeowner quote.",verified local distinction,_elementor_data:$[4].elements[0].elements[1].settings.editor,text-editor,NONE — no occurrence-level evidence citation supports the reader-visible verification claim,UNSUPPORTED,remove the claim; use only separately cited current official facts,True,True,REMOVED_WITHOUT_REPLACEMENT,,"owner attestation and remediation authority, 21 August 2026; unsupported verified-local-distinction field removed",False,False
ADD-0128,additional_blind_spots,unsupported_verified_local_evidence,1388,concreters-bringelly,suburb,draft,"The researched ground note for Bringelly records: Rural profiles with documented sulfate concentrations near creek lines in western Sydney. Salinity and aggressivity assessment under AS 2159 is a real input on industrial slabs here, not a formality. That evidence is checked against the proposed slab location in Bringelly; assumptions from another estate are not substituted for a site inspection. Bringelly separates its commercial concreting evidence from the general Bringelly brief; Commercial Concreting in Bringelly carries that service decision.",The researched ground note,_elementor_data:$[5].elements[0].elements[1].settings.editor,text-editor,NONE — no occurrence-level evidence citation supports the reader-visible verification claim,UNSUPPORTED,remove the claim; use only separately cited current official facts,True,True,REMOVED_WITHOUT_REPLACEMENT,,"owner attestation and remediation authority, 21 August 2026; unsupported researched-ground-note construction removed",False,False
ADD-0129,additional_blind_spots,unsupported_verified_local_evidence,1388,concreters-bringelly,suburb,draft,"The verified approval path for Bringelly is: VERIFY the governing LGA per lot on the NSW Planning Portal before quoting. Industrial slabs typically sit under DA conditions rather than a standalone driveway application. The recorded Bringelly council specification is reproduced without alteration: REQUIRED-RESEARCH: confirm Liverpool City Council vehicle crossing specification, widths, strength and fee schedule at liverpool.nsw.gov.au. Before crossover work in Bringelly starts, the governing lot and application path are checked. The related vehicle-crossing requirements guide records the council-level process. Bringelly uses the commercial hardstand cost reference for Bringelly when the Bringelly evidence reaches that topic; the lot record still controls the decision.",verified approval path,_elementor_data:$[8].elements[0].elements[1].elements[0].elements[1].settings.editor,text-editor,NONE — no occurrence-level evidence citation supports the reader-visible verification claim,UNSUPPORTED,remove the claim; use only separately cited current official facts,True,True,REMOVED_WITHOUT_REPLACEMENT,,"owner attestation and remediation authority, 21 August 2026; unsupported verified-approval field removed",False,False
ADD-0130,additional_blind_spots,customer_social_proof_heading,1388,concreters-bringelly,suburb,draft,Why Bringelly customers choose us,Why Bringelly customers choose us,_elementor_data:$[10].elements[0].settings.title,heading,NONE — reviews and completed_projects are unverified,UNSUPPORTED,replace with a factual enquiry-coordination heading,True,True,NEUTRALISED_WITH_ATTESTED_OR_NONCLAIM_WORDING,How enquiry coordination works,"owner attestation and remediation authority, 21 August 2026; unsupported customer social-proof heading neutralised",False,False
ADD-0131,additional_blind_spots,unsupported_verified_local_evidence,1388,concreters-bringelly,suburb,draft,"From Bringelly, the verified neighbouring service links are Cobbitty , Austral , Leppington and Catherine Field .",verified neighbouring service links,_elementor_data:$[11].elements[1].elements[1].settings.editor,text-editor,NONE — no occurrence-level evidence citation supports the reader-visible verification claim,UNSUPPORTED,remove the claim; use only separately cited current official facts,True,True,REMOVED_WITHOUT_REPLACEMENT,,"owner attestation and remediation authority, 21 August 2026; unsupported verified-service-area field removed",False,False
ADD-0132,additional_blind_spots,quote_or_scope_promise,1388,concreters-bringelly,suburb,draft,Get Your FREE Quote Today,Get Your FREE Quote,_elementor_data:$[13].elements[0].settings.text,button,NONE — owner operating-model attestation; no quotation policy or contractor is authorised,UNSUPPORTED,replace with a non-contractual concreting-enquiry invitation,True,True,NEUTRALISED_WITH_ATTESTED_OR_NONCLAIM_WORDING,Submit a concreting enquiry,"owner attestation and remediation authority, 21 August 2026; unsupported free-quote CTA neutralised",False,False
ADD-0133,additional_blind_spots,quote_or_scope_promise,1385,concreters-camden-park,suburb,draft,Get Your FREE Quote Today,Get Your FREE Quote,_elementor_data:$[0].elements[2].settings.text,button,NONE — owner operating-model attestation; no quotation policy or contractor is authorised,UNSUPPORTED,replace with a non-contractual concreting-enquiry invitation,True,True,NEUTRALISED_WITH_ATTESTED_OR_NONCLAIM_WORDING,Submit a concreting enquiry,"owner attestation and remediation authority, 21 August 2026; unsupported free-quote CTA neutralised",False,False
ADD-0134,additional_blind_spots,quote_or_scope_promise,1385,concreters-camden-park,suburb,draft,Get Your FREE Quote Today,Get Your FREE Quote,_elementor_data:$[5].elements[0].settings.text,button,NONE — owner operating-model attestation; no quotation policy or contractor is authorised,UNSUPPORTED,replace with a non-contractual concreting-enquiry invitation,True,True,NEUTRALISED_WITH_ATTESTED_OR_NONCLAIM_WORDING,Submit a concreting enquiry,"owner attestation and remediation authority, 21 August 2026; unsupported free-quote CTA neutralised",False,False
ADD-0135,additional_blind_spots,quote_or_scope_promise,1380,concreters-camden-south,suburb,draft,Get Your FREE Quote Today,Get Your FREE Quote,_elementor_data:$[0].elements[2].settings.text,button,NONE — owner operating-model attestation; no quotation policy or contractor is authorised,UNSUPPORTED,replace with a non-contractual concreting-enquiry invitation,True,True,NEUTRALISED_WITH_ATTESTED_OR_NONCLAIM_WORDING,Submit a concreting enquiry,"owner attestation and remediation authority, 21 August 2026; unsupported free-quote CTA neutralised",False,False
ADD-0136,additional_blind_spots,quote_or_scope_promise,1380,concreters-camden-south,suburb,draft,Get Your FREE Quote Today,Get Your FREE Quote,_elementor_data:$[5].elements[0].settings.text,button,NONE — owner operating-model attestation; no quotation policy or contractor is authorised,UNSUPPORTED,replace with a non-contractual concreting-enquiry invitation,True,True,NEUTRALISED_WITH_ATTESTED_OR_NONCLAIM_WORDING,Submit a concreting enquiry,"owner attestation and remediation authority, 21 August 2026; unsupported free-quote CTA neutralised",False,False
ADD-0137,additional_blind_spots,quote_or_scope_promise,1405,concreters-campbelltown,suburb,draft,Get Your FREE Quote Today,Get Your FREE Quote,_elementor_data:$[0].elements[2].settings.text,button,NONE — owner operating-model attestation; no quotation policy or contractor is authorised,UNSUPPORTED,replace with a non-contractual concreting-enquiry invitation,True,True,NEUTRALISED_WITH_ATTESTED_OR_NONCLAIM_WORDING,Submit a concreting enquiry,"owner attestation and remediation authority, 21 August 2026; unsupported free-quote CTA neutralised",False,False
ADD-0138,additional_blind_spots,quote_or_scope_promise,1405,concreters-campbelltown,suburb,draft,Get Your FREE Quote Today,Get Your FREE Quote,_elementor_data:$[5].elements[0].settings.text,button,NONE — owner operating-model attestation; no quotation policy or contractor is authorised,UNSUPPORTED,replace with a non-contractual concreting-enquiry invitation,True,True,NEUTRALISED_WITH_ATTESTED_OR_NONCLAIM_WORDING,Submit a concreting enquiry,"owner attestation and remediation authority, 21 August 2026; unsupported free-quote CTA neutralised",False,False
ADD-0139,additional_blind_spots,quote_or_scope_promise,1393,concreters-carnes-hill,suburb,draft,Get Your FREE Quote Today,Get Your FREE Quote,_elementor_data:$[0].elements[2].settings.text,button,NONE — owner operating-model attestation; no quotation policy or contractor is authorised,UNSUPPORTED,replace with a non-contractual concreting-enquiry invitation,True,True,NEUTRALISED_WITH_ATTESTED_OR_NONCLAIM_WORDING,Submit a concreting enquiry,"owner attestation and remediation authority, 21 August 2026; unsupported free-quote CTA neutralised",False,False
ADD-0140,additional_blind_spots,quote_or_scope_promise,1393,concreters-carnes-hill,suburb,draft,Get Your FREE Quote Today,Get Your FREE Quote,_elementor_data:$[5].elements[0].settings.text,button,NONE — owner operating-model attestation; no quotation policy or contractor is authorised,UNSUPPORTED,replace with a non-contractual concreting-enquiry invitation,True,True,NEUTRALISED_WITH_ATTESTED_OR_NONCLAIM_WORDING,Submit a concreting enquiry,"owner attestation and remediation authority, 21 August 2026; unsupported free-quote CTA neutralised",False,False
ADD-0141,additional_blind_spots,quote_or_scope_promise,1399,concreters-casula,suburb,draft,Get Your FREE Quote Today,Get Your FREE Quote,_elementor_data:$[0].elements[2].settings.text,button,NONE — owner operating-model attestation; no quotation policy or contractor is authorised,UNSUPPORTED,replace with a non-contractual concreting-enquiry invitation,True,True,NEUTRALISED_WITH_ATTESTED_OR_NONCLAIM_WORDING,Submit a concreting enquiry,"owner attestation and remediation authority, 21 August 2026; unsupported free-quote CTA neutralised",False,False
ADD-0142,additional_blind_spots,quote_or_scope_promise,1399,concreters-casula,suburb,draft,Get Your FREE Quote Today,Get Your FREE Quote,_elementor_data:$[5].elements[0].settings.text,button,NONE — owner operating-model attestation; no quotation policy or contractor is authorised,UNSUPPORTED,replace with a non-contractual concreting-enquiry invitation,True,True,NEUTRALISED_WITH_ATTESTED_OR_NONCLAIM_WORDING,Submit a concreting enquiry,"owner attestation and remediation authority, 21 August 2026; unsupported free-quote CTA neutralised",False,False
ADD-0143,additional_blind_spots,quote_or_scope_promise,1371,concreters-catherine-field,suburb,draft,Get Your FREE Quote Today,Get Your FREE Quote,_elementor_data:$[0].elements[2].settings.text,button,NONE — owner operating-model attestation; no quotation policy or contractor is authorised,UNSUPPORTED,replace with a non-contractual concreting-enquiry invitation,True,True,NEUTRALISED_WITH_ATTESTED_OR_NONCLAIM_WORDING,Submit a concreting enquiry,"owner attestation and remediation authority, 21 August 2026; unsupported free-quote CTA neutralised",False,False
ADD-0144,additional_blind_spots,direct_service_or_scope_presentation,1371,concreters-catherine-field,suburb,draft,Our Services,Our Services,_elementor_data:$[1].elements[0].settings.title.value.content.value,e-heading,"NONE — owner operating-model attestation, 21 August 2026",UNSUPPORTED,replace with enquiry types and the authorised coordination disclosure,True,True,NEUTRALISED_WITH_ATTESTED_OR_NONCLAIM_WORDING,Concreting enquiry types,"owner attestation and remediation authority, 21 August 2026; direct service-ownership heading neutralised",False,False
ADD-0145,additional_blind_spots,direct_service_or_scope_presentation,1371,concreters-catherine-field,suburb,draft,Our Services,Our Services,_elementor_data:$[1].elements[0].settings.title.value.children[0].content,e-heading,"NONE — owner operating-model attestation, 21 August 2026",UNSUPPORTED,replace with enquiry types and the authorised coordination disclosure,True,True,NEUTRALISED_WITH_ATTESTED_OR_NONCLAIM_WORDING,Concreting enquiry types,"owner attestation and remediation authority, 21 August 2026; direct service-ownership heading neutralised",False,False
ADD-0146,additional_blind_spots,unsupported_verified_local_evidence,1371,concreters-catherine-field,suburb,draft,"Concrete work requested around Catherine Field, ordered around the verified local job mix.",verified local job mix,_elementor_data:$[1].elements[1].settings.editor,text-editor,NONE — no occurrence-level evidence citation supports the reader-visible verification claim,UNSUPPORTED,remove the claim; use only separately cited current official facts,True,True,NEUTRALISED_WITH_ATTESTED_OR_NONCLAIM_WORDING,Concreting enquiry information for Catherine Field.,"owner attestation and remediation authority, 21 August 2026; unsupported verified-local-job-mix framing removed",False,False
ADD-0147,additional_blind_spots,unsupported_verified_local_evidence,1371,concreters-catherine-field,suburb,draft,"The recorded housing profile for Catherine Field is 2018–present new release alongside retained rural acreage. Local reference points include Catherine Park House, Western Sydney Aerotropolis corridor and St Benedict's Catholic College, with access commonly read from Camden Valley Way, Oran Park Drive and Catherine Field Road. The verified local distinction is specific: Catherine Field is mid-transition. On one street you're pouring a 4.5m urban crossover to Camden's 32 MPa / 125mm / SL72 standard; two streets over you're on an RU acreage lot where Council requires a standard concrete dish crossing aligned to the table drain invert and a bitumen shoulder seal back to the existing pavement. Two completely different specs in the same suburb.",verified local distinction,_elementor_data:$[4].elements[0].elements[1].settings.editor,text-editor,NONE — no occurrence-level evidence citation supports the reader-visible verification claim,UNSUPPORTED,remove the claim; use only separately cited current official facts,True,True,REMOVED_WITHOUT_REPLACEMENT,,"owner attestation and remediation authority, 21 August 2026; unsupported verified-local-distinction field removed",False,False
ADD-0148,additional_blind_spots,unsupported_verified_local_evidence,1371,concreters-catherine-field,suburb,draft,"The researched ground note for Catherine Field records: Shale clay, engineered fill in the new releases, undisturbed profile on the remaining acreage. Rural lots often need a longer, thicker access section to carry delivery and machinery traffic. That evidence is checked against the proposed slab location in Catherine Field; assumptions from another estate are not substituted for a site inspection. For post-handover work, shed and garage slabs in Catherine Field need the support beneath the rear-yard location checked before the reinforcement schedule is confirmed. Catherine Field separates its concrete driveways evidence from the general Catherine Field brief; Concrete Driveways in Catherine Field carries that service decision.",The researched ground note,_elementor_data:$[5].elements[0].elements[1].settings.editor,text-editor,NONE — no occurrence-level evidence citation supports the reader-visible verification claim,UNSUPPORTED,remove the claim; use only separately cited current official facts,True,True,REMOVED_WITHOUT_REPLACEMENT,,"owner attestation and remediation authority, 21 August 2026; unsupported researched-ground-note construction removed",False,False
ADD-0149,additional_blind_spots,unsupported_verified_local_evidence,1371,concreters-catherine-field,suburb,draft,"The verified approval path for Catherine Field is: Urban lots: Camden Standard Residential Driveway Crossing Application. Rural lots: rural residential driveway spec with dish crossing; pipe crossings only by Council approval. The recorded council specification is reproduced without alteration: 32 MPa, 125mm, SL72 fabric, 4.0-5.5m urban width, 1200mm footpath allocation (900mm offset; 800mm in Oran Park), 4% footpath crossfall, 1:6 max batter. Before crossover work in Catherine Field starts, the governing lot and application path are checked. The related vehicle-crossing requirements guide records the council-level process. Catherine Field uses the site classification explained reference for Catherine Field when the Catherine Field evidence reaches that topic; the lot record still controls the decision.",verified approval path,_elementor_data:$[8].elements[0].elements[1].elements[0].elements[1].settings.editor,text-editor,NONE — no occurrence-level evidence citation supports the reader-visible verification claim,UNSUPPORTED,remove the claim; use only separately cited current official facts,True,True,REMOVED_WITHOUT_REPLACEMENT,,"owner attestation and remediation authority, 21 August 2026; unsupported verified-approval field removed",False,False
ADD-0150,additional_blind_spots,customer_social_proof_heading,1371,concreters-catherine-field,suburb,draft,Why Catherine Field customers choose us,Why Catherine Field customers choose us,_elementor_data:$[10].elements[0].settings.title,heading,NONE — reviews and completed_projects are unverified,UNSUPPORTED,replace with a factual enquiry-coordination heading,True,True,NEUTRALISED_WITH_ATTESTED_OR_NONCLAIM_WORDING,How enquiry coordination works,"owner attestation and remediation authority, 21 August 2026; unsupported customer social-proof heading neutralised",False,False
ADD-0151,additional_blind_spots,unsupported_verified_local_evidence,1371,concreters-catherine-field,suburb,draft,"From Catherine Field, the verified neighbouring service links are Oran Park , Leppington , Gledswood Hills and Cobbitty .",verified neighbouring service links,_elementor_data:$[11].elements[1].elements[1].settings.editor,text-editor,NONE — no occurrence-level evidence citation supports the reader-visible verification claim,UNSUPPORTED,remove the claim; use only separately cited current official facts,True,True,REMOVED_WITHOUT_REPLACEMENT,,"owner attestation and remediation authority, 21 August 2026; unsupported verified-service-area field removed",False,False
ADD-0152,additional_blind_spots,quote_or_scope_promise,1371,concreters-catherine-field,suburb,draft,Get Your FREE Quote Today,Get Your FREE Quote,_elementor_data:$[13].elements[0].settings.text,button,NONE — owner operating-model attestation; no quotation policy or contractor is authorised,UNSUPPORTED,replace with a non-contractual concreting-enquiry invitation,True,True,NEUTRALISED_WITH_ATTESTED_OR_NONCLAIM_WORDING,Submit a concreting enquiry,"owner attestation and remediation authority, 21 August 2026; unsupported free-quote CTA neutralised",False,False
ADD-0153,additional_blind_spots,quote_or_scope_promise,1371,concreters-catherine-field,suburb,draft,"Concreting in Catherine Field 2557 for driveways, slabs, paths and crossovers, using the verified Camden Council approval path. Request an on-site quote.",Request an on-site quote,postmeta:rank_math_description,meta,NONE — owner operating-model attestation; no quotation policy or contractor is authorised,UNSUPPORTED,replace with a non-contractual concreting-enquiry invitation,True,True,NEUTRALISED_WITH_ATTESTED_OR_NONCLAIM_WORDING,Concreting information only. Council requirements must be checked for the specific property and proposed work.,"owner attestation and remediation authority, 21 August 2026; unsupported verified-council meta claim removed",False,False
ADD-0154,additional_blind_spots,unsupported_verified_local_evidence,1371,concreters-catherine-field,suburb,draft,"Concreting in Catherine Field 2557 for driveways, slabs, paths and crossovers, using the verified Camden Council approval path. Request an on-site quote.",using the verified Camden,postmeta:rank_math_description,meta,NONE — no occurrence-level evidence citation supports the reader-visible verification claim,UNSUPPORTED,remove the claim; use only separately cited current official facts,True,True,NEUTRALISED_WITH_ATTESTED_OR_NONCLAIM_WORDING,Concreting information only. Council requirements must be checked for the specific property and proposed work.,"owner attestation and remediation authority, 21 August 2026; unsupported verified-council meta claim removed",False,False
ADD-0155,additional_blind_spots,quote_or_scope_promise,1386,concreters-cawdor,suburb,draft,Get Your FREE Quote Today,Get Your FREE Quote,_elementor_data:$[0].elements[2].settings.text,button,NONE — owner operating-model attestation; no quotation policy or contractor is authorised,UNSUPPORTED,replace with a non-contractual concreting-enquiry invitation,True,True,NEUTRALISED_WITH_ATTESTED_OR_NONCLAIM_WORDING,Submit a concreting enquiry,"owner attestation and remediation authority, 21 August 2026; unsupported free-quote CTA neutralised",False,False
ADD-0156,additional_blind_spots,quote_or_scope_promise,1386,concreters-cawdor,suburb,draft,Get Your FREE Quote Today,Get Your FREE Quote,_elementor_data:$[5].elements[0].settings.text,button,NONE — owner operating-model attestation; no quotation policy or contractor is authorised,UNSUPPORTED,replace with a non-contractual concreting-enquiry invitation,True,True,NEUTRALISED_WITH_ATTESTED_OR_NONCLAIM_WORDING,Submit a concreting enquiry,"owner attestation and remediation authority, 21 August 2026; unsupported free-quote CTA neutralised",False,False
ADD-0157,additional_blind_spots,quote_or_scope_promise,1397,concreters-cecil-hills,suburb,draft,Get Your FREE Quote Today,Get Your FREE Quote,_elementor_data:$[0].elements[2].settings.text,button,NONE — owner operating-model attestation; no quotation policy or contractor is authorised,UNSUPPORTED,replace with a non-contractual concreting-enquiry invitation,True,True,NEUTRALISED_WITH_ATTESTED_OR_NONCLAIM_WORDING,Submit a concreting enquiry,"owner attestation and remediation authority, 21 August 2026; unsupported free-quote CTA neutralised",False,False
ADD-0158,additional_blind_spots,quote_or_scope_promise,1397,concreters-cecil-hills,suburb,draft,Get Your FREE Quote Today,Get Your FREE Quote,_elementor_data:$[5].elements[0].settings.text,button,NONE — owner operating-model attestation; no quotation policy or contractor is authorised,UNSUPPORTED,replace with a non-contractual concreting-enquiry invitation,True,True,NEUTRALISED_WITH_ATTESTED_OR_NONCLAIM_WORDING,Submit a concreting enquiry,"owner attestation and remediation authority, 21 August 2026; unsupported free-quote CTA neutralised",False,False
ADD-0159,additional_blind_spots,quote_or_scope_promise,1404,concreters-cecil-park,suburb,draft,Get Your FREE Quote Today,Get Your FREE Quote,_elementor_data:$[0].elements[2].settings.text,button,NONE — owner operating-model attestation; no quotation policy or contractor is authorised,UNSUPPORTED,replace with a non-contractual concreting-enquiry invitation,True,True,NEUTRALISED_WITH_ATTESTED_OR_NONCLAIM_WORDING,Submit a concreting enquiry,"owner attestation and remediation authority, 21 August 2026; unsupported free-quote CTA neutralised",False,False
ADD-0160,additional_blind_spots,quote_or_scope_promise,1404,concreters-cecil-park,suburb,draft,Get Your FREE Quote Today,Get Your FREE Quote,_elementor_data:$[5].elements[0].settings.text,button,NONE — owner operating-model attestation; no quotation policy or contractor is authorised,UNSUPPORTED,replace with a non-contractual concreting-enquiry invitation,True,True,NEUTRALISED_WITH_ATTESTED_OR_NONCLAIM_WORDING,Submit a concreting enquiry,"owner attestation and remediation authority, 21 August 2026; unsupported free-quote CTA neutralised",False,False
ADD-0161,additional_blind_spots,quote_or_scope_promise,1401,concreters-chipping-norton,suburb,draft,Get Your FREE Quote Today,Get Your FREE Quote,_elementor_data:$[0].elements[2].settings.text,button,NONE — owner operating-model attestation; no quotation policy or contractor is authorised,UNSUPPORTED,replace with a non-contractual concreting-enquiry invitation,True,True,NEUTRALISED_WITH_ATTESTED_OR_NONCLAIM_WORDING,Submit a concreting enquiry,"owner attestation and remediation authority, 21 August 2026; unsupported free-quote CTA neutralised",False,False
ADD-0162,additional_blind_spots,quote_or_scope_promise,1401,concreters-chipping-norton,suburb,draft,Get Your FREE Quote Today,Get Your FREE Quote,_elementor_data:$[5].elements[0].settings.text,button,NONE — owner operating-model attestation; no quotation policy or contractor is authorised,UNSUPPORTED,replace with a non-contractual concreting-enquiry invitation,True,True,NEUTRALISED_WITH_ATTESTED_OR_NONCLAIM_WORDING,Submit a concreting enquiry,"owner attestation and remediation authority, 21 August 2026; unsupported free-quote CTA neutralised",False,False
ADD-0163,additional_blind_spots,quote_or_scope_promise,1379,concreters-cobbitty,suburb,draft,Get Your FREE Quote Today,Get Your FREE Quote,_elementor_data:$[0].elements[2].settings.text,button,NONE — owner operating-model attestation; no quotation policy or contractor is authorised,UNSUPPORTED,replace with a non-contractual concreting-enquiry invitation,True,True,NEUTRALISED_WITH_ATTESTED_OR_NONCLAIM_WORDING,Submit a concreting enquiry,"owner attestation and remediation authority, 21 August 2026; unsupported free-quote CTA neutralised",False,False
ADD-0164,additional_blind_spots,direct_service_or_scope_presentation,1379,concreters-cobbitty,suburb,draft,Our Services,Our Services,_elementor_data:$[1].elements[0].settings.title.value.content.value,e-heading,"NONE — owner operating-model attestation, 21 August 2026",UNSUPPORTED,replace with enquiry types and the authorised coordination disclosure,True,True,NEUTRALISED_WITH_ATTESTED_OR_NONCLAIM_WORDING,Concreting enquiry types,"owner attestation and remediation authority, 21 August 2026; direct service-ownership heading neutralised",False,False
ADD-0165,additional_blind_spots,direct_service_or_scope_presentation,1379,concreters-cobbitty,suburb,draft,Our Services,Our Services,_elementor_data:$[1].elements[0].settings.title.value.children[0].content,e-heading,"NONE — owner operating-model attestation, 21 August 2026",UNSUPPORTED,replace with enquiry types and the authorised coordination disclosure,True,True,NEUTRALISED_WITH_ATTESTED_OR_NONCLAIM_WORDING,Concreting enquiry types,"owner attestation and remediation authority, 21 August 2026; direct service-ownership heading neutralised",False,False
ADD-0166,additional_blind_spots,unsupported_verified_local_evidence,1379,concreters-cobbitty,suburb,draft,"Concrete work requested around Cobbitty, ordered around the verified local job mix.",verified local job mix,_elementor_data:$[1].elements[1].settings.editor,text-editor,NONE — no occurrence-level evidence citation supports the reader-visible verification claim,UNSUPPORTED,remove the claim; use only separately cited current official facts,True,True,NEUTRALISED_WITH_ATTESTED_OR_NONCLAIM_WORDING,Concreting enquiry information for Cobbitty.,"owner attestation and remediation authority, 21 August 2026; unsupported verified-local-job-mix framing removed",False,False
ADD-0167,additional_blind_spots,unsupported_verified_local_evidence,1379,concreters-cobbitty,suburb,draft,"The recorded housing profile for Cobbitty is Rural acreage plus emerging new release. Local reference points include Cobbitty Village, Heritage Cobbitty church precinct and University of Sydney Camden campus, with access commonly read from Cobbitty Road, The Northern Road and Werombi Road. The verified local distinction is specific: Cobbitty is where Camden's rural driveway specification actually bites. There's no kerb and gutter on most frontages, so Council requires a standard concrete dish crossing aligned to the table drain invert, plus a bitumen shoulder seal from the dish back to the edge of the existing road pavement. A pipe crossing is only permitted where a dish won't provide suitable access, and only with Council approval. That's three separate scope items most quotes leave off.",verified local distinction,_elementor_data:$[4].elements[0].elements[1].settings.editor,text-editor,NONE — no occurrence-level evidence citation supports the reader-visible verification claim,UNSUPPORTED,remove the claim; use only separately cited current official facts,True,True,REMOVED_WITHOUT_REPLACEMENT,,"owner attestation and remediation authority, 21 August 2026; unsupported verified-local-distinction field removed",False,False
ADD-0168,additional_blind_spots,unsupported_verified_local_evidence,1379,concreters-cobbitty,suburb,draft,"The researched ground note for Cobbitty records: Undisturbed shale and alluvial profiles, no engineered fill. Long access runs need a thicker section and proper crossfall to survive delivery trucks and machinery. That evidence is checked against the proposed slab location in Cobbitty; assumptions from another estate are not substituted for a site inspection. Cobbitty separates its concrete driveways evidence from the general Cobbitty brief; Concrete Driveways in Cobbitty carries that service decision.",The researched ground note,_elementor_data:$[5].elements[0].elements[1].settings.editor,text-editor,NONE — no occurrence-level evidence citation supports the reader-visible verification claim,UNSUPPORTED,remove the claim; use only separately cited current official facts,True,True,REMOVED_WITHOUT_REPLACEMENT,,"owner attestation and remediation authority, 21 August 2026; unsupported researched-ground-note construction removed",False,False
ADD-0169,additional_blind_spots,unsupported_verified_local_evidence,1379,concreters-cobbitty,suburb,draft,"The verified approval path for Cobbitty is: Rural residential driveway specification via Camden Council. Dish crossing standard; pipe crossing by approval only. Bitumen shoulder seal required. The recorded council specification is reproduced without alteration: 32 MPa, 125mm, SL72 fabric, 4.0-5.5m urban width, 1200mm footpath allocation (900mm offset; 800mm in Oran Park), 4% footpath crossfall, 1:6 max batter. Before crossover work in Cobbitty starts, the governing lot and application path are checked. The related vehicle-crossing requirements guide records the council-level process. Cobbitty uses the site classification explained reference for Cobbitty when the Cobbitty evidence reaches that topic; the lot record still controls the decision.",verified approval path,_elementor_data:$[8].elements[0].elements[1].elements[0].elements[1].settings.editor,text-editor,NONE — no occurrence-level evidence citation supports the reader-visible verification claim,UNSUPPORTED,remove the claim; use only separately cited current official facts,True,True,REMOVED_WITHOUT_REPLACEMENT,,"owner attestation and remediation authority, 21 August 2026; unsupported verified-approval field removed",False,False
ADD-0170,additional_blind_spots,customer_social_proof_heading,1379,concreters-cobbitty,suburb,draft,Why Cobbitty customers choose us,Why Cobbitty customers choose us,_elementor_data:$[10].elements[0].settings.title,heading,NONE — reviews and completed_projects are unverified,UNSUPPORTED,replace with a factual enquiry-coordination heading,True,True,NEUTRALISED_WITH_ATTESTED_OR_NONCLAIM_WORDING,How enquiry coordination works,"owner attestation and remediation authority, 21 August 2026; unsupported customer social-proof heading neutralised",False,False
ADD-0171,additional_blind_spots,unsupported_verified_local_evidence,1379,concreters-cobbitty,suburb,draft,"From Cobbitty, the verified neighbouring service links are Catherine Field , Bringelly and Elderslie .",verified neighbouring service links,_elementor_data:$[11].elements[1].elements[1].settings.editor,text-editor,NONE — no occurrence-level evidence citation supports the reader-visible verification claim,UNSUPPORTED,remove the claim; use only separately cited current official facts,True,True,REMOVED_WITHOUT_REPLACEMENT,,"owner attestation and remediation authority, 21 August 2026; unsupported verified-service-area field removed",False,False
ADD-0172,additional_blind_spots,quote_or_scope_promise,1379,concreters-cobbitty,suburb,draft,Get Your FREE Quote Today,Get Your FREE Quote,_elementor_data:$[13].elements[0].settings.text,button,NONE — owner operating-model attestation; no quotation policy or contractor is authorised,UNSUPPORTED,replace with a non-contractual concreting-enquiry invitation,True,True,NEUTRALISED_WITH_ATTESTED_OR_NONCLAIM_WORDING,Submit a concreting enquiry,"owner attestation and remediation authority, 21 August 2026; unsupported free-quote CTA neutralised",False,False
ADD-0173,additional_blind_spots,quote_or_scope_promise,1379,concreters-cobbitty,suburb,draft,"Concreting in Cobbitty 2570 for driveways, slabs, paths and crossovers, using the verified Camden Council approval path. Request an on-site quote.",Request an on-site quote,postmeta:rank_math_description,meta,NONE — owner operating-model attestation; no quotation policy or contractor is authorised,UNSUPPORTED,replace with a non-contractual concreting-enquiry invitation,True,True,NEUTRALISED_WITH_ATTESTED_OR_NONCLAIM_WORDING,Concreting information only. Council requirements must be checked for the specific property and proposed work.,"owner attestation and remediation authority, 21 August 2026; unsupported verified-council meta claim removed",False,False
ADD-0174,additional_blind_spots,unsupported_verified_local_evidence,1379,concreters-cobbitty,suburb,draft,"Concreting in Cobbitty 2570 for driveways, slabs, paths and crossovers, using the verified Camden Council approval path. Request an on-site quote.",using the verified Camden,postmeta:rank_math_description,meta,NONE — no occurrence-level evidence citation supports the reader-visible verification claim,UNSUPPORTED,remove the claim; use only separately cited current official facts,True,True,NEUTRALISED_WITH_ATTESTED_OR_NONCLAIM_WORDING,Concreting information only. Council requirements must be checked for the specific property and proposed work.,"owner attestation and remediation authority, 21 August 2026; unsupported verified-council meta claim removed",False,False
ADD-0175,additional_blind_spots,quote_or_scope_promise,1376,concreters-currans-hill,suburb,draft,Get Your FREE Quote Today,Get Your FREE Quote,_elementor_data:$[0].elements[2].settings.text,button,NONE — owner operating-model attestation; no quotation policy or contractor is authorised,UNSUPPORTED,replace with a non-contractual concreting-enquiry invitation,True,True,NEUTRALISED_WITH_ATTESTED_OR_NONCLAIM_WORDING,Submit a concreting enquiry,"owner attestation and remediation authority, 21 August 2026; unsupported free-quote CTA neutralised",False,False
ADD-0176,additional_blind_spots,unsupported_verified_local_evidence,1376,concreters-currans-hill,suburb,draft,"Concrete work requested around Currans Hill, ordered around the verified local job mix.",verified local job mix,_elementor_data:$[1].elements[1].settings.editor,text-editor,NONE — no occurrence-level evidence citation supports the reader-visible verification claim,UNSUPPORTED,remove the claim; use only separately cited current official facts,True,True,NEUTRALISED_WITH_ATTESTED_OR_NONCLAIM_WORDING,Concreting enquiry information for Currans Hill.,"owner attestation and remediation authority, 21 August 2026; unsupported verified-local-job-mix framing removed",False,False
ADD-0177,additional_blind_spots,unsupported_verified_local_evidence,1376,concreters-currans-hill,suburb,draft,"The recorded housing profile for Currans Hill is 1990–2000. Local reference points include Currans Hill Public School and Narellan Town Centre (adjacent), with access commonly read from Kellerman Drive, Narellan Road and Waterworth Drive. The verified local distinction is specific: Currans Hill was one of the first 1990s Camden subdivisions and its lots are noticeably smaller than Mount Annan or Harrington Park. Driveways are short, single-width and heavily trafficked, and the common failure is settlement at the layback rather than mid-slab cracking — which changes whether you're repairing the crossover or the driveway. Existing housing makes driveway replacement in Currans Hill a service that must be assessed separately from a first pour.",verified local distinction,_elementor_data:$[4].elements[0].elements[1].settings.editor,text-editor,NONE — no occurrence-level evidence citation supports the reader-visible verification claim,UNSUPPORTED,remove the claim; use only separately cited current official facts,True,True,REMOVED_WITHOUT_REPLACEMENT,,"owner attestation and remediation authority, 21 August 2026; unsupported verified-local-distinction field removed",False,False
ADD-0178,additional_blind_spots,unsupported_verified_local_evidence,1376,concreters-currans-hill,suburb,draft,"The researched ground note for Currans Hill records: Shale clay, compact lots, tight side access. That evidence is checked against the proposed slab location in Currans Hill; assumptions from another estate are not substituted for a site inspection. Currans Hill separates its concrete crossovers and laybacks evidence from the general Currans Hill brief; Concrete Crossovers and Laybacks in Currans Hill carries that service decision.",The researched ground note,_elementor_data:$[5].elements[0].elements[1].settings.editor,text-editor,NONE — no occurrence-level evidence citation supports the reader-visible verification claim,UNSUPPORTED,remove the claim; use only separately cited current official facts,True,True,REMOVED_WITHOUT_REPLACEMENT,,"owner attestation and remediation authority, 21 August 2026; unsupported researched-ground-note construction removed",False,False
ADD-0179,additional_blind_spots,unsupported_verified_local_evidence,1376,concreters-currans-hill,suburb,draft,"The verified approval path for Currans Hill is: Camden Standard Driveway Crossing Application where the crossover is altered or widened. The recorded council specification is reproduced without alteration: 32 MPa, 125mm, SL72 fabric, 4.0-5.5m urban width, 1200mm footpath allocation (900mm offset; 800mm in Oran Park), 4% footpath crossfall, 1:6 max batter. Before crossover work in Currans Hill starts, the governing lot and application path are checked. The related vehicle-crossing requirements guide records the council-level process. Currans Hill uses the control joints and saw cut timing reference for Currans Hill when the Currans Hill evidence reaches that topic; the lot record still controls the decision.",verified approval path,_elementor_data:$[8].elements[0].elements[1].elements[0].elements[1].settings.editor,text-editor,NONE — no occurrence-level evidence citation supports the reader-visible verification claim,UNSUPPORTED,remove the claim; use only separately cited current official facts,True,True,REMOVED_WITHOUT_REPLACEMENT,,"owner attestation and remediation authority, 21 August 2026; unsupported verified-approval field removed",False,False
ADD-0180,additional_blind_spots,customer_social_proof_heading,1376,concreters-currans-hill,suburb,draft,Why Currans Hill customers choose us,Why Currans Hill customers choose us,_elementor_data:$[10].elements[0].settings.title,heading,NONE — reviews and completed_projects are unverified,UNSUPPORTED,replace with a factual enquiry-coordination heading,True,True,NEUTRALISED_WITH_ATTESTED_OR_NONCLAIM_WORDING,How enquiry coordination works,"owner attestation and remediation authority, 21 August 2026; unsupported customer social-proof heading neutralised",False,False
ADD-0181,additional_blind_spots,unsupported_verified_local_evidence,1376,concreters-currans-hill,suburb,draft,"From Currans Hill, the verified neighbouring service links are Mount Annan , Narellan and Harrington Park .",verified neighbouring service links,_elementor_data:$[11].elements[1].elements[1].settings.editor,text-editor,NONE — no occurrence-level evidence citation supports the reader-visible verification claim,UNSUPPORTED,remove the claim; use only separately cited current official facts,True,True,REMOVED_WITHOUT_REPLACEMENT,,"owner attestation and remediation authority, 21 August 2026; unsupported verified-service-area field removed",False,False
ADD-0182,additional_blind_spots,quote_or_scope_promise,1376,concreters-currans-hill,suburb,draft,Get Your FREE Quote Today,Get Your FREE Quote,_elementor_data:$[13].elements[0].settings.text,button,NONE — owner operating-model attestation; no quotation policy or contractor is authorised,UNSUPPORTED,replace with a non-contractual concreting-enquiry invitation,True,True,NEUTRALISED_WITH_ATTESTED_OR_NONCLAIM_WORDING,Submit a concreting enquiry,"owner attestation and remediation authority, 21 August 2026; unsupported free-quote CTA neutralised",False,False
ADD-0183,additional_blind_spots,quote_or_scope_promise,1376,concreters-currans-hill,suburb,draft,"Concreting in Currans Hill 2567 for driveways, slabs, paths and crossovers, using the verified Camden Council approval path. Request an on-site quote.",Request an on-site quote,postmeta:rank_math_description,meta,NONE — owner operating-model attestation; no quotation policy or contractor is authorised,UNSUPPORTED,replace with a non-contractual concreting-enquiry invitation,True,True,NEUTRALISED_WITH_ATTESTED_OR_NONCLAIM_WORDING,Concreting information only. Council requirements must be checked for the specific property and proposed work.,"owner attestation and remediation authority, 21 August 2026; unsupported verified-council meta claim removed",False,False
ADD-0184,additional_blind_spots,unsupported_verified_local_evidence,1376,concreters-currans-hill,suburb,draft,"Concreting in Currans Hill 2567 for driveways, slabs, paths and crossovers, using the verified Camden Council approval path. Request an on-site quote.",using the verified Camden,postmeta:rank_math_description,meta,NONE — no occurrence-level evidence citation supports the reader-visible verification claim,UNSUPPORTED,remove the claim; use only separately cited current official facts,True,True,NEUTRALISED_WITH_ATTESTED_OR_NONCLAIM_WORDING,Concreting information only. Council requirements must be checked for the specific property and proposed work.,"owner attestation and remediation authority, 21 August 2026; unsupported verified-council meta claim removed",False,False
ADD-0185,additional_blind_spots,quote_or_scope_promise,1421,concreters-douglas-park,suburb,draft,Get Your FREE Quote Today,Get Your FREE Quote,_elementor_data:$[0].elements[2].settings.text,button,NONE — owner operating-model attestation; no quotation policy or contractor is authorised,UNSUPPORTED,replace with a non-contractual concreting-enquiry invitation,True,True,NEUTRALISED_WITH_ATTESTED_OR_NONCLAIM_WORDING,Submit a concreting enquiry,"owner attestation and remediation authority, 21 August 2026; unsupported free-quote CTA neutralised",False,False
ADD-0186,additional_blind_spots,quote_or_scope_promise,1421,concreters-douglas-park,suburb,draft,Get Your FREE Quote Today,Get Your FREE Quote,_elementor_data:$[5].elements[0].settings.text,button,NONE — owner operating-model attestation; no quotation policy or contractor is authorised,UNSUPPORTED,replace with a non-contractual concreting-enquiry invitation,True,True,NEUTRALISED_WITH_ATTESTED_OR_NONCLAIM_WORDING,Submit a concreting enquiry,"owner attestation and remediation authority, 21 August 2026; unsupported free-quote CTA neutralised",False,False
ADD-0187,additional_blind_spots,quote_or_scope_promise,1412,concreters-eagle-vale,suburb,draft,Get Your FREE Quote Today,Get Your FREE Quote,_elementor_data:$[0].elements[2].settings.text,button,NONE — owner operating-model attestation; no quotation policy or contractor is authorised,UNSUPPORTED,replace with a non-contractual concreting-enquiry invitation,True,True,NEUTRALISED_WITH_ATTESTED_OR_NONCLAIM_WORDING,Submit a concreting enquiry,"owner attestation and remediation authority, 21 August 2026; unsupported free-quote CTA neutralised",False,False
ADD-0188,additional_blind_spots,quote_or_scope_promise,1412,concreters-eagle-vale,suburb,draft,Get Your FREE Quote Today,Get Your FREE Quote,_elementor_data:$[5].elements[0].settings.text,button,NONE — owner operating-model attestation; no quotation policy or contractor is authorised,UNSUPPORTED,replace with a non-contractual concreting-enquiry invitation,True,True,NEUTRALISED_WITH_ATTESTED_OR_NONCLAIM_WORDING,Submit a concreting enquiry,"owner attestation and remediation authority, 21 August 2026; unsupported free-quote CTA neutralised",False,False
ADD-0189,additional_blind_spots,quote_or_scope_promise,1387,concreters-edmondson-park,suburb,draft,Get Your FREE Quote Today,Get Your FREE Quote,_elementor_data:$[0].elements[2].settings.text,button,NONE — owner operating-model attestation; no quotation policy or contractor is authorised,UNSUPPORTED,replace with a non-contractual concreting-enquiry invitation,True,True,NEUTRALISED_WITH_ATTESTED_OR_NONCLAIM_WORDING,Submit a concreting enquiry,"owner attestation and remediation authority, 21 August 2026; unsupported free-quote CTA neutralised",False,False
ADD-0190,additional_blind_spots,direct_service_or_scope_presentation,1387,concreters-edmondson-park,suburb,draft,Our Services,Our Services,_elementor_data:$[1].elements[0].settings.title.value.content.value,e-heading,"NONE — owner operating-model attestation, 21 August 2026",UNSUPPORTED,replace with enquiry types and the authorised coordination disclosure,True,True,NEUTRALISED_WITH_ATTESTED_OR_NONCLAIM_WORDING,Concreting enquiry types,"owner attestation and remediation authority, 21 August 2026; direct service-ownership heading neutralised",False,False
ADD-0191,additional_blind_spots,direct_service_or_scope_presentation,1387,concreters-edmondson-park,suburb,draft,Our Services,Our Services,_elementor_data:$[1].elements[0].settings.title.value.children[0].content,e-heading,"NONE — owner operating-model attestation, 21 August 2026",UNSUPPORTED,replace with enquiry types and the authorised coordination disclosure,True,True,NEUTRALISED_WITH_ATTESTED_OR_NONCLAIM_WORDING,Concreting enquiry types,"owner attestation and remediation authority, 21 August 2026; direct service-ownership heading neutralised",False,False
ADD-0192,additional_blind_spots,unsupported_verified_local_evidence,1387,concreters-edmondson-park,suburb,draft,"Concrete work requested around Edmondson Park, ordered around the verified local job mix.",verified local job mix,_elementor_data:$[1].elements[1].settings.editor,text-editor,NONE — no occurrence-level evidence citation supports the reader-visible verification claim,UNSUPPORTED,remove the claim; use only separately cited current official facts,True,True,NEUTRALISED_WITH_ATTESTED_OR_NONCLAIM_WORDING,Concreting enquiry information for Edmondson Park.,"owner attestation and remediation authority, 21 August 2026; unsupported verified-local-job-mix framing removed",False,False
ADD-0193,additional_blind_spots,unsupported_verified_local_evidence,1387,concreters-edmondson-park,suburb,draft,"The recorded housing profile for Edmondson Park is 2016–present, medium density. Local reference points include Ed.Square Town Centre, Edmondson Park railway station and Edmondson Park South, with access commonly read from Soldiers Parade, Campbelltown Road and Croatia Avenue. The verified local distinction is specific: Edmondson Park is the densest suburb in this corridor — terraces, townhouses and small lots rather than 450sqm detached blocks. The jobs are small, access is tight, and a meaningful share of the work is strata: common-area paths, bin-store slabs and shared driveway aprons where the client is a strata committee, not a homeowner. Different sales cycle, different insurance requirements, repeat work if you do it well.",verified local distinction,_elementor_data:$[4].elements[0].elements[1].settings.editor,text-editor,NONE — no occurrence-level evidence citation supports the reader-visible verification claim,UNSUPPORTED,remove the claim; use only separately cited current official facts,True,True,REMOVED_WITHOUT_REPLACEMENT,,"owner attestation and remediation authority, 21 August 2026; unsupported verified-local-distinction field removed",False,False
ADD-0194,additional_blind_spots,unsupported_verified_local_evidence,1387,concreters-edmondson-park,suburb,draft,"The researched ground note for Edmondson Park records: Clay over shale on engineered fill. Tight access means barrow, kibble or line pump on most jobs — factor it into the quote rather than discovering it on the day. That evidence is checked against the proposed slab location in Edmondson Park; assumptions from another estate are not substituted for a site inspection. Edmondson Park separates its concrete paths and pathways evidence from the general Edmondson Park brief; Concrete Paths and Pathways in Edmondson Park carries that service decision.",The researched ground note,_elementor_data:$[5].elements[0].elements[1].settings.editor,text-editor,NONE — no occurrence-level evidence citation supports the reader-visible verification claim,UNSUPPORTED,remove the claim; use only separately cited current official facts,True,True,REMOVED_WITHOUT_REPLACEMENT,,"owner attestation and remediation authority, 21 August 2026; unsupported researched-ground-note construction removed",False,False
ADD-0195,additional_blind_spots,unsupported_verified_local_evidence,1387,concreters-edmondson-park,suburb,draft,"The verified approval path for Edmondson Park is: Liverpool City Council vehicle crossing application. Strata common property works need owners corporation approval and usually a committee resolution before you start. The recorded Edmondson Park council specification is reproduced without alteration: REQUIRED-RESEARCH: confirm Liverpool City Council vehicle crossing specification, widths, strength and fee schedule at liverpool.nsw.gov.au. Before crossover work in Edmondson Park starts, the governing lot and application path are checked. The related vehicle-crossing requirements guide records the council-level process. Edmondson Park uses the engineered fill and why new estate slabs crack reference for Edmondson Park when the Edmondson Park evidence reaches that topic; the lot record still controls the decision.",verified approval path,_elementor_data:$[8].elements[0].elements[1].elements[0].elements[1].settings.editor,text-editor,NONE — no occurrence-level evidence citation supports the reader-visible verification claim,UNSUPPORTED,remove the claim; use only separately cited current official facts,True,True,REMOVED_WITHOUT_REPLACEMENT,,"owner attestation and remediation authority, 21 August 2026; unsupported verified-approval field removed",False,False
ADD-0196,additional_blind_spots,customer_social_proof_heading,1387,concreters-edmondson-park,suburb,draft,Why Edmondson Park customers choose us,Why Edmondson Park customers choose us,_elementor_data:$[10].elements[0].settings.title,heading,NONE — reviews and completed_projects are unverified,UNSUPPORTED,replace with a factual enquiry-coordination heading,True,True,NEUTRALISED_WITH_ATTESTED_OR_NONCLAIM_WORDING,How enquiry coordination works,"owner attestation and remediation authority, 21 August 2026; unsupported customer social-proof heading neutralised",False,False
ADD-0197,additional_blind_spots,unsupported_verified_local_evidence,1387,concreters-edmondson-park,suburb,draft,"From Edmondson Park, the verified neighbouring service links are Austral , Leppington and Bringelly .",verified neighbouring service links,_elementor_data:$[11].elements[1].elements[1].settings.editor,text-editor,NONE — no occurrence-level evidence citation supports the reader-visible verification claim,UNSUPPORTED,remove the claim; use only separately cited current official facts,True,True,REMOVED_WITHOUT_REPLACEMENT,,"owner attestation and remediation authority, 21 August 2026; unsupported verified-service-area field removed",False,False
ADD-0198,additional_blind_spots,quote_or_scope_promise,1387,concreters-edmondson-park,suburb,draft,Get Your FREE Quote Today,Get Your FREE Quote,_elementor_data:$[13].elements[0].settings.text,button,NONE — owner operating-model attestation; no quotation policy or contractor is authorised,UNSUPPORTED,replace with a non-contractual concreting-enquiry invitation,True,True,NEUTRALISED_WITH_ATTESTED_OR_NONCLAIM_WORDING,Submit a concreting enquiry,"owner attestation and remediation authority, 21 August 2026; unsupported free-quote CTA neutralised",False,False
ADD-0199,additional_blind_spots,quote_or_scope_promise,1387,concreters-edmondson-park,suburb,draft,"Concreting in Edmondson Park 2174 for driveways, slabs, paths and crossovers, using the verified Liverpool City Council approval path. Request an on-site quote.",Request an on-site quote,postmeta:rank_math_description,meta,NONE — owner operating-model attestation; no quotation policy or contractor is authorised,UNSUPPORTED,replace with a non-contractual concreting-enquiry invitation,True,True,NEUTRALISED_WITH_ATTESTED_OR_NONCLAIM_WORDING,Concreting information only. Council requirements must be checked for the specific property and proposed work.,"owner attestation and remediation authority, 21 August 2026; unsupported verified-council meta claim removed",False,False
ADD-0200,additional_blind_spots,unsupported_verified_local_evidence,1387,concreters-edmondson-park,suburb,draft,"Concreting in Edmondson Park 2174 for driveways, slabs, paths and crossovers, using the verified Liverpool City Council approval path. Request an on-site quote.",using the verified Liverpool,postmeta:rank_math_description,meta,NONE — no occurrence-level evidence citation supports the reader-visible verification claim,UNSUPPORTED,remove the claim; use only separately cited current official facts,True,True,NEUTRALISED_WITH_ATTESTED_OR_NONCLAIM_WORDING,Concreting information only. Council requirements must be checked for the specific property and proposed work.,"owner attestation and remediation authority, 21 August 2026; unsupported verified-council meta claim removed",False,False
ADD-0201,additional_blind_spots,quote_or_scope_promise,1378,concreters-elderslie,suburb,draft,Get Your FREE Quote Today,Get Your FREE Quote,_elementor_data:$[0].elements[2].settings.text,button,NONE — owner operating-model attestation; no quotation policy or contractor is authorised,UNSUPPORTED,replace with a non-contractual concreting-enquiry invitation,True,True,NEUTRALISED_WITH_ATTESTED_OR_NONCLAIM_WORDING,Submit a concreting enquiry,"owner attestation and remediation authority, 21 August 2026; unsupported free-quote CTA neutralised",False,False
ADD-0202,additional_blind_spots,unsupported_verified_local_evidence,1378,concreters-elderslie,suburb,draft,"Concrete work requested around Elderslie, ordered around the verified local job mix.",verified local job mix,_elementor_data:$[1].elements[1].settings.editor,text-editor,NONE — no occurrence-level evidence citation supports the reader-visible verification claim,UNSUPPORTED,remove the claim; use only separately cited current official facts,True,True,NEUTRALISED_WITH_ATTESTED_OR_NONCLAIM_WORDING,Concreting enquiry information for Elderslie.,"owner attestation and remediation authority, 21 August 2026; unsupported verified-local-job-mix framing removed",False,False
ADD-0203,additional_blind_spots,unsupported_verified_local_evidence,1378,concreters-elderslie,suburb,draft,"The recorded housing profile for Elderslie is 2000–2012. Local reference points include Elderslie Public School, Nepean River corridor and Camden Airport (Macquarie Grove), with access commonly read from Camden Valley Way, Macquarie Grove Road and Lodges Road. The verified local distinction is specific: Elderslie homes are mostly 2000s-era, which puts their concrete in an awkward middle age — old enough that owners are ready to upgrade the outdoor areas, young enough that the driveway itself is usually still structurally sound. The work here skews to adding rather than replacing: alfresco slabs, pergola bases, extended side access.",verified local distinction,_elementor_data:$[4].elements[0].elements[1].settings.editor,text-editor,NONE — no occurrence-level evidence citation supports the reader-visible verification claim,UNSUPPORTED,remove the claim; use only separately cited current official facts,True,True,REMOVED_WITHOUT_REPLACEMENT,,"owner attestation and remediation authority, 21 August 2026; unsupported verified-local-distinction field removed",False,False
ADD-0204,additional_blind_spots,unsupported_verified_local_evidence,1378,concreters-elderslie,suburb,draft,The researched ground note for Elderslie records: Shale clay transitioning to Nepean alluvial closer to the river. Check flood mapping on the lower lots. That evidence is checked against the proposed slab location in Elderslie; assumptions from another estate are not substituted for a site inspection. Elderslie separates its concrete patios and alfresco slabs evidence from the general Elderslie brief; Concrete Patios and Alfresco Slabs in Elderslie carries that service decision.,The researched ground note,_elementor_data:$[5].elements[0].elements[1].settings.editor,text-editor,NONE — no occurrence-level evidence citation supports the reader-visible verification claim,UNSUPPORTED,remove the claim; use only separately cited current official facts,True,True,REMOVED_WITHOUT_REPLACEMENT,,"owner attestation and remediation authority, 21 August 2026; unsupported researched-ground-note construction removed",False,False
ADD-0205,additional_blind_spots,unsupported_verified_local_evidence,1378,concreters-elderslie,suburb,draft,"The verified approval path for Elderslie is: Camden Standard Driveway Crossing Application for new or altered crossovers. The recorded council specification is reproduced without alteration: 32 MPa, 125mm, SL72 fabric, 4.0-5.5m urban width, 1200mm footpath allocation (900mm offset; 800mm in Oran Park), 4% footpath crossfall, 1:6 max batter. Before crossover work in Elderslie starts, the governing lot and application path are checked. The related vehicle-crossing requirements guide records the council-level process. Elderslie uses the reactive clay slabs as 2870 reference for Elderslie when the Elderslie evidence reaches that topic; the lot record still controls the decision.",verified approval path,_elementor_data:$[8].elements[0].elements[1].elements[0].elements[1].settings.editor,text-editor,NONE — no occurrence-level evidence citation supports the reader-visible verification claim,UNSUPPORTED,remove the claim; use only separately cited current official facts,True,True,REMOVED_WITHOUT_REPLACEMENT,,"owner attestation and remediation authority, 21 August 2026; unsupported verified-approval field removed",False,False
ADD-0206,additional_blind_spots,customer_social_proof_heading,1378,concreters-elderslie,suburb,draft,Why Elderslie customers choose us,Why Elderslie customers choose us,_elementor_data:$[10].elements[0].settings.title,heading,NONE — reviews and completed_projects are unverified,UNSUPPORTED,replace with a factual enquiry-coordination heading,True,True,NEUTRALISED_WITH_ATTESTED_OR_NONCLAIM_WORDING,How enquiry coordination works,"owner attestation and remediation authority, 21 August 2026; unsupported customer social-proof heading neutralised",False,False
ADD-0207,additional_blind_spots,unsupported_verified_local_evidence,1378,concreters-elderslie,suburb,draft,"From Elderslie, the verified neighbouring service links are Spring Farm , Cobbitty and Narellan .",verified neighbouring service links,_elementor_data:$[11].elements[1].elements[1].settings.editor,text-editor,NONE — no occurrence-level evidence citation supports the reader-visible verification claim,UNSUPPORTED,remove the claim; use only separately cited current official facts,True,True,REMOVED_WITHOUT_REPLACEMENT,,"owner attestation and remediation authority, 21 August 2026; unsupported verified-service-area field removed",False,False
ADD-0208,additional_blind_spots,quote_or_scope_promise,1378,concreters-elderslie,suburb,draft,Get Your FREE Quote Today,Get Your FREE Quote,_elementor_data:$[13].elements[0].settings.text,button,NONE — owner operating-model attestation; no quotation policy or contractor is authorised,UNSUPPORTED,replace with a non-contractual concreting-enquiry invitation,True,True,NEUTRALISED_WITH_ATTESTED_OR_NONCLAIM_WORDING,Submit a concreting enquiry,"owner attestation and remediation authority, 21 August 2026; unsupported free-quote CTA neutralised",False,False
ADD-0209,additional_blind_spots,quote_or_scope_promise,1378,concreters-elderslie,suburb,draft,"Concreting in Elderslie 2570 for driveways, slabs, paths and crossovers, using the verified Camden Council approval path. Request an on-site quote.",Request an on-site quote,postmeta:rank_math_description,meta,NONE — owner operating-model attestation; no quotation policy or contractor is authorised,UNSUPPORTED,replace with a non-contractual concreting-enquiry invitation,True,True,NEUTRALISED_WITH_ATTESTED_OR_NONCLAIM_WORDING,Concreting information only. Council requirements must be checked for the specific property and proposed work.,"owner attestation and remediation authority, 21 August 2026; unsupported verified-council meta claim removed",False,False
ADD-0210,additional_blind_spots,unsupported_verified_local_evidence,1378,concreters-elderslie,suburb,draft,"Concreting in Elderslie 2570 for driveways, slabs, paths and crossovers, using the verified Camden Council approval path. Request an on-site quote.",using the verified Camden,postmeta:rank_math_description,meta,NONE — no occurrence-level evidence citation supports the reader-visible verification claim,UNSUPPORTED,remove the claim; use only separately cited current official facts,True,True,NEUTRALISED_WITH_ATTESTED_OR_NONCLAIM_WORDING,Concreting information only. Council requirements must be checked for the specific property and proposed work.,"owner attestation and remediation authority, 21 August 2026; unsupported verified-council meta claim removed",False,False
ADD-0211,additional_blind_spots,quote_or_scope_promise,1395,concreters-elizabeth-hills,suburb,draft,Get Your FREE Quote Today,Get Your FREE Quote,_elementor_data:$[0].elements[2].settings.text,button,NONE — owner operating-model attestation; no quotation policy or contractor is authorised,UNSUPPORTED,replace with a non-contractual concreting-enquiry invitation,True,True,NEUTRALISED_WITH_ATTESTED_OR_NONCLAIM_WORDING,Submit a concreting enquiry,"owner attestation and remediation authority, 21 August 2026; unsupported free-quote CTA neutralised",False,False
ADD-0212,additional_blind_spots,quote_or_scope_promise,1395,concreters-elizabeth-hills,suburb,draft,Get Your FREE Quote Today,Get Your FREE Quote,_elementor_data:$[5].elements[0].settings.text,button,NONE — owner operating-model attestation; no quotation policy or contractor is authorised,UNSUPPORTED,replace with a non-contractual concreting-enquiry invitation,True,True,NEUTRALISED_WITH_ATTESTED_OR_NONCLAIM_WORDING,Submit a concreting enquiry,"owner attestation and remediation authority, 21 August 2026; unsupported free-quote CTA neutralised",False,False
ADD-0213,additional_blind_spots,quote_or_scope_promise,1383,concreters-ellis-lane,suburb,draft,Get Your FREE Quote Today,Get Your FREE Quote,_elementor_data:$[0].elements[2].settings.text,button,NONE — owner operating-model attestation; no quotation policy or contractor is authorised,UNSUPPORTED,replace with a non-contractual concreting-enquiry invitation,True,True,NEUTRALISED_WITH_ATTESTED_OR_NONCLAIM_WORDING,Submit a concreting enquiry,"owner attestation and remediation authority, 21 August 2026; unsupported free-quote CTA neutralised",False,False
ADD-0214,additional_blind_spots,quote_or_scope_promise,1383,concreters-ellis-lane,suburb,draft,Get Your FREE Quote Today,Get Your FREE Quote,_elementor_data:$[5].elements[0].settings.text,button,NONE — owner operating-model attestation; no quotation policy or contractor is authorised,UNSUPPORTED,replace with a non-contractual concreting-enquiry invitation,True,True,NEUTRALISED_WITH_ATTESTED_OR_NONCLAIM_WORDING,Submit a concreting enquiry,"owner attestation and remediation authority, 21 August 2026; unsupported free-quote CTA neutralised",False,False
ADD-0215,additional_blind_spots,quote_or_scope_promise,1415,concreters-gilead,suburb,draft,Get Your FREE Quote Today,Get Your FREE Quote,_elementor_data:$[0].elements[2].settings.text,button,NONE — owner operating-model attestation; no quotation policy or contractor is authorised,UNSUPPORTED,replace with a non-contractual concreting-enquiry invitation,True,True,NEUTRALISED_WITH_ATTESTED_OR_NONCLAIM_WORDING,Submit a concreting enquiry,"owner attestation and remediation authority, 21 August 2026; unsupported free-quote CTA neutralised",False,False
ADD-0216,additional_blind_spots,quote_or_scope_promise,1415,concreters-gilead,suburb,draft,Get Your FREE Quote Today,Get Your FREE Quote,_elementor_data:$[5].elements[0].settings.text,button,NONE — owner operating-model attestation; no quotation policy or contractor is authorised,UNSUPPORTED,replace with a non-contractual concreting-enquiry invitation,True,True,NEUTRALISED_WITH_ATTESTED_OR_NONCLAIM_WORDING,Submit a concreting enquiry,"owner attestation and remediation authority, 21 August 2026; unsupported free-quote CTA neutralised",False,False
ADD-0217,additional_blind_spots,quote_or_scope_promise,1414,concreters-glen-alpine,suburb,draft,Get Your FREE Quote Today,Get Your FREE Quote,_elementor_data:$[0].elements[2].settings.text,button,NONE — owner operating-model attestation; no quotation policy or contractor is authorised,UNSUPPORTED,replace with a non-contractual concreting-enquiry invitation,True,True,NEUTRALISED_WITH_ATTESTED_OR_NONCLAIM_WORDING,Submit a concreting enquiry,"owner attestation and remediation authority, 21 August 2026; unsupported free-quote CTA neutralised",False,False
ADD-0218,additional_blind_spots,quote_or_scope_promise,1414,concreters-glen-alpine,suburb,draft,Get Your FREE Quote Today,Get Your FREE Quote,_elementor_data:$[5].elements[0].settings.text,button,NONE — owner operating-model attestation; no quotation policy or contractor is authorised,UNSUPPORTED,replace with a non-contractual concreting-enquiry invitation,True,True,NEUTRALISED_WITH_ATTESTED_OR_NONCLAIM_WORDING,Submit a concreting enquiry,"owner attestation and remediation authority, 21 August 2026; unsupported free-quote CTA neutralised",False,False
ADD-0219,additional_blind_spots,quote_or_scope_promise,1409,concreters-glenfield,suburb,draft,Get Your FREE Quote Today,Get Your FREE Quote,_elementor_data:$[0].elements[2].settings.text,button,NONE — owner operating-model attestation; no quotation policy or contractor is authorised,UNSUPPORTED,replace with a non-contractual concreting-enquiry invitation,True,True,NEUTRALISED_WITH_ATTESTED_OR_NONCLAIM_WORDING,Submit a concreting enquiry,"owner attestation and remediation authority, 21 August 2026; unsupported free-quote CTA neutralised",False,False
ADD-0220,additional_blind_spots,quote_or_scope_promise,1409,concreters-glenfield,suburb,draft,Get Your FREE Quote Today,Get Your FREE Quote,_elementor_data:$[5].elements[0].settings.text,button,NONE — owner operating-model attestation; no quotation policy or contractor is authorised,UNSUPPORTED,replace with a non-contractual concreting-enquiry invitation,True,True,NEUTRALISED_WITH_ATTESTED_OR_NONCLAIM_WORDING,Submit a concreting enquiry,"owner attestation and remediation authority, 21 August 2026; unsupported free-quote CTA neutralised",False,False
ADD-0221,additional_blind_spots,quote_or_scope_promise,1382,concreters-grasmere,suburb,draft,Get Your FREE Quote Today,Get Your FREE Quote,_elementor_data:$[0].elements[2].settings.text,button,NONE — owner operating-model attestation; no quotation policy or contractor is authorised,UNSUPPORTED,replace with a non-contractual concreting-enquiry invitation,True,True,NEUTRALISED_WITH_ATTESTED_OR_NONCLAIM_WORDING,Submit a concreting enquiry,"owner attestation and remediation authority, 21 August 2026; unsupported free-quote CTA neutralised",False,False
ADD-0222,additional_blind_spots,quote_or_scope_promise,1382,concreters-grasmere,suburb,draft,Get Your FREE Quote Today,Get Your FREE Quote,_elementor_data:$[5].elements[0].settings.text,button,NONE — owner operating-model attestation; no quotation policy or contractor is authorised,UNSUPPORTED,replace with a non-contractual concreting-enquiry invitation,True,True,NEUTRALISED_WITH_ATTESTED_OR_NONCLAIM_WORDING,Submit a concreting enquiry,"owner attestation and remediation authority, 21 August 2026; unsupported free-quote CTA neutralised",False,False
ADD-0223,additional_blind_spots,quote_or_scope_promise,1394,concreters-horningsea-park,suburb,draft,Get Your FREE Quote Today,Get Your FREE Quote,_elementor_data:$[0].elements[2].settings.text,button,NONE — owner operating-model attestation; no quotation policy or contractor is authorised,UNSUPPORTED,replace with a non-contractual concreting-enquiry invitation,True,True,NEUTRALISED_WITH_ATTESTED_OR_NONCLAIM_WORDING,Submit a concreting enquiry,"owner attestation and remediation authority, 21 August 2026; unsupported free-quote CTA neutralised",False,False
ADD-0224,additional_blind_spots,quote_or_scope_promise,1394,concreters-horningsea-park,suburb,draft,Get Your FREE Quote Today,Get Your FREE Quote,_elementor_data:$[5].elements[0].settings.text,button,NONE — owner operating-model attestation; no quotation policy or contractor is authorised,UNSUPPORTED,replace with a non-contractual concreting-enquiry invitation,True,True,NEUTRALISED_WITH_ATTESTED_OR_NONCLAIM_WORDING,Submit a concreting enquiry,"owner attestation and remediation authority, 21 August 2026; unsupported free-quote CTA neutralised",False,False
ADD-0225,additional_blind_spots,quote_or_scope_promise,1392,concreters-hoxton-park,suburb,draft,Get Your FREE Quote Today,Get Your FREE Quote,_elementor_data:$[0].elements[2].settings.text,button,NONE — owner operating-model attestation; no quotation policy or contractor is authorised,UNSUPPORTED,replace with a non-contractual concreting-enquiry invitation,True,True,NEUTRALISED_WITH_ATTESTED_OR_NONCLAIM_WORDING,Submit a concreting enquiry,"owner attestation and remediation authority, 21 August 2026; unsupported free-quote CTA neutralised",False,False
ADD-0226,additional_blind_spots,quote_or_scope_promise,1392,concreters-hoxton-park,suburb,draft,Get Your FREE Quote Today,Get Your FREE Quote,_elementor_data:$[5].elements[0].settings.text,button,NONE — owner operating-model attestation; no quotation policy or contractor is authorised,UNSUPPORTED,replace with a non-contractual concreting-enquiry invitation,True,True,NEUTRALISED_WITH_ATTESTED_OR_NONCLAIM_WORDING,Submit a concreting enquiry,"owner attestation and remediation authority, 21 August 2026; unsupported free-quote CTA neutralised",False,False
ADD-0227,additional_blind_spots,quote_or_scope_promise,1408,concreters-ingleburn,suburb,draft,Get Your FREE Quote Today,Get Your FREE Quote,_elementor_data:$[0].elements[2].settings.text,button,NONE — owner operating-model attestation; no quotation policy or contractor is authorised,UNSUPPORTED,replace with a non-contractual concreting-enquiry invitation,True,True,NEUTRALISED_WITH_ATTESTED_OR_NONCLAIM_WORDING,Submit a concreting enquiry,"owner attestation and remediation authority, 21 August 2026; unsupported free-quote CTA neutralised",False,False
ADD-0228,additional_blind_spots,quote_or_scope_promise,1408,concreters-ingleburn,suburb,draft,Get Your FREE Quote Today,Get Your FREE Quote,_elementor_data:$[5].elements[0].settings.text,button,NONE — owner operating-model attestation; no quotation policy or contractor is authorised,UNSUPPORTED,replace with a non-contractual concreting-enquiry invitation,True,True,NEUTRALISED_WITH_ATTESTED_OR_NONCLAIM_WORDING,Submit a concreting enquiry,"owner attestation and remediation authority, 21 August 2026; unsupported free-quote CTA neutralised",False,False
ADD-0229,additional_blind_spots,quote_or_scope_promise,1403,concreters-kemps-creek,suburb,draft,Get Your FREE Quote Today,Get Your FREE Quote,_elementor_data:$[0].elements[2].settings.text,button,NONE — owner operating-model attestation; no quotation policy or contractor is authorised,UNSUPPORTED,replace with a non-contractual concreting-enquiry invitation,True,True,NEUTRALISED_WITH_ATTESTED_OR_NONCLAIM_WORDING,Submit a concreting enquiry,"owner attestation and remediation authority, 21 August 2026; unsupported free-quote CTA neutralised",False,False
ADD-0230,additional_blind_spots,quote_or_scope_promise,1403,concreters-kemps-creek,suburb,draft,Get Your FREE Quote Today,Get Your FREE Quote,_elementor_data:$[5].elements[0].settings.text,button,NONE — owner operating-model attestation; no quotation policy or contractor is authorised,UNSUPPORTED,replace with a non-contractual concreting-enquiry invitation,True,True,NEUTRALISED_WITH_ATTESTED_OR_NONCLAIM_WORDING,Submit a concreting enquiry,"owner attestation and remediation authority, 21 August 2026; unsupported free-quote CTA neutralised",False,False
ADD-0231,additional_blind_spots,quote_or_scope_promise,1381,concreters-kirkham,suburb,draft,Get Your FREE Quote Today,Get Your FREE Quote,_elementor_data:$[0].elements[2].settings.text,button,NONE — owner operating-model attestation; no quotation policy or contractor is authorised,UNSUPPORTED,replace with a non-contractual concreting-enquiry invitation,True,True,NEUTRALISED_WITH_ATTESTED_OR_NONCLAIM_WORDING,Submit a concreting enquiry,"owner attestation and remediation authority, 21 August 2026; unsupported free-quote CTA neutralised",False,False
ADD-0232,additional_blind_spots,quote_or_scope_promise,1381,concreters-kirkham,suburb,draft,Get Your FREE Quote Today,Get Your FREE Quote,_elementor_data:$[5].elements[0].settings.text,button,NONE — owner operating-model attestation; no quotation policy or contractor is authorised,UNSUPPORTED,replace with a non-contractual concreting-enquiry invitation,True,True,NEUTRALISED_WITH_ATTESTED_OR_NONCLAIM_WORDING,Submit a concreting enquiry,"owner attestation and remediation authority, 21 August 2026; unsupported free-quote CTA neutralised",False,False
ADD-0233,additional_blind_spots,quote_or_scope_promise,1396,concreters-len-waters-estate,suburb,draft,Get Your FREE Quote Today,Get Your FREE Quote,_elementor_data:$[0].elements[2].settings.text,button,NONE — owner operating-model attestation; no quotation policy or contractor is authorised,UNSUPPORTED,replace with a non-contractual concreting-enquiry invitation,True,True,NEUTRALISED_WITH_ATTESTED_OR_NONCLAIM_WORDING,Submit a concreting enquiry,"owner attestation and remediation authority, 21 August 2026; unsupported free-quote CTA neutralised",False,False
ADD-0234,additional_blind_spots,quote_or_scope_promise,1396,concreters-len-waters-estate,suburb,draft,Get Your FREE Quote Today,Get Your FREE Quote,_elementor_data:$[5].elements[0].settings.text,button,NONE — owner operating-model attestation; no quotation policy or contractor is authorised,UNSUPPORTED,replace with a non-contractual concreting-enquiry invitation,True,True,NEUTRALISED_WITH_ATTESTED_OR_NONCLAIM_WORDING,Submit a concreting enquiry,"owner attestation and remediation authority, 21 August 2026; unsupported free-quote CTA neutralised",False,False
ADD-0235,additional_blind_spots,quote_or_scope_promise,1406,concreters-leumeah,suburb,draft,Get Your FREE Quote Today,Get Your FREE Quote,_elementor_data:$[0].elements[2].settings.text,button,NONE — owner operating-model attestation; no quotation policy or contractor is authorised,UNSUPPORTED,replace with a non-contractual concreting-enquiry invitation,True,True,NEUTRALISED_WITH_ATTESTED_OR_NONCLAIM_WORDING,Submit a concreting enquiry,"owner attestation and remediation authority, 21 August 2026; unsupported free-quote CTA neutralised",False,False
ADD-0236,additional_blind_spots,quote_or_scope_promise,1406,concreters-leumeah,suburb,draft,Get Your FREE Quote Today,Get Your FREE Quote,_elementor_data:$[5].elements[0].settings.text,button,NONE — owner operating-model attestation; no quotation policy or contractor is authorised,UNSUPPORTED,replace with a non-contractual concreting-enquiry invitation,True,True,NEUTRALISED_WITH_ATTESTED_OR_NONCLAIM_WORDING,Submit a concreting enquiry,"owner attestation and remediation authority, 21 August 2026; unsupported free-quote CTA neutralised",False,False
ADD-0237,additional_blind_spots,quote_or_scope_promise,1410,concreters-macquarie-fields,suburb,draft,Get Your FREE Quote Today,Get Your FREE Quote,_elementor_data:$[0].elements[2].settings.text,button,NONE — owner operating-model attestation; no quotation policy or contractor is authorised,UNSUPPORTED,replace with a non-contractual concreting-enquiry invitation,True,True,NEUTRALISED_WITH_ATTESTED_OR_NONCLAIM_WORDING,Submit a concreting enquiry,"owner attestation and remediation authority, 21 August 2026; unsupported free-quote CTA neutralised",False,False
ADD-0238,additional_blind_spots,quote_or_scope_promise,1410,concreters-macquarie-fields,suburb,draft,Get Your FREE Quote Today,Get Your FREE Quote,_elementor_data:$[5].elements[0].settings.text,button,NONE — owner operating-model attestation; no quotation policy or contractor is authorised,UNSUPPORTED,replace with a non-contractual concreting-enquiry invitation,True,True,NEUTRALISED_WITH_ATTESTED_OR_NONCLAIM_WORDING,Submit a concreting enquiry,"owner attestation and remediation authority, 21 August 2026; unsupported free-quote CTA neutralised",False,False
ADD-0239,additional_blind_spots,quote_or_scope_promise,1416,concreters-menangle-park,suburb,draft,Get Your FREE Quote Today,Get Your FREE Quote,_elementor_data:$[0].elements[2].settings.text,button,NONE — owner operating-model attestation; no quotation policy or contractor is authorised,UNSUPPORTED,replace with a non-contractual concreting-enquiry invitation,True,True,NEUTRALISED_WITH_ATTESTED_OR_NONCLAIM_WORDING,Submit a concreting enquiry,"owner attestation and remediation authority, 21 August 2026; unsupported free-quote CTA neutralised",False,False
ADD-0240,additional_blind_spots,quote_or_scope_promise,1416,concreters-menangle-park,suburb,draft,Get Your FREE Quote Today,Get Your FREE Quote,_elementor_data:$[5].elements[0].settings.text,button,NONE — owner operating-model attestation; no quotation policy or contractor is authorised,UNSUPPORTED,replace with a non-contractual concreting-enquiry invitation,True,True,NEUTRALISED_WITH_ATTESTED_OR_NONCLAIM_WORDING,Submit a concreting enquiry,"owner attestation and remediation authority, 21 August 2026; unsupported free-quote CTA neutralised",False,False
ADD-0241,additional_blind_spots,quote_or_scope_promise,1422,concreters-menangle,suburb,draft,Get Your FREE Quote Today,Get Your FREE Quote,_elementor_data:$[0].elements[2].settings.text,button,NONE — owner operating-model attestation; no quotation policy or contractor is authorised,UNSUPPORTED,replace with a non-contractual concreting-enquiry invitation,True,True,NEUTRALISED_WITH_ATTESTED_OR_NONCLAIM_WORDING,Submit a concreting enquiry,"owner attestation and remediation authority, 21 August 2026; unsupported free-quote CTA neutralised",False,False
ADD-0242,additional_blind_spots,quote_or_scope_promise,1422,concreters-menangle,suburb,draft,Get Your FREE Quote Today,Get Your FREE Quote,_elementor_data:$[5].elements[0].settings.text,button,NONE — owner operating-model attestation; no quotation policy or contractor is authorised,UNSUPPORTED,replace with a non-contractual concreting-enquiry invitation,True,True,NEUTRALISED_WITH_ATTESTED_OR_NONCLAIM_WORDING,Submit a concreting enquiry,"owner attestation and remediation authority, 21 August 2026; unsupported free-quote CTA neutralised",False,False
ADD-0243,additional_blind_spots,quote_or_scope_promise,1390,concreters-middleton-grange,suburb,draft,Get Your FREE Quote Today,Get Your FREE Quote,_elementor_data:$[0].elements[2].settings.text,button,NONE — owner operating-model attestation; no quotation policy or contractor is authorised,UNSUPPORTED,replace with a non-contractual concreting-enquiry invitation,True,True,NEUTRALISED_WITH_ATTESTED_OR_NONCLAIM_WORDING,Submit a concreting enquiry,"owner attestation and remediation authority, 21 August 2026; unsupported free-quote CTA neutralised",False,False
ADD-0244,additional_blind_spots,quote_or_scope_promise,1390,concreters-middleton-grange,suburb,draft,Get Your FREE Quote Today,Get Your FREE Quote,_elementor_data:$[5].elements[0].settings.text,button,NONE — owner operating-model attestation; no quotation policy or contractor is authorised,UNSUPPORTED,replace with a non-contractual concreting-enquiry invitation,True,True,NEUTRALISED_WITH_ATTESTED_OR_NONCLAIM_WORDING,Submit a concreting enquiry,"owner attestation and remediation authority, 21 August 2026; unsupported free-quote CTA neutralised",False,False
ADD-0245,additional_blind_spots,quote_or_scope_promise,1407,concreters-minto,suburb,draft,Get Your FREE Quote Today,Get Your FREE Quote,_elementor_data:$[0].elements[2].settings.text,button,NONE — owner operating-model attestation; no quotation policy or contractor is authorised,UNSUPPORTED,replace with a non-contractual concreting-enquiry invitation,True,True,NEUTRALISED_WITH_ATTESTED_OR_NONCLAIM_WORDING,Submit a concreting enquiry,"owner attestation and remediation authority, 21 August 2026; unsupported free-quote CTA neutralised",False,False
ADD-0246,additional_blind_spots,quote_or_scope_promise,1407,concreters-minto,suburb,draft,Get Your FREE Quote Today,Get Your FREE Quote,_elementor_data:$[5].elements[0].settings.text,button,NONE — owner operating-model attestation; no quotation policy or contractor is authorised,UNSUPPORTED,replace with a non-contractual concreting-enquiry invitation,True,True,NEUTRALISED_WITH_ATTESTED_OR_NONCLAIM_WORDING,Submit a concreting enquiry,"owner attestation and remediation authority, 21 August 2026; unsupported free-quote CTA neutralised",False,False
ADD-0247,additional_blind_spots,quote_or_scope_promise,1400,concreters-moorebank,suburb,draft,Get Your FREE Quote Today,Get Your FREE Quote,_elementor_data:$[0].elements[2].settings.text,button,NONE — owner operating-model attestation; no quotation policy or contractor is authorised,UNSUPPORTED,replace with a non-contractual concreting-enquiry invitation,True,True,NEUTRALISED_WITH_ATTESTED_OR_NONCLAIM_WORDING,Submit a concreting enquiry,"owner attestation and remediation authority, 21 August 2026; unsupported free-quote CTA neutralised",False,False
ADD-0248,additional_blind_spots,quote_or_scope_promise,1400,concreters-moorebank,suburb,draft,Get Your FREE Quote Today,Get Your FREE Quote,_elementor_data:$[5].elements[0].settings.text,button,NONE — owner operating-model attestation; no quotation policy or contractor is authorised,UNSUPPORTED,replace with a non-contractual concreting-enquiry invitation,True,True,NEUTRALISED_WITH_ATTESTED_OR_NONCLAIM_WORDING,Submit a concreting enquiry,"owner attestation and remediation authority, 21 August 2026; unsupported free-quote CTA neutralised",False,False
ADD-0249,additional_blind_spots,quote_or_scope_promise,1375,concreters-mount-annan,suburb,draft,Get Your FREE Quote Today,Get Your FREE Quote,_elementor_data:$[0].elements[2].settings.text,button,NONE — owner operating-model attestation; no quotation policy or contractor is authorised,UNSUPPORTED,replace with a non-contractual concreting-enquiry invitation,True,True,NEUTRALISED_WITH_ATTESTED_OR_NONCLAIM_WORDING,Submit a concreting enquiry,"owner attestation and remediation authority, 21 August 2026; unsupported free-quote CTA neutralised",False,False
ADD-0250,additional_blind_spots,direct_service_or_scope_presentation,1375,concreters-mount-annan,suburb,draft,Our Services,Our Services,_elementor_data:$[1].elements[0].settings.title.value.content.value,e-heading,"NONE — owner operating-model attestation, 21 August 2026",UNSUPPORTED,replace with enquiry types and the authorised coordination disclosure,True,True,NEUTRALISED_WITH_ATTESTED_OR_NONCLAIM_WORDING,Concreting enquiry types,"owner attestation and remediation authority, 21 August 2026; direct service-ownership heading neutralised",False,False
ADD-0251,additional_blind_spots,direct_service_or_scope_presentation,1375,concreters-mount-annan,suburb,draft,Our Services,Our Services,_elementor_data:$[1].elements[0].settings.title.value.children[0].content,e-heading,"NONE — owner operating-model attestation, 21 August 2026",UNSUPPORTED,replace with enquiry types and the authorised coordination disclosure,True,True,NEUTRALISED_WITH_ATTESTED_OR_NONCLAIM_WORDING,Concreting enquiry types,"owner attestation and remediation authority, 21 August 2026; direct service-ownership heading neutralised",False,False
ADD-0252,additional_blind_spots,unsupported_verified_local_evidence,1375,concreters-mount-annan,suburb,draft,"Concrete work requested around Mount Annan, ordered around the verified local job mix.",verified local job mix,_elementor_data:$[1].elements[1].settings.editor,text-editor,NONE — no occurrence-level evidence citation supports the reader-visible verification claim,UNSUPPORTED,remove the claim; use only separately cited current official facts,True,True,NEUTRALISED_WITH_ATTESTED_OR_NONCLAIM_WORDING,Concreting enquiry information for Mount Annan.,"owner attestation and remediation authority, 21 August 2026; unsupported verified-local-job-mix framing removed",False,False
ADD-0253,additional_blind_spots,unsupported_verified_local_evidence,1375,concreters-mount-annan,suburb,draft,"The recorded housing profile for Mount Annan is 1992–2005 established. Local reference points include Australian Botanic Garden Mount Annan, Mount Annan Leisure Centre and Mount Annan High School, with access commonly read from Welling Drive, Waterworth Drive and Main Street. The verified local distinction is specific: Mount Annan was built out through the 1990s, which means its concrete is now 25 to 30 years old — the exact age where original driveways start failing at the edges and settling at the layback. Almost nothing here is a new pour. The question homeowners actually ask is whether to resurface or replace, and the honest answer depends on whether the failure is surface-level or structural. Existing housing makes driveway replacement in Mount Annan a service that must be assessed separately from a first pour.",verified local distinction,_elementor_data:$[4].elements[0].elements[1].settings.editor,text-editor,NONE — no occurrence-level evidence citation supports the reader-visible verification claim,UNSUPPORTED,remove the claim; use only separately cited current official facts,True,True,REMOVED_WITHOUT_REPLACEMENT,,"owner attestation and remediation authority, 21 August 2026; unsupported verified-local-distinction field removed",False,False
ADD-0254,additional_blind_spots,unsupported_verified_local_evidence,1375,concreters-mount-annan,suburb,draft,"The researched ground note for Mount Annan records: Shale clay, sloping topography in parts. Original 1990s driveways were often poured thinner and with less reinforcement than current Camden spec, which is why edge cracking is the dominant failure mode. That evidence is checked against the proposed slab location in Mount Annan; assumptions from another estate are not substituted for a site inspection. Mount Annan separates its concrete driveway replacement evidence from the general Mount Annan brief; Concrete Driveway Replacement in Mount Annan carries that service decision.",The researched ground note,_elementor_data:$[5].elements[0].elements[1].settings.editor,text-editor,NONE — no occurrence-level evidence citation supports the reader-visible verification claim,UNSUPPORTED,remove the claim; use only separately cited current official facts,True,True,REMOVED_WITHOUT_REPLACEMENT,,"owner attestation and remediation authority, 21 August 2026; unsupported researched-ground-note construction removed",False,False
ADD-0255,additional_blind_spots,unsupported_verified_local_evidence,1375,concreters-mount-annan,suburb,draft,"The verified approval path for Mount Annan is: Like-for-like replacement inside the boundary generally doesn't need a new crossing application, but a widened or relocated crossover does — Camden Standard Driveway Crossing Application. The recorded council specification is reproduced without alteration: 32 MPa, 125mm, SL72 fabric, 4.0-5.5m urban width, 1200mm footpath allocation (900mm offset; 800mm in Oran Park), 4% footpath crossfall, 1:6 max batter. Before crossover work in Mount Annan starts, the governing lot and application path are checked. The related vehicle-crossing requirements guide records the council-level process. Mount Annan uses the concrete crack types and which matter reference for Mount Annan when the Mount Annan evidence reaches that topic; the lot record still controls the decision.",verified approval path,_elementor_data:$[8].elements[0].elements[1].elements[0].elements[1].settings.editor,text-editor,NONE — no occurrence-level evidence citation supports the reader-visible verification claim,UNSUPPORTED,remove the claim; use only separately cited current official facts,True,True,REMOVED_WITHOUT_REPLACEMENT,,"owner attestation and remediation authority, 21 August 2026; unsupported verified-approval field removed",False,False
ADD-0256,additional_blind_spots,customer_social_proof_heading,1375,concreters-mount-annan,suburb,draft,Why Mount Annan customers choose us,Why Mount Annan customers choose us,_elementor_data:$[10].elements[0].settings.title,heading,NONE — reviews and completed_projects are unverified,UNSUPPORTED,replace with a factual enquiry-coordination heading,True,True,NEUTRALISED_WITH_ATTESTED_OR_NONCLAIM_WORDING,How enquiry coordination works,"owner attestation and remediation authority, 21 August 2026; unsupported customer social-proof heading neutralised",False,False
ADD-0257,additional_blind_spots,unsupported_verified_local_evidence,1375,concreters-mount-annan,suburb,draft,"From Mount Annan, the verified neighbouring service links are Currans Hill , Narellan and Harrington Park .",verified neighbouring service links,_elementor_data:$[11].elements[1].elements[1].settings.editor,text-editor,NONE — no occurrence-level evidence citation supports the reader-visible verification claim,UNSUPPORTED,remove the claim; use only separately cited current official facts,True,True,REMOVED_WITHOUT_REPLACEMENT,,"owner attestation and remediation authority, 21 August 2026; unsupported verified-service-area field removed",False,False
ADD-0258,additional_blind_spots,quote_or_scope_promise,1375,concreters-mount-annan,suburb,draft,Get Your FREE Quote Today,Get Your FREE Quote,_elementor_data:$[13].elements[0].settings.text,button,NONE — owner operating-model attestation; no quotation policy or contractor is authorised,UNSUPPORTED,replace with a non-contractual concreting-enquiry invitation,True,True,NEUTRALISED_WITH_ATTESTED_OR_NONCLAIM_WORDING,Submit a concreting enquiry,"owner attestation and remediation authority, 21 August 2026; unsupported free-quote CTA neutralised",False,False
ADD-0259,additional_blind_spots,quote_or_scope_promise,1375,concreters-mount-annan,suburb,draft,"Concreting in Mount Annan 2567 for driveways, slabs, paths and crossovers, using the verified Camden Council approval path. Request an on-site quote.",Request an on-site quote,postmeta:rank_math_description,meta,NONE — owner operating-model attestation; no quotation policy or contractor is authorised,UNSUPPORTED,replace with a non-contractual concreting-enquiry invitation,True,True,NEUTRALISED_WITH_ATTESTED_OR_NONCLAIM_WORDING,Concreting information only. Council requirements must be checked for the specific property and proposed work.,"owner attestation and remediation authority, 21 August 2026; unsupported verified-council meta claim removed",False,False
ADD-0260,additional_blind_spots,unsupported_verified_local_evidence,1375,concreters-mount-annan,suburb,draft,"Concreting in Mount Annan 2567 for driveways, slabs, paths and crossovers, using the verified Camden Council approval path. Request an on-site quote.",using the verified Camden,postmeta:rank_math_description,meta,NONE — no occurrence-level evidence citation supports the reader-visible verification claim,UNSUPPORTED,remove the claim; use only separately cited current official facts,True,True,NEUTRALISED_WITH_ATTESTED_OR_NONCLAIM_WORDING,Concreting information only. Council requirements must be checked for the specific property and proposed work.,"owner attestation and remediation authority, 21 August 2026; unsupported verified-council meta claim removed",False,False
ADD-0261,additional_blind_spots,quote_or_scope_promise,1373,concreters-narellan-vale,suburb,draft,Get Your FREE Quote Today,Get Your FREE Quote,_elementor_data:$[0].elements[2].settings.text,button,NONE — owner operating-model attestation; no quotation policy or contractor is authorised,UNSUPPORTED,replace with a non-contractual concreting-enquiry invitation,True,True,NEUTRALISED_WITH_ATTESTED_OR_NONCLAIM_WORDING,Submit a concreting enquiry,"owner attestation and remediation authority, 21 August 2026; unsupported free-quote CTA neutralised",False,False
ADD-0262,additional_blind_spots,quote_or_scope_promise,1373,concreters-narellan-vale,suburb,draft,Get Your FREE Quote Today,Get Your FREE Quote,_elementor_data:$[5].elements[0].settings.text,button,NONE — owner operating-model attestation; no quotation policy or contractor is authorised,UNSUPPORTED,replace with a non-contractual concreting-enquiry invitation,True,True,NEUTRALISED_WITH_ATTESTED_OR_NONCLAIM_WORDING,Submit a concreting enquiry,"owner attestation and remediation authority, 21 August 2026; unsupported free-quote CTA neutralised",False,False
ADD-0263,additional_blind_spots,quote_or_scope_promise,1372,concreters-narellan,suburb,draft,Get Your FREE Quote Today,Get Your FREE Quote,_elementor_data:$[0].elements[2].settings.text,button,NONE — owner operating-model attestation; no quotation policy or contractor is authorised,UNSUPPORTED,replace with a non-contractual concreting-enquiry invitation,True,True,NEUTRALISED_WITH_ATTESTED_OR_NONCLAIM_WORDING,Submit a concreting enquiry,"owner attestation and remediation authority, 21 August 2026; unsupported free-quote CTA neutralised",False,False
ADD-0264,additional_blind_spots,direct_service_or_scope_presentation,1372,concreters-narellan,suburb,draft,Our Services,Our Services,_elementor_data:$[1].elements[0].settings.title.value.content.value,e-heading,"NONE — owner operating-model attestation, 21 August 2026",UNSUPPORTED,replace with enquiry types and the authorised coordination disclosure,True,True,NEUTRALISED_WITH_ATTESTED_OR_NONCLAIM_WORDING,Concreting enquiry types,"owner attestation and remediation authority, 21 August 2026; direct service-ownership heading neutralised",False,False
ADD-0265,additional_blind_spots,direct_service_or_scope_presentation,1372,concreters-narellan,suburb,draft,Our Services,Our Services,_elementor_data:$[1].elements[0].settings.title.value.children[0].content,e-heading,"NONE — owner operating-model attestation, 21 August 2026",UNSUPPORTED,replace with enquiry types and the authorised coordination disclosure,True,True,NEUTRALISED_WITH_ATTESTED_OR_NONCLAIM_WORDING,Concreting enquiry types,"owner attestation and remediation authority, 21 August 2026; direct service-ownership heading neutralised",False,False
ADD-0266,additional_blind_spots,unsupported_verified_local_evidence,1372,concreters-narellan,suburb,draft,"Concrete work requested around Narellan, ordered around the verified local job mix.",verified local job mix,_elementor_data:$[1].elements[1].settings.editor,text-editor,NONE — no occurrence-level evidence citation supports the reader-visible verification claim,UNSUPPORTED,remove the claim; use only separately cited current official facts,True,True,NEUTRALISED_WITH_ATTESTED_OR_NONCLAIM_WORDING,Concreting enquiry information for Narellan.,"owner attestation and remediation authority, 21 August 2026; unsupported verified-local-job-mix framing removed",False,False
ADD-0267,additional_blind_spots,unsupported_verified_local_evidence,1372,concreters-narellan,suburb,draft,"The recorded housing profile for Narellan is 1980s–2000s established residential; ongoing commercial. Local reference points include Narellan Town Centre, Narellan Sports Hub and Smeaton Grange, with access commonly read from Narellan Road, Camden Valley Way and Hartley Road. The verified local distinction is specific: Narellan is the LGA's commercial spine. Smeaton Grange sits directly north and Narellan Town Centre anchors the retail strip, which means the highest-value jobs here aren't driveways — they're carpark slabs, loading aprons and warehouse floors that have to be poured overnight or in staged sections so the tenancy keeps trading. Existing housing makes driveway replacement in Narellan a service that must be assessed separately from a first pour.",verified local distinction,_elementor_data:$[4].elements[0].elements[1].settings.editor,text-editor,NONE — no occurrence-level evidence citation supports the reader-visible verification claim,UNSUPPORTED,remove the claim; use only separately cited current official facts,True,True,REMOVED_WITHOUT_REPLACEMENT,,"owner attestation and remediation authority, 21 August 2026; unsupported verified-local-distinction field removed",False,False
ADD-0268,additional_blind_spots,unsupported_verified_local_evidence,1372,concreters-narellan,suburb,draft,"The researched ground note for Narellan records: Established shale clay. Older residential driveways from the 1980s–90s are at end of life. Commercial subgrades need CBR verification, especially where existing pavement is being broken out. That evidence is checked against the proposed slab location in Narellan; assumptions from another estate are not substituted for a site inspection. Narellan separates its commercial concreting evidence from the general Narellan brief; Commercial Concreting in Narellan carries that service decision.",The researched ground note,_elementor_data:$[5].elements[0].elements[1].settings.editor,text-editor,NONE — no occurrence-level evidence citation supports the reader-visible verification claim,UNSUPPORTED,remove the claim; use only separately cited current official facts,True,True,REMOVED_WITHOUT_REPLACEMENT,,"owner attestation and remediation authority, 21 August 2026; unsupported researched-ground-note construction removed",False,False
ADD-0269,additional_blind_spots,unsupported_verified_local_evidence,1372,concreters-narellan,suburb,draft,"The verified approval path for Narellan is: Camden Council Standard Driveway Crossing Application for residential. Commercial and industrial crossings use the Non-Standard Driveway Application. The recorded council specification is reproduced without alteration: 32 MPa, 125mm, SL72 fabric, 4.0-5.5m urban width, 1200mm footpath allocation (900mm offset; 800mm in Oran Park), 4% footpath crossfall, 1:6 max batter. Before crossover work in Narellan starts, the governing lot and application path are checked. The related vehicle-crossing requirements guide records the council-level process. Narellan uses the concrete repair vs replace reference for Narellan when the Narellan evidence reaches that topic; the lot record still controls the decision.",verified approval path,_elementor_data:$[8].elements[0].elements[1].elements[0].elements[1].settings.editor,text-editor,NONE — no occurrence-level evidence citation supports the reader-visible verification claim,UNSUPPORTED,remove the claim; use only separately cited current official facts,True,True,REMOVED_WITHOUT_REPLACEMENT,,"owner attestation and remediation authority, 21 August 2026; unsupported verified-approval field removed",False,False
ADD-0270,additional_blind_spots,customer_social_proof_heading,1372,concreters-narellan,suburb,draft,Why Narellan customers choose us,Why Narellan customers choose us,_elementor_data:$[10].elements[0].settings.title,heading,NONE — reviews and completed_projects are unverified,UNSUPPORTED,replace with a factual enquiry-coordination heading,True,True,NEUTRALISED_WITH_ATTESTED_OR_NONCLAIM_WORDING,How enquiry coordination works,"owner attestation and remediation authority, 21 August 2026; unsupported customer social-proof heading neutralised",False,False
ADD-0271,additional_blind_spots,unsupported_verified_local_evidence,1372,concreters-narellan,suburb,draft,"From Narellan, the verified neighbouring service links are Harrington Park , Mount Annan , Currans Hill and Gregory Hills .",verified neighbouring service links,_elementor_data:$[11].elements[1].elements[1].settings.editor,text-editor,NONE — no occurrence-level evidence citation supports the reader-visible verification claim,UNSUPPORTED,remove the claim; use only separately cited current official facts,True,True,REMOVED_WITHOUT_REPLACEMENT,,"owner attestation and remediation authority, 21 August 2026; unsupported verified-service-area field removed",False,False
ADD-0272,additional_blind_spots,quote_or_scope_promise,1372,concreters-narellan,suburb,draft,Get Your FREE Quote Today,Get Your FREE Quote,_elementor_data:$[13].elements[0].settings.text,button,NONE — owner operating-model attestation; no quotation policy or contractor is authorised,UNSUPPORTED,replace with a non-contractual concreting-enquiry invitation,True,True,NEUTRALISED_WITH_ATTESTED_OR_NONCLAIM_WORDING,Submit a concreting enquiry,"owner attestation and remediation authority, 21 August 2026; unsupported free-quote CTA neutralised",False,False
ADD-0273,additional_blind_spots,quote_or_scope_promise,1372,concreters-narellan,suburb,draft,"Concreting in Narellan 2567 for driveways, slabs, paths and crossovers, using the verified Camden Council approval path. Request an on-site quote.",Request an on-site quote,postmeta:rank_math_description,meta,NONE — owner operating-model attestation; no quotation policy or contractor is authorised,UNSUPPORTED,replace with a non-contractual concreting-enquiry invitation,True,True,NEUTRALISED_WITH_ATTESTED_OR_NONCLAIM_WORDING,Concreting information only. Council requirements must be checked for the specific property and proposed work.,"owner attestation and remediation authority, 21 August 2026; unsupported verified-council meta claim removed",False,False
ADD-0274,additional_blind_spots,unsupported_verified_local_evidence,1372,concreters-narellan,suburb,draft,"Concreting in Narellan 2567 for driveways, slabs, paths and crossovers, using the verified Camden Council approval path. Request an on-site quote.",using the verified Camden,postmeta:rank_math_description,meta,NONE — no occurrence-level evidence citation supports the reader-visible verification claim,UNSUPPORTED,remove the claim; use only separately cited current official facts,True,True,NEUTRALISED_WITH_ATTESTED_OR_NONCLAIM_WORDING,Concreting information only. Council requirements must be checked for the specific property and proposed work.,"owner attestation and remediation authority, 21 August 2026; unsupported verified-council meta claim removed",False,False
ADD-0275,additional_blind_spots,quote_or_scope_promise,1418,concreters-picton,suburb,draft,Get Your FREE Quote Today,Get Your FREE Quote,_elementor_data:$[0].elements[2].settings.text,button,NONE — owner operating-model attestation; no quotation policy or contractor is authorised,UNSUPPORTED,replace with a non-contractual concreting-enquiry invitation,True,True,NEUTRALISED_WITH_ATTESTED_OR_NONCLAIM_WORDING,Submit a concreting enquiry,"owner attestation and remediation authority, 21 August 2026; unsupported free-quote CTA neutralised",False,False
ADD-0276,additional_blind_spots,quote_or_scope_promise,1418,concreters-picton,suburb,draft,Get Your FREE Quote Today,Get Your FREE Quote,_elementor_data:$[5].elements[0].settings.text,button,NONE — owner operating-model attestation; no quotation policy or contractor is authorised,UNSUPPORTED,replace with a non-contractual concreting-enquiry invitation,True,True,NEUTRALISED_WITH_ATTESTED_OR_NONCLAIM_WORDING,Submit a concreting enquiry,"owner attestation and remediation authority, 21 August 2026; unsupported free-quote CTA neutralised",False,False
ADD-0277,additional_blind_spots,quote_or_scope_promise,1398,concreters-prestons,suburb,draft,Get Your FREE Quote Today,Get Your FREE Quote,_elementor_data:$[0].elements[2].settings.text,button,NONE — owner operating-model attestation; no quotation policy or contractor is authorised,UNSUPPORTED,replace with a non-contractual concreting-enquiry invitation,True,True,NEUTRALISED_WITH_ATTESTED_OR_NONCLAIM_WORDING,Submit a concreting enquiry,"owner attestation and remediation authority, 21 August 2026; unsupported free-quote CTA neutralised",False,False
ADD-0278,additional_blind_spots,quote_or_scope_promise,1398,concreters-prestons,suburb,draft,Get Your FREE Quote Today,Get Your FREE Quote,_elementor_data:$[5].elements[0].settings.text,button,NONE — owner operating-model attestation; no quotation policy or contractor is authorised,UNSUPPORTED,replace with a non-contractual concreting-enquiry invitation,True,True,NEUTRALISED_WITH_ATTESTED_OR_NONCLAIM_WORDING,Submit a concreting enquiry,"owner attestation and remediation authority, 21 August 2026; unsupported free-quote CTA neutralised",False,False
ADD-0279,additional_blind_spots,quote_or_scope_promise,1411,concreters-raby,suburb,draft,Get Your FREE Quote Today,Get Your FREE Quote,_elementor_data:$[0].elements[2].settings.text,button,NONE — owner operating-model attestation; no quotation policy or contractor is authorised,UNSUPPORTED,replace with a non-contractual concreting-enquiry invitation,True,True,NEUTRALISED_WITH_ATTESTED_OR_NONCLAIM_WORDING,Submit a concreting enquiry,"owner attestation and remediation authority, 21 August 2026; unsupported free-quote CTA neutralised",False,False
ADD-0280,additional_blind_spots,quote_or_scope_promise,1411,concreters-raby,suburb,draft,Get Your FREE Quote Today,Get Your FREE Quote,_elementor_data:$[5].elements[0].settings.text,button,NONE — owner operating-model attestation; no quotation policy or contractor is authorised,UNSUPPORTED,replace with a non-contractual concreting-enquiry invitation,True,True,NEUTRALISED_WITH_ATTESTED_OR_NONCLAIM_WORDING,Submit a concreting enquiry,"owner attestation and remediation authority, 21 August 2026; unsupported free-quote CTA neutralised",False,False
ADD-0281,additional_blind_spots,quote_or_scope_promise,1389,concreters-rossmore,suburb,draft,Get Your FREE Quote Today,Get Your FREE Quote,_elementor_data:$[0].elements[2].settings.text,button,NONE — owner operating-model attestation; no quotation policy or contractor is authorised,UNSUPPORTED,replace with a non-contractual concreting-enquiry invitation,True,True,NEUTRALISED_WITH_ATTESTED_OR_NONCLAIM_WORDING,Submit a concreting enquiry,"owner attestation and remediation authority, 21 August 2026; unsupported free-quote CTA neutralised",False,False
ADD-0282,additional_blind_spots,quote_or_scope_promise,1389,concreters-rossmore,suburb,draft,Get Your FREE Quote Today,Get Your FREE Quote,_elementor_data:$[5].elements[0].settings.text,button,NONE — owner operating-model attestation; no quotation policy or contractor is authorised,UNSUPPORTED,replace with a non-contractual concreting-enquiry invitation,True,True,NEUTRALISED_WITH_ATTESTED_OR_NONCLAIM_WORDING,Submit a concreting enquiry,"owner attestation and remediation authority, 21 August 2026; unsupported free-quote CTA neutralised",False,False
ADD-0283,additional_blind_spots,quote_or_scope_promise,1374,concreters-smeaton-grange,suburb,draft,Get Your FREE Quote Today,Get Your FREE Quote,_elementor_data:$[0].elements[2].settings.text,button,NONE — owner operating-model attestation; no quotation policy or contractor is authorised,UNSUPPORTED,replace with a non-contractual concreting-enquiry invitation,True,True,NEUTRALISED_WITH_ATTESTED_OR_NONCLAIM_WORDING,Submit a concreting enquiry,"owner attestation and remediation authority, 21 August 2026; unsupported free-quote CTA neutralised",False,False
ADD-0284,additional_blind_spots,quote_or_scope_promise,1374,concreters-smeaton-grange,suburb,draft,Get Your FREE Quote Today,Get Your FREE Quote,_elementor_data:$[5].elements[0].settings.text,button,NONE — owner operating-model attestation; no quotation policy or contractor is authorised,UNSUPPORTED,replace with a non-contractual concreting-enquiry invitation,True,True,NEUTRALISED_WITH_ATTESTED_OR_NONCLAIM_WORDING,Submit a concreting enquiry,"owner attestation and remediation authority, 21 August 2026; unsupported free-quote CTA neutralised",False,False
ADD-0285,additional_blind_spots,quote_or_scope_promise,1377,concreters-spring-farm,suburb,draft,Get Your FREE Quote Today,Get Your FREE Quote,_elementor_data:$[0].elements[2].settings.text,button,NONE — owner operating-model attestation; no quotation policy or contractor is authorised,UNSUPPORTED,replace with a non-contractual concreting-enquiry invitation,True,True,NEUTRALISED_WITH_ATTESTED_OR_NONCLAIM_WORDING,Submit a concreting enquiry,"owner attestation and remediation authority, 21 August 2026; unsupported free-quote CTA neutralised",False,False
ADD-0286,additional_blind_spots,direct_service_or_scope_presentation,1377,concreters-spring-farm,suburb,draft,Our Services,Our Services,_elementor_data:$[1].elements[0].settings.title.value.content.value,e-heading,"NONE — owner operating-model attestation, 21 August 2026",UNSUPPORTED,replace with enquiry types and the authorised coordination disclosure,True,True,NEUTRALISED_WITH_ATTESTED_OR_NONCLAIM_WORDING,Concreting enquiry types,"owner attestation and remediation authority, 21 August 2026; direct service-ownership heading neutralised",False,False
ADD-0287,additional_blind_spots,direct_service_or_scope_presentation,1377,concreters-spring-farm,suburb,draft,Our Services,Our Services,_elementor_data:$[1].elements[0].settings.title.value.children[0].content,e-heading,"NONE — owner operating-model attestation, 21 August 2026",UNSUPPORTED,replace with enquiry types and the authorised coordination disclosure,True,True,NEUTRALISED_WITH_ATTESTED_OR_NONCLAIM_WORDING,Concreting enquiry types,"owner attestation and remediation authority, 21 August 2026; direct service-ownership heading neutralised",False,False
ADD-0288,additional_blind_spots,unsupported_verified_local_evidence,1377,concreters-spring-farm,suburb,draft,"Concrete work requested around Spring Farm, ordered around the verified local job mix.",verified local job mix,_elementor_data:$[1].elements[1].settings.editor,text-editor,NONE — no occurrence-level evidence citation supports the reader-visible verification claim,UNSUPPORTED,remove the claim; use only separately cited current official facts,True,True,NEUTRALISED_WITH_ATTESTED_OR_NONCLAIM_WORDING,Concreting enquiry information for Spring Farm.,"owner attestation and remediation authority, 21 August 2026; unsupported verified-local-job-mix framing removed",False,False
ADD-0289,additional_blind_spots,unsupported_verified_local_evidence,1377,concreters-spring-farm,suburb,draft,"The recorded housing profile for Spring Farm is 2016–2021 affordable release plus 2000s stock. Local reference points include Spring Farm Public School, Nepean River corridor and Mount Annan Botanic Garden (adjacent), with access commonly read from Spring Farm Parkway, Richardson Road and Elizabeth Macarthur Avenue. The verified local distinction is specific: Spring Farm sits on genuinely sloping ground, and that is what makes it different from the flat growth-corridor releases. Camden requires an average driveway grade of 1:6 with controlled vertical curves — on a steep Spring Farm block you either engineer the grade properly or you lodge a Non-Standard Driveway Application. Blocks here regularly need stepped pours, integrated retaining and a scratch or broom finish for traction rather than a smooth decorative one.",verified local distinction,_elementor_data:$[4].elements[0].elements[1].settings.editor,text-editor,NONE — no occurrence-level evidence citation supports the reader-visible verification claim,UNSUPPORTED,remove the claim; use only separately cited current official facts,True,True,REMOVED_WITHOUT_REPLACEMENT,,"owner attestation and remediation authority, 21 August 2026; unsupported verified-local-distinction field removed",False,False
ADD-0290,additional_blind_spots,unsupported_verified_local_evidence,1377,concreters-spring-farm,suburb,draft,"The researched ground note for Spring Farm records: Shale clay on graded fill benches. Retaining and drainage behind the driveway matter more here than anywhere else in the LGA — water tracking behind a slab on a slope is the failure mode. That evidence is checked against the proposed slab location in Spring Farm; assumptions from another estate are not substituted for a site inspection. For post-handover work, shed and garage slabs in Spring Farm need the support beneath the rear-yard location checked before the reinforcement schedule is confirmed. Spring Farm separates its concrete driveways evidence from the general Spring Farm brief; Concrete Driveways in Spring Farm carries that service decision.",The researched ground note,_elementor_data:$[5].elements[0].elements[1].settings.editor,text-editor,NONE — no occurrence-level evidence citation supports the reader-visible verification claim,UNSUPPORTED,remove the claim; use only separately cited current official facts,True,True,REMOVED_WITHOUT_REPLACEMENT,,"owner attestation and remediation authority, 21 August 2026; unsupported researched-ground-note construction removed",False,False
ADD-0291,additional_blind_spots,unsupported_verified_local_evidence,1377,concreters-spring-farm,suburb,draft,"The verified approval path for Spring Farm is: Camden Standard Driveway Crossing Application where the grade complies; Non-Standard Driveway Application where it cannot, with an explanation of why the standard spec can't be met. The recorded council specification is reproduced without alteration: 32 MPa, 125mm, SL72 fabric, 4.0-5.5m urban width, 1200mm footpath allocation (900mm offset; 800mm in Oran Park), 4% footpath crossfall, 1:6 max batter. Before crossover work in Spring Farm starts, the governing lot and application path are checked. The related vehicle-crossing requirements guide records the council-level process. Spring Farm uses the why concrete cracks reference for Spring Farm when the Spring Farm evidence reaches that topic; the lot record still controls the decision.",verified approval path,_elementor_data:$[8].elements[0].elements[1].elements[0].elements[1].settings.editor,text-editor,NONE — no occurrence-level evidence citation supports the reader-visible verification claim,UNSUPPORTED,remove the claim; use only separately cited current official facts,True,True,REMOVED_WITHOUT_REPLACEMENT,,"owner attestation and remediation authority, 21 August 2026; unsupported verified-approval field removed",False,False
ADD-0292,additional_blind_spots,customer_social_proof_heading,1377,concreters-spring-farm,suburb,draft,Why Spring Farm customers choose us,Why Spring Farm customers choose us,_elementor_data:$[10].elements[0].settings.title,heading,NONE — reviews and completed_projects are unverified,UNSUPPORTED,replace with a factual enquiry-coordination heading,True,True,NEUTRALISED_WITH_ATTESTED_OR_NONCLAIM_WORDING,How enquiry coordination works,"owner attestation and remediation authority, 21 August 2026; unsupported customer social-proof heading neutralised",False,False
ADD-0293,additional_blind_spots,unsupported_verified_local_evidence,1377,concreters-spring-farm,suburb,draft,"From Spring Farm, the verified neighbouring service links are Elderslie , Mount Annan and Currans Hill .",verified neighbouring service links,_elementor_data:$[11].elements[1].elements[1].settings.editor,text-editor,NONE — no occurrence-level evidence citation supports the reader-visible verification claim,UNSUPPORTED,remove the claim; use only separately cited current official facts,True,True,REMOVED_WITHOUT_REPLACEMENT,,"owner attestation and remediation authority, 21 August 2026; unsupported verified-service-area field removed",False,False
ADD-0294,additional_blind_spots,quote_or_scope_promise,1377,concreters-spring-farm,suburb,draft,Get Your FREE Quote Today,Get Your FREE Quote,_elementor_data:$[13].elements[0].settings.text,button,NONE — owner operating-model attestation; no quotation policy or contractor is authorised,UNSUPPORTED,replace with a non-contractual concreting-enquiry invitation,True,True,NEUTRALISED_WITH_ATTESTED_OR_NONCLAIM_WORDING,Submit a concreting enquiry,"owner attestation and remediation authority, 21 August 2026; unsupported free-quote CTA neutralised",False,False
ADD-0295,additional_blind_spots,quote_or_scope_promise,1377,concreters-spring-farm,suburb,draft,"Concreting in Spring Farm 2570 for driveways, slabs, paths and crossovers, using the verified Camden Council approval path. Request an on-site quote.",Request an on-site quote,postmeta:rank_math_description,meta,NONE — owner operating-model attestation; no quotation policy or contractor is authorised,UNSUPPORTED,replace with a non-contractual concreting-enquiry invitation,True,True,NEUTRALISED_WITH_ATTESTED_OR_NONCLAIM_WORDING,Concreting information only. Council requirements must be checked for the specific property and proposed work.,"owner attestation and remediation authority, 21 August 2026; unsupported verified-council meta claim removed",False,False
ADD-0296,additional_blind_spots,unsupported_verified_local_evidence,1377,concreters-spring-farm,suburb,draft,"Concreting in Spring Farm 2570 for driveways, slabs, paths and crossovers, using the verified Camden Council approval path. Request an on-site quote.",using the verified Camden,postmeta:rank_math_description,meta,NONE — no occurrence-level evidence citation supports the reader-visible verification claim,UNSUPPORTED,remove the claim; use only separately cited current official facts,True,True,NEUTRALISED_WITH_ATTESTED_OR_NONCLAIM_WORDING,Concreting information only. Council requirements must be checked for the specific property and proposed work.,"owner attestation and remediation authority, 21 August 2026; unsupported verified-council meta claim removed",False,False
ADD-0297,additional_blind_spots,quote_or_scope_promise,1419,concreters-tahmoor,suburb,draft,Get Your FREE Quote Today,Get Your FREE Quote,_elementor_data:$[0].elements[2].settings.text,button,NONE — owner operating-model attestation; no quotation policy or contractor is authorised,UNSUPPORTED,replace with a non-contractual concreting-enquiry invitation,True,True,NEUTRALISED_WITH_ATTESTED_OR_NONCLAIM_WORDING,Submit a concreting enquiry,"owner attestation and remediation authority, 21 August 2026; unsupported free-quote CTA neutralised",False,False
ADD-0298,additional_blind_spots,quote_or_scope_promise,1419,concreters-tahmoor,suburb,draft,Get Your FREE Quote Today,Get Your FREE Quote,_elementor_data:$[5].elements[0].settings.text,button,NONE — owner operating-model attestation; no quotation policy or contractor is authorised,UNSUPPORTED,replace with a non-contractual concreting-enquiry invitation,True,True,NEUTRALISED_WITH_ATTESTED_OR_NONCLAIM_WORDING,Submit a concreting enquiry,"owner attestation and remediation authority, 21 August 2026; unsupported free-quote CTA neutralised",False,False
ADD-0299,additional_blind_spots,quote_or_scope_promise,1423,concreters-the-oaks,suburb,draft,Get Your FREE Quote Today,Get Your FREE Quote,_elementor_data:$[0].elements[2].settings.text,button,NONE — owner operating-model attestation; no quotation policy or contractor is authorised,UNSUPPORTED,replace with a non-contractual concreting-enquiry invitation,True,True,NEUTRALISED_WITH_ATTESTED_OR_NONCLAIM_WORDING,Submit a concreting enquiry,"owner attestation and remediation authority, 21 August 2026; unsupported free-quote CTA neutralised",False,False
ADD-0300,additional_blind_spots,quote_or_scope_promise,1423,concreters-the-oaks,suburb,draft,Get Your FREE Quote Today,Get Your FREE Quote,_elementor_data:$[5].elements[0].settings.text,button,NONE — owner operating-model attestation; no quotation policy or contractor is authorised,UNSUPPORTED,replace with a non-contractual concreting-enquiry invitation,True,True,NEUTRALISED_WITH_ATTESTED_OR_NONCLAIM_WORDING,Submit a concreting enquiry,"owner attestation and remediation authority, 21 August 2026; unsupported free-quote CTA neutralised",False,False
ADD-0301,additional_blind_spots,quote_or_scope_promise,1384,concreters-theresa-park,suburb,draft,Get Your FREE Quote Today,Get Your FREE Quote,_elementor_data:$[0].elements[2].settings.text,button,NONE — owner operating-model attestation; no quotation policy or contractor is authorised,UNSUPPORTED,replace with a non-contractual concreting-enquiry invitation,True,True,NEUTRALISED_WITH_ATTESTED_OR_NONCLAIM_WORDING,Submit a concreting enquiry,"owner attestation and remediation authority, 21 August 2026; unsupported free-quote CTA neutralised",False,False
ADD-0302,additional_blind_spots,quote_or_scope_promise,1384,concreters-theresa-park,suburb,draft,Get Your FREE Quote Today,Get Your FREE Quote,_elementor_data:$[5].elements[0].settings.text,button,NONE — owner operating-model attestation; no quotation policy or contractor is authorised,UNSUPPORTED,replace with a non-contractual concreting-enquiry invitation,True,True,NEUTRALISED_WITH_ATTESTED_OR_NONCLAIM_WORDING,Submit a concreting enquiry,"owner attestation and remediation authority, 21 August 2026; unsupported free-quote CTA neutralised",False,False
ADD-0303,additional_blind_spots,quote_or_scope_promise,1402,concreters-wattle-grove,suburb,draft,Get Your FREE Quote Today,Get Your FREE Quote,_elementor_data:$[0].elements[2].settings.text,button,NONE — owner operating-model attestation; no quotation policy or contractor is authorised,UNSUPPORTED,replace with a non-contractual concreting-enquiry invitation,True,True,NEUTRALISED_WITH_ATTESTED_OR_NONCLAIM_WORDING,Submit a concreting enquiry,"owner attestation and remediation authority, 21 August 2026; unsupported free-quote CTA neutralised",False,False
ADD-0304,additional_blind_spots,quote_or_scope_promise,1402,concreters-wattle-grove,suburb,draft,Get Your FREE Quote Today,Get Your FREE Quote,_elementor_data:$[5].elements[0].settings.text,button,NONE — owner operating-model attestation; no quotation policy or contractor is authorised,UNSUPPORTED,replace with a non-contractual concreting-enquiry invitation,True,True,NEUTRALISED_WITH_ATTESTED_OR_NONCLAIM_WORDING,Submit a concreting enquiry,"owner attestation and remediation authority, 21 August 2026; unsupported free-quote CTA neutralised",False,False
ADD-0305,additional_blind_spots,quote_or_scope_promise,1391,concreters-west-hoxton,suburb,draft,Get Your FREE Quote Today,Get Your FREE Quote,_elementor_data:$[0].elements[2].settings.text,button,NONE — owner operating-model attestation; no quotation policy or contractor is authorised,UNSUPPORTED,replace with a non-contractual concreting-enquiry invitation,True,True,NEUTRALISED_WITH_ATTESTED_OR_NONCLAIM_WORDING,Submit a concreting enquiry,"owner attestation and remediation authority, 21 August 2026; unsupported free-quote CTA neutralised",False,False
ADD-0306,additional_blind_spots,quote_or_scope_promise,1391,concreters-west-hoxton,suburb,draft,Get Your FREE Quote Today,Get Your FREE Quote,_elementor_data:$[5].elements[0].settings.text,button,NONE — owner operating-model attestation; no quotation policy or contractor is authorised,UNSUPPORTED,replace with a non-contractual concreting-enquiry invitation,True,True,NEUTRALISED_WITH_ATTESTED_OR_NONCLAIM_WORDING,Submit a concreting enquiry,"owner attestation and remediation authority, 21 August 2026; unsupported free-quote CTA neutralised",False,False
ADD-0307,additional_blind_spots,quote_or_scope_promise,1417,concreters-wilton,suburb,draft,Get Your FREE Quote Today,Get Your FREE Quote,_elementor_data:$[0].elements[2].settings.text,button,NONE — owner operating-model attestation; no quotation policy or contractor is authorised,UNSUPPORTED,replace with a non-contractual concreting-enquiry invitation,True,True,NEUTRALISED_WITH_ATTESTED_OR_NONCLAIM_WORDING,Submit a concreting enquiry,"owner attestation and remediation authority, 21 August 2026; unsupported free-quote CTA neutralised",False,False
ADD-0308,additional_blind_spots,quote_or_scope_promise,1417,concreters-wilton,suburb,draft,Get Your FREE Quote Today,Get Your FREE Quote,_elementor_data:$[5].elements[0].settings.text,button,NONE — owner operating-model attestation; no quotation policy or contractor is authorised,UNSUPPORTED,replace with a non-contractual concreting-enquiry invitation,True,True,NEUTRALISED_WITH_ATTESTED_OR_NONCLAIM_WORDING,Submit a concreting enquiry,"owner attestation and remediation authority, 21 August 2026; unsupported free-quote CTA neutralised",False,False
ADD-0309,additional_blind_spots,quote_or_scope_promise,1600,privacy-policy,utility,draft,"What this policy covers This policy explains what personal information [[PLACEHOLDER: verified legal entity name]] collects through this website, why it is collected, how it is stored and who to contact about it. It applies to the enquiry form on the About and Gallery pages and to any email or phone contact made through this site. Who is accountable The entity accountable for personal information collected through this site is [[PLACEHOLDER: verified legal entity name]], ABN [[PLACEHOLDER: verified ABN]], trading as [[PLACEHOLDER: verified trading name]]. What is collected The enquiry form collects your name, phone number, suburb, the service you are asking about and, optionally, your email address, an approximate job size and a free-text message. Nothing else is collected through the form. The site does not collect payment details. Why it is collected To respond to your enquiry, to quote on the work you have asked about, and to contact you about that enquiry. It is not used for anything else, and it is not sold, rented or disclosed to third parties for marketing. Where it goes Form submissions are delivered by email to [[PLACEHOLDER: verified recipient address]] and are stored in the website database. Delivery is by authenticated SMTP through [[PLACEHOLDER: verified sending domain]]. How long it is kept Enquiry records are kept for [[PLACEHOLDER: owner-decided retention period]] and then deleted. If your enquiry becomes a quoted or completed job, the record is kept for as long as required for tax and warranty purposes. Consent The enquiry form asks you to tick a box confirming you agree to be contacted about your enquiry and to your details being stored for that purpose. The box is not ticked for you. You can withdraw consent at any time using the contact details below. Access, correction and complaints You can ask what personal information is held about you, ask for it to be corrected, or ask for it to be deleted. Contact [[PLACEHOLDER: verified contact address for privacy requests]] or call [[PLACEHOLDER: verified phone number]]. We will respond within a reasonable period. If you are not satisfied with how a request was handled, you can complain to the Office of the Australian Information Commissioner at oaic.gov.au. Cookies and analytics [[VERIFY: confirm which analytics or tracking scripts are installed before publication. If any are present this section must describe them; if none are present it must say so.]] Changes to this policy If this policy changes, the revised version is published on this page with a new effective date. Effective date: [[PLACEHOLDER: date of publication]]",to quote on the work,post_content,wordpress,NONE — owner operating-model attestation; no quotation policy or contractor is authorised,UNSUPPORTED,replace with a non-contractual concreting-enquiry invitation,True,True,NEUTRALISED_WITH_ATTESTED_OR_NONCLAIM_WORDING,"<h1>Privacy Policy</h1>
<h2>What this policy covers</h2>
<p>This policy explains how personal information submitted through this website is handled. The public site-operator label is Structure Co Concreters Camden. The accountable legal entity remains [[PLACEHOLDER: accountable legal entity for privacy obligations]] and this policy must not be published until that entity is identified.</p>
<h2>Operating model</h2>
<p>Structure Co Concreters Camden manages concreting enquiries and coordinates suitable independent providers. Job-specific quotations, contractual terms, licensing, insurance and warranty information must be confirmed before work begins. Submitting an enquiry does not create a construction contract.</p>
<h2>What is collected</h2>
<p>The planned enquiry form may collect a name, phone number, suburb, requested service, optional email address, approximate job size and a free-text message. It must not collect payment details.</p>
<h2>Why it is collected and disclosed</h2>
<p>Information is used to respond to the enquiry and, with the submitter's consent, may be shared with a suitable independent provider so that the provider can assess the enquiry. It is not sold, rented or disclosed for third-party marketing.</p>
<h2>Delivery, storage and retention</h2>
<p>Form submissions are to be delivered to info@concreterscamden.com.au. [[VERIFY: form delivery, authenticated sending domain, database storage and access controls before publication.]] Enquiry records are retained for [[PLACEHOLDER: owner-decided retention period]] and then deleted unless a lawful obligation requires otherwise.</p>
<h2>Consent and contracts</h2>
<p>The form must require consent to contact the submitter, store the supplied information and share it with a suitable independent provider for the enquiry. Consent is not pre-ticked and may be withdrawn. Submitting an enquiry does not create a construction contract.</p>
<h2>Access, correction and complaints</h2>
<p>Requests to access, correct or delete personal information may be sent to info@concreterscamden.com.au or made by telephone on (03) 4328 3392. Postal correspondence may be sent to 15 Murray Street, Camden NSW 2570. This is an administrative correspondence office and is not open to customers or visitors. We will respond within a reasonable period. Complaints may also be made to the Office of the Australian Information Commissioner at <a href=""https://www.oaic.gov.au/"">oaic.gov.au</a>.</p>
<h2>Cookies and analytics</h2>
<p>[[VERIFY: confirm which analytics or tracking scripts are installed before publication and describe them here, or state that none are present.]]</p>
<h2>Changes</h2>
<p>If this policy changes, the revised version will be published on this page. Effective date: [[PLACEHOLDER: publication date]].</p>","owner attestation and remediation authority, 21 August 2026; privacy policy rebuilt from attested facts; genuine blockers retained",False,False
