requirement_id,wave,page_slug,page_type,elementor_widget_id,section,slot_classification,required_or_optional,asset_source,subject,orientation,aspect_ratio,min_dimensions,preferred_format,safe_filename,alt_text_rule,geographic_claim_allowed,evidence_required,reuse_allowed,current_attachment_id,current_filename,required_action,owner_input,blocks_launch,notes
IMG-0001,conditional-minimum; Wave 1,homepage,home,306c538,6d2e538a — Concreters Camden,EXISTING-APPROVED,optional,existing re-encoded media,Exposed aggregate driveway leading to a home; visible purpose: Concreters Camden,landscape,1419:1064,1419x1064,JPEG,exposed-aggregate-residential-driveway-609.jpg,Exposed aggregate driveway leading to a home,no,D24/D20: reverse Adelaide to South West Sydney naming substitution,yes — decorative/non-evidential only,609,exposed-aggregate-residential-driveway-609.jpg,retain current generic placement,none,no,page_id=12; widget_type=e-image; setting=image; decorative; permission=pipeline-permitted in derivative; source_geographic_claim=none in permitted derivative; project_claim=no; can be removed without loss of page meaning; derivative_slot=present
IMG-0002,conditional-minimum; Wave 1,homepage,home,e8c038a,5f1f878 — Concrete Driveways / Exposed Aggregate / Concrete Slabs,EXISTING-APPROVED,optional,existing re-encoded media,Concrete project detail; visible purpose: Concrete Driveways,landscape,1411:1098,1411x1098,JPEG,concrete-project-detail-17.jpg,Concrete project detail,no,D24/D20 naming-convention reversal,yes — decorative/non-evidential only,17,concrete-project-detail-17.jpg,retain current generic placement,none,no,page_id=12; widget_type=image-box; setting=image; decorative; permission=pipeline-permitted in derivative; source_geographic_claim=none in permitted derivative; project_claim=no; can be removed without loss of page meaning; derivative_slot=present
IMG-0003,conditional-minimum; Wave 1,homepage,home,8839302,5f1f878 — Concrete Driveways / Exposed Aggregate / Concrete Slabs,EXISTING-APPROVED,optional,existing re-encoded media,Concrete project detail; visible purpose: Exposed Aggregate,landscape,1411:941,1411x941,JPEG,concrete-project-detail-18.jpg,Concrete project detail,no,D24/D20 naming-convention reversal,yes — decorative/non-evidential only,18,concrete-project-detail-18.jpg,retain current generic placement,none,no,page_id=12; widget_type=image-box; setting=image; decorative; permission=pipeline-permitted in derivative; source_geographic_claim=none in permitted derivative; project_claim=no; can be removed without loss of page meaning; derivative_slot=present
IMG-0004,conditional-minimum; Wave 1,homepage,home,ea0736d,5f1f878 — Concrete Driveways / Exposed Aggregate / Concrete Slabs,EXISTING-APPROVED,optional,existing re-encoded media,Concrete project detail; visible purpose: Concrete Slabs,landscape,1411:941,1411x941,JPEG,concrete-project-detail-19.jpg,Concrete project detail,no,D24/D20 naming-convention reversal,yes — decorative/non-evidential only,19,concrete-project-detail-19.jpg,retain current generic placement,none,no,page_id=12; widget_type=image-box; setting=image; decorative; permission=pipeline-permitted in derivative; source_geographic_claim=none in permitted derivative; project_claim=no; can be removed without loss of page meaning; derivative_slot=present
IMG-0005,conditional-minimum; Wave 1,homepage,home,0c5d989,6b2cdf8 — Paths & Pathways / Patios & Alfresco / Coloured & Decorative,EXISTING-APPROVED,optional,existing re-encoded media,Exposed aggregate paths leading to a home's front entry; visible purpose: Paths & Pathways,landscape,82:61,820x610,WebP,exposed-aggregate-front-paths-46.webp,Exposed aggregate paths leading to a home's front entry,no,owner-recorded Band B verdict; build/45-media-remediation.csv,yes — decorative/non-evidential only,46,exposed-aggregate-front-paths-46.webp,retain current generic placement,none,no,page_id=12; widget_type=image-box; setting=image; decorative; permission=pipeline-permitted in derivative; source_geographic_claim=none in permitted derivative; project_claim=no; can be removed without loss of page meaning; derivative_slot=present
IMG-0006,conditional-minimum; Wave 1,homepage,home,b751729,6b2cdf8 — Paths & Pathways / Patios & Alfresco / Coloured & Decorative,EXISTING-APPROVED,optional,existing re-encoded media,Freshly poured concrete slab beside a two-storey home; visible purpose: Patios & Alfresco,landscape,1103:812,1103x812,WebP,fresh-concrete-backyard-slab-47.webp,Freshly poured concrete slab beside a two-storey home,no,owner-recorded Band B verdict; build/45-media-remediation.csv,yes — decorative/non-evidential only,47,fresh-concrete-backyard-slab-47.webp,retain current generic placement,none,no,page_id=12; widget_type=image-box; setting=image; decorative; permission=pipeline-permitted in derivative; source_geographic_claim=none in permitted derivative; project_claim=no; can be removed without loss of page meaning; derivative_slot=present
IMG-0007,conditional-minimum; Wave 1,homepage,home,da41d16,6b2cdf8 — Paths & Pathways / Patios & Alfresco / Coloured & Decorative,EXISTING-APPROVED,optional,existing re-encoded media,Exposed aggregate paths leading to a home's front entry; visible purpose: Coloured & Decorative,landscape,82:61,820x610,WebP,exposed-aggregate-front-paths-46.webp,Exposed aggregate paths leading to a home's front entry,no,owner-recorded Band B verdict; build/45-media-remediation.csv,yes — decorative/non-evidential only,46,exposed-aggregate-front-paths-46.webp,retain current generic placement,none,no,page_id=12; widget_type=image-box; setting=image; decorative; permission=pipeline-permitted in derivative; source_geographic_claim=none in permitted derivative; project_claim=no; can be removed without loss of page meaning; derivative_slot=present
IMG-0008,conditional-minimum; Wave 1,homepage,home,1542538,"dbb6996 — Camden ground, levels and council requirements",EXISTING-APPROVED,optional,existing re-encoded media,"Exposed aggregate driveway leading to a carport; visible purpose: Camden ground, levels and council requirements",landscape,1333:751,1333x751,WebP,exposed-aggregate-residential-driveway-48.webp,Exposed aggregate driveway leading to a carport,no,owner-recorded Band B verdict; build/45-media-remediation.csv,yes — decorative/non-evidential only,48,exposed-aggregate-residential-driveway-48.webp,retain current generic placement,none,no,page_id=12; widget_type=image; setting=image; decorative; permission=pipeline-permitted in derivative; source_geographic_claim=none in permitted derivative; project_claim=no; can be removed without loss of page meaning; derivative_slot=present
IMG-0009,conditional-minimum; Wave 1,homepage,home,5a4a4815,"7fc5ce03 — Camden ground, levels and council requirements",OPTIONAL-REMOVE,optional,existing re-encoded media,Empty reviewer portrait beside placeholder testimonial copy; visible purpose: [[PLACEHOLDER: verified reviewer name]],not applicable,not applicable,not applicable,not applicable,,not applicable — remove the testimonial widget,no,reports/45-testimonial-audit.md: unsupported placeholder testimonial,no,,,"remove the complete placeholder testimonial widget, not only its empty portrait",none unless a genuine documented testimonial is later supplied,yes for homepage publication,page_id=12; widget_type=testimonial; setting=testimonial_image; testimonial/review; permission=not permitted as a testimonial; source_geographic_claim=none in permitted derivative; project_claim=yes; can be removed without loss of page meaning; derivative_slot=present
IMG-0010,conditional-minimum; Wave 1,homepage,home,16805a15,"7fc5ce03 — Camden ground, levels and council requirements",OPTIONAL-REMOVE,optional,existing re-encoded media,Empty reviewer portrait beside placeholder testimonial copy; visible purpose: [[PLACEHOLDER: verified reviewer name]],not applicable,not applicable,not applicable,not applicable,,not applicable — remove the testimonial widget,no,reports/45-testimonial-audit.md: unsupported placeholder testimonial,no,,,"remove the complete placeholder testimonial widget, not only its empty portrait",none unless a genuine documented testimonial is later supplied,yes for homepage publication,page_id=12; widget_type=testimonial; setting=testimonial_image; testimonial/review; permission=not permitted as a testimonial; source_geographic_claim=none in permitted derivative; project_claim=yes; can be removed without loss of page meaning; derivative_slot=present
IMG-0011,conditional-minimum; Wave 1,homepage,home,51fc6392,"7fc5ce03 — Camden ground, levels and council requirements",OPTIONAL-REMOVE,optional,existing re-encoded media,Empty reviewer portrait beside placeholder testimonial copy; visible purpose: [[PLACEHOLDER: verified reviewer name]],not applicable,not applicable,not applicable,not applicable,,not applicable — remove the testimonial widget,no,reports/45-testimonial-audit.md: unsupported placeholder testimonial,no,,,"remove the complete placeholder testimonial widget, not only its empty portrait",none unless a genuine documented testimonial is later supplied,yes for homepage publication,page_id=12; widget_type=testimonial; setting=testimonial_image; testimonial/review; permission=not permitted as a testimonial; source_geographic_claim=none in permitted derivative; project_claim=yes; can be removed without loss of page meaning; derivative_slot=present
IMG-0012,Wave 1,concrete-driveways-south-west-sydney,service,fbc5b30,5140093 — Ground support for concrete driveways,OPTIONAL-REMOVE,optional,existing re-encoded media,Image testemonials camden in the context of Concrete Driveways South West Sydney; visible purpose: Ground support for concrete driveways,square,1:1,62x62,JPEG,,Describe only the visible subject; empty alt if purely decorative,no,owner-recorded Band B verdict; build/45-media-remediation.csv,no,280,image-testemonials-camden-280.jpeg,keep the prohibited asset and every direct slot removed; do not replace,none,no,page_id=105; widget_type=image; setting=image; decorative; permission=asset excluded from public payload; source_geographic_claim=none in permitted derivative; project_claim=no; can be removed without loss of page meaning; derivative_slot=absent
IMG-0013,Wave 1,concrete-driveways-south-west-sydney,service,d91bcc2,f4f418c — Reinforcement for concrete driveways,OPTIONAL-REMOVE,optional,existing re-encoded media,Blank image-placeholder graphic; visible purpose: Reinforcement for concrete driveways,landscape,451:322,902x644,JPEG,,not applicable — remove blank placeholder slot,no,pixel inspection of local binary; blank placeholder icon only,no,323,about-2-hero-323.jpg,remove this visual placeholder without replacement,none,no,"page_id=105; widget_type=image; setting=image; decorative; permission=currently pipeline-permitted, but visually unusable; source_geographic_claim=none in permitted derivative; project_claim=no; can be removed without loss of page meaning; derivative_slot=present"
IMG-0014,Wave 1,concrete-driveways-south-west-sydney,service,104d481,b61f1c2 — Finished levels for concrete driveways,BLOCKED-PENDING-VERDICT,optional,existing re-encoded media,Synthetic turf and timber landscaping; no concrete subject; visible purpose: Finished levels for concrete driveways,landscape,1254:941,1254x941,WebP,,remove with slot if UNUSABLE; no local alt is permitted without provenance,no,"No Camden/NSW provenance in repository; original Victorian filename is provenance of source, not NSW provenance",no — recommended UNUSABLE,480,oran-park1-480.webp,owner records verdict; audit recommends UNUSABLE; transformer then regenerates derivative,record explicit UNUSABLE (or another supported verdict) in worksheet; OK additionally needs documentary provenance,yes — Band A public-media gate,"page_id=105; widget_type=image; setting=image; geographic-claim-bearing in source; decorative only if owner selects GENERIC; permission=HOLD; absent from derivative and public media; source_geographic_claim=Filename asserts Oran Park, NSW.; project_claim=yes; can be removed without loss of page meaning; derivative_slot=absent"
IMG-0015,Wave 1,concrete-driveways-south-west-sydney,service,620b9f2,a2970f7 — Council requirements for concrete driveways,BLOCKED-PENDING-VERDICT,optional,existing re-encoded media,Timber bench or deck; no concrete subject; visible purpose: Council requirements for concrete driveways,landscape,1254:941,1254x941,WebP,,remove with slot if UNUSABLE; no local alt is permitted without provenance,no,"No Camden/NSW provenance in repository; original Victorian filename is provenance of source, not NSW provenance",no — recommended UNUSABLE,481,oran-park2-481.webp,owner records verdict; audit recommends UNUSABLE; transformer then regenerates derivative,record explicit UNUSABLE (or another supported verdict) in worksheet; OK additionally needs documentary provenance,yes — Band A public-media gate,"page_id=105; widget_type=image; setting=image; geographic-claim-bearing in source; decorative only if owner selects GENERIC; permission=HOLD; absent from derivative and public media; source_geographic_claim=Filename asserts Oran Park, NSW.; project_claim=yes; can be removed without loss of page meaning; derivative_slot=absent"
IMG-0016,Wave 1,concrete-driveways-south-west-sydney,service,015aff8,a32399d — Finish and curing for concrete driveways,BLOCKED-PENDING-VERDICT,optional,existing re-encoded media,Timber deck framing and bare ground; no concrete subject; visible purpose: Finish and curing for concrete driveways,portrait,3:4,750x1000,WebP,,remove with slot if UNUSABLE; no local alt is permitted without provenance,no,"No Camden/NSW provenance in repository; original Victorian filename is provenance of source, not NSW provenance",no — recommended UNUSABLE,482,oran-park3-482.webp,owner records verdict; audit recommends UNUSABLE; transformer then regenerates derivative,record explicit UNUSABLE (or another supported verdict) in worksheet; OK additionally needs documentary provenance,yes — Band A public-media gate,"page_id=105; widget_type=image; setting=image; geographic-claim-bearing in source; decorative only if owner selects GENERIC; permission=HOLD; absent from derivative and public media; source_geographic_claim=Filename asserts Oran Park, NSW.; project_claim=yes; can be removed without loss of page meaning; derivative_slot=absent"
IMG-0017,Wave 1,concrete-driveways-south-west-sydney,service,5e63315,a32399d — Finish and curing for concrete driveways,EXISTING-APPROVED,optional,existing re-encoded media,Exposed aggregate driveway leading to a home; visible purpose: Finish and curing for concrete driveways,landscape,1419:1064,1419x1064,JPEG,exposed-aggregate-residential-driveway-609.jpg,Exposed aggregate driveway leading to a home,no,D24/D20: reverse Adelaide to South West Sydney naming substitution,yes — decorative/non-evidential only,609,exposed-aggregate-residential-driveway-609.jpg,retain current generic placement,none,no,page_id=105; widget_type=image; setting=image; decorative; permission=pipeline-permitted in derivative; source_geographic_claim=none in permitted derivative; project_claim=no; can be removed without loss of page meaning; derivative_slot=present
IMG-0018,Wave 1,concrete-driveways-south-west-sydney,service,7c2901e,a32399d — Finish and curing for concrete driveways,BLOCKED-PENDING-VERDICT,optional,existing re-encoded media,Excavated residential area; visible purpose: Finish and curing for concrete driveways,landscape,723:376,723x376,JPEG,residential-site-excavation-906.jpg,Excavated residential area prepared for concrete work,no,"No Camden/NSW provenance in repository; original Victorian filename is provenance of source, not NSW provenance",yes only if owner records GENERIC,906,driveway-excavation-camden-906.jpg,owner records verdict; audit recommends GENERIC; transformer then regenerates derivative,record explicit GENERIC (or another supported verdict) in worksheet; OK additionally needs documentary provenance,yes — Band A public-media gate,page_id=105; widget_type=image; setting=image; geographic-claim-bearing in source; decorative only if owner selects GENERIC; permission=HOLD; absent from derivative and public media; source_geographic_claim=Filename and alt assert the excavation is in Camden.; project_claim=yes; can be removed without loss of page meaning; derivative_slot=absent
IMG-0019,Wave 1,concrete-driveways-south-west-sydney,service,ae99959,a089da8 — Areas served for concrete driveways,BLOCKED-PENDING-VERDICT,optional,existing re-encoded media,Identifiable Werribee heritage mansion and gardens; no concrete subject; visible purpose: Areas served for concrete driveways,landscape,101:76,505x380,JPEG,,remove with slot if UNUSABLE; no local alt is permitted without provenance,no,"No Camden/NSW provenance in repository; original Victorian filename is provenance of source, not NSW provenance",no — recommended UNUSABLE,907,camden-town-centre-907.jpg,owner records verdict; audit recommends UNUSABLE; transformer then regenerates derivative,record explicit UNUSABLE (or another supported verdict) in worksheet; OK additionally needs documentary provenance,yes — Band A public-media gate,page_id=105; widget_type=image; setting=image; geographic-claim-bearing in source; decorative only if owner selects GENERIC; permission=HOLD; absent from derivative and public media; source_geographic_claim=Filename and alt assert this is Camden town centre.; project_claim=yes; can be removed without loss of page meaning; derivative_slot=absent
IMG-0020,Wave 1,concrete-driveways-south-west-sydney,service,7886294,4b91b73 — Cost inputs for concrete driveways / Questions about concrete driveways,BLOCKED-PENDING-VERDICT,optional,existing re-encoded media,Aerial view of a developing housing estate; visible purpose: Cost inputs for concrete driveways / Questions about concrete driveways,landscape,523:367,523x367,JPEG,aerial-new-housing-estate-908.jpg,Aerial view of a developing suburban housing estate,no,"No Camden/NSW provenance in repository; original Victorian filename is provenance of source, not NSW provenance",yes only if owner records GENERIC,908,oran-park-growth-estate-908.jpg,owner records verdict; audit recommends GENERIC; transformer then regenerates derivative,record explicit GENERIC (or another supported verdict) in worksheet; OK additionally needs documentary provenance,yes — Band A public-media gate,page_id=105; widget_type=image; setting=image; geographic-claim-bearing in source; decorative only if owner selects GENERIC; permission=HOLD; absent from derivative and public media; source_geographic_claim=Filename and alt assert an Oran Park growth estate.; project_claim=yes; can be removed without loss of page meaning; derivative_slot=absent
IMG-0021,Wave 1,concrete-driveways-south-west-sydney,service,154c6cb,57035e1 — What concrete driveways covers in South West Sydney / Site assessment for concrete driveways,EXISTING-APPROVED,optional,existing re-encoded media,Control joints and cracks; visible purpose: What concrete driveways covers in South West Sydney / Site assessment for concrete driveways,landscape,627:469,627x469,JPEG,control-joints-and-cracks-909.jpg,Control joints and cracks,no,D24/D20 naming-convention reversal,yes — decorative/non-evidential only,909,control-joints-and-cracks-909.jpg,retain current generic placement,none,no,page_id=105; widget_type=image; setting=image; decorative; permission=pipeline-permitted in derivative; source_geographic_claim=none in permitted derivative; project_claim=no; can be removed without loss of page meaning; derivative_slot=present
IMG-0022,Wave 1,concrete-driveways-south-west-sydney,service,51a4a3e,b4df2ad — Ground support for concrete driveways / Reinforcement for concrete driveways,BLOCKED-PENDING-VERDICT,optional,existing re-encoded media,Coloured residential concrete patio; visible purpose: Ground support for concrete driveways / Reinforcement for concrete driveways,square,1:1,1176x1176,PNG,coloured-concrete-patio-924.png,Coloured concrete patio beside a home,no,"No Camden/NSW provenance in repository; original Victorian filename is provenance of source, not NSW provenance",yes only if owner records GENERIC,924,coloured-concrete-south-west-sydney-924.png,owner records verdict; audit recommends GENERIC; transformer then regenerates derivative,record explicit GENERIC (or another supported verdict) in worksheet; OK additionally needs documentary provenance,yes — Band A public-media gate,page_id=105; widget_type=image; setting=image; geographic-claim-bearing in source; decorative only if owner selects GENERIC; permission=HOLD; absent from derivative and public media; source_geographic_claim=Filename and alt assert South West Sydney.; project_claim=yes; can be removed without loss of page meaning; derivative_slot=absent
IMG-0023,Wave 1,exposed-aggregate-south-west-sydney,service,ac3ac3a,4ae29fa — What exposed aggregate concrete covers in South West Sydney,EXISTING-APPROVED,optional,existing re-encoded media,Accessible paths concrete; visible purpose: What exposed aggregate concrete covers in South West Sydney,portrait,74:81,518x567,JPEG,accessible-paths-concrete-184.jpg,Accessible paths concrete,no,D24/D20 naming-convention reversal,yes — decorative/non-evidential only,184,accessible-paths-concrete-184.jpg,retain current generic placement,none,no,page_id=129; widget_type=image; setting=image; decorative; permission=pipeline-permitted in derivative; source_geographic_claim=none in permitted derivative; project_claim=no; can be removed without loss of page meaning; derivative_slot=present
IMG-0024,Wave 1,exposed-aggregate-south-west-sydney,service,34c11481,597d0edf — Site assessment for exposed aggregate concrete,BLOCKED-PENDING-VERDICT,optional,existing re-encoded media,Freshly finished residential side-yard slab; visible purpose: Site assessment for exposed aggregate concrete,landscape,627:470,627x470,JPEG,fresh-concrete-side-yard-slab-226.jpg,Freshly finished concrete slab in a residential side yard,no,"No Camden/NSW provenance in repository; original Victorian filename is provenance of source, not NSW provenance",yes only if owner records GENERIC,226,concretejob2camden-226.jpg,owner records verdict; audit recommends GENERIC; transformer then regenerates derivative,record explicit GENERIC (or another supported verdict) in worksheet; OK additionally needs documentary provenance,yes — Band A public-media gate,page_id=129; widget_type=image; setting=image; geographic-claim-bearing in source; decorative only if owner selects GENERIC; permission=HOLD; absent from derivative and public media; source_geographic_claim=Filename asserts the job is in Camden.; project_claim=yes; can be removed without loss of page meaning; derivative_slot=absent
IMG-0025,Wave 1,exposed-aggregate-south-west-sydney,service,280275a7,50f06cb0 — Ground support for exposed aggregate concrete,EXISTING-APPROVED,optional,existing re-encoded media,Backyard patio concreter; visible purpose: Ground support for exposed aggregate concrete,landscape,4:3,784x588,JPEG,backyard-patio-concreter-227.jpg,Backyard patio concreter,no,D24/D20 naming-convention reversal,yes — decorative/non-evidential only,227,backyard-patio-concreter-227.jpg,retain current generic placement,none,no,page_id=129; widget_type=image; setting=image; decorative; permission=pipeline-permitted in derivative; source_geographic_claim=none in permitted derivative; project_claim=no; can be removed without loss of page meaning; derivative_slot=present
IMG-0026,Wave 1,exposed-aggregate-south-west-sydney,service,2e70a00,1edad6b9 — Reinforcement for exposed aggregate concrete,EXISTING-APPROVED,optional,existing re-encoded media,Freshly poured concrete slab along a side boundary; visible purpose: Reinforcement for exposed aggregate concrete,landscape,125:94,625x470,JPEG,fresh-concrete-side-yard-slab-228.jpg,Freshly poured concrete slab along a side boundary,no,owner-recorded Band B verdict; build/45-media-remediation.csv,yes — decorative/non-evidential only,228,fresh-concrete-side-yard-slab-228.jpg,retain current generic placement,none,no,page_id=129; widget_type=image; setting=image; decorative; permission=pipeline-permitted in derivative; source_geographic_claim=none in permitted derivative; project_claim=no; can be removed without loss of page meaning; derivative_slot=present
IMG-0027,Wave 1,exposed-aggregate-south-west-sydney,service,47d78a35,356b1e76 — Finished levels for exposed aggregate concrete,OPTIONAL-REMOVE,optional,existing re-encoded media,Blank image-placeholder graphic; visible purpose: Finished levels for exposed aggregate concrete,landscape,503:409,1006x818,JPEG,,not applicable — remove blank placeholder slot,no,pixel inspection of local binary; blank placeholder icon only,no,275,image-placeholder-hero-275.jpeg,remove this visual placeholder without replacement,none,no,"page_id=129; widget_type=image; setting=image; decorative; permission=currently pipeline-permitted, but visually unusable; source_geographic_claim=none in permitted derivative; project_claim=no; can be removed without loss of page meaning; derivative_slot=present"
IMG-0028,Wave 1,concrete-slabs-south-west-sydney,service,ae41c11,8dd3b78 — What concrete slabs covers in South West Sydney,EXISTING-APPROVED,optional,existing re-encoded media,What is exposed aggregate; visible purpose: What concrete slabs covers in South West Sydney,portrait,507:581,507x581,JPEG,what-is-exposed-aggregate-1109.jpg,What is exposed aggregate,no,D24/D20 naming-convention reversal,yes — decorative/non-evidential only,1109,what-is-exposed-aggregate-1109.jpg,retain current generic placement,none,no,page_id=163; widget_type=image; setting=image; decorative; permission=pipeline-permitted in derivative; source_geographic_claim=none in permitted derivative; project_claim=no; can be removed without loss of page meaning; derivative_slot=present
IMG-0029,Wave 1,concrete-slabs-south-west-sydney,service,2fc74005,30b47498 — Ground support for concrete slabs,BLOCKED-PENDING-VERDICT,optional,existing re-encoded media,Single-storey brick home with driveway; visible purpose: Ground support for concrete slabs,landscape,558:361,558x361,JPEG,single-storey-brick-home-driveway-1150.jpg,Single-storey brick home with a concrete driveway,no,"No Camden/NSW provenance in repository; original Victorian filename is provenance of source, not NSW provenance",yes only if owner records GENERIC,1150,established-home-mount-annan-1150.jpg,owner records verdict; audit recommends GENERIC; transformer then regenerates derivative,record explicit GENERIC (or another supported verdict) in worksheet; OK additionally needs documentary provenance,yes — Band A public-media gate,"page_id=163; widget_type=image; setting=image; geographic-claim-bearing in source; decorative only if owner selects GENERIC; permission=HOLD; absent from derivative and public media; source_geographic_claim=Filename and alt assert an established home in Mount Annan, NSW.; project_claim=yes; can be removed without loss of page meaning; derivative_slot=absent"
IMG-0030,Wave 1,concrete-slabs-south-west-sydney,service,641391f1,983c5b3 — Reinforcement for concrete slabs,EXISTING-APPROVED,optional,existing re-encoded media,Dry cracked ground surface; visible purpose: Reinforcement for concrete slabs,landscape,723:350,723x350,JPEG,dry-cracked-ground-1151.jpg,Dry cracked ground surface,no,D18/D20: remove unsupported geographic and geological assertion,yes — decorative/non-evidential only,1151,dry-cracked-ground-1151.jpg,retain current generic placement,none,no,page_id=163; widget_type=image; setting=image; decorative; permission=pipeline-permitted in derivative; source_geographic_claim=none in permitted derivative; project_claim=no; can be removed without loss of page meaning; derivative_slot=present
IMG-0031,Wave 1,concrete-slabs-south-west-sydney,service,4a3b804f,7874f636 — Finished levels for concrete slabs,BLOCKED-PENDING-VERDICT,optional,existing re-encoded media,Aerial landscaped park surrounded by housing; visible purpose: Finished levels for concrete slabs,landscape,623:471,623x471,JPEG,aerial-suburban-park-and-housing-1152.jpg,Aerial view of a landscaped park surrounded by housing,no,"No Camden/NSW provenance in repository; original Victorian filename is provenance of source, not NSW provenance",yes only if owner records GENERIC,1152,mount-annan-established-housing-1152.jpg,owner records verdict; audit recommends GENERIC; transformer then regenerates derivative,record explicit GENERIC (or another supported verdict) in worksheet; OK additionally needs documentary provenance,yes — Band A public-media gate,"page_id=163; widget_type=image; setting=image; geographic-claim-bearing in source; decorative only if owner selects GENERIC; permission=HOLD; absent from derivative and public media; source_geographic_claim=Filename and alt assert established housing in Mount Annan, NSW.; project_claim=yes; can be removed without loss of page meaning; derivative_slot=absent"
IMG-0032,Wave 1,concrete-slabs-south-west-sydney,service,50151b3b,5bb41fd3 — Council requirements for concrete slabs,EXISTING-APPROVED,optional,existing re-encoded media,Concrete vehicle crossing between a kerb and property boundary; visible purpose: Council requirements for concrete slabs,landscape,767:383,767x383,JPEG,concrete-vehicle-crossing-1153.jpg,Concrete vehicle crossing between a kerb and property boundary,no,D24/D20: remove unsupported Camden council/location assertion,yes — decorative/non-evidential only,1153,concrete-vehicle-crossing-1153.jpg,retain current generic placement,none,no,page_id=163; widget_type=image; setting=image; decorative; permission=pipeline-permitted in derivative; source_geographic_claim=none in permitted derivative; project_claim=no; can be removed without loss of page meaning; derivative_slot=present
IMG-0033,Wave 1,concrete-slabs-south-west-sydney,service,899b5bf,3a44da3 — Cost inputs for concrete slabs,BLOCKED-PENDING-VERDICT,optional,existing re-encoded media,Dark concrete driveway crossing; visible purpose: Cost inputs for concrete slabs,landscape,101:76,505x380,JPEG,dark-concrete-driveway-crossing-1185.jpg,Dark concrete driveway crossing between a kerb and property,no,"No Camden/NSW provenance in repository; original Victorian filename is provenance of source, not NSW provenance",yes only if owner records GENERIC,1185,council-crossing-south-west-sydney-1185.jpg,owner records verdict; audit recommends GENERIC; transformer then regenerates derivative,record explicit GENERIC (or another supported verdict) in worksheet; OK additionally needs documentary provenance,yes — Band A public-media gate,page_id=163; widget_type=image; setting=image; geographic-claim-bearing in source; decorative only if owner selects GENERIC; permission=HOLD; absent from derivative and public media; source_geographic_claim=Filename and alt assert a council crossing in South West Sydney.; project_claim=yes; can be removed without loss of page meaning; derivative_slot=absent
IMG-0034,Wave 1,concrete-slabs-south-west-sydney,service,18063b5,7feb0ca — Questions about concrete slabs,BLOCKED-PENDING-VERDICT,optional,existing re-encoded media,Modern commercial building with concrete hardstand; visible purpose: Questions about concrete slabs,landscape,964:543,964x543,WebP,commercial-building-concrete-hardstand-1186.webp,Modern commercial building with a concrete hardstand,no,"No Camden/NSW provenance in repository; original Victorian filename is provenance of source, not NSW provenance",yes only if owner records GENERIC,1186,gregory-hills-commercial-concreting-1186.webp,owner records verdict; audit recommends GENERIC; transformer then regenerates derivative,record explicit GENERIC (or another supported verdict) in worksheet; OK additionally needs documentary provenance,yes — Band A public-media gate,"page_id=163; widget_type=image; setting=image; geographic-claim-bearing in source; decorative only if owner selects GENERIC; permission=HOLD; absent from derivative and public media; source_geographic_claim=Filename and alt assert commercial concreting in Gregory Hills, NSW.; project_claim=yes; can be removed without loss of page meaning; derivative_slot=absent"
IMG-0035,Wave 1,concrete-slabs-south-west-sydney,service,aab2150,43f7482 — What concrete slabs covers in South West Sydney,BLOCKED-PENDING-VERDICT,optional,existing re-encoded media,Estate playground with prominent M locality branding; no concrete subject; visible purpose: What concrete slabs covers in South West Sydney,landscape,79:38,632x304,JPEG,,remove with slot if UNUSABLE; no local alt is permitted without provenance,no,"No Camden/NSW provenance in repository; original Victorian filename is provenance of source, not NSW provenance",no — recommended UNUSABLE,1187,leppington-new-estates-1187.jpg,owner records verdict; audit recommends UNUSABLE; transformer then regenerates derivative,record explicit UNUSABLE (or another supported verdict) in worksheet; OK additionally needs documentary provenance,yes — Band A public-media gate,"page_id=163; widget_type=image; setting=image; geographic-claim-bearing in source; decorative only if owner selects GENERIC; permission=HOLD; absent from derivative and public media; source_geographic_claim=Filename and alt assert new estates in Leppington, NSW.; project_claim=yes; can be removed without loss of page meaning; derivative_slot=absent"
IMG-0036,Wave 1,concrete-slabs-south-west-sydney,service,8aac8e0,47eb6dc — Site assessment for concrete slabs,EXISTING-APPROVED,optional,existing re-encoded media,Dry cracked ground surface; visible purpose: Site assessment for concrete slabs,landscape,723:350,723x350,JPEG,dry-cracked-ground-1188.jpg,Dry cracked ground surface,no,D18/D20: remove unsupported geographic and geological assertion,yes — decorative/non-evidential only,1188,dry-cracked-ground-1188.jpg,retain current generic placement,none,no,page_id=163; widget_type=image; setting=image; decorative; permission=pipeline-permitted in derivative; source_geographic_claim=none in permitted derivative; project_claim=no; can be removed without loss of page meaning; derivative_slot=present
IMG-0037,Wave 1,concrete-paths-south-west-sydney,service,34b1791a,7f6fed1e — Ground support for concrete paths and pathways,BLOCKED-PENDING-VERDICT,optional,existing re-encoded media,Dark concrete driveway crossing; visible purpose: Ground support for concrete paths and pathways,landscape,101:76,505x380,JPEG,dark-concrete-driveway-crossing-1185.jpg,Dark concrete driveway crossing between a kerb and property,no,"No Camden/NSW provenance in repository; original Victorian filename is provenance of source, not NSW provenance",yes only if owner records GENERIC,1185,council-crossing-south-west-sydney-1185.jpg,owner records verdict; audit recommends GENERIC; transformer then regenerates derivative,record explicit GENERIC (or another supported verdict) in worksheet; OK additionally needs documentary provenance,yes — Band A public-media gate,page_id=178; widget_type=image; setting=image; geographic-claim-bearing in source; decorative only if owner selects GENERIC; permission=HOLD; absent from derivative and public media; source_geographic_claim=Filename and alt assert a council crossing in South West Sydney.; project_claim=yes; can be removed without loss of page meaning; derivative_slot=absent
IMG-0038,Wave 1,concrete-paths-south-west-sydney,service,6fbeb295,7c8bc724 — Reinforcement for concrete paths and pathways,BLOCKED-PENDING-VERDICT,optional,existing re-encoded media,Modern commercial building with concrete hardstand; visible purpose: Reinforcement for concrete paths and pathways,landscape,964:543,964x543,WebP,commercial-building-concrete-hardstand-1186.webp,Modern commercial building with a concrete hardstand,no,"No Camden/NSW provenance in repository; original Victorian filename is provenance of source, not NSW provenance",yes only if owner records GENERIC,1186,gregory-hills-commercial-concreting-1186.webp,owner records verdict; audit recommends GENERIC; transformer then regenerates derivative,record explicit GENERIC (or another supported verdict) in worksheet; OK additionally needs documentary provenance,yes — Band A public-media gate,"page_id=178; widget_type=image; setting=image; geographic-claim-bearing in source; decorative only if owner selects GENERIC; permission=HOLD; absent from derivative and public media; source_geographic_claim=Filename and alt assert commercial concreting in Gregory Hills, NSW.; project_claim=yes; can be removed without loss of page meaning; derivative_slot=absent"
IMG-0039,Wave 1,concrete-paths-south-west-sydney,service,4c0594f2,141fb611 — Finished levels for concrete paths and pathways,BLOCKED-PENDING-VERDICT,optional,existing re-encoded media,Estate playground with prominent M locality branding; no concrete subject; visible purpose: Finished levels for concrete paths and pathways,landscape,79:38,632x304,JPEG,,remove with slot if UNUSABLE; no local alt is permitted without provenance,no,"No Camden/NSW provenance in repository; original Victorian filename is provenance of source, not NSW provenance",no — recommended UNUSABLE,1187,leppington-new-estates-1187.jpg,owner records verdict; audit recommends UNUSABLE; transformer then regenerates derivative,record explicit UNUSABLE (or another supported verdict) in worksheet; OK additionally needs documentary provenance,yes — Band A public-media gate,"page_id=178; widget_type=image; setting=image; geographic-claim-bearing in source; decorative only if owner selects GENERIC; permission=HOLD; absent from derivative and public media; source_geographic_claim=Filename and alt assert new estates in Leppington, NSW.; project_claim=yes; can be removed without loss of page meaning; derivative_slot=absent"
IMG-0040,Wave 1,concrete-paths-south-west-sydney,service,211e758d,1a69b897 — Council requirements for concrete paths and pathways,EXISTING-APPROVED,optional,existing re-encoded media,Dry cracked ground surface; visible purpose: Council requirements for concrete paths and pathways,landscape,723:350,723x350,JPEG,dry-cracked-ground-1188.jpg,Dry cracked ground surface,no,D18/D20: remove unsupported geographic and geological assertion,yes — decorative/non-evidential only,1188,dry-cracked-ground-1188.jpg,retain current generic placement,none,no,page_id=178; widget_type=image; setting=image; decorative; permission=pipeline-permitted in derivative; source_geographic_claim=none in permitted derivative; project_claim=no; can be removed without loss of page meaning; derivative_slot=present
IMG-0041,Wave 1,concrete-paths-south-west-sydney,service,462cb747,708d751d — Untitled Elementor section,OWNER-BRAND,required,already supplied Structure Co brand pack,Structure Co horizontal wordmark; visible purpose: Untitled Elementor section,vector/adaptive,asset-native,SVG vector,SVG,structure-co-horizontal.svg,Structure Co Concreters Camden,no,D36 and source-inputs/brand/ supplied asset hashes,yes — same wordmark may serve every in-page logo slot,307,corex-concreters-camden-logo-307.png,replace retired E&T attachment with supplied Structure Co wordmark during authorised import,no new file; later approve rendered placement,yes for any page retaining this brand slot,page_id=178; widget_type=image; setting=image; decorative; permission=retired attachment excluded; verified replacement already supplied; source_geographic_claim=none in permitted derivative; project_claim=no; can be removed without loss of page meaning; derivative_slot=absent
IMG-0042,Wave 1,concrete-patios-south-west-sydney,service,2f9d916e,4c7f49fd — Ground support for concrete patios and alfresco slabs,EXISTING-APPROVED,optional,existing re-encoded media,Freshly poured concrete slab beside a two-storey home; visible purpose: Ground support for concrete patios and alfresco slabs,landscape,1103:812,1103x812,WebP,fresh-concrete-backyard-slab-47.webp,Freshly poured concrete slab beside a two-storey home,no,owner-recorded Band B verdict; build/45-media-remediation.csv,yes — decorative/non-evidential only,47,fresh-concrete-backyard-slab-47.webp,retain current generic placement,none,no,page_id=195; widget_type=image; setting=image; decorative; permission=pipeline-permitted in derivative; source_geographic_claim=none in permitted derivative; project_claim=no; can be removed without loss of page meaning; derivative_slot=present
IMG-0043,Wave 1,concrete-patios-south-west-sydney,service,54b2712e,7b9a39e3 — Reinforcement for concrete patios and alfresco slabs,EXISTING-APPROVED,optional,existing re-encoded media,Exposed aggregate driveway leading to a carport; visible purpose: Reinforcement for concrete patios and alfresco slabs,landscape,1333:751,1333x751,WebP,exposed-aggregate-residential-driveway-48.webp,Exposed aggregate driveway leading to a carport,no,owner-recorded Band B verdict; build/45-media-remediation.csv,yes — decorative/non-evidential only,48,exposed-aggregate-residential-driveway-48.webp,retain current generic placement,none,no,page_id=195; widget_type=image; setting=image; decorative; permission=pipeline-permitted in derivative; source_geographic_claim=none in permitted derivative; project_claim=no; can be removed without loss of page meaning; derivative_slot=present
IMG-0044,Wave 1,concrete-patios-south-west-sydney,service,282eb1d0,1ae9dd4e — Finished levels for concrete patios and alfresco slabs,EXISTING-APPROVED,optional,existing re-encoded media,Freshly poured concrete beside a swimming pool; visible purpose: Finished levels for concrete patios and alfresco slabs,landscape,1333:750,1333x750,WebP,fresh-concrete-pool-surround-49.webp,Freshly poured concrete beside a swimming pool,no,owner-recorded Band B verdict; build/45-media-remediation.csv,yes — decorative/non-evidential only,49,fresh-concrete-pool-surround-49.webp,retain current generic placement,none,no,page_id=195; widget_type=image; setting=image; decorative; permission=pipeline-permitted in derivative; source_geographic_claim=none in permitted derivative; project_claim=no; can be removed without loss of page meaning; derivative_slot=present
IMG-0045,Wave 1,concrete-patios-south-west-sydney,service,51342c0b,43cf37f4 — Council requirements for concrete patios and alfresco slabs,EXISTING-APPROVED,optional,existing re-encoded media,Exposed aggregate concrete; visible purpose: Council requirements for concrete patios and alfresco slabs,square,1:1,2007x2007,JPEG,exposed-aggregate-concrete-50.jpg,Exposed aggregate concrete,no,D24/D20 naming-convention reversal,yes — decorative/non-evidential only,50,exposed-aggregate-concrete-50.jpg,retain current generic placement,none,no,page_id=195; widget_type=image; setting=image; decorative; permission=pipeline-permitted in derivative; source_geographic_claim=none in permitted derivative; project_claim=no; can be removed without loss of page meaning; derivative_slot=present
IMG-0046,Wave 1,concrete-patios-south-west-sydney,service,179a8394,46eaf4a0 — Untitled Elementor section,OWNER-BRAND,required,already supplied Structure Co brand pack,Structure Co horizontal wordmark; visible purpose: Untitled Elementor section,vector/adaptive,asset-native,SVG vector,SVG,structure-co-horizontal.svg,Structure Co Concreters Camden,no,D36 and source-inputs/brand/ supplied asset hashes,yes — same wordmark may serve every in-page logo slot,306,corex-concreters-camden-logo-306.png,replace retired E&T attachment with supplied Structure Co wordmark during authorised import,no new file; later approve rendered placement,yes for any page retaining this brand slot,page_id=195; widget_type=image; setting=image; decorative; permission=retired attachment excluded; verified replacement already supplied; source_geographic_claim=none in permitted derivative; project_claim=no; can be removed without loss of page meaning; derivative_slot=absent
IMG-0047,Wave 1,concreters-leppington,suburb,7c2526d7,7c2526d7 — Concreters Leppington,EXISTING-APPROVED,optional,existing re-encoded media,Exposed aggregate concrete; visible purpose: Concreters Leppington,square,1:1,2007x2007,JPEG,exposed-aggregate-concrete-50.jpg,Exposed aggregate concrete,no,D24/D20 naming-convention reversal,yes — decorative/non-evidential only,50,exposed-aggregate-concrete-50.jpg,retain current generic placement,none,no,page_id=221; widget_type=container; setting=background_image; decorative; permission=pipeline-permitted in derivative; source_geographic_claim=none in permitted derivative; project_claim=no; can be removed without loss of page meaning; derivative_slot=present
IMG-0048,Wave 1,concreters-leppington,suburb,a86c195,9e36728 — Concrete Driveways / Concrete Slabs / Exposed Aggregate,BLOCKED-PENDING-VERDICT,optional,existing re-encoded media,Identifiable Melbourne CBD skyline and hot-air balloon; visible purpose: Concrete Driveways,landscape,4:3,888x666,PNG,,remove with slot if UNUSABLE; no local alt is permitted without provenance,no,"No Camden/NSW provenance in repository; original Victorian filename is provenance of source, not NSW provenance",no — recommended UNUSABLE,956,south-west-sydney-growth-corridor-956.png,owner records verdict; audit recommends UNUSABLE; transformer then regenerates derivative,record explicit UNUSABLE (or another supported verdict) in worksheet; OK additionally needs documentary provenance,yes — Band A public-media gate,page_id=221; widget_type=image-box; setting=image; geographic-claim-bearing in source; decorative only if owner selects GENERIC; permission=HOLD; absent from derivative and public media; source_geographic_claim=Filename and alt assert the South West Sydney growth corridor.; project_claim=yes; can be removed without loss of page meaning; derivative_slot=absent
IMG-0049,Wave 1,concreters-leppington,suburb,516941f,9e36728 — Concrete Driveways / Concrete Slabs / Exposed Aggregate,OPTIONAL-REMOVE,optional,existing re-encoded media,Wianamatta shale clay camden in the context of Concreters Leppington; visible purpose: Concrete Slabs,landscape,627:470,627x470,JPEG,,Describe only the visible subject; empty alt if purely decorative,no,D19 removes the Tarneit soil photograph and retains its containing sections,no,1020,wianamatta-shale-clay-camden-1020.jpg,keep the prohibited asset and every direct slot removed; do not replace,none,no,page_id=221; widget_type=image-box; setting=image; decorative; permission=asset excluded from public payload; source_geographic_claim=none in permitted derivative; project_claim=no; can be removed without loss of page meaning; derivative_slot=absent
IMG-0050,Wave 1,concreters-leppington,suburb,f36a8f3,9e36728 — Concrete Driveways / Concrete Slabs / Exposed Aggregate,EXISTING-APPROVED,optional,existing re-encoded media,Aerial view of a waterway beside a residential area; visible purpose: Exposed Aggregate,landscape,4:3,784x588,JPEG,aerial-waterway-residential-area-1056.jpg,Aerial view of a waterway beside a residential area,no,D18/D20: Victorian Davis Creek cannot be named as South Creek,yes — decorative/non-evidential only,1056,aerial-waterway-residential-area-1056.jpg,retain current generic placement,none,no,page_id=221; widget_type=image-box; setting=image; decorative; permission=pipeline-permitted in derivative; source_geographic_claim=none in permitted derivative; project_claim=no; can be removed without loss of page meaning; derivative_slot=present
IMG-0051,Wave 1,concreters-leppington,suburb,af91c52,98fbeea — Patios & Alfresco / Paths & Pathways / Coloured & Decorative,EXISTING-APPROVED,optional,existing re-encoded media,Concrete slabs; visible purpose: Patios & Alfresco,square,1:1,543x543,JPEG,concrete-slabs-1065.jpg,Concrete slabs,no,D24/D20 naming-convention reversal,yes — decorative/non-evidential only,1065,concrete-slabs-1065.jpg,retain current generic placement,none,no,page_id=221; widget_type=image-box; setting=image; decorative; permission=pipeline-permitted in derivative; source_geographic_claim=none in permitted derivative; project_claim=no; can be removed without loss of page meaning; derivative_slot=present
IMG-0052,Wave 1,concreters-leppington,suburb,e6c2ed7,98fbeea — Patios & Alfresco / Paths & Pathways / Coloured & Decorative,EXISTING-APPROVED,optional,existing re-encoded media,Pouring a concrete slab; visible purpose: Paths & Pathways,landscape,3:2,627x418,JPEG,pouring-a-concrete-slab-1066.jpg,Pouring a concrete slab,no,D24/D20 naming-convention reversal,yes — decorative/non-evidential only,1066,pouring-a-concrete-slab-1066.jpg,retain current generic placement,none,no,page_id=221; widget_type=image-box; setting=image; decorative; permission=pipeline-permitted in derivative; source_geographic_claim=none in permitted derivative; project_claim=no; can be removed without loss of page meaning; derivative_slot=present
IMG-0053,Wave 1,concreters-leppington,suburb,d06ebf3,98fbeea — Patios & Alfresco / Paths & Pathways / Coloured & Decorative,EXISTING-APPROVED,optional,existing re-encoded media,Concrete slabs; visible purpose: Coloured & Decorative,square,1:1,543x543,JPEG,concrete-slabs-1065.jpg,Concrete slabs,no,D24/D20 naming-convention reversal,yes — decorative/non-evidential only,1065,concrete-slabs-1065.jpg,retain current generic placement,none,no,page_id=221; widget_type=image-box; setting=image; decorative; permission=pipeline-permitted in derivative; source_geographic_claim=none in permitted derivative; project_claim=no; can be removed without loss of page meaning; derivative_slot=present
IMG-0054,Wave 1,concreters-leppington,suburb,af8ef50,40d980a — Ground conditions in Leppington,OPTIONAL-REMOVE,optional,existing re-encoded media,Verified badge e1784545689665 camden in the context of Concreters Leppington; visible purpose: Ground conditions in Leppington,landscape,140:113,980x791,AVIF,,Describe only the visible subject; empty alt if purely decorative,no,owner-recorded Band B verdict; build/45-media-remediation.csv,no,1067,verified-badge-e1784545689665-camden-1067.avif,keep the prohibited asset and every direct slot removed; do not replace,none,no,page_id=221; widget_type=image; setting=image; decorative; permission=asset excluded from public payload; source_geographic_claim=none in permitted derivative; project_claim=no; can be removed without loss of page meaning; derivative_slot=absent
IMG-0055,Wave 1,concreters-leppington,suburb,2eb88ab,77cc745 — Preparing a pour in Leppington,EXISTING-APPROVED,optional,existing re-encoded media,What is a concrete slab; visible purpose: Preparing a pour in Leppington,portrait,470:627,470x627,JPEG,what-is-a-concrete-slab-1068.jpg,What is a concrete slab,no,D24/D20 naming-convention reversal,yes — decorative/non-evidential only,1068,what-is-a-concrete-slab-1068.jpg,retain current generic placement,none,no,page_id=221; widget_type=image; setting=image; decorative; permission=pipeline-permitted in derivative; source_geographic_claim=none in permitted derivative; project_claim=no; can be removed without loss of page meaning; derivative_slot=present
IMG-0056,Wave 1,concreters-leppington,suburb,0ca264b,8d1059a — Levels and water movement in Leppington,EXISTING-APPROVED,optional,existing re-encoded media,What is exposed aggregate; visible purpose: Levels and water movement in Leppington,portrait,507:581,507x581,JPEG,what-is-exposed-aggregate-1109.jpg,What is exposed aggregate,no,D24/D20 naming-convention reversal,yes — decorative/non-evidential only,1109,what-is-exposed-aggregate-1109.jpg,retain current generic placement,none,no,page_id=221; widget_type=image; setting=image; decorative; permission=pipeline-permitted in derivative; source_geographic_claim=none in permitted derivative; project_claim=no; can be removed without loss of page meaning; derivative_slot=present
IMG-0057,Wave 1,concreters-leppington,suburb,7bcc8c0,a599284 — Driveway approvals for Leppington,BLOCKED-PENDING-VERDICT,optional,existing re-encoded media,Single-storey brick home with driveway; visible purpose: Driveway approvals for Leppington,landscape,558:361,558x361,JPEG,single-storey-brick-home-driveway-1150.jpg,Single-storey brick home with a concrete driveway,no,"No Camden/NSW provenance in repository; original Victorian filename is provenance of source, not NSW provenance",yes only if owner records GENERIC,1150,established-home-mount-annan-1150.jpg,owner records verdict; audit recommends GENERIC; transformer then regenerates derivative,record explicit GENERIC (or another supported verdict) in worksheet; OK additionally needs documentary provenance,yes — Band A public-media gate,"page_id=221; widget_type=image; setting=image; geographic-claim-bearing in source; decorative only if owner selects GENERIC; permission=HOLD; absent from derivative and public media; source_geographic_claim=Filename and alt assert an established home in Mount Annan, NSW.; project_claim=yes; can be removed without loss of page meaning; derivative_slot=absent"
IMG-0058,Wave 1,concreters-leppington,suburb,0424a72,36efc778 — Untitled Elementor section,OPTIONAL-REMOVE,optional,existing re-encoded media,Dry cracked ground surface; visible purpose: Untitled Elementor section,landscape,723:350,723x350,JPEG,dry-cracked-ground-1151.jpg,Dry cracked ground surface,no,D32: no Camden projects; remove evidential module,no in this evidential placement,1151,reactive-clay-concreter-camden-1151.jpg,keep the D32 section removed; do not source a substitute,none,no,page_id=221; widget_type=image; setting=image; evidential local-project/gallery module; permission=slot removed from derivative; source_geographic_claim=none in permitted derivative; project_claim=yes; can be removed without loss of page meaning; derivative_slot=absent
IMG-0059,Wave 1,concreters-leppington,suburb,4195f9b,36efc778 — Untitled Elementor section,OPTIONAL-REMOVE,optional,existing re-encoded media,Aerial landscaped park surrounded by housing; visible purpose: Untitled Elementor section,landscape,623:471,623x471,JPEG,aerial-suburban-park-and-housing-1152.jpg,Aerial view of a landscaped park surrounded by housing,no,D32: no Camden projects; remove evidential module,no in this evidential placement,1152,mount-annan-established-housing-1152.jpg,keep the D32 section removed; do not source a substitute,none,no,"page_id=221; widget_type=image; setting=image; evidential local-project/gallery module; permission=slot removed from derivative; source_geographic_claim=Filename and alt assert established housing in Mount Annan, NSW.; project_claim=yes; can be removed without loss of page meaning; derivative_slot=absent"
IMG-0060,Wave 1,concreters-leppington,suburb,e5f56c0,36efc778 — Untitled Elementor section,OPTIONAL-REMOVE,optional,existing re-encoded media,Concrete vehicle crossing between a kerb and property boundary; visible purpose: Untitled Elementor section,landscape,767:383,767x383,JPEG,concrete-vehicle-crossing-1153.jpg,Concrete vehicle crossing between a kerb and property boundary,no,D32: no Camden projects; remove evidential module,no in this evidential placement,1153,camden-council-driveway-crossing-1153.jpg,keep the D32 section removed; do not source a substitute,none,no,page_id=221; widget_type=image; setting=image; evidential local-project/gallery module; permission=slot removed from derivative; source_geographic_claim=none in permitted derivative; project_claim=yes; can be removed without loss of page meaning; derivative_slot=absent
IMG-0061,conditional-minimum; Wave 1,contact,utility,57aaa4b2,74a0e8c9 — Untitled Elementor section,OWNER-BRAND,required,already supplied Structure Co brand pack,Structure Co horizontal wordmark; visible purpose: Untitled Elementor section,vector/adaptive,asset-native,SVG vector,SVG,structure-co-horizontal.svg,Structure Co Concreters Camden,no,D36 and source-inputs/brand/ supplied asset hashes,yes — same wordmark may serve every in-page logo slot,306,corex-concreters-camden-logo-306.png,replace retired E&T attachment with supplied Structure Co wordmark during authorised import,no new file; later approve rendered placement,yes for any page retaining this brand slot,page_id=321; widget_type=image; setting=image; decorative; permission=retired attachment excluded; verified replacement already supplied; source_geographic_claim=none in permitted derivative; project_claim=no; can be removed without loss of page meaning; derivative_slot=absent
IMG-0062,Wave 1,concreters-oran-park,suburb,7c2526d7,7c2526d7 — Concreters Oran Park,EXISTING-APPROVED,optional,existing re-encoded media,Exposed aggregate concrete; visible purpose: Concreters Oran Park,square,1:1,2007x2007,JPEG,exposed-aggregate-concrete-50.jpg,Exposed aggregate concrete,no,D24/D20 naming-convention reversal,yes — decorative/non-evidential only,50,exposed-aggregate-concrete-50.jpg,retain current generic placement,none,no,page_id=474; widget_type=container; setting=background_image; decorative; permission=pipeline-permitted in derivative; source_geographic_claim=none in permitted derivative; project_claim=no; can be removed without loss of page meaning; derivative_slot=present
IMG-0063,Wave 1,concreters-oran-park,suburb,a86c195,9e36728 — Concrete Driveways / Concrete Slabs / Exposed Aggregate,EXISTING-APPROVED,optional,existing re-encoded media,What is a concrete slab; visible purpose: Concrete Driveways,portrait,470:627,470x627,JPEG,what-is-a-concrete-slab-1068.jpg,What is a concrete slab,no,D24/D20 naming-convention reversal,yes — decorative/non-evidential only,1068,what-is-a-concrete-slab-1068.jpg,retain current generic placement,none,no,page_id=474; widget_type=image-box; setting=image; decorative; permission=pipeline-permitted in derivative; source_geographic_claim=none in permitted derivative; project_claim=no; can be removed without loss of page meaning; derivative_slot=present
IMG-0064,Wave 1,concreters-oran-park,suburb,516941f,9e36728 — Concrete Driveways / Concrete Slabs / Exposed Aggregate,EXISTING-APPROVED,optional,existing re-encoded media,What is exposed aggregate; visible purpose: Concrete Slabs,portrait,507:581,507x581,JPEG,what-is-exposed-aggregate-1109.jpg,What is exposed aggregate,no,D24/D20 naming-convention reversal,yes — decorative/non-evidential only,1109,what-is-exposed-aggregate-1109.jpg,retain current generic placement,none,no,page_id=474; widget_type=image-box; setting=image; decorative; permission=pipeline-permitted in derivative; source_geographic_claim=none in permitted derivative; project_claim=no; can be removed without loss of page meaning; derivative_slot=present
IMG-0065,Wave 1,concreters-oran-park,suburb,f36a8f3,9e36728 — Concrete Driveways / Concrete Slabs / Exposed Aggregate,BLOCKED-PENDING-VERDICT,optional,existing re-encoded media,Single-storey brick home with driveway; visible purpose: Exposed Aggregate,landscape,558:361,558x361,JPEG,single-storey-brick-home-driveway-1150.jpg,Single-storey brick home with a concrete driveway,no,"No Camden/NSW provenance in repository; original Victorian filename is provenance of source, not NSW provenance",yes only if owner records GENERIC,1150,established-home-mount-annan-1150.jpg,owner records verdict; audit recommends GENERIC; transformer then regenerates derivative,record explicit GENERIC (or another supported verdict) in worksheet; OK additionally needs documentary provenance,yes — Band A public-media gate,"page_id=474; widget_type=image-box; setting=image; geographic-claim-bearing in source; decorative only if owner selects GENERIC; permission=HOLD; absent from derivative and public media; source_geographic_claim=Filename and alt assert an established home in Mount Annan, NSW.; project_claim=yes; can be removed without loss of page meaning; derivative_slot=absent"
IMG-0066,Wave 1,concreters-oran-park,suburb,af91c52,98fbeea — Patios & Alfresco / Paths & Pathways / Coloured & Decorative,EXISTING-APPROVED,optional,existing re-encoded media,Dry cracked ground surface; visible purpose: Patios & Alfresco,landscape,723:350,723x350,JPEG,dry-cracked-ground-1151.jpg,Dry cracked ground surface,no,D18/D20: remove unsupported geographic and geological assertion,yes — decorative/non-evidential only,1151,dry-cracked-ground-1151.jpg,retain current generic placement,none,no,page_id=474; widget_type=image-box; setting=image; decorative; permission=pipeline-permitted in derivative; source_geographic_claim=none in permitted derivative; project_claim=no; can be removed without loss of page meaning; derivative_slot=present
IMG-0067,Wave 1,concreters-oran-park,suburb,e6c2ed7,98fbeea — Patios & Alfresco / Paths & Pathways / Coloured & Decorative,BLOCKED-PENDING-VERDICT,optional,existing re-encoded media,Aerial landscaped park surrounded by housing; visible purpose: Paths & Pathways,landscape,623:471,623x471,JPEG,aerial-suburban-park-and-housing-1152.jpg,Aerial view of a landscaped park surrounded by housing,no,"No Camden/NSW provenance in repository; original Victorian filename is provenance of source, not NSW provenance",yes only if owner records GENERIC,1152,mount-annan-established-housing-1152.jpg,owner records verdict; audit recommends GENERIC; transformer then regenerates derivative,record explicit GENERIC (or another supported verdict) in worksheet; OK additionally needs documentary provenance,yes — Band A public-media gate,"page_id=474; widget_type=image-box; setting=image; geographic-claim-bearing in source; decorative only if owner selects GENERIC; permission=HOLD; absent from derivative and public media; source_geographic_claim=Filename and alt assert established housing in Mount Annan, NSW.; project_claim=yes; can be removed without loss of page meaning; derivative_slot=absent"
IMG-0068,Wave 1,concreters-oran-park,suburb,d06ebf3,98fbeea — Patios & Alfresco / Paths & Pathways / Coloured & Decorative,EXISTING-APPROVED,optional,existing re-encoded media,Dry cracked ground surface; visible purpose: Coloured & Decorative,landscape,723:350,723x350,JPEG,dry-cracked-ground-1151.jpg,Dry cracked ground surface,no,D18/D20: remove unsupported geographic and geological assertion,yes — decorative/non-evidential only,1151,dry-cracked-ground-1151.jpg,retain current generic placement,none,no,page_id=474; widget_type=image-box; setting=image; decorative; permission=pipeline-permitted in derivative; source_geographic_claim=none in permitted derivative; project_claim=no; can be removed without loss of page meaning; derivative_slot=present
IMG-0069,Wave 1,concreters-oran-park,suburb,af8ef50,40d980a — Wianamatta clay and engineered fill,EXISTING-APPROVED,optional,existing re-encoded media,Concrete vehicle crossing between a kerb and property boundary; visible purpose: Wianamatta clay and engineered fill,landscape,767:383,767x383,JPEG,concrete-vehicle-crossing-1153.jpg,Concrete vehicle crossing between a kerb and property boundary,no,D24/D20: remove unsupported Camden council/location assertion,yes — decorative/non-evidential only,1153,concrete-vehicle-crossing-1153.jpg,retain current generic placement,none,no,page_id=474; widget_type=image; setting=image; decorative; permission=pipeline-permitted in derivative; source_geographic_claim=none in permitted derivative; project_claim=no; can be removed without loss of page meaning; derivative_slot=present
IMG-0070,Wave 1,concreters-oran-park,suburb,2eb88ab,77cc745 — How we prepare the ground in Oran Park,BLOCKED-PENDING-VERDICT,optional,existing re-encoded media,Dark concrete driveway crossing; visible purpose: How we prepare the ground in Oran Park,landscape,101:76,505x380,JPEG,dark-concrete-driveway-crossing-1185.jpg,Dark concrete driveway crossing between a kerb and property,no,"No Camden/NSW provenance in repository; original Victorian filename is provenance of source, not NSW provenance",yes only if owner records GENERIC,1185,council-crossing-south-west-sydney-1185.jpg,owner records verdict; audit recommends GENERIC; transformer then regenerates derivative,record explicit GENERIC (or another supported verdict) in worksheet; OK additionally needs documentary provenance,yes — Band A public-media gate,page_id=474; widget_type=image; setting=image; geographic-claim-bearing in source; decorative only if owner selects GENERIC; permission=HOLD; absent from derivative and public media; source_geographic_claim=Filename and alt assert a council crossing in South West Sydney.; project_claim=yes; can be removed without loss of page meaning; derivative_slot=absent
IMG-0071,Wave 1,concreters-oran-park,suburb,0ca264b,"8d1059a — Levels, falls and where the water goes",BLOCKED-PENDING-VERDICT,optional,existing re-encoded media,"Modern commercial building with concrete hardstand; visible purpose: Levels, falls and where the water goes",landscape,964:543,964x543,WebP,commercial-building-concrete-hardstand-1186.webp,Modern commercial building with a concrete hardstand,no,"No Camden/NSW provenance in repository; original Victorian filename is provenance of source, not NSW provenance",yes only if owner records GENERIC,1186,gregory-hills-commercial-concreting-1186.webp,owner records verdict; audit recommends GENERIC; transformer then regenerates derivative,record explicit GENERIC (or another supported verdict) in worksheet; OK additionally needs documentary provenance,yes — Band A public-media gate,"page_id=474; widget_type=image; setting=image; geographic-claim-bearing in source; decorative only if owner selects GENERIC; permission=HOLD; absent from derivative and public media; source_geographic_claim=Filename and alt assert commercial concreting in Gregory Hills, NSW.; project_claim=yes; can be removed without loss of page meaning; derivative_slot=absent"
IMG-0072,Wave 1,concreters-oran-park,suburb,7bcc8c0,a599284 — Camden Council crossovers in Oran Park,BLOCKED-PENDING-VERDICT,optional,existing re-encoded media,Estate playground with prominent M locality branding; no concrete subject; visible purpose: Camden Council crossovers in Oran Park,landscape,79:38,632x304,JPEG,,remove with slot if UNUSABLE; no local alt is permitted without provenance,no,"No Camden/NSW provenance in repository; original Victorian filename is provenance of source, not NSW provenance",no — recommended UNUSABLE,1187,leppington-new-estates-1187.jpg,owner records verdict; audit recommends UNUSABLE; transformer then regenerates derivative,record explicit UNUSABLE (or another supported verdict) in worksheet; OK additionally needs documentary provenance,yes — Band A public-media gate,"page_id=474; widget_type=image; setting=image; geographic-claim-bearing in source; decorative only if owner selects GENERIC; permission=HOLD; absent from derivative and public media; source_geographic_claim=Filename and alt assert new estates in Leppington, NSW.; project_claim=yes; can be removed without loss of page meaning; derivative_slot=absent"
IMG-0073,Wave 1,concreters-oran-park,suburb,0424a72,36efc778 — Untitled Elementor section,OPTIONAL-REMOVE,optional,existing re-encoded media,Dry cracked ground surface; visible purpose: Untitled Elementor section,landscape,723:350,723x350,JPEG,dry-cracked-ground-1188.jpg,Dry cracked ground surface,no,D32: no Camden projects; remove evidential module,no in this evidential placement,1188,reactive-clay-concreter-1-camden-1188.jpg,keep the D32 section removed; do not source a substitute,none,no,page_id=474; widget_type=image; setting=image; evidential local-project/gallery module; permission=slot removed from derivative; source_geographic_claim=none in permitted derivative; project_claim=yes; can be removed without loss of page meaning; derivative_slot=absent
IMG-0074,Wave 1,concreters-oran-park,suburb,4195f9b,36efc778 — Untitled Elementor section,OPTIONAL-REMOVE,optional,existing re-encoded media,Shrinkage cracks; visible purpose: Untitled Elementor section,landscape,489:368,489x368,JPEG,shrinkage-cracks-1230.jpg,Shrinkage cracks,no,D32: no Camden projects; remove evidential module,no in this evidential placement,1230,shrinkage-cracks-camden-1230.jpg,keep the D32 section removed; do not source a substitute,none,no,page_id=474; widget_type=image; setting=image; evidential local-project/gallery module; permission=slot removed from derivative; source_geographic_claim=none in permitted derivative; project_claim=yes; can be removed without loss of page meaning; derivative_slot=absent
IMG-0075,Wave 1,concreters-oran-park,suburb,e5f56c0,36efc778 — Untitled Elementor section,OPTIONAL-REMOVE,optional,existing re-encoded media,Settlement cracks; visible purpose: Untitled Elementor section,landscape,627:469,627x469,JPEG,settlement-cracks-1231.jpg,Settlement cracks,no,D32: no Camden projects; remove evidential module,no in this evidential placement,1231,settlement-cracks-camden-1231.jpg,keep the D32 section removed; do not source a substitute,none,no,page_id=474; widget_type=image; setting=image; evidential local-project/gallery module; permission=slot removed from derivative; source_geographic_claim=none in permitted derivative; project_claim=yes; can be removed without loss of page meaning; derivative_slot=absent
IMG-0076,Wave 1,decorative-concrete-south-west-sydney,service,1ec60b61,233a84b9 — Site assessment for decorative concrete,EXISTING-APPROVED,optional,existing re-encoded media,Concrete sealing; visible purpose: Site assessment for decorative concrete,landscape,723:400,723x400,JPEG,concrete-sealing-1345.jpg,Concrete sealing,no,D24/D20 naming-convention reversal,yes — decorative/non-evidential only,1345,concrete-sealing-1345.jpg,retain current generic placement,none,no,page_id=922; widget_type=image; setting=image; decorative; permission=pipeline-permitted in derivative; source_geographic_claim=none in permitted derivative; project_claim=no; can be removed without loss of page meaning; derivative_slot=present
IMG-0077,Wave 1,decorative-concrete-south-west-sydney,service,262de5b8,44a7b27a — Ground support for decorative concrete,EXISTING-APPROVED,optional,existing re-encoded media,Concrete driveway cracks; visible purpose: Ground support for decorative concrete,landscape,125:94,625x470,JPEG,concrete-driveway-cracks-1359.jpg,Concrete driveway cracks,no,D24/D20 naming-convention reversal,yes — decorative/non-evidential only,1359,concrete-driveway-cracks-1359.jpg,retain current generic placement,none,no,page_id=922; widget_type=image; setting=image; decorative; permission=pipeline-permitted in derivative; source_geographic_claim=none in permitted derivative; project_claim=no; can be removed without loss of page meaning; derivative_slot=present
IMG-0078,Wave 1,decorative-concrete-south-west-sydney,service,49a81d78,694d2e10 — Reinforcement for decorative concrete,EXISTING-APPROVED,optional,existing re-encoded media,Concrete driveway cracks 1; visible purpose: Reinforcement for decorative concrete,landscape,125:94,625x470,JPEG,concrete-driveway-cracks-1-1361.jpg,Concrete driveway cracks 1,no,D24/D20 naming-convention reversal,yes — decorative/non-evidential only,1361,concrete-driveway-cracks-1-1361.jpg,retain current generic placement,none,no,page_id=922; widget_type=image; setting=image; decorative; permission=pipeline-permitted in derivative; source_geographic_claim=none in permitted derivative; project_claim=no; can be removed without loss of page meaning; derivative_slot=present
IMG-0079,Wave 1,decorative-concrete-south-west-sydney,service,2cdfdf10,13f08e68 — Finished levels for decorative concrete,EXISTING-APPROVED,optional,existing re-encoded media,Concrete driveway cracks 2; visible purpose: Finished levels for decorative concrete,landscape,125:94,625x470,JPEG,concrete-driveway-cracks-2-1362.jpg,Concrete driveway cracks 2,no,D24/D20 naming-convention reversal,yes — decorative/non-evidential only,1362,concrete-driveway-cracks-2-1362.jpg,retain current generic placement,none,no,page_id=922; widget_type=image; setting=image; decorative; permission=pipeline-permitted in derivative; source_geographic_claim=none in permitted derivative; project_claim=no; can be removed without loss of page meaning; derivative_slot=present
IMG-0080,Wave 1,decorative-concrete-south-west-sydney,service,0864f76,ee13d2f — Council requirements for decorative concrete,EXISTING-APPROVED,optional,existing re-encoded media,Concrete project detail; visible purpose: Council requirements for decorative concrete,landscape,1411:1098,1411x1098,JPEG,concrete-project-detail-17.jpg,Concrete project detail,no,D24/D20 naming-convention reversal,yes — decorative/non-evidential only,17,concrete-project-detail-17.jpg,retain current generic placement,none,no,page_id=922; widget_type=image; setting=image; decorative; permission=pipeline-permitted in derivative; source_geographic_claim=none in permitted derivative; project_claim=no; can be removed without loss of page meaning; derivative_slot=present
IMG-0081,Wave 1,concreters-gregory-hills,suburb,7c2526d7,7c2526d7 — Concreters Gregory Hills,EXISTING-APPROVED,optional,existing re-encoded media,Exposed aggregate concrete; visible purpose: Concreters Gregory Hills,square,1:1,2007x2007,JPEG,exposed-aggregate-concrete-50.jpg,Exposed aggregate concrete,no,D24/D20 naming-convention reversal,yes — decorative/non-evidential only,50,exposed-aggregate-concrete-50.jpg,retain current generic placement,none,no,page_id=969; widget_type=container; setting=background_image; decorative; permission=pipeline-permitted in derivative; source_geographic_claim=none in permitted derivative; project_claim=no; can be removed without loss of page meaning; derivative_slot=present
IMG-0082,Wave 1,concreters-gregory-hills,suburb,a86c195,9e36728 — Concrete Driveways / Concrete Slabs / Exposed Aggregate,EXISTING-APPROVED,optional,existing re-encoded media,Shrinkage cracks; visible purpose: Concrete Driveways,landscape,489:368,489x368,JPEG,shrinkage-cracks-1230.jpg,Shrinkage cracks,no,D24/D20 naming-convention reversal,yes — decorative/non-evidential only,1230,shrinkage-cracks-1230.jpg,retain current generic placement,none,no,page_id=969; widget_type=image-box; setting=image; decorative; permission=pipeline-permitted in derivative; source_geographic_claim=none in permitted derivative; project_claim=no; can be removed without loss of page meaning; derivative_slot=present
IMG-0083,Wave 1,concreters-gregory-hills,suburb,516941f,9e36728 — Concrete Driveways / Concrete Slabs / Exposed Aggregate,EXISTING-APPROVED,optional,existing re-encoded media,Settlement cracks; visible purpose: Concrete Slabs,landscape,627:469,627x469,JPEG,settlement-cracks-1231.jpg,Settlement cracks,no,D24/D20 naming-convention reversal,yes — decorative/non-evidential only,1231,settlement-cracks-1231.jpg,retain current generic placement,none,no,page_id=969; widget_type=image-box; setting=image; decorative; permission=pipeline-permitted in derivative; source_geographic_claim=none in permitted derivative; project_claim=no; can be removed without loss of page meaning; derivative_slot=present
IMG-0084,Wave 1,concreters-gregory-hills,suburb,f36a8f3,9e36728 — Concrete Driveways / Concrete Slabs / Exposed Aggregate,EXISTING-APPROVED,optional,existing re-encoded media,Heave cracks; visible purpose: Exposed Aggregate,landscape,229:143,687x429,JPEG,heave-cracks-1232.jpg,Heave cracks,no,D24/D20 naming-convention reversal,yes — decorative/non-evidential only,1232,heave-cracks-1232.jpg,retain current generic placement,none,no,page_id=969; widget_type=image-box; setting=image; decorative; permission=pipeline-permitted in derivative; source_geographic_claim=none in permitted derivative; project_claim=no; can be removed without loss of page meaning; derivative_slot=present
IMG-0085,Wave 1,concreters-gregory-hills,suburb,af91c52,98fbeea — Patios & Alfresco / Paths & Pathways / Coloured & Decorative,EXISTING-APPROVED,optional,existing re-encoded media,Structural cracks; visible purpose: Patios & Alfresco,landscape,649:454,649x454,JPEG,structural-cracks-1233.jpg,Structural cracks,no,D24/D20 naming-convention reversal,yes — decorative/non-evidential only,1233,structural-cracks-1233.jpg,retain current generic placement,none,no,page_id=969; widget_type=image-box; setting=image; decorative; permission=pipeline-permitted in derivative; source_geographic_claim=none in permitted derivative; project_claim=no; can be removed without loss of page meaning; derivative_slot=present
IMG-0086,Wave 1,concreters-gregory-hills,suburb,e6c2ed7,98fbeea — Patios & Alfresco / Paths & Pathways / Coloured & Decorative,EXISTING-APPROVED,optional,existing re-encoded media,Concrete sealing; visible purpose: Paths & Pathways,landscape,723:400,723x400,JPEG,concrete-sealing-1345.jpg,Concrete sealing,no,D24/D20 naming-convention reversal,yes — decorative/non-evidential only,1345,concrete-sealing-1345.jpg,retain current generic placement,none,no,page_id=969; widget_type=image-box; setting=image; decorative; permission=pipeline-permitted in derivative; source_geographic_claim=none in permitted derivative; project_claim=no; can be removed without loss of page meaning; derivative_slot=present
IMG-0087,Wave 1,concreters-gregory-hills,suburb,d06ebf3,98fbeea — Patios & Alfresco / Paths & Pathways / Coloured & Decorative,EXISTING-APPROVED,optional,existing re-encoded media,Structural cracks; visible purpose: Coloured & Decorative,landscape,649:454,649x454,JPEG,structural-cracks-1233.jpg,Structural cracks,no,D24/D20 naming-convention reversal,yes — decorative/non-evidential only,1233,structural-cracks-1233.jpg,retain current generic placement,none,no,page_id=969; widget_type=image-box; setting=image; decorative; permission=pipeline-permitted in derivative; source_geographic_claim=none in permitted derivative; project_claim=no; can be removed without loss of page meaning; derivative_slot=present
IMG-0088,Wave 1,concreters-gregory-hills,suburb,af8ef50,40d980a — Ground conditions in Gregory Hills,EXISTING-APPROVED,optional,existing re-encoded media,Concrete driveway cracks; visible purpose: Ground conditions in Gregory Hills,landscape,125:94,625x470,JPEG,concrete-driveway-cracks-1359.jpg,Concrete driveway cracks,no,D24/D20 naming-convention reversal,yes — decorative/non-evidential only,1359,concrete-driveway-cracks-1359.jpg,retain current generic placement,none,no,page_id=969; widget_type=image; setting=image; decorative; permission=pipeline-permitted in derivative; source_geographic_claim=none in permitted derivative; project_claim=no; can be removed without loss of page meaning; derivative_slot=present
IMG-0089,Wave 1,concreters-gregory-hills,suburb,2eb88ab,77cc745 — Preparing a pour in Gregory Hills,EXISTING-APPROVED,optional,existing re-encoded media,Concrete driveway cracks 1; visible purpose: Preparing a pour in Gregory Hills,landscape,125:94,625x470,JPEG,concrete-driveway-cracks-1-1361.jpg,Concrete driveway cracks 1,no,D24/D20 naming-convention reversal,yes — decorative/non-evidential only,1361,concrete-driveway-cracks-1-1361.jpg,retain current generic placement,none,no,page_id=969; widget_type=image; setting=image; decorative; permission=pipeline-permitted in derivative; source_geographic_claim=none in permitted derivative; project_claim=no; can be removed without loss of page meaning; derivative_slot=present
IMG-0090,Wave 1,concreters-gregory-hills,suburb,0ca264b,8d1059a — Levels and water movement in Gregory Hills,EXISTING-APPROVED,optional,existing re-encoded media,Concrete driveway cracks 2; visible purpose: Levels and water movement in Gregory Hills,landscape,125:94,625x470,JPEG,concrete-driveway-cracks-2-1362.jpg,Concrete driveway cracks 2,no,D24/D20 naming-convention reversal,yes — decorative/non-evidential only,1362,concrete-driveway-cracks-2-1362.jpg,retain current generic placement,none,no,page_id=969; widget_type=image; setting=image; decorative; permission=pipeline-permitted in derivative; source_geographic_claim=none in permitted derivative; project_claim=no; can be removed without loss of page meaning; derivative_slot=present
IMG-0091,Wave 1,concreters-gregory-hills,suburb,7bcc8c0,a599284 — Driveway approvals for Gregory Hills,EXISTING-APPROVED,optional,existing re-encoded media,Concrete project detail; visible purpose: Driveway approvals for Gregory Hills,landscape,1411:1098,1411x1098,JPEG,concrete-project-detail-17.jpg,Concrete project detail,no,D24/D20 naming-convention reversal,yes — decorative/non-evidential only,17,concrete-project-detail-17.jpg,retain current generic placement,none,no,page_id=969; widget_type=image; setting=image; decorative; permission=pipeline-permitted in derivative; source_geographic_claim=none in permitted derivative; project_claim=no; can be removed without loss of page meaning; derivative_slot=present
IMG-0092,Wave 1,concreters-gregory-hills,suburb,0424a72,36efc778 — Untitled Elementor section,OPTIONAL-REMOVE,optional,existing re-encoded media,Concrete project detail; visible purpose: Untitled Elementor section,landscape,1411:941,1411x941,JPEG,concrete-project-detail-18.jpg,Concrete project detail,no,D32: no Camden projects; remove evidential module,no in this evidential placement,18,concrete-project-detail-camden-18.jpg,keep the D32 section removed; do not source a substitute,none,no,page_id=969; widget_type=image; setting=image; evidential local-project/gallery module; permission=slot removed from derivative; source_geographic_claim=none in permitted derivative; project_claim=yes; can be removed without loss of page meaning; derivative_slot=absent
IMG-0093,Wave 1,concreters-gregory-hills,suburb,4195f9b,36efc778 — Untitled Elementor section,OPTIONAL-REMOVE,optional,existing re-encoded media,Concrete project detail; visible purpose: Untitled Elementor section,landscape,1411:941,1411x941,JPEG,concrete-project-detail-19.jpg,Concrete project detail,no,D32: no Camden projects; remove evidential module,no in this evidential placement,19,concrete-project-detail-camden-19.jpg,keep the D32 section removed; do not source a substitute,none,no,page_id=969; widget_type=image; setting=image; evidential local-project/gallery module; permission=slot removed from derivative; source_geographic_claim=none in permitted derivative; project_claim=yes; can be removed without loss of page meaning; derivative_slot=absent
IMG-0094,Wave 1,concreters-gregory-hills,suburb,e5f56c0,36efc778 — Untitled Elementor section,OPTIONAL-REMOVE,optional,existing re-encoded media,Exposed aggregate paths leading to a home's front entry; visible purpose: Untitled Elementor section,landscape,82:61,820x610,WebP,exposed-aggregate-front-paths-46.webp,Exposed aggregate paths leading to a home's front entry,no,D32: no Camden projects; remove evidential module,no in this evidential placement,46,concrete-tesimonial-4-camden-46.webp,keep the D32 section removed; do not source a substitute,none,no,page_id=969; widget_type=image; setting=image; evidential local-project/gallery module; permission=slot removed from derivative; source_geographic_claim=none in permitted derivative; project_claim=yes; can be removed without loss of page meaning; derivative_slot=absent
IMG-0095,Wave 1,concreters-harrington-park,suburb,7c2526d7,7c2526d7 — Concreters Harrington Park,EXISTING-APPROVED,optional,existing re-encoded media,Exposed aggregate concrete; visible purpose: Concreters Harrington Park,square,1:1,2007x2007,JPEG,exposed-aggregate-concrete-50.jpg,Exposed aggregate concrete,no,D24/D20 naming-convention reversal,yes — decorative/non-evidential only,50,exposed-aggregate-concrete-50.jpg,retain current generic placement,none,no,page_id=1126; widget_type=container; setting=background_image; decorative; permission=pipeline-permitted in derivative; source_geographic_claim=none in permitted derivative; project_claim=no; can be removed without loss of page meaning; derivative_slot=present
IMG-0096,Wave 1,concreters-harrington-park,suburb,a86c195,9e36728 — Concrete Driveways in Harrington Park / Concrete Slabs in Harrington Park / Exposed Aggregate in Harrington Park,EXISTING-APPROVED,optional,existing re-encoded media,Freshly poured concrete slab beside a two-storey home; visible purpose: Concrete Driveways in Harrington Park,landscape,1103:812,1103x812,WebP,fresh-concrete-backyard-slab-47.webp,Freshly poured concrete slab beside a two-storey home,no,owner-recorded Band B verdict; build/45-media-remediation.csv,yes — decorative/non-evidential only,47,fresh-concrete-backyard-slab-47.webp,retain current generic placement,none,no,page_id=1126; widget_type=image-box; setting=image; decorative; permission=pipeline-permitted in derivative; source_geographic_claim=none in permitted derivative; project_claim=no; can be removed without loss of page meaning; derivative_slot=present
IMG-0097,Wave 1,concreters-harrington-park,suburb,516941f,9e36728 — Concrete Driveways in Harrington Park / Concrete Slabs in Harrington Park / Exposed Aggregate in Harrington Park,EXISTING-APPROVED,optional,existing re-encoded media,Exposed aggregate driveway leading to a carport; visible purpose: Concrete Slabs in Harrington Park,landscape,1333:751,1333x751,WebP,exposed-aggregate-residential-driveway-48.webp,Exposed aggregate driveway leading to a carport,no,owner-recorded Band B verdict; build/45-media-remediation.csv,yes — decorative/non-evidential only,48,exposed-aggregate-residential-driveway-48.webp,retain current generic placement,none,no,page_id=1126; widget_type=image-box; setting=image; decorative; permission=pipeline-permitted in derivative; source_geographic_claim=none in permitted derivative; project_claim=no; can be removed without loss of page meaning; derivative_slot=present
IMG-0098,Wave 1,concreters-harrington-park,suburb,f36a8f3,9e36728 — Concrete Driveways in Harrington Park / Concrete Slabs in Harrington Park / Exposed Aggregate in Harrington Park,EXISTING-APPROVED,optional,existing re-encoded media,Freshly poured concrete beside a swimming pool; visible purpose: Exposed Aggregate in Harrington Park,landscape,1333:750,1333x750,WebP,fresh-concrete-pool-surround-49.webp,Freshly poured concrete beside a swimming pool,no,owner-recorded Band B verdict; build/45-media-remediation.csv,yes — decorative/non-evidential only,49,fresh-concrete-pool-surround-49.webp,retain current generic placement,none,no,page_id=1126; widget_type=image-box; setting=image; decorative; permission=pipeline-permitted in derivative; source_geographic_claim=none in permitted derivative; project_claim=no; can be removed without loss of page meaning; derivative_slot=present
IMG-0099,Wave 1,concreters-harrington-park,suburb,af91c52,98fbeea — Patios & Alfresco in Harrington Park / Paths & Pathways in Harrington Park / Coloured & Decorative in Harrington Park,EXISTING-APPROVED,optional,existing re-encoded media,Exposed aggregate concrete; visible purpose: Patios & Alfresco in Harrington Park,square,1:1,2007x2007,JPEG,exposed-aggregate-concrete-50.jpg,Exposed aggregate concrete,no,D24/D20 naming-convention reversal,yes — decorative/non-evidential only,50,exposed-aggregate-concrete-50.jpg,retain current generic placement,none,no,page_id=1126; widget_type=image-box; setting=image; decorative; permission=pipeline-permitted in derivative; source_geographic_claim=none in permitted derivative; project_claim=no; can be removed without loss of page meaning; derivative_slot=present
IMG-0100,Wave 1,concreters-harrington-park,suburb,e6c2ed7,98fbeea — Patios & Alfresco in Harrington Park / Paths & Pathways in Harrington Park / Coloured & Decorative in Harrington Park,EXISTING-APPROVED,optional,existing re-encoded media,Concrete stepping slabs laid through a garden; visible purpose: Paths & Pathways in Harrington Park,portrait,3:4,750x1000,WebP,concrete-stepping-slabs-garden-path-51.webp,Concrete stepping slabs laid through a garden,no,owner-recorded Band B verdict; build/45-media-remediation.csv,yes — decorative/non-evidential only,51,concrete-stepping-slabs-garden-path-51.webp,retain current generic placement,none,no,page_id=1126; widget_type=image-box; setting=image; decorative; permission=pipeline-permitted in derivative; source_geographic_claim=none in permitted derivative; project_claim=no; can be removed without loss of page meaning; derivative_slot=present
IMG-0101,Wave 1,concreters-harrington-park,suburb,d06ebf3,98fbeea — Patios & Alfresco in Harrington Park / Paths & Pathways in Harrington Park / Coloured & Decorative in Harrington Park,EXISTING-APPROVED,optional,existing re-encoded media,Exposed aggregate concrete; visible purpose: Coloured & Decorative in Harrington Park,square,1:1,2007x2007,JPEG,exposed-aggregate-concrete-50.jpg,Exposed aggregate concrete,no,D24/D20 naming-convention reversal,yes — decorative/non-evidential only,50,exposed-aggregate-concrete-50.jpg,retain current generic placement,none,no,page_id=1126; widget_type=image-box; setting=image; decorative; permission=pipeline-permitted in derivative; source_geographic_claim=none in permitted derivative; project_claim=no; can be removed without loss of page meaning; derivative_slot=present
IMG-0102,Wave 1,concreters-harrington-park,suburb,af8ef50,40d980a — Ground conditions in Harrington Park,EXISTING-APPROVED,optional,existing re-encoded media,Freshly poured concrete beside a swimming pool; visible purpose: Ground conditions in Harrington Park,landscape,1333:750,1333x750,WebP,fresh-concrete-pool-surround-52.webp,Freshly poured concrete beside a swimming pool,no,owner-recorded Band B verdict; build/45-media-remediation.csv,yes — decorative/non-evidential only,52,fresh-concrete-pool-surround-52.webp,retain current generic placement,none,no,page_id=1126; widget_type=image; setting=image; decorative; permission=pipeline-permitted in derivative; source_geographic_claim=none in permitted derivative; project_claim=no; can be removed without loss of page meaning; derivative_slot=present
IMG-0103,Wave 1,concreters-harrington-park,suburb,2eb88ab,77cc745 — Preparing a pour in Harrington Park,EXISTING-APPROVED,optional,existing re-encoded media,Patiosandpathways; visible purpose: Preparing a pour in Harrington Park,portrait,3:4,750x1000,WebP,patiosandpathways-53.webp,Patiosandpathways,no,D24/D20 naming-convention reversal,yes — decorative/non-evidential only,53,patiosandpathways-53.webp,retain current generic placement,none,no,page_id=1126; widget_type=image; setting=image; decorative; permission=pipeline-permitted in derivative; source_geographic_claim=none in permitted derivative; project_claim=no; can be removed without loss of page meaning; derivative_slot=present
IMG-0104,Wave 1,concreters-harrington-park,suburb,0ca264b,8d1059a — Levels and water movement in Harrington Park,EXISTING-APPROVED,optional,existing re-encoded media,Coloured detailed concrete; visible purpose: Levels and water movement in Harrington Park,landscape,649:454,649x454,JPEG,coloured-detailed-concrete-54.jpg,Coloured detailed concrete,no,D24/D20 naming-convention reversal,yes — decorative/non-evidential only,54,coloured-detailed-concrete-54.jpg,retain current generic placement,none,no,page_id=1126; widget_type=image; setting=image; decorative; permission=pipeline-permitted in derivative; source_geographic_claim=none in permitted derivative; project_claim=no; can be removed without loss of page meaning; derivative_slot=present
IMG-0105,Wave 1,concreters-harrington-park,suburb,7bcc8c0,a599284 — Driveway approvals for Harrington Park,EXISTING-APPROVED,optional,existing re-encoded media,Patiosconcrete; visible purpose: Driveway approvals for Harrington Park,landscape,637:425,1274x850,JPEG,patiosconcrete-55.jpg,Patiosconcrete,no,D24/D20 naming-convention reversal,yes — decorative/non-evidential only,55,patiosconcrete-55.jpg,retain current generic placement,none,no,page_id=1126; widget_type=image; setting=image; decorative; permission=pipeline-permitted in derivative; source_geographic_claim=none in permitted derivative; project_claim=no; can be removed without loss of page meaning; derivative_slot=present
IMG-0106,Wave 1,concreters-harrington-park,suburb,0424a72,36efc778 — Untitled Elementor section,OPTIONAL-REMOVE,optional,existing re-encoded media,Reinforcedheavydutyconcrete; visible purpose: Untitled Elementor section,portrait,3:4,750x1000,WebP,reinforcedheavydutyconcrete-121.webp,Reinforcedheavydutyconcrete,no,D32: no Camden projects; remove evidential module,no in this evidential placement,121,reinforcedheavydutyconcrete-camden-121.webp,keep the D32 section removed; do not source a substitute,none,no,page_id=1126; widget_type=image; setting=image; evidential local-project/gallery module; permission=slot removed from derivative; source_geographic_claim=none in permitted derivative; project_claim=yes; can be removed without loss of page meaning; derivative_slot=absent
IMG-0107,Wave 1,concreters-harrington-park,suburb,4195f9b,36efc778 — Untitled Elementor section,OPTIONAL-REMOVE,optional,existing re-encoded media,Paths and pathwaysconcrete; visible purpose: Untitled Elementor section,portrait,196:261,392x522,JPEG,paths-and-pathwaysconcrete-144.jpg,Paths and pathwaysconcrete,no,D32: no Camden projects; remove evidential module,no in this evidential placement,144,paths-and-pathwaysconcrete-camden-144.jpg,keep the D32 section removed; do not source a substitute,none,no,page_id=1126; widget_type=image; setting=image; evidential local-project/gallery module; permission=slot removed from derivative; source_geographic_claim=none in permitted derivative; project_claim=yes; can be removed without loss of page meaning; derivative_slot=absent
IMG-0108,Wave 1,concreters-harrington-park,suburb,e5f56c0,36efc778 — Untitled Elementor section,OPTIONAL-REMOVE,optional,existing re-encoded media,Patiosandalfrescoconcrete; visible purpose: Untitled Elementor section,portrait,391:491,391x491,JPEG,patiosandalfrescoconcrete-145.jpg,Patiosandalfrescoconcrete,no,D32: no Camden projects; remove evidential module,no in this evidential placement,145,patiosandalfrescoconcrete-camden-145.jpg,keep the D32 section removed; do not source a substitute,none,no,page_id=1126; widget_type=image; setting=image; evidential local-project/gallery module; permission=slot removed from derivative; source_geographic_claim=none in permitted derivative; project_claim=yes; can be removed without loss of page meaning; derivative_slot=absent
IMG-0109,Wave 1,concreters-austral,suburb,7c2526d7,7c2526d7 — Concreters Austral,EXISTING-APPROVED,optional,existing re-encoded media,Exposed aggregate concrete; visible purpose: Concreters Austral,square,1:1,2007x2007,JPEG,exposed-aggregate-concrete-50.jpg,Exposed aggregate concrete,no,D24/D20 naming-convention reversal,yes — decorative/non-evidential only,50,exposed-aggregate-concrete-50.jpg,retain current generic placement,none,no,page_id=1163; widget_type=container; setting=background_image; decorative; permission=pipeline-permitted in derivative; source_geographic_claim=none in permitted derivative; project_claim=no; can be removed without loss of page meaning; derivative_slot=present
IMG-0110,Wave 1,concreters-austral,suburb,a86c195,9e36728 — Concrete Driveways / Concrete Slabs / Exposed Aggregate,EXISTING-APPROVED,optional,existing re-encoded media,Coloured detailed concrete; visible purpose: Concrete Driveways,landscape,649:454,649x454,JPEG,coloured-detailed-concrete-54.jpg,Coloured detailed concrete,no,D24/D20 naming-convention reversal,yes — decorative/non-evidential only,54,coloured-detailed-concrete-54.jpg,retain current generic placement,none,no,page_id=1163; widget_type=image-box; setting=image; decorative; permission=pipeline-permitted in derivative; source_geographic_claim=none in permitted derivative; project_claim=no; can be removed without loss of page meaning; derivative_slot=present
IMG-0111,Wave 1,concreters-austral,suburb,516941f,9e36728 — Concrete Driveways / Concrete Slabs / Exposed Aggregate,EXISTING-APPROVED,optional,existing re-encoded media,Patiosconcrete; visible purpose: Concrete Slabs,landscape,637:425,1274x850,JPEG,patiosconcrete-55.jpg,Patiosconcrete,no,D24/D20 naming-convention reversal,yes — decorative/non-evidential only,55,patiosconcrete-55.jpg,retain current generic placement,none,no,page_id=1163; widget_type=image-box; setting=image; decorative; permission=pipeline-permitted in derivative; source_geographic_claim=none in permitted derivative; project_claim=no; can be removed without loss of page meaning; derivative_slot=present
IMG-0112,Wave 1,concreters-austral,suburb,f36a8f3,9e36728 — Concrete Driveways / Concrete Slabs / Exposed Aggregate,EXISTING-APPROVED,optional,existing re-encoded media,Reinforcedheavydutyconcrete; visible purpose: Exposed Aggregate,portrait,3:4,750x1000,WebP,reinforcedheavydutyconcrete-121.webp,Reinforcedheavydutyconcrete,no,D24/D20 naming-convention reversal,yes — decorative/non-evidential only,121,reinforcedheavydutyconcrete-121.webp,retain current generic placement,none,no,page_id=1163; widget_type=image-box; setting=image; decorative; permission=pipeline-permitted in derivative; source_geographic_claim=none in permitted derivative; project_claim=no; can be removed without loss of page meaning; derivative_slot=present
IMG-0113,Wave 1,concreters-austral,suburb,af91c52,98fbeea — Patios & Alfresco / Paths & Pathways / Coloured & Decorative,EXISTING-APPROVED,optional,existing re-encoded media,Paths and pathwaysconcrete; visible purpose: Patios & Alfresco,portrait,196:261,392x522,JPEG,paths-and-pathwaysconcrete-144.jpg,Paths and pathwaysconcrete,no,D24/D20 naming-convention reversal,yes — decorative/non-evidential only,144,paths-and-pathwaysconcrete-144.jpg,retain current generic placement,none,no,page_id=1163; widget_type=image-box; setting=image; decorative; permission=pipeline-permitted in derivative; source_geographic_claim=none in permitted derivative; project_claim=no; can be removed without loss of page meaning; derivative_slot=present
IMG-0114,Wave 1,concreters-austral,suburb,e6c2ed7,98fbeea — Patios & Alfresco / Paths & Pathways / Coloured & Decorative,EXISTING-APPROVED,optional,existing re-encoded media,Patiosandalfrescoconcrete; visible purpose: Paths & Pathways,portrait,391:491,391x491,JPEG,patiosandalfrescoconcrete-145.jpg,Patiosandalfrescoconcrete,no,D24/D20 naming-convention reversal,yes — decorative/non-evidential only,145,patiosandalfrescoconcrete-145.jpg,retain current generic placement,none,no,page_id=1163; widget_type=image-box; setting=image; decorative; permission=pipeline-permitted in derivative; source_geographic_claim=none in permitted derivative; project_claim=no; can be removed without loss of page meaning; derivative_slot=present
IMG-0115,Wave 1,concreters-austral,suburb,d06ebf3,98fbeea — Patios & Alfresco / Paths & Pathways / Coloured & Decorative,EXISTING-APPROVED,optional,existing re-encoded media,Paths and pathwaysconcrete; visible purpose: Coloured & Decorative,portrait,196:261,392x522,JPEG,paths-and-pathwaysconcrete-144.jpg,Paths and pathwaysconcrete,no,D24/D20 naming-convention reversal,yes — decorative/non-evidential only,144,paths-and-pathwaysconcrete-144.jpg,retain current generic placement,none,no,page_id=1163; widget_type=image-box; setting=image; decorative; permission=pipeline-permitted in derivative; source_geographic_claim=none in permitted derivative; project_claim=no; can be removed without loss of page meaning; derivative_slot=present
IMG-0116,Wave 1,concreters-austral,suburb,af8ef50,40d980a — Ground conditions in Austral,EXISTING-APPROVED,optional,existing re-encoded media,Concretepoolsurronds; visible purpose: Ground conditions in Austral,landscape,2509:1882,2509x1882,JPEG,concretepoolsurronds-146.jpg,Concretepoolsurronds,no,D24/D20 naming-convention reversal,yes — decorative/non-evidential only,146,concretepoolsurronds-146.jpg,retain current generic placement,none,no,page_id=1163; widget_type=image; setting=image; decorative; permission=pipeline-permitted in derivative; source_geographic_claim=none in permitted derivative; project_claim=no; can be removed without loss of page meaning; derivative_slot=present
IMG-0117,Wave 1,concreters-austral,suburb,2eb88ab,77cc745 — Preparing a pour in Austral,EXISTING-APPROVED,optional,existing re-encoded media,Shedslabconcrete; visible purpose: Preparing a pour in Austral,landscape,627:470,627x470,JPEG,shedslabconcrete-166.jpg,Shedslabconcrete,no,D24/D20 naming-convention reversal,yes — decorative/non-evidential only,166,shedslabconcrete-166.jpg,retain current generic placement,none,no,page_id=1163; widget_type=image; setting=image; decorative; permission=pipeline-permitted in derivative; source_geographic_claim=none in permitted derivative; project_claim=no; can be removed without loss of page meaning; derivative_slot=present
IMG-0118,Wave 1,concreters-austral,suburb,0ca264b,8d1059a — Levels and water movement in Austral,EXISTING-APPROVED,optional,existing re-encoded media,Garage slabs concrete; visible purpose: Levels and water movement in Austral,landscape,665:443,665x443,JPEG,garage-slabs-concrete-167.jpg,Garage slabs concrete,no,D24/D20 naming-convention reversal,yes — decorative/non-evidential only,167,garage-slabs-concrete-167.jpg,retain current generic placement,none,no,page_id=1163; widget_type=image; setting=image; decorative; permission=pipeline-permitted in derivative; source_geographic_claim=none in permitted derivative; project_claim=no; can be removed without loss of page meaning; derivative_slot=present
IMG-0119,Wave 1,concreters-austral,suburb,7bcc8c0,a599284 — Driveway approvals for Austral,EXISTING-APPROVED,optional,existing re-encoded media,Extension and floor slabs concrete; visible purpose: Driveway approvals for Austral,square,1:1,438x438,JPEG,extension-and-floor-slabs-concrete-168.jpg,Extension and floor slabs concrete,no,D24/D20 naming-convention reversal,yes — decorative/non-evidential only,168,extension-and-floor-slabs-concrete-168.jpg,retain current generic placement,none,no,page_id=1163; widget_type=image; setting=image; decorative; permission=pipeline-permitted in derivative; source_geographic_claim=none in permitted derivative; project_claim=no; can be removed without loss of page meaning; derivative_slot=present
IMG-0120,Wave 1,concreters-austral,suburb,0424a72,36efc778 — Untitled Elementor section,OPTIONAL-REMOVE,optional,existing re-encoded media,Side access paths concrete; visible purpose: Untitled Elementor section,portrait,391:491,391x491,JPEG,side-access-paths-concrete-181.jpg,Side access paths concrete,no,D32: no Camden projects; remove evidential module,no in this evidential placement,181,side-access-paths-concrete-camden-181.jpg,keep the D32 section removed; do not source a substitute,none,no,page_id=1163; widget_type=image; setting=image; evidential local-project/gallery module; permission=slot removed from derivative; source_geographic_claim=none in permitted derivative; project_claim=yes; can be removed without loss of page meaning; derivative_slot=absent
IMG-0121,Wave 1,concreters-austral,suburb,4195f9b,36efc778 — Untitled Elementor section,OPTIONAL-REMOVE,optional,existing re-encoded media,Concrete garden paths and connecting paths concrete; visible purpose: Untitled Elementor section,landscape,627:470,627x470,JPEG,concrete-garden-paths-and-connecting-paths-concrete-182.jpg,Concrete garden paths and connecting paths concrete,no,D32: no Camden projects; remove evidential module,no in this evidential placement,182,concrete-garden-paths-and-connecting-paths-concrete-camden-182.jpg,keep the D32 section removed; do not source a substitute,none,no,page_id=1163; widget_type=image; setting=image; evidential local-project/gallery module; permission=slot removed from derivative; source_geographic_claim=none in permitted derivative; project_claim=yes; can be removed without loss of page meaning; derivative_slot=absent
IMG-0122,Wave 1,concreters-austral,suburb,e5f56c0,36efc778 — Untitled Elementor section,OPTIONAL-REMOVE,optional,existing re-encoded media,Front and entry paths concrete; visible purpose: Untitled Elementor section,landscape,587:571,587x571,JPEG,front-and-entry-paths-concrete-183.jpg,Front and entry paths concrete,no,D32: no Camden projects; remove evidential module,no in this evidential placement,183,front-and-entry-paths-concrete-camden-183.jpg,keep the D32 section removed; do not source a substitute,none,no,page_id=1163; widget_type=image; setting=image; evidential local-project/gallery module; permission=slot removed from derivative; source_geographic_claim=none in permitted derivative; project_claim=yes; can be removed without loss of page meaning; derivative_slot=absent
IMG-0123,Wave 1,quote,utility,57aaa4b2,74a0e8c9 — Untitled Elementor section,OWNER-BRAND,required,already supplied Structure Co brand pack,Structure Co horizontal wordmark; visible purpose: Untitled Elementor section,vector/adaptive,asset-native,SVG vector,SVG,structure-co-horizontal.svg,Structure Co Concreters Camden,no,D36 and source-inputs/brand/ supplied asset hashes,yes — same wordmark may serve every in-page logo slot,306,corex-concreters-camden-logo-306.png,replace retired E&T attachment with supplied Structure Co wordmark during authorised import,no new file; later approve rendered placement,yes for any page retaining this brand slot,page_id=1363; widget_type=image; setting=image; decorative; permission=retired attachment excluded; verified replacement already supplied; source_geographic_claim=none in permitted derivative; project_claim=no; can be removed without loss of page meaning; derivative_slot=absent
IMG-0124,conditional-minimum; Wave 1,about,utility,57aaa4b2,74a0e8c9 — Untitled Elementor section,OWNER-BRAND,required,already supplied Structure Co brand pack,Structure Co horizontal wordmark; visible purpose: Untitled Elementor section,vector/adaptive,asset-native,SVG vector,SVG,structure-co-horizontal.svg,Structure Co Concreters Camden,no,D36 and source-inputs/brand/ supplied asset hashes,yes — same wordmark may serve every in-page logo slot,306,corex-concreters-camden-logo-306.png,replace retired E&T attachment with supplied Structure Co wordmark during authorised import,no new file; later approve rendered placement,yes for any page retaining this brand slot,page_id=1364; widget_type=image; setting=image; decorative; permission=retired attachment excluded; verified replacement already supplied; source_geographic_claim=none in permitted derivative; project_claim=no; can be removed without loss of page meaning; derivative_slot=absent
IMG-0125,Wave 1,gallery,utility,57aaa4b2,74a0e8c9 — Untitled Elementor section,OWNER-BRAND,required,already supplied Structure Co brand pack,Structure Co horizontal wordmark; visible purpose: Untitled Elementor section,vector/adaptive,asset-native,SVG vector,SVG,structure-co-horizontal.svg,Structure Co Concreters Camden,no,D36 and source-inputs/brand/ supplied asset hashes,yes — same wordmark may serve every in-page logo slot,306,corex-concreters-camden-logo-306.png,replace retired E&T attachment with supplied Structure Co wordmark during authorised import,no new file; later approve rendered placement,yes for any page retaining this brand slot,page_id=1365; widget_type=image; setting=image; decorative; permission=retired attachment excluded; verified replacement already supplied; source_geographic_claim=none in permitted derivative; project_claim=no; can be removed without loss of page meaning; derivative_slot=absent
IMG-0126,Wave 1,concrete-driveway-replacement-south-west-sydney,service,fbc5b30,5140093 — Ground support for concrete driveway replacement,EXISTING-APPROVED,optional,existing re-encoded media,Backyard patio concreter; visible purpose: Ground support for concrete driveway replacement,landscape,4:3,784x588,JPEG,backyard-patio-concreter-227.jpg,Backyard patio concreter,no,D24/D20 naming-convention reversal,yes — decorative/non-evidential only,227,backyard-patio-concreter-227.jpg,retain current generic placement,none,no,page_id=1366; widget_type=image; setting=image; decorative; permission=pipeline-permitted in derivative; source_geographic_claim=none in permitted derivative; project_claim=no; can be removed without loss of page meaning; derivative_slot=present
IMG-0127,Wave 1,concrete-driveway-replacement-south-west-sydney,service,d91bcc2,f4f418c — Reinforcement for concrete driveway replacement,EXISTING-APPROVED,optional,existing re-encoded media,Freshly poured concrete slab along a side boundary; visible purpose: Reinforcement for concrete driveway replacement,landscape,125:94,625x470,JPEG,fresh-concrete-side-yard-slab-228.jpg,Freshly poured concrete slab along a side boundary,no,owner-recorded Band B verdict; build/45-media-remediation.csv,yes — decorative/non-evidential only,228,fresh-concrete-side-yard-slab-228.jpg,retain current generic placement,none,no,page_id=1366; widget_type=image; setting=image; decorative; permission=pipeline-permitted in derivative; source_geographic_claim=none in permitted derivative; project_claim=no; can be removed without loss of page meaning; derivative_slot=present
IMG-0128,Wave 1,concrete-driveway-replacement-south-west-sydney,service,104d481,b61f1c2 — Finished levels for concrete driveway replacement,OPTIONAL-REMOVE,optional,existing re-encoded media,Blank image-placeholder graphic; visible purpose: Finished levels for concrete driveway replacement,landscape,503:409,1006x818,JPEG,,not applicable — remove blank placeholder slot,no,pixel inspection of local binary; blank placeholder icon only,no,275,image-placeholder-hero-275.jpeg,remove this visual placeholder without replacement,none,no,"page_id=1366; widget_type=image; setting=image; decorative; permission=currently pipeline-permitted, but visually unusable; source_geographic_claim=none in permitted derivative; project_claim=no; can be removed without loss of page meaning; derivative_slot=present"
IMG-0129,Wave 1,concrete-driveway-replacement-south-west-sydney,service,620b9f2,a2970f7 — Council requirements for concrete driveway replacement,OPTIONAL-REMOVE,optional,existing re-encoded media,Blank image-placeholder graphic; visible purpose: Council requirements for concrete driveway replacement,landscape,836:421,836x421,JPEG,,not applicable — remove blank placeholder slot,no,pixel inspection of local binary; blank placeholder icon only,no,276,image-contact-1-276.jpg,remove this visual placeholder without replacement,none,no,"page_id=1366; widget_type=image; setting=image; decorative; permission=currently pipeline-permitted, but visually unusable; source_geographic_claim=none in permitted derivative; project_claim=no; can be removed without loss of page meaning; derivative_slot=present"
IMG-0130,Wave 1,concrete-driveway-replacement-south-west-sydney,service,015aff8,a32399d — Finish and curing for concrete driveway replacement,OPTIONAL-REMOVE,optional,existing re-encoded media,Blank image-placeholder graphic; visible purpose: Finish and curing for concrete driveway replacement,landscape,503:409,1006x818,JPEG,,not applicable — remove blank placeholder slot,no,pixel inspection of local binary; blank placeholder icon only,no,277,image-placeholder-hero-1-277.jpeg,remove this visual placeholder without replacement,none,no,"page_id=1366; widget_type=image; setting=image; decorative; permission=currently pipeline-permitted, but visually unusable; source_geographic_claim=none in permitted derivative; project_claim=no; can be removed without loss of page meaning; derivative_slot=present"
IMG-0131,Wave 1,concrete-driveway-replacement-south-west-sydney,service,5e63315,a32399d — Finish and curing for concrete driveway replacement,OPTIONAL-REMOVE,optional,existing re-encoded media,Blank image-placeholder graphic; visible purpose: Finish and curing for concrete driveway replacement,landscape,223:196,669x588,JPEG,,not applicable — remove blank placeholder slot,no,pixel inspection of local binary; blank placeholder icon only,no,278,image-placeholder-about-1-278.jpeg,remove this visual placeholder without replacement,none,no,"page_id=1366; widget_type=image; setting=image; decorative; permission=currently pipeline-permitted, but visually unusable; source_geographic_claim=none in permitted derivative; project_claim=no; can be removed without loss of page meaning; derivative_slot=present"
IMG-0132,Wave 1,concrete-driveway-replacement-south-west-sydney,service,7c2901e,a32399d — Finish and curing for concrete driveway replacement,OPTIONAL-REMOVE,optional,existing re-encoded media,Blank image-placeholder graphic; visible purpose: Finish and curing for concrete driveway replacement,landscape,223:196,669x588,JPEG,,not applicable — remove blank placeholder slot,no,pixel inspection of local binary; blank placeholder icon only,no,279,image-placeholder-about-279.jpeg,remove this visual placeholder without replacement,none,no,"page_id=1366; widget_type=image; setting=image; decorative; permission=currently pipeline-permitted, but visually unusable; source_geographic_claim=none in permitted derivative; project_claim=no; can be removed without loss of page meaning; derivative_slot=present"
IMG-0133,Wave 1,concrete-driveway-replacement-south-west-sydney,service,ae99959,a089da8 — Areas served for concrete driveway replacement,OPTIONAL-REMOVE,optional,existing re-encoded media,Image testemonials camden in the context of Concrete Driveway Replacement South West Sydney; visible purpose: Areas served for concrete driveway replacement,square,1:1,62x62,JPEG,,Describe only the visible subject; empty alt if purely decorative,no,owner-recorded Band B verdict; build/45-media-remediation.csv,no,280,image-testemonials-camden-280.jpeg,keep the prohibited asset and every direct slot removed; do not replace,none,no,page_id=1366; widget_type=image; setting=image; decorative; permission=asset excluded from public payload; source_geographic_claim=none in permitted derivative; project_claim=no; can be removed without loss of page meaning; derivative_slot=absent
IMG-0134,Wave 1,concrete-driveway-replacement-south-west-sydney,service,7886294,4b91b73 — Cost inputs for concrete driveway replacement / Questions about concrete driveway replacement,OPTIONAL-REMOVE,optional,existing re-encoded media,Blank image-placeholder graphic; visible purpose: Cost inputs for concrete driveway replacement / Questions about concrete driveway replacement,landscape,451:322,902x644,JPEG,,not applicable — remove blank placeholder slot,no,pixel inspection of local binary; blank placeholder icon only,no,323,about-2-hero-323.jpg,remove this visual placeholder without replacement,none,no,"page_id=1366; widget_type=image; setting=image; decorative; permission=currently pipeline-permitted, but visually unusable; source_geographic_claim=none in permitted derivative; project_claim=no; can be removed without loss of page meaning; derivative_slot=present"
IMG-0135,Wave 1,concrete-driveway-replacement-south-west-sydney,service,154c6cb,57035e1 — What concrete driveway replacement covers in South West Sydney / Site assessment for concrete driveway replacement,BLOCKED-PENDING-VERDICT,optional,existing re-encoded media,Synthetic turf and timber landscaping; no concrete subject; visible purpose: What concrete driveway replacement covers in South West Sydney / Site assessment for concrete driveway replacement,landscape,1254:941,1254x941,WebP,,remove with slot if UNUSABLE; no local alt is permitted without provenance,no,"No Camden/NSW provenance in repository; original Victorian filename is provenance of source, not NSW provenance",no — recommended UNUSABLE,480,oran-park1-480.webp,owner records verdict; audit recommends UNUSABLE; transformer then regenerates derivative,record explicit UNUSABLE (or another supported verdict) in worksheet; OK additionally needs documentary provenance,yes — Band A public-media gate,"page_id=1366; widget_type=image; setting=image; geographic-claim-bearing in source; decorative only if owner selects GENERIC; permission=HOLD; absent from derivative and public media; source_geographic_claim=Filename asserts Oran Park, NSW.; project_claim=yes; can be removed without loss of page meaning; derivative_slot=absent"
IMG-0136,Wave 1,concrete-driveway-replacement-south-west-sydney,service,51a4a3e,b4df2ad — Ground support for concrete driveway replacement / Reinforcement for concrete driveway replacement,BLOCKED-PENDING-VERDICT,optional,existing re-encoded media,Timber bench or deck; no concrete subject; visible purpose: Ground support for concrete driveway replacement / Reinforcement for concrete driveway replacement,landscape,1254:941,1254x941,WebP,,remove with slot if UNUSABLE; no local alt is permitted without provenance,no,"No Camden/NSW provenance in repository; original Victorian filename is provenance of source, not NSW provenance",no — recommended UNUSABLE,481,oran-park2-481.webp,owner records verdict; audit recommends UNUSABLE; transformer then regenerates derivative,record explicit UNUSABLE (or another supported verdict) in worksheet; OK additionally needs documentary provenance,yes — Band A public-media gate,"page_id=1366; widget_type=image; setting=image; geographic-claim-bearing in source; decorative only if owner selects GENERIC; permission=HOLD; absent from derivative and public media; source_geographic_claim=Filename asserts Oran Park, NSW.; project_claim=yes; can be removed without loss of page meaning; derivative_slot=absent"
IMG-0137,Wave 1,shed-and-garage-slabs-south-west-sydney,service,ae41c11,8dd3b78 — What shed and garage slabs covers in South West Sydney,EXISTING-APPROVED,optional,existing re-encoded media,Freshly poured concrete slab beside a two-storey home; visible purpose: What shed and garage slabs covers in South West Sydney,landscape,1103:812,1103x812,WebP,fresh-concrete-backyard-slab-47.webp,Freshly poured concrete slab beside a two-storey home,no,owner-recorded Band B verdict; build/45-media-remediation.csv,yes — decorative/non-evidential only,47,fresh-concrete-backyard-slab-47.webp,retain current generic placement,none,no,page_id=1367; widget_type=image; setting=image; decorative; permission=pipeline-permitted in derivative; source_geographic_claim=none in permitted derivative; project_claim=no; can be removed without loss of page meaning; derivative_slot=present
IMG-0138,Wave 1,shed-and-garage-slabs-south-west-sydney,service,2fc74005,30b47498 — Ground support for shed and garage slabs,EXISTING-APPROVED,optional,existing re-encoded media,Exposed aggregate driveway leading to a carport; visible purpose: Ground support for shed and garage slabs,landscape,1333:751,1333x751,WebP,exposed-aggregate-residential-driveway-48.webp,Exposed aggregate driveway leading to a carport,no,owner-recorded Band B verdict; build/45-media-remediation.csv,yes — decorative/non-evidential only,48,exposed-aggregate-residential-driveway-48.webp,retain current generic placement,none,no,page_id=1367; widget_type=image; setting=image; decorative; permission=pipeline-permitted in derivative; source_geographic_claim=none in permitted derivative; project_claim=no; can be removed without loss of page meaning; derivative_slot=present
IMG-0139,Wave 1,shed-and-garage-slabs-south-west-sydney,service,641391f1,983c5b3 — Reinforcement for shed and garage slabs,EXISTING-APPROVED,optional,existing re-encoded media,Freshly poured concrete beside a swimming pool; visible purpose: Reinforcement for shed and garage slabs,landscape,1333:750,1333x750,WebP,fresh-concrete-pool-surround-49.webp,Freshly poured concrete beside a swimming pool,no,owner-recorded Band B verdict; build/45-media-remediation.csv,yes — decorative/non-evidential only,49,fresh-concrete-pool-surround-49.webp,retain current generic placement,none,no,page_id=1367; widget_type=image; setting=image; decorative; permission=pipeline-permitted in derivative; source_geographic_claim=none in permitted derivative; project_claim=no; can be removed without loss of page meaning; derivative_slot=present
IMG-0140,Wave 1,shed-and-garage-slabs-south-west-sydney,service,4a3b804f,7874f636 — Finished levels for shed and garage slabs,EXISTING-APPROVED,optional,existing re-encoded media,Exposed aggregate concrete; visible purpose: Finished levels for shed and garage slabs,square,1:1,2007x2007,JPEG,exposed-aggregate-concrete-50.jpg,Exposed aggregate concrete,no,D24/D20 naming-convention reversal,yes — decorative/non-evidential only,50,exposed-aggregate-concrete-50.jpg,retain current generic placement,none,no,page_id=1367; widget_type=image; setting=image; decorative; permission=pipeline-permitted in derivative; source_geographic_claim=none in permitted derivative; project_claim=no; can be removed without loss of page meaning; derivative_slot=present
IMG-0141,Wave 1,shed-and-garage-slabs-south-west-sydney,service,50151b3b,5bb41fd3 — Council requirements for shed and garage slabs,EXISTING-APPROVED,optional,existing re-encoded media,Concrete stepping slabs laid through a garden; visible purpose: Council requirements for shed and garage slabs,portrait,3:4,750x1000,WebP,concrete-stepping-slabs-garden-path-51.webp,Concrete stepping slabs laid through a garden,no,owner-recorded Band B verdict; build/45-media-remediation.csv,yes — decorative/non-evidential only,51,concrete-stepping-slabs-garden-path-51.webp,retain current generic placement,none,no,page_id=1367; widget_type=image; setting=image; decorative; permission=pipeline-permitted in derivative; source_geographic_claim=none in permitted derivative; project_claim=no; can be removed without loss of page meaning; derivative_slot=present
IMG-0142,Wave 1,shed-and-garage-slabs-south-west-sydney,service,899b5bf,3a44da3 — Cost inputs for shed and garage slabs,EXISTING-APPROVED,optional,existing re-encoded media,Freshly poured concrete beside a swimming pool; visible purpose: Cost inputs for shed and garage slabs,landscape,1333:750,1333x750,WebP,fresh-concrete-pool-surround-52.webp,Freshly poured concrete beside a swimming pool,no,owner-recorded Band B verdict; build/45-media-remediation.csv,yes — decorative/non-evidential only,52,fresh-concrete-pool-surround-52.webp,retain current generic placement,none,no,page_id=1367; widget_type=image; setting=image; decorative; permission=pipeline-permitted in derivative; source_geographic_claim=none in permitted derivative; project_claim=no; can be removed without loss of page meaning; derivative_slot=present
IMG-0143,Wave 1,shed-and-garage-slabs-south-west-sydney,service,18063b5,7feb0ca — Questions about shed and garage slabs,EXISTING-APPROVED,optional,existing re-encoded media,Patiosandpathways; visible purpose: Questions about shed and garage slabs,portrait,3:4,750x1000,WebP,patiosandpathways-53.webp,Patiosandpathways,no,D24/D20 naming-convention reversal,yes — decorative/non-evidential only,53,patiosandpathways-53.webp,retain current generic placement,none,no,page_id=1367; widget_type=image; setting=image; decorative; permission=pipeline-permitted in derivative; source_geographic_claim=none in permitted derivative; project_claim=no; can be removed without loss of page meaning; derivative_slot=present
IMG-0144,Wave 1,shed-and-garage-slabs-south-west-sydney,service,aab2150,43f7482 — What shed and garage slabs covers in South West Sydney,EXISTING-APPROVED,optional,existing re-encoded media,Coloured detailed concrete; visible purpose: What shed and garage slabs covers in South West Sydney,landscape,649:454,649x454,JPEG,coloured-detailed-concrete-54.jpg,Coloured detailed concrete,no,D24/D20 naming-convention reversal,yes — decorative/non-evidential only,54,coloured-detailed-concrete-54.jpg,retain current generic placement,none,no,page_id=1367; widget_type=image; setting=image; decorative; permission=pipeline-permitted in derivative; source_geographic_claim=none in permitted derivative; project_claim=no; can be removed without loss of page meaning; derivative_slot=present
IMG-0145,Wave 1,shed-and-garage-slabs-south-west-sydney,service,8aac8e0,47eb6dc — Site assessment for shed and garage slabs,EXISTING-APPROVED,optional,existing re-encoded media,Patiosconcrete; visible purpose: Site assessment for shed and garage slabs,landscape,637:425,1274x850,JPEG,patiosconcrete-55.jpg,Patiosconcrete,no,D24/D20 naming-convention reversal,yes — decorative/non-evidential only,55,patiosconcrete-55.jpg,retain current generic placement,none,no,page_id=1367; widget_type=image; setting=image; decorative; permission=pipeline-permitted in derivative; source_geographic_claim=none in permitted derivative; project_claim=no; can be removed without loss of page meaning; derivative_slot=present
IMG-0146,Wave 1,concrete-crossovers-and-laybacks-south-west-sydney,service,74b5f96b,17d9b581 — Untitled Elementor section,OPTIONAL-REMOVE,optional,existing re-encoded media,CoreX Concreters Camden logo; visible purpose: Untitled Elementor section,landscape,409:223,1227x669,PNG,,Describe only the visible subject; empty alt if purely decorative,no,D24 and C2PA/AI provenance finding,no,272,cropped-chatgpt-image-jul-6-2026-01-52-19-pm-camden-272.png,keep the prohibited asset and every direct slot removed; do not replace,none,no,page_id=1368; widget_type=image; setting=image; decorative; permission=asset excluded from public payload; source_geographic_claim=none in permitted derivative; project_claim=no; can be removed without loss of page meaning; derivative_slot=absent
IMG-0147,Wave 1,commercial-concreting-south-west-sydney,service,ae41c11,8dd3b78 — What commercial concreting covers in South West Sydney,BLOCKED-PENDING-VERDICT,optional,existing re-encoded media,Coloured residential concrete patio; visible purpose: What commercial concreting covers in South West Sydney,square,1:1,1176x1176,PNG,coloured-concrete-patio-924.png,Coloured concrete patio beside a home,no,"No Camden/NSW provenance in repository; original Victorian filename is provenance of source, not NSW provenance",yes only if owner records GENERIC,924,coloured-concrete-south-west-sydney-924.png,owner records verdict; audit recommends GENERIC; transformer then regenerates derivative,record explicit GENERIC (or another supported verdict) in worksheet; OK additionally needs documentary provenance,yes — Band A public-media gate,page_id=1369; widget_type=image; setting=image; geographic-claim-bearing in source; decorative only if owner selects GENERIC; permission=HOLD; absent from derivative and public media; source_geographic_claim=Filename and alt assert South West Sydney.; project_claim=yes; can be removed without loss of page meaning; derivative_slot=absent
IMG-0148,Wave 1,commercial-concreting-south-west-sydney,service,2fc74005,30b47498 — Ground support for commercial concreting,BLOCKED-PENDING-VERDICT,optional,existing re-encoded media,Stencilled or patterned concrete driveway; visible purpose: Ground support for commercial concreting,landscape,4:3,588x441,WebP,stencilled-concrete-driveway-925.webp,Stencilled concrete driveway with a block pattern,no,"No Camden/NSW provenance in repository; original Victorian filename is provenance of source, not NSW provenance",yes only if owner records GENERIC,925,stencil-concrete-south-west-sydney-925.webp,owner records verdict; audit recommends GENERIC; transformer then regenerates derivative,record explicit GENERIC (or another supported verdict) in worksheet; OK additionally needs documentary provenance,yes — Band A public-media gate,page_id=1369; widget_type=image; setting=image; geographic-claim-bearing in source; decorative only if owner selects GENERIC; permission=HOLD; absent from derivative and public media; source_geographic_claim=Filename and alt assert South West Sydney.; project_claim=yes; can be removed without loss of page meaning; derivative_slot=absent
IMG-0149,Wave 1,commercial-concreting-south-west-sydney,service,641391f1,983c5b3 — Reinforcement for commercial concreting,BLOCKED-PENDING-VERDICT,optional,existing re-encoded media,Stamped concrete driveway; visible purpose: Reinforcement for commercial concreting,square,1:1,543x543,JPEG,stamped-concrete-driveway-926.jpg,Stamped concrete driveway beside a brick home,no,"No Camden/NSW provenance in repository; original Victorian filename is provenance of source, not NSW provenance",yes only if owner records GENERIC,926,stamped-concrete-south-west-sydney-926.jpg,owner records verdict; audit recommends GENERIC; transformer then regenerates derivative,record explicit GENERIC (or another supported verdict) in worksheet; OK additionally needs documentary provenance,yes — Band A public-media gate,page_id=1369; widget_type=image; setting=image; geographic-claim-bearing in source; decorative only if owner selects GENERIC; permission=HOLD; absent from derivative and public media; source_geographic_claim=Filename and alt assert South West Sydney.; project_claim=yes; can be removed without loss of page meaning; derivative_slot=absent
IMG-0150,Wave 1,commercial-concreting-south-west-sydney,service,4a3b804f,7874f636 — Finished levels for commercial concreting,EXISTING-APPROVED,optional,existing re-encoded media,Honed and polished concrete; visible purpose: Finished levels for commercial concreting,portrait,209:251,836x1004,WebP,honed-and-polished-concrete-927.webp,Honed and polished concrete,no,D24/D20 naming-convention reversal,yes — decorative/non-evidential only,927,honed-and-polished-concrete-927.webp,retain current generic placement,none,no,page_id=1369; widget_type=image; setting=image; decorative; permission=pipeline-permitted in derivative; source_geographic_claim=none in permitted derivative; project_claim=no; can be removed without loss of page meaning; derivative_slot=present
IMG-0151,Wave 1,commercial-concreting-south-west-sydney,service,50151b3b,5bb41fd3 — Council requirements for commercial concreting,BLOCKED-PENDING-VERDICT,optional,existing re-encoded media,Identifiable Melbourne CBD skyline and hot-air balloon; visible purpose: Council requirements for commercial concreting,landscape,4:3,888x666,PNG,,remove with slot if UNUSABLE; no local alt is permitted without provenance,no,"No Camden/NSW provenance in repository; original Victorian filename is provenance of source, not NSW provenance",no — recommended UNUSABLE,956,south-west-sydney-growth-corridor-956.png,owner records verdict; audit recommends UNUSABLE; transformer then regenerates derivative,record explicit UNUSABLE (or another supported verdict) in worksheet; OK additionally needs documentary provenance,yes — Band A public-media gate,page_id=1369; widget_type=image; setting=image; geographic-claim-bearing in source; decorative only if owner selects GENERIC; permission=HOLD; absent from derivative and public media; source_geographic_claim=Filename and alt assert the South West Sydney growth corridor.; project_claim=yes; can be removed without loss of page meaning; derivative_slot=absent
IMG-0152,Wave 1,commercial-concreting-south-west-sydney,service,899b5bf,3a44da3 — Cost inputs for commercial concreting,OPTIONAL-REMOVE,optional,existing re-encoded media,Wianamatta shale clay camden in the context of Commercial Concreting South West Sydney; visible purpose: Cost inputs for commercial concreting,landscape,627:470,627x470,JPEG,,Describe only the visible subject; empty alt if purely decorative,no,D19 removes the Tarneit soil photograph and retains its containing sections,no,1020,wianamatta-shale-clay-camden-1020.jpg,keep the prohibited asset and every direct slot removed; do not replace,none,no,page_id=1369; widget_type=image; setting=image; decorative; permission=asset excluded from public payload; source_geographic_claim=none in permitted derivative; project_claim=no; can be removed without loss of page meaning; derivative_slot=absent
IMG-0153,Wave 1,commercial-concreting-south-west-sydney,service,18063b5,7feb0ca — Questions about commercial concreting,EXISTING-APPROVED,optional,existing re-encoded media,Aerial view of a waterway beside a residential area; visible purpose: Questions about commercial concreting,landscape,4:3,784x588,JPEG,aerial-waterway-residential-area-1056.jpg,Aerial view of a waterway beside a residential area,no,D18/D20: Victorian Davis Creek cannot be named as South Creek,yes — decorative/non-evidential only,1056,aerial-waterway-residential-area-1056.jpg,retain current generic placement,none,no,page_id=1369; widget_type=image; setting=image; decorative; permission=pipeline-permitted in derivative; source_geographic_claim=none in permitted derivative; project_claim=no; can be removed without loss of page meaning; derivative_slot=present
IMG-0154,Wave 1,commercial-concreting-south-west-sydney,service,aab2150,43f7482 — What commercial concreting covers in South West Sydney,EXISTING-APPROVED,optional,existing re-encoded media,Concrete slabs; visible purpose: What commercial concreting covers in South West Sydney,square,1:1,543x543,JPEG,concrete-slabs-1065.jpg,Concrete slabs,no,D24/D20 naming-convention reversal,yes — decorative/non-evidential only,1065,concrete-slabs-1065.jpg,retain current generic placement,none,no,page_id=1369; widget_type=image; setting=image; decorative; permission=pipeline-permitted in derivative; source_geographic_claim=none in permitted derivative; project_claim=no; can be removed without loss of page meaning; derivative_slot=present
IMG-0155,Wave 1,commercial-concreting-south-west-sydney,service,8aac8e0,47eb6dc — Site assessment for commercial concreting,EXISTING-APPROVED,optional,existing re-encoded media,Pouring a concrete slab; visible purpose: Site assessment for commercial concreting,landscape,3:2,627x418,JPEG,pouring-a-concrete-slab-1066.jpg,Pouring a concrete slab,no,D24/D20 naming-convention reversal,yes — decorative/non-evidential only,1066,pouring-a-concrete-slab-1066.jpg,retain current generic placement,none,no,page_id=1369; widget_type=image; setting=image; decorative; permission=pipeline-permitted in derivative; source_geographic_claim=none in permitted derivative; project_claim=no; can be removed without loss of page meaning; derivative_slot=present
IMG-0156,Wave 1,concreters-gledswood-hills,suburb,7c2526d7,7c2526d7 — Concreters Gledswood Hills,EXISTING-APPROVED,optional,existing re-encoded media,Exposed aggregate concrete; visible purpose: Concreters Gledswood Hills,square,1:1,2007x2007,JPEG,exposed-aggregate-concrete-50.jpg,Exposed aggregate concrete,no,D24/D20 naming-convention reversal,yes — decorative/non-evidential only,50,exposed-aggregate-concrete-50.jpg,retain current generic placement,none,no,page_id=1370; widget_type=container; setting=background_image; decorative; permission=pipeline-permitted in derivative; source_geographic_claim=none in permitted derivative; project_claim=no; can be removed without loss of page meaning; derivative_slot=present
IMG-0157,Wave 1,concreters-gledswood-hills,suburb,a86c195,9e36728 — Concrete Driveways / Concrete Slabs / Exposed Aggregate,BLOCKED-PENDING-VERDICT,optional,existing re-encoded media,Timber bench or deck; no concrete subject; visible purpose: Concrete Driveways,landscape,1254:941,1254x941,WebP,,remove with slot if UNUSABLE; no local alt is permitted without provenance,no,"No Camden/NSW provenance in repository; original Victorian filename is provenance of source, not NSW provenance",no — recommended UNUSABLE,481,oran-park2-481.webp,owner records verdict; audit recommends UNUSABLE; transformer then regenerates derivative,record explicit UNUSABLE (or another supported verdict) in worksheet; OK additionally needs documentary provenance,yes — Band A public-media gate,"page_id=1370; widget_type=image-box; setting=image; geographic-claim-bearing in source; decorative only if owner selects GENERIC; permission=HOLD; absent from derivative and public media; source_geographic_claim=Filename asserts Oran Park, NSW.; project_claim=yes; can be removed without loss of page meaning; derivative_slot=absent"
IMG-0158,Wave 1,concreters-gledswood-hills,suburb,516941f,9e36728 — Concrete Driveways / Concrete Slabs / Exposed Aggregate,BLOCKED-PENDING-VERDICT,optional,existing re-encoded media,Timber deck framing and bare ground; no concrete subject; visible purpose: Concrete Slabs,portrait,3:4,750x1000,WebP,,remove with slot if UNUSABLE; no local alt is permitted without provenance,no,"No Camden/NSW provenance in repository; original Victorian filename is provenance of source, not NSW provenance",no — recommended UNUSABLE,482,oran-park3-482.webp,owner records verdict; audit recommends UNUSABLE; transformer then regenerates derivative,record explicit UNUSABLE (or another supported verdict) in worksheet; OK additionally needs documentary provenance,yes — Band A public-media gate,"page_id=1370; widget_type=image-box; setting=image; geographic-claim-bearing in source; decorative only if owner selects GENERIC; permission=HOLD; absent from derivative and public media; source_geographic_claim=Filename asserts Oran Park, NSW.; project_claim=yes; can be removed without loss of page meaning; derivative_slot=absent"
IMG-0159,Wave 1,concreters-gledswood-hills,suburb,f36a8f3,9e36728 — Concrete Driveways / Concrete Slabs / Exposed Aggregate,EXISTING-APPROVED,optional,existing re-encoded media,Exposed aggregate driveway leading to a home; visible purpose: Exposed Aggregate,landscape,1419:1064,1419x1064,JPEG,exposed-aggregate-residential-driveway-609.jpg,Exposed aggregate driveway leading to a home,no,D24/D20: reverse Adelaide to South West Sydney naming substitution,yes — decorative/non-evidential only,609,exposed-aggregate-residential-driveway-609.jpg,retain current generic placement,none,no,page_id=1370; widget_type=image-box; setting=image; decorative; permission=pipeline-permitted in derivative; source_geographic_claim=none in permitted derivative; project_claim=no; can be removed without loss of page meaning; derivative_slot=present
IMG-0160,Wave 1,concreters-gledswood-hills,suburb,af91c52,98fbeea — Patios & Alfresco / Paths & Pathways / Coloured & Decorative,BLOCKED-PENDING-VERDICT,optional,existing re-encoded media,Excavated residential area; visible purpose: Patios & Alfresco,landscape,723:376,723x376,JPEG,residential-site-excavation-906.jpg,Excavated residential area prepared for concrete work,no,"No Camden/NSW provenance in repository; original Victorian filename is provenance of source, not NSW provenance",yes only if owner records GENERIC,906,driveway-excavation-camden-906.jpg,owner records verdict; audit recommends GENERIC; transformer then regenerates derivative,record explicit GENERIC (or another supported verdict) in worksheet; OK additionally needs documentary provenance,yes — Band A public-media gate,page_id=1370; widget_type=image-box; setting=image; geographic-claim-bearing in source; decorative only if owner selects GENERIC; permission=HOLD; absent from derivative and public media; source_geographic_claim=Filename and alt assert the excavation is in Camden.; project_claim=yes; can be removed without loss of page meaning; derivative_slot=absent
IMG-0161,Wave 1,concreters-gledswood-hills,suburb,e6c2ed7,98fbeea — Patios & Alfresco / Paths & Pathways / Coloured & Decorative,BLOCKED-PENDING-VERDICT,optional,existing re-encoded media,Identifiable Werribee heritage mansion and gardens; no concrete subject; visible purpose: Paths & Pathways,landscape,101:76,505x380,JPEG,,remove with slot if UNUSABLE; no local alt is permitted without provenance,no,"No Camden/NSW provenance in repository; original Victorian filename is provenance of source, not NSW provenance",no — recommended UNUSABLE,907,camden-town-centre-907.jpg,owner records verdict; audit recommends UNUSABLE; transformer then regenerates derivative,record explicit UNUSABLE (or another supported verdict) in worksheet; OK additionally needs documentary provenance,yes — Band A public-media gate,page_id=1370; widget_type=image-box; setting=image; geographic-claim-bearing in source; decorative only if owner selects GENERIC; permission=HOLD; absent from derivative and public media; source_geographic_claim=Filename and alt assert this is Camden town centre.; project_claim=yes; can be removed without loss of page meaning; derivative_slot=absent
IMG-0162,Wave 1,concreters-gledswood-hills,suburb,d06ebf3,98fbeea — Patios & Alfresco / Paths & Pathways / Coloured & Decorative,BLOCKED-PENDING-VERDICT,optional,existing re-encoded media,Excavated residential area; visible purpose: Coloured & Decorative,landscape,723:376,723x376,JPEG,residential-site-excavation-906.jpg,Excavated residential area prepared for concrete work,no,"No Camden/NSW provenance in repository; original Victorian filename is provenance of source, not NSW provenance",yes only if owner records GENERIC,906,driveway-excavation-camden-906.jpg,owner records verdict; audit recommends GENERIC; transformer then regenerates derivative,record explicit GENERIC (or another supported verdict) in worksheet; OK additionally needs documentary provenance,yes — Band A public-media gate,page_id=1370; widget_type=image-box; setting=image; geographic-claim-bearing in source; decorative only if owner selects GENERIC; permission=HOLD; absent from derivative and public media; source_geographic_claim=Filename and alt assert the excavation is in Camden.; project_claim=yes; can be removed without loss of page meaning; derivative_slot=absent
IMG-0163,Wave 1,concreters-gledswood-hills,suburb,af8ef50,40d980a — Ground conditions in Gledswood Hills,BLOCKED-PENDING-VERDICT,optional,existing re-encoded media,Aerial view of a developing housing estate; visible purpose: Ground conditions in Gledswood Hills,landscape,523:367,523x367,JPEG,aerial-new-housing-estate-908.jpg,Aerial view of a developing suburban housing estate,no,"No Camden/NSW provenance in repository; original Victorian filename is provenance of source, not NSW provenance",yes only if owner records GENERIC,908,oran-park-growth-estate-908.jpg,owner records verdict; audit recommends GENERIC; transformer then regenerates derivative,record explicit GENERIC (or another supported verdict) in worksheet; OK additionally needs documentary provenance,yes — Band A public-media gate,page_id=1370; widget_type=image; setting=image; geographic-claim-bearing in source; decorative only if owner selects GENERIC; permission=HOLD; absent from derivative and public media; source_geographic_claim=Filename and alt assert an Oran Park growth estate.; project_claim=yes; can be removed without loss of page meaning; derivative_slot=absent
IMG-0164,Wave 1,concreters-gledswood-hills,suburb,2eb88ab,77cc745 — Preparing a pour in Gledswood Hills,EXISTING-APPROVED,optional,existing re-encoded media,Control joints and cracks; visible purpose: Preparing a pour in Gledswood Hills,landscape,627:469,627x469,JPEG,control-joints-and-cracks-909.jpg,Control joints and cracks,no,D24/D20 naming-convention reversal,yes — decorative/non-evidential only,909,control-joints-and-cracks-909.jpg,retain current generic placement,none,no,page_id=1370; widget_type=image; setting=image; decorative; permission=pipeline-permitted in derivative; source_geographic_claim=none in permitted derivative; project_claim=no; can be removed without loss of page meaning; derivative_slot=present
IMG-0165,Wave 1,concreters-gledswood-hills,suburb,0ca264b,8d1059a — Levels and water movement in Gledswood Hills,BLOCKED-PENDING-VERDICT,optional,existing re-encoded media,Coloured residential concrete patio; visible purpose: Levels and water movement in Gledswood Hills,square,1:1,1176x1176,PNG,coloured-concrete-patio-924.png,Coloured concrete patio beside a home,no,"No Camden/NSW provenance in repository; original Victorian filename is provenance of source, not NSW provenance",yes only if owner records GENERIC,924,coloured-concrete-south-west-sydney-924.png,owner records verdict; audit recommends GENERIC; transformer then regenerates derivative,record explicit GENERIC (or another supported verdict) in worksheet; OK additionally needs documentary provenance,yes — Band A public-media gate,page_id=1370; widget_type=image; setting=image; geographic-claim-bearing in source; decorative only if owner selects GENERIC; permission=HOLD; absent from derivative and public media; source_geographic_claim=Filename and alt assert South West Sydney.; project_claim=yes; can be removed without loss of page meaning; derivative_slot=absent
IMG-0166,Wave 1,concreters-gledswood-hills,suburb,7bcc8c0,a599284 — Driveway approvals for Gledswood Hills,BLOCKED-PENDING-VERDICT,optional,existing re-encoded media,Stencilled or patterned concrete driveway; visible purpose: Driveway approvals for Gledswood Hills,landscape,4:3,588x441,WebP,stencilled-concrete-driveway-925.webp,Stencilled concrete driveway with a block pattern,no,"No Camden/NSW provenance in repository; original Victorian filename is provenance of source, not NSW provenance",yes only if owner records GENERIC,925,stencil-concrete-south-west-sydney-925.webp,owner records verdict; audit recommends GENERIC; transformer then regenerates derivative,record explicit GENERIC (or another supported verdict) in worksheet; OK additionally needs documentary provenance,yes — Band A public-media gate,page_id=1370; widget_type=image; setting=image; geographic-claim-bearing in source; decorative only if owner selects GENERIC; permission=HOLD; absent from derivative and public media; source_geographic_claim=Filename and alt assert South West Sydney.; project_claim=yes; can be removed without loss of page meaning; derivative_slot=absent
IMG-0167,Wave 1,concreters-gledswood-hills,suburb,0424a72,36efc778 — Untitled Elementor section,OPTIONAL-REMOVE,optional,existing re-encoded media,Stamped concrete driveway; visible purpose: Untitled Elementor section,square,1:1,543x543,JPEG,stamped-concrete-driveway-926.jpg,Stamped concrete driveway beside a brick home,no,D32: no Camden projects; remove evidential module,no in this evidential placement,926,stamped-concrete-south-west-sydney-926.jpg,keep the D32 section removed; do not source a substitute,none,no,page_id=1370; widget_type=image; setting=image; evidential local-project/gallery module; permission=slot removed from derivative; source_geographic_claim=Filename and alt assert South West Sydney.; project_claim=yes; can be removed without loss of page meaning; derivative_slot=absent
IMG-0168,Wave 1,concreters-gledswood-hills,suburb,4195f9b,36efc778 — Untitled Elementor section,OPTIONAL-REMOVE,optional,existing re-encoded media,Honed and polished concrete; visible purpose: Untitled Elementor section,portrait,209:251,836x1004,WebP,honed-and-polished-concrete-927.webp,Honed and polished concrete,no,D32: no Camden projects; remove evidential module,no in this evidential placement,927,honed-and-polished-concrete-camden-927.webp,keep the D32 section removed; do not source a substitute,none,no,page_id=1370; widget_type=image; setting=image; evidential local-project/gallery module; permission=slot removed from derivative; source_geographic_claim=none in permitted derivative; project_claim=yes; can be removed without loss of page meaning; derivative_slot=absent
IMG-0169,Wave 1,concreters-gledswood-hills,suburb,e5f56c0,36efc778 — Untitled Elementor section,OPTIONAL-REMOVE,optional,existing re-encoded media,Identifiable Melbourne CBD skyline and hot-air balloon; visible purpose: Untitled Elementor section,landscape,4:3,888x666,PNG,,Describe only the visible subject; empty alt if purely decorative,no,D32: no Camden projects; remove evidential module,no in this evidential placement,956,south-west-sydney-growth-corridor-956.png,keep the D32 section removed; do not source a substitute,none,no,page_id=1370; widget_type=image; setting=image; evidential local-project/gallery module; permission=slot removed from derivative; source_geographic_claim=Filename and alt assert the South West Sydney growth corridor.; project_claim=yes; can be removed without loss of page meaning; derivative_slot=absent
IMG-0170,Wave 3 pending research,concreters-catherine-field,suburb,7c2526d7,7c2526d7 — Concreters Catherine Field,DEFERRED,optional,existing re-encoded media,Exposed aggregate concrete; visible purpose: Concreters Catherine Field,square,1:1,2007x2007,JPEG,exposed-aggregate-concrete-50.jpg,Exposed aggregate concrete,no,D24/D20 naming-convention reversal,yes — decorative/non-evidential only,50,exposed-aggregate-concrete-50.jpg,defer with page; before future release apply the recorded underlying media disposition; underlying: permitted generic decoration,none,no — page is outside the smallest launch,page_id=1371; widget_type=container; setting=background_image; decorative; permission=pipeline-permitted in derivative; source_geographic_claim=none in permitted derivative; project_claim=no; can be removed without loss of page meaning; derivative_slot=present
IMG-0171,Wave 3 pending research,concreters-catherine-field,suburb,a86c195,9e36728 — Concrete Driveways / Concrete Slabs / Exposed Aggregate,DEFERRED,optional,existing re-encoded media,Concrete project detail; visible purpose: Concrete Driveways,landscape,1411:1098,1411x1098,JPEG,concrete-project-detail-17.jpg,Concrete project detail,no,D24/D20 naming-convention reversal,yes — decorative/non-evidential only,17,concrete-project-detail-17.jpg,defer with page; before future release apply the recorded underlying media disposition; underlying: permitted generic decoration,none,no — page is outside the smallest launch,page_id=1371; widget_type=image-box; setting=image; decorative; permission=pipeline-permitted in derivative; source_geographic_claim=none in permitted derivative; project_claim=no; can be removed without loss of page meaning; derivative_slot=present
IMG-0172,Wave 3 pending research,concreters-catherine-field,suburb,516941f,9e36728 — Concrete Driveways / Concrete Slabs / Exposed Aggregate,DEFERRED,optional,existing re-encoded media,Concrete project detail; visible purpose: Concrete Slabs,landscape,1411:941,1411x941,JPEG,concrete-project-detail-18.jpg,Concrete project detail,no,D24/D20 naming-convention reversal,yes — decorative/non-evidential only,18,concrete-project-detail-18.jpg,defer with page; before future release apply the recorded underlying media disposition; underlying: permitted generic decoration,none,no — page is outside the smallest launch,page_id=1371; widget_type=image-box; setting=image; decorative; permission=pipeline-permitted in derivative; source_geographic_claim=none in permitted derivative; project_claim=no; can be removed without loss of page meaning; derivative_slot=present
IMG-0173,Wave 3 pending research,concreters-catherine-field,suburb,f36a8f3,9e36728 — Concrete Driveways / Concrete Slabs / Exposed Aggregate,DEFERRED,optional,existing re-encoded media,Concrete project detail; visible purpose: Exposed Aggregate,landscape,1411:941,1411x941,JPEG,concrete-project-detail-19.jpg,Concrete project detail,no,D24/D20 naming-convention reversal,yes — decorative/non-evidential only,19,concrete-project-detail-19.jpg,defer with page; before future release apply the recorded underlying media disposition; underlying: permitted generic decoration,none,no — page is outside the smallest launch,page_id=1371; widget_type=image-box; setting=image; decorative; permission=pipeline-permitted in derivative; source_geographic_claim=none in permitted derivative; project_claim=no; can be removed without loss of page meaning; derivative_slot=present
IMG-0174,Wave 3 pending research,concreters-catherine-field,suburb,af91c52,98fbeea — Patios & Alfresco / Paths & Pathways / Coloured & Decorative,DEFERRED,optional,existing re-encoded media,Exposed aggregate paths leading to a home's front entry; visible purpose: Patios & Alfresco,landscape,82:61,820x610,WebP,exposed-aggregate-front-paths-46.webp,Exposed aggregate paths leading to a home's front entry,no,owner-recorded Band B verdict; build/45-media-remediation.csv,yes — decorative/non-evidential only,46,exposed-aggregate-front-paths-46.webp,defer with page; before future release apply the recorded underlying media disposition; underlying: permitted generic decoration,none,no — page is outside the smallest launch,page_id=1371; widget_type=image-box; setting=image; decorative; permission=pipeline-permitted in derivative; source_geographic_claim=none in permitted derivative; project_claim=no; can be removed without loss of page meaning; derivative_slot=present
IMG-0175,Wave 3 pending research,concreters-catherine-field,suburb,e6c2ed7,98fbeea — Patios & Alfresco / Paths & Pathways / Coloured & Decorative,DEFERRED,optional,existing re-encoded media,Freshly poured concrete slab beside a two-storey home; visible purpose: Paths & Pathways,landscape,1103:812,1103x812,WebP,fresh-concrete-backyard-slab-47.webp,Freshly poured concrete slab beside a two-storey home,no,owner-recorded Band B verdict; build/45-media-remediation.csv,yes — decorative/non-evidential only,47,fresh-concrete-backyard-slab-47.webp,defer with page; before future release apply the recorded underlying media disposition; underlying: permitted generic decoration,none,no — page is outside the smallest launch,page_id=1371; widget_type=image-box; setting=image; decorative; permission=pipeline-permitted in derivative; source_geographic_claim=none in permitted derivative; project_claim=no; can be removed without loss of page meaning; derivative_slot=present
IMG-0176,Wave 3 pending research,concreters-catherine-field,suburb,d06ebf3,98fbeea — Patios & Alfresco / Paths & Pathways / Coloured & Decorative,DEFERRED,optional,existing re-encoded media,Exposed aggregate paths leading to a home's front entry; visible purpose: Coloured & Decorative,landscape,82:61,820x610,WebP,exposed-aggregate-front-paths-46.webp,Exposed aggregate paths leading to a home's front entry,no,owner-recorded Band B verdict; build/45-media-remediation.csv,yes — decorative/non-evidential only,46,exposed-aggregate-front-paths-46.webp,defer with page; before future release apply the recorded underlying media disposition; underlying: permitted generic decoration,none,no — page is outside the smallest launch,page_id=1371; widget_type=image-box; setting=image; decorative; permission=pipeline-permitted in derivative; source_geographic_claim=none in permitted derivative; project_claim=no; can be removed without loss of page meaning; derivative_slot=present
IMG-0177,Wave 3 pending research,concreters-catherine-field,suburb,af8ef50,40d980a — Ground conditions in Catherine Field,DEFERRED,optional,existing re-encoded media,Exposed aggregate driveway leading to a carport; visible purpose: Ground conditions in Catherine Field,landscape,1333:751,1333x751,WebP,exposed-aggregate-residential-driveway-48.webp,Exposed aggregate driveway leading to a carport,no,owner-recorded Band B verdict; build/45-media-remediation.csv,yes — decorative/non-evidential only,48,exposed-aggregate-residential-driveway-48.webp,defer with page; before future release apply the recorded underlying media disposition; underlying: permitted generic decoration,none,no — page is outside the smallest launch,page_id=1371; widget_type=image; setting=image; decorative; permission=pipeline-permitted in derivative; source_geographic_claim=none in permitted derivative; project_claim=no; can be removed without loss of page meaning; derivative_slot=present
IMG-0178,Wave 3 pending research,concreters-catherine-field,suburb,2eb88ab,77cc745 — Preparing a pour in Catherine Field,DEFERRED,optional,existing re-encoded media,Freshly poured concrete beside a swimming pool; visible purpose: Preparing a pour in Catherine Field,landscape,1333:750,1333x750,WebP,fresh-concrete-pool-surround-49.webp,Freshly poured concrete beside a swimming pool,no,owner-recorded Band B verdict; build/45-media-remediation.csv,yes — decorative/non-evidential only,49,fresh-concrete-pool-surround-49.webp,defer with page; before future release apply the recorded underlying media disposition; underlying: permitted generic decoration,none,no — page is outside the smallest launch,page_id=1371; widget_type=image; setting=image; decorative; permission=pipeline-permitted in derivative; source_geographic_claim=none in permitted derivative; project_claim=no; can be removed without loss of page meaning; derivative_slot=present
IMG-0179,Wave 3 pending research,concreters-catherine-field,suburb,0ca264b,8d1059a — Levels and water movement in Catherine Field,DEFERRED,optional,existing re-encoded media,Exposed aggregate concrete; visible purpose: Levels and water movement in Catherine Field,square,1:1,2007x2007,JPEG,exposed-aggregate-concrete-50.jpg,Exposed aggregate concrete,no,D24/D20 naming-convention reversal,yes — decorative/non-evidential only,50,exposed-aggregate-concrete-50.jpg,defer with page; before future release apply the recorded underlying media disposition; underlying: permitted generic decoration,none,no — page is outside the smallest launch,page_id=1371; widget_type=image; setting=image; decorative; permission=pipeline-permitted in derivative; source_geographic_claim=none in permitted derivative; project_claim=no; can be removed without loss of page meaning; derivative_slot=present
IMG-0180,Wave 3 pending research,concreters-catherine-field,suburb,7bcc8c0,a599284 — Driveway approvals for Catherine Field,DEFERRED,optional,existing re-encoded media,Concrete stepping slabs laid through a garden; visible purpose: Driveway approvals for Catherine Field,portrait,3:4,750x1000,WebP,concrete-stepping-slabs-garden-path-51.webp,Concrete stepping slabs laid through a garden,no,owner-recorded Band B verdict; build/45-media-remediation.csv,yes — decorative/non-evidential only,51,concrete-stepping-slabs-garden-path-51.webp,defer with page; before future release apply the recorded underlying media disposition; underlying: permitted generic decoration,none,no — page is outside the smallest launch,page_id=1371; widget_type=image; setting=image; decorative; permission=pipeline-permitted in derivative; source_geographic_claim=none in permitted derivative; project_claim=no; can be removed without loss of page meaning; derivative_slot=present
IMG-0181,Wave 3 pending research,concreters-catherine-field,suburb,0424a72,36efc778 — Untitled Elementor section,DEFERRED,optional,existing re-encoded media,Freshly poured concrete beside a swimming pool; visible purpose: Untitled Elementor section,landscape,1333:750,1333x750,WebP,fresh-concrete-pool-surround-52.webp,Freshly poured concrete beside a swimming pool,no,owner-recorded Band B verdict; build/45-media-remediation.csv,yes — decorative/non-evidential only,52,concrete-testimonial-1-1-camden-52.webp,defer with page; before future release apply the recorded underlying media disposition; underlying: D32 section already removed,none,no — page is outside the smallest launch,page_id=1371; widget_type=image; setting=image; decorative; permission=not in derivative; source_geographic_claim=none in permitted derivative; project_claim=no; can be removed without loss of page meaning; derivative_slot=absent
IMG-0182,Wave 3 pending research,concreters-catherine-field,suburb,4195f9b,36efc778 — Untitled Elementor section,DEFERRED,optional,existing re-encoded media,Patiosandpathways; visible purpose: Untitled Elementor section,portrait,3:4,750x1000,WebP,patiosandpathways-53.webp,Patiosandpathways,no,D24/D20 naming-convention reversal,yes — decorative/non-evidential only,53,patiosandpathways-camden-53.webp,defer with page; before future release apply the recorded underlying media disposition; underlying: D32 section already removed,none,no — page is outside the smallest launch,page_id=1371; widget_type=image; setting=image; decorative; permission=not in derivative; source_geographic_claim=none in permitted derivative; project_claim=no; can be removed without loss of page meaning; derivative_slot=absent
IMG-0183,Wave 3 pending research,concreters-catherine-field,suburb,e5f56c0,36efc778 — Untitled Elementor section,DEFERRED,optional,existing re-encoded media,Coloured detailed concrete; visible purpose: Untitled Elementor section,landscape,649:454,649x454,JPEG,coloured-detailed-concrete-54.jpg,Coloured detailed concrete,no,D24/D20 naming-convention reversal,yes — decorative/non-evidential only,54,coloured-detailed-concrete-camden-54.jpg,defer with page; before future release apply the recorded underlying media disposition; underlying: D32 section already removed,none,no — page is outside the smallest launch,page_id=1371; widget_type=image; setting=image; decorative; permission=not in derivative; source_geographic_claim=none in permitted derivative; project_claim=no; can be removed without loss of page meaning; derivative_slot=absent
IMG-0184,Wave 3 pending research,concreters-narellan,suburb,7c2526d7,7c2526d7 — Concreters Narellan,DEFERRED,optional,existing re-encoded media,Exposed aggregate concrete; visible purpose: Concreters Narellan,square,1:1,2007x2007,JPEG,exposed-aggregate-concrete-50.jpg,Exposed aggregate concrete,no,D24/D20 naming-convention reversal,yes — decorative/non-evidential only,50,exposed-aggregate-concrete-50.jpg,defer with page; before future release apply the recorded underlying media disposition; underlying: permitted generic decoration,none,no — page is outside the smallest launch,page_id=1372; widget_type=container; setting=background_image; decorative; permission=pipeline-permitted in derivative; source_geographic_claim=none in permitted derivative; project_claim=no; can be removed without loss of page meaning; derivative_slot=present
IMG-0185,Wave 3 pending research,concreters-narellan,suburb,a86c195,9e36728 — Concrete Driveways / Concrete Slabs / Exposed Aggregate,DEFERRED,optional,existing re-encoded media,Aerial view of a developing housing estate; visible purpose: Concrete Driveways,landscape,523:367,523x367,JPEG,aerial-new-housing-estate-908.jpg,Aerial view of a developing suburban housing estate,no,owner worksheet blank; fail-closed under Phase B instruction,yes — decorative/non-evidential only,908,oran-park-growth-estate-908.jpg,defer with page; before future release apply the recorded underlying media disposition; underlying: Band A HOLD; audit recommends GENERIC,record explicit GENERIC (or another supported verdict); OK also requires cited provenance,yes for Phase B/staging; page publication is deferred,page_id=1372; widget_type=image-box; setting=image; decorative; permission=HOLD; absent from derivative; source_geographic_claim=Filename and alt assert an Oran Park growth estate.; project_claim=no; can be removed without loss of page meaning; derivative_slot=absent
IMG-0186,Wave 3 pending research,concreters-narellan,suburb,516941f,9e36728 — Concrete Driveways / Concrete Slabs / Exposed Aggregate,DEFERRED,optional,existing re-encoded media,Control joints and cracks; visible purpose: Concrete Slabs,landscape,627:469,627x469,JPEG,control-joints-and-cracks-909.jpg,Control joints and cracks,no,D24/D20 naming-convention reversal,yes — decorative/non-evidential only,909,control-joints-and-cracks-909.jpg,defer with page; before future release apply the recorded underlying media disposition; underlying: permitted generic decoration,none,no — page is outside the smallest launch,page_id=1372; widget_type=image-box; setting=image; decorative; permission=pipeline-permitted in derivative; source_geographic_claim=none in permitted derivative; project_claim=no; can be removed without loss of page meaning; derivative_slot=present
IMG-0187,Wave 3 pending research,concreters-narellan,suburb,f36a8f3,9e36728 — Concrete Driveways / Concrete Slabs / Exposed Aggregate,DEFERRED,optional,existing re-encoded media,Coloured residential concrete patio; visible purpose: Exposed Aggregate,square,1:1,1176x1176,PNG,coloured-concrete-patio-924.png,Coloured concrete patio beside a home,no,owner worksheet blank; fail-closed under Phase B instruction,yes — decorative/non-evidential only,924,coloured-concrete-south-west-sydney-924.png,defer with page; before future release apply the recorded underlying media disposition; underlying: Band A HOLD; audit recommends GENERIC,record explicit GENERIC (or another supported verdict); OK also requires cited provenance,yes for Phase B/staging; page publication is deferred,page_id=1372; widget_type=image-box; setting=image; decorative; permission=HOLD; absent from derivative; source_geographic_claim=Filename and alt assert South West Sydney.; project_claim=no; can be removed without loss of page meaning; derivative_slot=absent
IMG-0188,Wave 3 pending research,concreters-narellan,suburb,af91c52,98fbeea — Patios & Alfresco / Paths & Pathways / Coloured & Decorative,DEFERRED,optional,existing re-encoded media,Stencilled or patterned concrete driveway; visible purpose: Patios & Alfresco,landscape,4:3,588x441,WebP,stencilled-concrete-driveway-925.webp,Stencilled concrete driveway with a block pattern,no,owner worksheet blank; fail-closed under Phase B instruction,yes — decorative/non-evidential only,925,stencil-concrete-south-west-sydney-925.webp,defer with page; before future release apply the recorded underlying media disposition; underlying: Band A HOLD; audit recommends GENERIC,record explicit GENERIC (or another supported verdict); OK also requires cited provenance,yes for Phase B/staging; page publication is deferred,page_id=1372; widget_type=image-box; setting=image; decorative; permission=HOLD; absent from derivative; source_geographic_claim=Filename and alt assert South West Sydney.; project_claim=no; can be removed without loss of page meaning; derivative_slot=absent
IMG-0189,Wave 3 pending research,concreters-narellan,suburb,e6c2ed7,98fbeea — Patios & Alfresco / Paths & Pathways / Coloured & Decorative,DEFERRED,optional,existing re-encoded media,Stamped concrete driveway; visible purpose: Paths & Pathways,square,1:1,543x543,JPEG,stamped-concrete-driveway-926.jpg,Stamped concrete driveway beside a brick home,no,owner worksheet blank; fail-closed under Phase B instruction,yes — decorative/non-evidential only,926,stamped-concrete-south-west-sydney-926.jpg,defer with page; before future release apply the recorded underlying media disposition; underlying: Band A HOLD; audit recommends GENERIC,record explicit GENERIC (or another supported verdict); OK also requires cited provenance,yes for Phase B/staging; page publication is deferred,page_id=1372; widget_type=image-box; setting=image; decorative; permission=HOLD; absent from derivative; source_geographic_claim=Filename and alt assert South West Sydney.; project_claim=no; can be removed without loss of page meaning; derivative_slot=absent
IMG-0190,Wave 3 pending research,concreters-narellan,suburb,d06ebf3,98fbeea — Patios & Alfresco / Paths & Pathways / Coloured & Decorative,DEFERRED,optional,existing re-encoded media,Stencilled or patterned concrete driveway; visible purpose: Coloured & Decorative,landscape,4:3,588x441,WebP,stencilled-concrete-driveway-925.webp,Stencilled concrete driveway with a block pattern,no,owner worksheet blank; fail-closed under Phase B instruction,yes — decorative/non-evidential only,925,stencil-concrete-south-west-sydney-925.webp,defer with page; before future release apply the recorded underlying media disposition; underlying: Band A HOLD; audit recommends GENERIC,record explicit GENERIC (or another supported verdict); OK also requires cited provenance,yes for Phase B/staging; page publication is deferred,page_id=1372; widget_type=image-box; setting=image; decorative; permission=HOLD; absent from derivative; source_geographic_claim=Filename and alt assert South West Sydney.; project_claim=no; can be removed without loss of page meaning; derivative_slot=absent
IMG-0191,Wave 3 pending research,concreters-narellan,suburb,af8ef50,40d980a — Ground conditions in Narellan,DEFERRED,optional,existing re-encoded media,Honed and polished concrete; visible purpose: Ground conditions in Narellan,portrait,209:251,836x1004,WebP,honed-and-polished-concrete-927.webp,Honed and polished concrete,no,D24/D20 naming-convention reversal,yes — decorative/non-evidential only,927,honed-and-polished-concrete-927.webp,defer with page; before future release apply the recorded underlying media disposition; underlying: permitted generic decoration,none,no — page is outside the smallest launch,page_id=1372; widget_type=image; setting=image; decorative; permission=pipeline-permitted in derivative; source_geographic_claim=none in permitted derivative; project_claim=no; can be removed without loss of page meaning; derivative_slot=present
IMG-0192,Wave 3 pending research,concreters-narellan,suburb,2eb88ab,77cc745 — Preparing a pour in Narellan,DEFERRED,optional,existing re-encoded media,Identifiable Melbourne CBD skyline and hot-air balloon; visible purpose: Preparing a pour in Narellan,landscape,4:3,888x666,PNG,,Describe only the visible subject; empty alt if purely decorative,no,owner worksheet blank; fail-closed under Phase B instruction,yes — decorative/non-evidential only,956,south-west-sydney-growth-corridor-956.png,defer with page; before future release apply the recorded underlying media disposition; underlying: Band A HOLD; audit recommends UNUSABLE,record explicit UNUSABLE (or another supported verdict); OK also requires cited provenance,yes for Phase B/staging; page publication is deferred,page_id=1372; widget_type=image; setting=image; decorative; permission=HOLD; absent from derivative; source_geographic_claim=Filename and alt assert the South West Sydney growth corridor.; project_claim=no; can be removed without loss of page meaning; derivative_slot=absent
IMG-0193,Wave 3 pending research,concreters-narellan,suburb,0ca264b,8d1059a — Levels and water movement in Narellan,DEFERRED,optional,existing re-encoded media,Wianamatta shale clay camden in the context of Concreters Narellan; visible purpose: Levels and water movement in Narellan,landscape,627:470,627x470,JPEG,,Describe only the visible subject; empty alt if purely decorative,no,D19 removes the Tarneit soil photograph and retains its containing sections,yes — decorative/non-evidential only,1020,wianamatta-shale-clay-camden-1020.jpg,defer with page; before future release apply the recorded underlying media disposition; underlying: prohibited slot already removed,none,no — page is outside the smallest launch,page_id=1372; widget_type=image; setting=image; decorative; permission=not in derivative; source_geographic_claim=none in permitted derivative; project_claim=no; can be removed without loss of page meaning; derivative_slot=absent
IMG-0194,Wave 3 pending research,concreters-narellan,suburb,7bcc8c0,a599284 — Driveway approvals for Narellan,DEFERRED,optional,existing re-encoded media,Aerial view of a waterway beside a residential area; visible purpose: Driveway approvals for Narellan,landscape,4:3,784x588,JPEG,aerial-waterway-residential-area-1056.jpg,Aerial view of a waterway beside a residential area,no,D18/D20: Victorian Davis Creek cannot be named as South Creek,yes — decorative/non-evidential only,1056,aerial-waterway-residential-area-1056.jpg,defer with page; before future release apply the recorded underlying media disposition; underlying: permitted generic decoration,none,no — page is outside the smallest launch,page_id=1372; widget_type=image; setting=image; decorative; permission=pipeline-permitted in derivative; source_geographic_claim=none in permitted derivative; project_claim=no; can be removed without loss of page meaning; derivative_slot=present
IMG-0195,Wave 3 pending research,concreters-narellan,suburb,0424a72,36efc778 — Untitled Elementor section,DEFERRED,optional,existing re-encoded media,Concrete slabs; visible purpose: Untitled Elementor section,square,1:1,543x543,JPEG,concrete-slabs-1065.jpg,Concrete slabs,no,D24/D20 naming-convention reversal,yes — decorative/non-evidential only,1065,concrete-slabs-camden-1065.jpg,defer with page; before future release apply the recorded underlying media disposition; underlying: D32 section already removed,none,no — page is outside the smallest launch,page_id=1372; widget_type=image; setting=image; decorative; permission=not in derivative; source_geographic_claim=none in permitted derivative; project_claim=no; can be removed without loss of page meaning; derivative_slot=absent
IMG-0196,Wave 3 pending research,concreters-narellan,suburb,4195f9b,36efc778 — Untitled Elementor section,DEFERRED,optional,existing re-encoded media,Pouring a concrete slab; visible purpose: Untitled Elementor section,landscape,3:2,627x418,JPEG,pouring-a-concrete-slab-1066.jpg,Pouring a concrete slab,no,D24/D20 naming-convention reversal,yes — decorative/non-evidential only,1066,pouring-a-concrete-slab-camden-1066.jpg,defer with page; before future release apply the recorded underlying media disposition; underlying: D32 section already removed,none,no — page is outside the smallest launch,page_id=1372; widget_type=image; setting=image; decorative; permission=not in derivative; source_geographic_claim=none in permitted derivative; project_claim=no; can be removed without loss of page meaning; derivative_slot=absent
IMG-0197,Wave 3 pending research,concreters-narellan,suburb,e5f56c0,36efc778 — Untitled Elementor section,DEFERRED,optional,existing re-encoded media,Verified badge e1784545689665 camden in the context of Concreters Narellan; visible purpose: Untitled Elementor section,landscape,140:113,980x791,AVIF,,Describe only the visible subject; empty alt if purely decorative,no,owner-recorded Band B verdict; build/45-media-remediation.csv,yes — decorative/non-evidential only,1067,verified-badge-e1784545689665-camden-1067.avif,defer with page; before future release apply the recorded underlying media disposition; underlying: D32 section already removed,none,no — page is outside the smallest launch,page_id=1372; widget_type=image; setting=image; decorative; permission=not in derivative; source_geographic_claim=none in permitted derivative; project_claim=no; can be removed without loss of page meaning; derivative_slot=absent
IMG-0198,D22 deferred — unresearched,concreters-narellan-vale,suburb,7c2526d7,7c2526d7 — Concreters Narellan Vale,DEFERRED,optional,existing re-encoded media,Exposed aggregate concrete; visible purpose: Concreters Narellan Vale,square,1:1,2007x2007,JPEG,exposed-aggregate-concrete-50.jpg,Exposed aggregate concrete,no,D24/D20 naming-convention reversal,yes — decorative/non-evidential only,50,exposed-aggregate-concrete-50.jpg,defer with page; before future release apply the recorded underlying media disposition; underlying: permitted generic decoration,none,no — page is outside the smallest launch,page_id=1373; widget_type=container; setting=background_image; decorative; permission=pipeline-permitted in derivative; source_geographic_claim=none in permitted derivative; project_claim=no; can be removed without loss of page meaning; derivative_slot=present
IMG-0199,D22 deferred — unresearched,concreters-narellan-vale,suburb,a86c195,9e36728 — Concrete Driveways / Concrete Slabs / Exposed Aggregate,DEFERRED,optional,existing re-encoded media,Timber bench or deck; no concrete subject; visible purpose: Concrete Driveways,landscape,1254:941,1254x941,WebP,,Describe only the visible subject; empty alt if purely decorative,no,owner worksheet blank; fail-closed under Phase B instruction,yes — decorative/non-evidential only,481,oran-park2-481.webp,defer with page; before future release apply the recorded underlying media disposition; underlying: Band A HOLD; audit recommends UNUSABLE,record explicit UNUSABLE (or another supported verdict); OK also requires cited provenance,yes for Phase B/staging; page publication is deferred,"page_id=1373; widget_type=image-box; setting=image; decorative; permission=HOLD; absent from derivative; source_geographic_claim=Filename asserts Oran Park, NSW.; project_claim=no; can be removed without loss of page meaning; derivative_slot=absent"
IMG-0200,D22 deferred — unresearched,concreters-narellan-vale,suburb,516941f,9e36728 — Concrete Driveways / Concrete Slabs / Exposed Aggregate,DEFERRED,optional,existing re-encoded media,Timber deck framing and bare ground; no concrete subject; visible purpose: Concrete Slabs,portrait,3:4,750x1000,WebP,,Describe only the visible subject; empty alt if purely decorative,no,owner worksheet blank; fail-closed under Phase B instruction,yes — decorative/non-evidential only,482,oran-park3-482.webp,defer with page; before future release apply the recorded underlying media disposition; underlying: Band A HOLD; audit recommends UNUSABLE,record explicit UNUSABLE (or another supported verdict); OK also requires cited provenance,yes for Phase B/staging; page publication is deferred,"page_id=1373; widget_type=image-box; setting=image; decorative; permission=HOLD; absent from derivative; source_geographic_claim=Filename asserts Oran Park, NSW.; project_claim=no; can be removed without loss of page meaning; derivative_slot=absent"
IMG-0201,D22 deferred — unresearched,concreters-narellan-vale,suburb,f36a8f3,9e36728 — Concrete Driveways / Concrete Slabs / Exposed Aggregate,DEFERRED,optional,existing re-encoded media,Exposed aggregate driveway leading to a home; visible purpose: Exposed Aggregate,landscape,1419:1064,1419x1064,JPEG,exposed-aggregate-residential-driveway-609.jpg,Exposed aggregate driveway leading to a home,no,D24/D20: reverse Adelaide to South West Sydney naming substitution,yes — decorative/non-evidential only,609,exposed-aggregate-residential-driveway-609.jpg,defer with page; before future release apply the recorded underlying media disposition; underlying: permitted generic decoration,none,no — page is outside the smallest launch,page_id=1373; widget_type=image-box; setting=image; decorative; permission=pipeline-permitted in derivative; source_geographic_claim=none in permitted derivative; project_claim=no; can be removed without loss of page meaning; derivative_slot=present
IMG-0202,D22 deferred — unresearched,concreters-narellan-vale,suburb,af91c52,98fbeea — Patios & Alfresco / Paths & Pathways / Coloured & Decorative,DEFERRED,optional,existing re-encoded media,Excavated residential area; visible purpose: Patios & Alfresco,landscape,723:376,723x376,JPEG,residential-site-excavation-906.jpg,Excavated residential area prepared for concrete work,no,owner worksheet blank; fail-closed under Phase B instruction,yes — decorative/non-evidential only,906,driveway-excavation-camden-906.jpg,defer with page; before future release apply the recorded underlying media disposition; underlying: Band A HOLD; audit recommends GENERIC,record explicit GENERIC (or another supported verdict); OK also requires cited provenance,yes for Phase B/staging; page publication is deferred,page_id=1373; widget_type=image-box; setting=image; decorative; permission=HOLD; absent from derivative; source_geographic_claim=Filename and alt assert the excavation is in Camden.; project_claim=no; can be removed without loss of page meaning; derivative_slot=absent
IMG-0203,D22 deferred — unresearched,concreters-narellan-vale,suburb,e6c2ed7,98fbeea — Patios & Alfresco / Paths & Pathways / Coloured & Decorative,DEFERRED,optional,existing re-encoded media,Identifiable Werribee heritage mansion and gardens; no concrete subject; visible purpose: Paths & Pathways,landscape,101:76,505x380,JPEG,,Describe only the visible subject; empty alt if purely decorative,no,owner worksheet blank; fail-closed under Phase B instruction,yes — decorative/non-evidential only,907,camden-town-centre-907.jpg,defer with page; before future release apply the recorded underlying media disposition; underlying: Band A HOLD; audit recommends UNUSABLE,record explicit UNUSABLE (or another supported verdict); OK also requires cited provenance,yes for Phase B/staging; page publication is deferred,page_id=1373; widget_type=image-box; setting=image; decorative; permission=HOLD; absent from derivative; source_geographic_claim=Filename and alt assert this is Camden town centre.; project_claim=no; can be removed without loss of page meaning; derivative_slot=absent
IMG-0204,D22 deferred — unresearched,concreters-narellan-vale,suburb,d06ebf3,98fbeea — Patios & Alfresco / Paths & Pathways / Coloured & Decorative,DEFERRED,optional,existing re-encoded media,Excavated residential area; visible purpose: Coloured & Decorative,landscape,723:376,723x376,JPEG,residential-site-excavation-906.jpg,Excavated residential area prepared for concrete work,no,owner worksheet blank; fail-closed under Phase B instruction,yes — decorative/non-evidential only,906,driveway-excavation-camden-906.jpg,defer with page; before future release apply the recorded underlying media disposition; underlying: Band A HOLD; audit recommends GENERIC,record explicit GENERIC (or another supported verdict); OK also requires cited provenance,yes for Phase B/staging; page publication is deferred,page_id=1373; widget_type=image-box; setting=image; decorative; permission=HOLD; absent from derivative; source_geographic_claim=Filename and alt assert the excavation is in Camden.; project_claim=no; can be removed without loss of page meaning; derivative_slot=absent
IMG-0205,D22 deferred — unresearched,concreters-smeaton-grange,suburb,7c2526d7,7c2526d7 — Concreters Smeaton Grange,DEFERRED,optional,existing re-encoded media,Exposed aggregate concrete; visible purpose: Concreters Smeaton Grange,square,1:1,2007x2007,JPEG,exposed-aggregate-concrete-50.jpg,Exposed aggregate concrete,no,D24/D20 naming-convention reversal,yes — decorative/non-evidential only,50,exposed-aggregate-concrete-50.jpg,defer with page; before future release apply the recorded underlying media disposition; underlying: permitted generic decoration,none,no — page is outside the smallest launch,page_id=1374; widget_type=container; setting=background_image; decorative; permission=pipeline-permitted in derivative; source_geographic_claim=none in permitted derivative; project_claim=no; can be removed without loss of page meaning; derivative_slot=present
IMG-0206,D22 deferred — unresearched,concreters-smeaton-grange,suburb,a86c195,9e36728 — Concrete Driveways / Concrete Slabs / Exposed Aggregate,DEFERRED,optional,existing re-encoded media,Paths and pathwaysconcrete; visible purpose: Concrete Driveways,portrait,196:261,392x522,JPEG,paths-and-pathwaysconcrete-144.jpg,Paths and pathwaysconcrete,no,D24/D20 naming-convention reversal,yes — decorative/non-evidential only,144,paths-and-pathwaysconcrete-144.jpg,defer with page; before future release apply the recorded underlying media disposition; underlying: permitted generic decoration,none,no — page is outside the smallest launch,page_id=1374; widget_type=image-box; setting=image; decorative; permission=pipeline-permitted in derivative; source_geographic_claim=none in permitted derivative; project_claim=no; can be removed without loss of page meaning; derivative_slot=present
IMG-0207,D22 deferred — unresearched,concreters-smeaton-grange,suburb,516941f,9e36728 — Concrete Driveways / Concrete Slabs / Exposed Aggregate,DEFERRED,optional,existing re-encoded media,Patiosandalfrescoconcrete; visible purpose: Concrete Slabs,portrait,391:491,391x491,JPEG,patiosandalfrescoconcrete-145.jpg,Patiosandalfrescoconcrete,no,D24/D20 naming-convention reversal,yes — decorative/non-evidential only,145,patiosandalfrescoconcrete-145.jpg,defer with page; before future release apply the recorded underlying media disposition; underlying: permitted generic decoration,none,no — page is outside the smallest launch,page_id=1374; widget_type=image-box; setting=image; decorative; permission=pipeline-permitted in derivative; source_geographic_claim=none in permitted derivative; project_claim=no; can be removed without loss of page meaning; derivative_slot=present
IMG-0208,D22 deferred — unresearched,concreters-smeaton-grange,suburb,f36a8f3,9e36728 — Concrete Driveways / Concrete Slabs / Exposed Aggregate,DEFERRED,optional,existing re-encoded media,Concretepoolsurronds; visible purpose: Exposed Aggregate,landscape,2509:1882,2509x1882,JPEG,concretepoolsurronds-146.jpg,Concretepoolsurronds,no,D24/D20 naming-convention reversal,yes — decorative/non-evidential only,146,concretepoolsurronds-146.jpg,defer with page; before future release apply the recorded underlying media disposition; underlying: permitted generic decoration,none,no — page is outside the smallest launch,page_id=1374; widget_type=image-box; setting=image; decorative; permission=pipeline-permitted in derivative; source_geographic_claim=none in permitted derivative; project_claim=no; can be removed without loss of page meaning; derivative_slot=present
IMG-0209,D22 deferred — unresearched,concreters-smeaton-grange,suburb,af91c52,98fbeea — Patios & Alfresco / Paths & Pathways / Coloured & Decorative,DEFERRED,optional,existing re-encoded media,Shedslabconcrete; visible purpose: Patios & Alfresco,landscape,627:470,627x470,JPEG,shedslabconcrete-166.jpg,Shedslabconcrete,no,D24/D20 naming-convention reversal,yes — decorative/non-evidential only,166,shedslabconcrete-166.jpg,defer with page; before future release apply the recorded underlying media disposition; underlying: permitted generic decoration,none,no — page is outside the smallest launch,page_id=1374; widget_type=image-box; setting=image; decorative; permission=pipeline-permitted in derivative; source_geographic_claim=none in permitted derivative; project_claim=no; can be removed without loss of page meaning; derivative_slot=present
IMG-0210,D22 deferred — unresearched,concreters-smeaton-grange,suburb,e6c2ed7,98fbeea — Patios & Alfresco / Paths & Pathways / Coloured & Decorative,DEFERRED,optional,existing re-encoded media,Garage slabs concrete; visible purpose: Paths & Pathways,landscape,665:443,665x443,JPEG,garage-slabs-concrete-167.jpg,Garage slabs concrete,no,D24/D20 naming-convention reversal,yes — decorative/non-evidential only,167,garage-slabs-concrete-167.jpg,defer with page; before future release apply the recorded underlying media disposition; underlying: permitted generic decoration,none,no — page is outside the smallest launch,page_id=1374; widget_type=image-box; setting=image; decorative; permission=pipeline-permitted in derivative; source_geographic_claim=none in permitted derivative; project_claim=no; can be removed without loss of page meaning; derivative_slot=present
IMG-0211,D22 deferred — unresearched,concreters-smeaton-grange,suburb,d06ebf3,98fbeea — Patios & Alfresco / Paths & Pathways / Coloured & Decorative,DEFERRED,optional,existing re-encoded media,Shedslabconcrete; visible purpose: Coloured & Decorative,landscape,627:470,627x470,JPEG,shedslabconcrete-166.jpg,Shedslabconcrete,no,D24/D20 naming-convention reversal,yes — decorative/non-evidential only,166,shedslabconcrete-166.jpg,defer with page; before future release apply the recorded underlying media disposition; underlying: permitted generic decoration,none,no — page is outside the smallest launch,page_id=1374; widget_type=image-box; setting=image; decorative; permission=pipeline-permitted in derivative; source_geographic_claim=none in permitted derivative; project_claim=no; can be removed without loss of page meaning; derivative_slot=present
IMG-0212,Wave 3 pending research,concreters-mount-annan,suburb,7c2526d7,7c2526d7 — Concreters Mount Annan,DEFERRED,optional,existing re-encoded media,Exposed aggregate concrete; visible purpose: Concreters Mount Annan,square,1:1,2007x2007,JPEG,exposed-aggregate-concrete-50.jpg,Exposed aggregate concrete,no,D24/D20 naming-convention reversal,yes — decorative/non-evidential only,50,exposed-aggregate-concrete-50.jpg,defer with page; before future release apply the recorded underlying media disposition; underlying: permitted generic decoration,none,no — page is outside the smallest launch,page_id=1375; widget_type=container; setting=background_image; decorative; permission=pipeline-permitted in derivative; source_geographic_claim=none in permitted derivative; project_claim=no; can be removed without loss of page meaning; derivative_slot=present
IMG-0213,Wave 3 pending research,concreters-mount-annan,suburb,a86c195,9e36728 — Concrete Driveways / Concrete Slabs / Exposed Aggregate,DEFERRED,optional,existing re-encoded media,Accessible paths concrete; visible purpose: Concrete Driveways,portrait,74:81,518x567,JPEG,accessible-paths-concrete-184.jpg,Accessible paths concrete,no,D24/D20 naming-convention reversal,yes — decorative/non-evidential only,184,accessible-paths-concrete-184.jpg,defer with page; before future release apply the recorded underlying media disposition; underlying: permitted generic decoration,none,no — page is outside the smallest launch,page_id=1375; widget_type=image-box; setting=image; decorative; permission=pipeline-permitted in derivative; source_geographic_claim=none in permitted derivative; project_claim=no; can be removed without loss of page meaning; derivative_slot=present
IMG-0214,Wave 3 pending research,concreters-mount-annan,suburb,516941f,9e36728 — Concrete Driveways / Concrete Slabs / Exposed Aggregate,DEFERRED,optional,existing re-encoded media,Freshly finished residential side-yard slab; visible purpose: Concrete Slabs,landscape,627:470,627x470,JPEG,fresh-concrete-side-yard-slab-226.jpg,Freshly finished concrete slab in a residential side yard,no,owner worksheet blank; fail-closed under Phase B instruction,yes — decorative/non-evidential only,226,concretejob2camden-226.jpg,defer with page; before future release apply the recorded underlying media disposition; underlying: Band A HOLD; audit recommends GENERIC,record explicit GENERIC (or another supported verdict); OK also requires cited provenance,yes for Phase B/staging; page publication is deferred,page_id=1375; widget_type=image-box; setting=image; decorative; permission=HOLD; absent from derivative; source_geographic_claim=Filename asserts the job is in Camden.; project_claim=no; can be removed without loss of page meaning; derivative_slot=absent
IMG-0215,Wave 3 pending research,concreters-mount-annan,suburb,f36a8f3,9e36728 — Concrete Driveways / Concrete Slabs / Exposed Aggregate,DEFERRED,optional,existing re-encoded media,Backyard patio concreter; visible purpose: Exposed Aggregate,landscape,4:3,784x588,JPEG,backyard-patio-concreter-227.jpg,Backyard patio concreter,no,D24/D20 naming-convention reversal,yes — decorative/non-evidential only,227,backyard-patio-concreter-227.jpg,defer with page; before future release apply the recorded underlying media disposition; underlying: permitted generic decoration,none,no — page is outside the smallest launch,page_id=1375; widget_type=image-box; setting=image; decorative; permission=pipeline-permitted in derivative; source_geographic_claim=none in permitted derivative; project_claim=no; can be removed without loss of page meaning; derivative_slot=present
IMG-0216,Wave 3 pending research,concreters-mount-annan,suburb,af91c52,98fbeea — Patios & Alfresco / Paths & Pathways / Coloured & Decorative,DEFERRED,optional,existing re-encoded media,Freshly poured concrete slab along a side boundary; visible purpose: Patios & Alfresco,landscape,125:94,625x470,JPEG,fresh-concrete-side-yard-slab-228.jpg,Freshly poured concrete slab along a side boundary,no,owner-recorded Band B verdict; build/45-media-remediation.csv,yes — decorative/non-evidential only,228,fresh-concrete-side-yard-slab-228.jpg,defer with page; before future release apply the recorded underlying media disposition; underlying: permitted generic decoration,none,no — page is outside the smallest launch,page_id=1375; widget_type=image-box; setting=image; decorative; permission=pipeline-permitted in derivative; source_geographic_claim=none in permitted derivative; project_claim=no; can be removed without loss of page meaning; derivative_slot=present
IMG-0217,Wave 3 pending research,concreters-mount-annan,suburb,e6c2ed7,98fbeea — Patios & Alfresco / Paths & Pathways / Coloured & Decorative,DEFERRED,optional,existing re-encoded media,Image placeholder hero camden in the context of Concreters Mount Annan; visible purpose: Paths & Pathways,landscape,503:409,1006x818,JPEG,image-placeholder-hero-275.jpeg,Describe only the visible subject; empty alt if purely decorative,no,D24/D20 naming-convention reversal,yes — decorative/non-evidential only,275,image-placeholder-hero-275.jpeg,defer with page; before future release apply the recorded underlying media disposition; underlying: blank placeholder; remove before future release,none,no — page is outside the smallest launch,page_id=1375; widget_type=image-box; setting=image; decorative; permission=pipeline-permitted in derivative; source_geographic_claim=none in permitted derivative; project_claim=no; can be removed without loss of page meaning; derivative_slot=present
IMG-0218,Wave 3 pending research,concreters-mount-annan,suburb,d06ebf3,98fbeea — Patios & Alfresco / Paths & Pathways / Coloured & Decorative,DEFERRED,optional,existing re-encoded media,Freshly poured concrete slab along a side boundary; visible purpose: Coloured & Decorative,landscape,125:94,625x470,JPEG,fresh-concrete-side-yard-slab-228.jpg,Freshly poured concrete slab along a side boundary,no,owner-recorded Band B verdict; build/45-media-remediation.csv,yes — decorative/non-evidential only,228,fresh-concrete-side-yard-slab-228.jpg,defer with page; before future release apply the recorded underlying media disposition; underlying: permitted generic decoration,none,no — page is outside the smallest launch,page_id=1375; widget_type=image-box; setting=image; decorative; permission=pipeline-permitted in derivative; source_geographic_claim=none in permitted derivative; project_claim=no; can be removed without loss of page meaning; derivative_slot=present
IMG-0219,Wave 3 pending research,concreters-mount-annan,suburb,af8ef50,40d980a — Ground conditions in Mount Annan,DEFERRED,optional,existing re-encoded media,Image contact 1 camden in the context of Concreters Mount Annan; visible purpose: Ground conditions in Mount Annan,landscape,836:421,836x421,JPEG,image-contact-1-276.jpg,Describe only the visible subject; empty alt if purely decorative,no,D24/D20 naming-convention reversal,yes — decorative/non-evidential only,276,image-contact-1-276.jpg,defer with page; before future release apply the recorded underlying media disposition; underlying: blank placeholder; remove before future release,none,no — page is outside the smallest launch,page_id=1375; widget_type=image; setting=image; decorative; permission=pipeline-permitted in derivative; source_geographic_claim=none in permitted derivative; project_claim=no; can be removed without loss of page meaning; derivative_slot=present
IMG-0220,Wave 3 pending research,concreters-mount-annan,suburb,2eb88ab,77cc745 — Preparing a pour in Mount Annan,DEFERRED,optional,existing re-encoded media,Image placeholder hero 1 camden in the context of Concreters Mount Annan; visible purpose: Preparing a pour in Mount Annan,landscape,503:409,1006x818,JPEG,image-placeholder-hero-1-277.jpeg,Describe only the visible subject; empty alt if purely decorative,no,D24/D20 naming-convention reversal,yes — decorative/non-evidential only,277,image-placeholder-hero-1-277.jpeg,defer with page; before future release apply the recorded underlying media disposition; underlying: blank placeholder; remove before future release,none,no — page is outside the smallest launch,page_id=1375; widget_type=image; setting=image; decorative; permission=pipeline-permitted in derivative; source_geographic_claim=none in permitted derivative; project_claim=no; can be removed without loss of page meaning; derivative_slot=present
IMG-0221,Wave 3 pending research,concreters-mount-annan,suburb,0ca264b,8d1059a — Levels and water movement in Mount Annan,DEFERRED,optional,existing re-encoded media,Image placeholder about 1 camden in the context of Concreters Mount Annan; visible purpose: Levels and water movement in Mount Annan,landscape,223:196,669x588,JPEG,image-placeholder-about-1-278.jpeg,Describe only the visible subject; empty alt if purely decorative,no,D24/D20 naming-convention reversal,yes — decorative/non-evidential only,278,image-placeholder-about-1-278.jpeg,defer with page; before future release apply the recorded underlying media disposition; underlying: blank placeholder; remove before future release,none,no — page is outside the smallest launch,page_id=1375; widget_type=image; setting=image; decorative; permission=pipeline-permitted in derivative; source_geographic_claim=none in permitted derivative; project_claim=no; can be removed without loss of page meaning; derivative_slot=present
IMG-0222,Wave 3 pending research,concreters-mount-annan,suburb,7bcc8c0,a599284 — Driveway approvals for Mount Annan,DEFERRED,optional,existing re-encoded media,Image placeholder about camden in the context of Concreters Mount Annan; visible purpose: Driveway approvals for Mount Annan,landscape,223:196,669x588,JPEG,image-placeholder-about-279.jpeg,Describe only the visible subject; empty alt if purely decorative,no,D24/D20 naming-convention reversal,yes — decorative/non-evidential only,279,image-placeholder-about-279.jpeg,defer with page; before future release apply the recorded underlying media disposition; underlying: blank placeholder; remove before future release,none,no — page is outside the smallest launch,page_id=1375; widget_type=image; setting=image; decorative; permission=pipeline-permitted in derivative; source_geographic_claim=none in permitted derivative; project_claim=no; can be removed without loss of page meaning; derivative_slot=present
IMG-0223,Wave 3 pending research,concreters-mount-annan,suburb,0424a72,36efc778 — Untitled Elementor section,DEFERRED,optional,existing re-encoded media,Image testemonials camden in the context of Concreters Mount Annan; visible purpose: Untitled Elementor section,square,1:1,62x62,JPEG,,Describe only the visible subject; empty alt if purely decorative,no,owner-recorded Band B verdict; build/45-media-remediation.csv,yes — decorative/non-evidential only,280,image-testemonials-camden-280.jpeg,defer with page; before future release apply the recorded underlying media disposition; underlying: D32 section already removed,none,no — page is outside the smallest launch,page_id=1375; widget_type=image; setting=image; decorative; permission=not in derivative; source_geographic_claim=none in permitted derivative; project_claim=no; can be removed without loss of page meaning; derivative_slot=absent
IMG-0224,Wave 3 pending research,concreters-mount-annan,suburb,4195f9b,36efc778 — Untitled Elementor section,DEFERRED,optional,existing re-encoded media,About 2 hero camden in the context of Concreters Mount Annan; visible purpose: Untitled Elementor section,landscape,451:322,902x644,JPEG,about-2-hero-323.jpg,Describe only the visible subject; empty alt if purely decorative,no,D24/D20 naming-convention reversal,yes — decorative/non-evidential only,323,about-2-hero-camden-323.jpg,defer with page; before future release apply the recorded underlying media disposition; underlying: D32 section already removed,none,no — page is outside the smallest launch,page_id=1375; widget_type=image; setting=image; decorative; permission=not in derivative; source_geographic_claim=none in permitted derivative; project_claim=no; can be removed without loss of page meaning; derivative_slot=absent
IMG-0225,Wave 3 pending research,concreters-mount-annan,suburb,e5f56c0,36efc778 — Untitled Elementor section,DEFERRED,optional,existing re-encoded media,Synthetic turf and timber landscaping; no concrete subject; visible purpose: Untitled Elementor section,landscape,1254:941,1254x941,WebP,,Describe only the visible subject; empty alt if purely decorative,no,owner worksheet blank; fail-closed under Phase B instruction,yes — decorative/non-evidential only,480,oran-park1-480.webp,defer with page; before future release apply the recorded underlying media disposition; underlying: D32 section already removed,none,no — page is outside the smallest launch,"page_id=1375; widget_type=image; setting=image; decorative; permission=not in derivative; source_geographic_claim=Filename asserts Oran Park, NSW.; project_claim=no; can be removed without loss of page meaning; derivative_slot=absent"
IMG-0226,D22 deferred — unresearched,concreters-currans-hill,suburb,7c2526d7,7c2526d7 — Concreters Currans Hill,DEFERRED,optional,existing re-encoded media,Exposed aggregate concrete; visible purpose: Concreters Currans Hill,square,1:1,2007x2007,JPEG,exposed-aggregate-concrete-50.jpg,Exposed aggregate concrete,no,D24/D20 naming-convention reversal,yes — decorative/non-evidential only,50,exposed-aggregate-concrete-50.jpg,defer with page; before future release apply the recorded underlying media disposition; underlying: permitted generic decoration,none,no — page is outside the smallest launch,page_id=1376; widget_type=container; setting=background_image; decorative; permission=pipeline-permitted in derivative; source_geographic_claim=none in permitted derivative; project_claim=no; can be removed without loss of page meaning; derivative_slot=present
IMG-0227,D22 deferred — unresearched,concreters-currans-hill,suburb,a86c195,9e36728 — Concrete Driveways in Currans Hill / Concrete Slabs in Currans Hill / Exposed Aggregate in Currans Hill,DEFERRED,optional,existing re-encoded media,Stamped concrete driveway; visible purpose: Concrete Driveways in Currans Hill,square,1:1,543x543,JPEG,stamped-concrete-driveway-926.jpg,Stamped concrete driveway beside a brick home,no,owner worksheet blank; fail-closed under Phase B instruction,yes — decorative/non-evidential only,926,stamped-concrete-south-west-sydney-926.jpg,defer with page; before future release apply the recorded underlying media disposition; underlying: Band A HOLD; audit recommends GENERIC,record explicit GENERIC (or another supported verdict); OK also requires cited provenance,yes for Phase B/staging; page publication is deferred,page_id=1376; widget_type=image-box; setting=image; decorative; permission=HOLD; absent from derivative; source_geographic_claim=Filename and alt assert South West Sydney.; project_claim=no; can be removed without loss of page meaning; derivative_slot=absent
IMG-0228,D22 deferred — unresearched,concreters-currans-hill,suburb,516941f,9e36728 — Concrete Driveways in Currans Hill / Concrete Slabs in Currans Hill / Exposed Aggregate in Currans Hill,DEFERRED,optional,existing re-encoded media,Honed and polished concrete; visible purpose: Concrete Slabs in Currans Hill,portrait,209:251,836x1004,WebP,honed-and-polished-concrete-927.webp,Honed and polished concrete,no,D24/D20 naming-convention reversal,yes — decorative/non-evidential only,927,honed-and-polished-concrete-927.webp,defer with page; before future release apply the recorded underlying media disposition; underlying: permitted generic decoration,none,no — page is outside the smallest launch,page_id=1376; widget_type=image-box; setting=image; decorative; permission=pipeline-permitted in derivative; source_geographic_claim=none in permitted derivative; project_claim=no; can be removed without loss of page meaning; derivative_slot=present
IMG-0229,D22 deferred — unresearched,concreters-currans-hill,suburb,f36a8f3,9e36728 — Concrete Driveways in Currans Hill / Concrete Slabs in Currans Hill / Exposed Aggregate in Currans Hill,DEFERRED,optional,existing re-encoded media,Identifiable Melbourne CBD skyline and hot-air balloon; visible purpose: Exposed Aggregate in Currans Hill,landscape,4:3,888x666,PNG,,Describe only the visible subject; empty alt if purely decorative,no,owner worksheet blank; fail-closed under Phase B instruction,yes — decorative/non-evidential only,956,south-west-sydney-growth-corridor-956.png,defer with page; before future release apply the recorded underlying media disposition; underlying: Band A HOLD; audit recommends UNUSABLE,record explicit UNUSABLE (or another supported verdict); OK also requires cited provenance,yes for Phase B/staging; page publication is deferred,page_id=1376; widget_type=image-box; setting=image; decorative; permission=HOLD; absent from derivative; source_geographic_claim=Filename and alt assert the South West Sydney growth corridor.; project_claim=no; can be removed without loss of page meaning; derivative_slot=absent
IMG-0230,D22 deferred — unresearched,concreters-currans-hill,suburb,af91c52,98fbeea — Patios & Alfresco in Currans Hill / Paths & Pathways in Currans Hill / Coloured & Decorative in Currans Hill,DEFERRED,optional,existing re-encoded media,Wianamatta shale clay camden in the context of Concreters Currans Hill; visible purpose: Patios & Alfresco in Currans Hill,landscape,627:470,627x470,JPEG,,Describe only the visible subject; empty alt if purely decorative,no,D19 removes the Tarneit soil photograph and retains its containing sections,yes — decorative/non-evidential only,1020,wianamatta-shale-clay-camden-1020.jpg,defer with page; before future release apply the recorded underlying media disposition; underlying: prohibited slot already removed,none,no — page is outside the smallest launch,page_id=1376; widget_type=image-box; setting=image; decorative; permission=not in derivative; source_geographic_claim=none in permitted derivative; project_claim=no; can be removed without loss of page meaning; derivative_slot=absent
IMG-0231,D22 deferred — unresearched,concreters-currans-hill,suburb,e6c2ed7,98fbeea — Patios & Alfresco in Currans Hill / Paths & Pathways in Currans Hill / Coloured & Decorative in Currans Hill,DEFERRED,optional,existing re-encoded media,Aerial view of a waterway beside a residential area; visible purpose: Paths & Pathways in Currans Hill,landscape,4:3,784x588,JPEG,aerial-waterway-residential-area-1056.jpg,Aerial view of a waterway beside a residential area,no,D18/D20: Victorian Davis Creek cannot be named as South Creek,yes — decorative/non-evidential only,1056,aerial-waterway-residential-area-1056.jpg,defer with page; before future release apply the recorded underlying media disposition; underlying: permitted generic decoration,none,no — page is outside the smallest launch,page_id=1376; widget_type=image-box; setting=image; decorative; permission=pipeline-permitted in derivative; source_geographic_claim=none in permitted derivative; project_claim=no; can be removed without loss of page meaning; derivative_slot=present
IMG-0232,D22 deferred — unresearched,concreters-currans-hill,suburb,d06ebf3,98fbeea — Patios & Alfresco in Currans Hill / Paths & Pathways in Currans Hill / Coloured & Decorative in Currans Hill,DEFERRED,optional,existing re-encoded media,Wianamatta shale clay camden in the context of Concreters Currans Hill; visible purpose: Coloured & Decorative in Currans Hill,landscape,627:470,627x470,JPEG,,Describe only the visible subject; empty alt if purely decorative,no,D19 removes the Tarneit soil photograph and retains its containing sections,yes — decorative/non-evidential only,1020,wianamatta-shale-clay-camden-1020.jpg,defer with page; before future release apply the recorded underlying media disposition; underlying: prohibited slot already removed,none,no — page is outside the smallest launch,page_id=1376; widget_type=image-box; setting=image; decorative; permission=not in derivative; source_geographic_claim=none in permitted derivative; project_claim=no; can be removed without loss of page meaning; derivative_slot=absent
IMG-0233,D22 deferred — unresearched,concreters-currans-hill,suburb,af8ef50,40d980a — Ground conditions in Currans Hill,DEFERRED,optional,existing re-encoded media,Concrete slabs; visible purpose: Ground conditions in Currans Hill,square,1:1,543x543,JPEG,concrete-slabs-1065.jpg,Concrete slabs,no,D24/D20 naming-convention reversal,yes — decorative/non-evidential only,1065,concrete-slabs-1065.jpg,defer with page; before future release apply the recorded underlying media disposition; underlying: permitted generic decoration,none,no — page is outside the smallest launch,page_id=1376; widget_type=image; setting=image; decorative; permission=pipeline-permitted in derivative; source_geographic_claim=none in permitted derivative; project_claim=no; can be removed without loss of page meaning; derivative_slot=present
IMG-0234,D22 deferred — unresearched,concreters-currans-hill,suburb,2eb88ab,77cc745 — Preparing a pour in Currans Hill,DEFERRED,optional,existing re-encoded media,Pouring a concrete slab; visible purpose: Preparing a pour in Currans Hill,landscape,3:2,627x418,JPEG,pouring-a-concrete-slab-1066.jpg,Pouring a concrete slab,no,D24/D20 naming-convention reversal,yes — decorative/non-evidential only,1066,pouring-a-concrete-slab-1066.jpg,defer with page; before future release apply the recorded underlying media disposition; underlying: permitted generic decoration,none,no — page is outside the smallest launch,page_id=1376; widget_type=image; setting=image; decorative; permission=pipeline-permitted in derivative; source_geographic_claim=none in permitted derivative; project_claim=no; can be removed without loss of page meaning; derivative_slot=present
IMG-0235,D22 deferred — unresearched,concreters-currans-hill,suburb,0ca264b,8d1059a — Levels and water movement in Currans Hill,DEFERRED,optional,existing re-encoded media,Verified badge e1784545689665 camden in the context of Concreters Currans Hill; visible purpose: Levels and water movement in Currans Hill,landscape,140:113,980x791,AVIF,,Describe only the visible subject; empty alt if purely decorative,no,owner-recorded Band B verdict; build/45-media-remediation.csv,yes — decorative/non-evidential only,1067,verified-badge-e1784545689665-camden-1067.avif,defer with page; before future release apply the recorded underlying media disposition; underlying: prohibited slot already removed,none,no — page is outside the smallest launch,page_id=1376; widget_type=image; setting=image; decorative; permission=not in derivative; source_geographic_claim=none in permitted derivative; project_claim=no; can be removed without loss of page meaning; derivative_slot=absent
IMG-0236,D22 deferred — unresearched,concreters-currans-hill,suburb,7bcc8c0,a599284 — Driveway approvals for Currans Hill,DEFERRED,optional,existing re-encoded media,What is a concrete slab; visible purpose: Driveway approvals for Currans Hill,portrait,470:627,470x627,JPEG,what-is-a-concrete-slab-1068.jpg,What is a concrete slab,no,D24/D20 naming-convention reversal,yes — decorative/non-evidential only,1068,what-is-a-concrete-slab-1068.jpg,defer with page; before future release apply the recorded underlying media disposition; underlying: permitted generic decoration,none,no — page is outside the smallest launch,page_id=1376; widget_type=image; setting=image; decorative; permission=pipeline-permitted in derivative; source_geographic_claim=none in permitted derivative; project_claim=no; can be removed without loss of page meaning; derivative_slot=present
IMG-0237,D22 deferred — unresearched,concreters-currans-hill,suburb,0424a72,36efc778 — Untitled Elementor section,DEFERRED,optional,existing re-encoded media,What is exposed aggregate; visible purpose: Untitled Elementor section,portrait,507:581,507x581,JPEG,what-is-exposed-aggregate-1109.jpg,What is exposed aggregate,no,D24/D20 naming-convention reversal,yes — decorative/non-evidential only,1109,what-is-exposed-aggregate-camden-1109.jpg,defer with page; before future release apply the recorded underlying media disposition; underlying: D32 section already removed,none,no — page is outside the smallest launch,page_id=1376; widget_type=image; setting=image; decorative; permission=not in derivative; source_geographic_claim=none in permitted derivative; project_claim=no; can be removed without loss of page meaning; derivative_slot=absent
IMG-0238,D22 deferred — unresearched,concreters-currans-hill,suburb,4195f9b,36efc778 — Untitled Elementor section,DEFERRED,optional,existing re-encoded media,Single-storey brick home with driveway; visible purpose: Untitled Elementor section,landscape,558:361,558x361,JPEG,single-storey-brick-home-driveway-1150.jpg,Single-storey brick home with a concrete driveway,no,owner worksheet blank; fail-closed under Phase B instruction,yes — decorative/non-evidential only,1150,established-home-mount-annan-1150.jpg,defer with page; before future release apply the recorded underlying media disposition; underlying: D32 section already removed,none,no — page is outside the smallest launch,"page_id=1376; widget_type=image; setting=image; decorative; permission=not in derivative; source_geographic_claim=Filename and alt assert an established home in Mount Annan, NSW.; project_claim=no; can be removed without loss of page meaning; derivative_slot=absent"
IMG-0239,D22 deferred — unresearched,concreters-currans-hill,suburb,e5f56c0,36efc778 — Untitled Elementor section,DEFERRED,optional,existing re-encoded media,Dry cracked ground surface; visible purpose: Untitled Elementor section,landscape,723:350,723x350,JPEG,dry-cracked-ground-1151.jpg,Dry cracked ground surface,no,D18/D20: remove unsupported geographic and geological assertion,yes — decorative/non-evidential only,1151,reactive-clay-concreter-camden-1151.jpg,defer with page; before future release apply the recorded underlying media disposition; underlying: D32 section already removed,none,no — page is outside the smallest launch,page_id=1376; widget_type=image; setting=image; decorative; permission=not in derivative; source_geographic_claim=none in permitted derivative; project_claim=no; can be removed without loss of page meaning; derivative_slot=absent
IMG-0240,Wave 3 pending research,concreters-spring-farm,suburb,7c2526d7,7c2526d7 — Concreters Spring Farm,DEFERRED,optional,existing re-encoded media,Exposed aggregate concrete; visible purpose: Concreters Spring Farm,square,1:1,2007x2007,JPEG,exposed-aggregate-concrete-50.jpg,Exposed aggregate concrete,no,D24/D20 naming-convention reversal,yes — decorative/non-evidential only,50,exposed-aggregate-concrete-50.jpg,defer with page; before future release apply the recorded underlying media disposition; underlying: permitted generic decoration,none,no — page is outside the smallest launch,page_id=1377; widget_type=container; setting=background_image; decorative; permission=pipeline-permitted in derivative; source_geographic_claim=none in permitted derivative; project_claim=no; can be removed without loss of page meaning; derivative_slot=present
IMG-0241,Wave 3 pending research,concreters-spring-farm,suburb,a86c195,9e36728 — Concrete Driveways / Concrete Slabs / Exposed Aggregate,DEFERRED,optional,existing re-encoded media,Extension and floor slabs concrete; visible purpose: Concrete Driveways,square,1:1,438x438,JPEG,extension-and-floor-slabs-concrete-168.jpg,Extension and floor slabs concrete,no,D24/D20 naming-convention reversal,yes — decorative/non-evidential only,168,extension-and-floor-slabs-concrete-168.jpg,defer with page; before future release apply the recorded underlying media disposition; underlying: permitted generic decoration,none,no — page is outside the smallest launch,page_id=1377; widget_type=image-box; setting=image; decorative; permission=pipeline-permitted in derivative; source_geographic_claim=none in permitted derivative; project_claim=no; can be removed without loss of page meaning; derivative_slot=present
IMG-0242,Wave 3 pending research,concreters-spring-farm,suburb,516941f,9e36728 — Concrete Driveways / Concrete Slabs / Exposed Aggregate,DEFERRED,optional,existing re-encoded media,Side access paths concrete; visible purpose: Concrete Slabs,portrait,391:491,391x491,JPEG,side-access-paths-concrete-181.jpg,Side access paths concrete,no,D24/D20 naming-convention reversal,yes — decorative/non-evidential only,181,side-access-paths-concrete-181.jpg,defer with page; before future release apply the recorded underlying media disposition; underlying: permitted generic decoration,none,no — page is outside the smallest launch,page_id=1377; widget_type=image-box; setting=image; decorative; permission=pipeline-permitted in derivative; source_geographic_claim=none in permitted derivative; project_claim=no; can be removed without loss of page meaning; derivative_slot=present
IMG-0243,Wave 3 pending research,concreters-spring-farm,suburb,f36a8f3,9e36728 — Concrete Driveways / Concrete Slabs / Exposed Aggregate,DEFERRED,optional,existing re-encoded media,Concrete garden paths and connecting paths concrete; visible purpose: Exposed Aggregate,landscape,627:470,627x470,JPEG,concrete-garden-paths-and-connecting-paths-concrete-182.jpg,Concrete garden paths and connecting paths concrete,no,D24/D20 naming-convention reversal,yes — decorative/non-evidential only,182,concrete-garden-paths-and-connecting-paths-concrete-182.jpg,defer with page; before future release apply the recorded underlying media disposition; underlying: permitted generic decoration,none,no — page is outside the smallest launch,page_id=1377; widget_type=image-box; setting=image; decorative; permission=pipeline-permitted in derivative; source_geographic_claim=none in permitted derivative; project_claim=no; can be removed without loss of page meaning; derivative_slot=present
IMG-0244,Wave 3 pending research,concreters-spring-farm,suburb,af91c52,98fbeea — Patios & Alfresco / Paths & Pathways / Coloured & Decorative,DEFERRED,optional,existing re-encoded media,Front and entry paths concrete; visible purpose: Patios & Alfresco,landscape,587:571,587x571,JPEG,front-and-entry-paths-concrete-183.jpg,Front and entry paths concrete,no,D24/D20 naming-convention reversal,yes — decorative/non-evidential only,183,front-and-entry-paths-concrete-183.jpg,defer with page; before future release apply the recorded underlying media disposition; underlying: permitted generic decoration,none,no — page is outside the smallest launch,page_id=1377; widget_type=image-box; setting=image; decorative; permission=pipeline-permitted in derivative; source_geographic_claim=none in permitted derivative; project_claim=no; can be removed without loss of page meaning; derivative_slot=present
IMG-0245,Wave 3 pending research,concreters-spring-farm,suburb,e6c2ed7,98fbeea — Patios & Alfresco / Paths & Pathways / Coloured & Decorative,DEFERRED,optional,existing re-encoded media,Accessible paths concrete; visible purpose: Paths & Pathways,portrait,74:81,518x567,JPEG,accessible-paths-concrete-184.jpg,Accessible paths concrete,no,D24/D20 naming-convention reversal,yes — decorative/non-evidential only,184,accessible-paths-concrete-184.jpg,defer with page; before future release apply the recorded underlying media disposition; underlying: permitted generic decoration,none,no — page is outside the smallest launch,page_id=1377; widget_type=image-box; setting=image; decorative; permission=pipeline-permitted in derivative; source_geographic_claim=none in permitted derivative; project_claim=no; can be removed without loss of page meaning; derivative_slot=present
IMG-0246,Wave 3 pending research,concreters-spring-farm,suburb,d06ebf3,98fbeea — Patios & Alfresco / Paths & Pathways / Coloured & Decorative,DEFERRED,optional,existing re-encoded media,Front and entry paths concrete; visible purpose: Coloured & Decorative,landscape,587:571,587x571,JPEG,front-and-entry-paths-concrete-183.jpg,Front and entry paths concrete,no,D24/D20 naming-convention reversal,yes — decorative/non-evidential only,183,front-and-entry-paths-concrete-183.jpg,defer with page; before future release apply the recorded underlying media disposition; underlying: permitted generic decoration,none,no — page is outside the smallest launch,page_id=1377; widget_type=image-box; setting=image; decorative; permission=pipeline-permitted in derivative; source_geographic_claim=none in permitted derivative; project_claim=no; can be removed without loss of page meaning; derivative_slot=present
IMG-0247,Wave 3 pending research,concreters-spring-farm,suburb,af8ef50,40d980a — Ground conditions in Spring Farm,DEFERRED,optional,existing re-encoded media,Freshly finished residential side-yard slab; visible purpose: Ground conditions in Spring Farm,landscape,627:470,627x470,JPEG,fresh-concrete-side-yard-slab-226.jpg,Freshly finished concrete slab in a residential side yard,no,owner worksheet blank; fail-closed under Phase B instruction,yes — decorative/non-evidential only,226,concretejob2camden-226.jpg,defer with page; before future release apply the recorded underlying media disposition; underlying: Band A HOLD; audit recommends GENERIC,record explicit GENERIC (or another supported verdict); OK also requires cited provenance,yes for Phase B/staging; page publication is deferred,page_id=1377; widget_type=image; setting=image; decorative; permission=HOLD; absent from derivative; source_geographic_claim=Filename asserts the job is in Camden.; project_claim=no; can be removed without loss of page meaning; derivative_slot=absent
IMG-0248,Wave 3 pending research,concreters-spring-farm,suburb,2eb88ab,77cc745 — Preparing a pour in Spring Farm,DEFERRED,optional,existing re-encoded media,Backyard patio concreter; visible purpose: Preparing a pour in Spring Farm,landscape,4:3,784x588,JPEG,backyard-patio-concreter-227.jpg,Backyard patio concreter,no,D24/D20 naming-convention reversal,yes — decorative/non-evidential only,227,backyard-patio-concreter-227.jpg,defer with page; before future release apply the recorded underlying media disposition; underlying: permitted generic decoration,none,no — page is outside the smallest launch,page_id=1377; widget_type=image; setting=image; decorative; permission=pipeline-permitted in derivative; source_geographic_claim=none in permitted derivative; project_claim=no; can be removed without loss of page meaning; derivative_slot=present
IMG-0249,Wave 3 pending research,concreters-spring-farm,suburb,0ca264b,8d1059a — Levels and water movement in Spring Farm,DEFERRED,optional,existing re-encoded media,Freshly poured concrete slab along a side boundary; visible purpose: Levels and water movement in Spring Farm,landscape,125:94,625x470,JPEG,fresh-concrete-side-yard-slab-228.jpg,Freshly poured concrete slab along a side boundary,no,owner-recorded Band B verdict; build/45-media-remediation.csv,yes — decorative/non-evidential only,228,fresh-concrete-side-yard-slab-228.jpg,defer with page; before future release apply the recorded underlying media disposition; underlying: permitted generic decoration,none,no — page is outside the smallest launch,page_id=1377; widget_type=image; setting=image; decorative; permission=pipeline-permitted in derivative; source_geographic_claim=none in permitted derivative; project_claim=no; can be removed without loss of page meaning; derivative_slot=present
IMG-0250,Wave 3 pending research,concreters-spring-farm,suburb,7bcc8c0,a599284 — Driveway approvals for Spring Farm,DEFERRED,optional,existing re-encoded media,Image placeholder hero camden in the context of Concreters Spring Farm; visible purpose: Driveway approvals for Spring Farm,landscape,503:409,1006x818,JPEG,image-placeholder-hero-275.jpeg,Describe only the visible subject; empty alt if purely decorative,no,D24/D20 naming-convention reversal,yes — decorative/non-evidential only,275,image-placeholder-hero-275.jpeg,defer with page; before future release apply the recorded underlying media disposition; underlying: blank placeholder; remove before future release,none,no — page is outside the smallest launch,page_id=1377; widget_type=image; setting=image; decorative; permission=pipeline-permitted in derivative; source_geographic_claim=none in permitted derivative; project_claim=no; can be removed without loss of page meaning; derivative_slot=present
IMG-0251,Wave 3 pending research,concreters-spring-farm,suburb,0424a72,36efc778 — Untitled Elementor section,DEFERRED,optional,existing re-encoded media,Image contact 1 camden in the context of Concreters Spring Farm; visible purpose: Untitled Elementor section,landscape,836:421,836x421,JPEG,image-contact-1-276.jpg,Describe only the visible subject; empty alt if purely decorative,no,D24/D20 naming-convention reversal,yes — decorative/non-evidential only,276,image-contact-1-camden-276.jpg,defer with page; before future release apply the recorded underlying media disposition; underlying: D32 section already removed,none,no — page is outside the smallest launch,page_id=1377; widget_type=image; setting=image; decorative; permission=not in derivative; source_geographic_claim=none in permitted derivative; project_claim=no; can be removed without loss of page meaning; derivative_slot=absent
IMG-0252,Wave 3 pending research,concreters-spring-farm,suburb,4195f9b,36efc778 — Untitled Elementor section,DEFERRED,optional,existing re-encoded media,Image placeholder hero 1 camden in the context of Concreters Spring Farm; visible purpose: Untitled Elementor section,landscape,503:409,1006x818,JPEG,image-placeholder-hero-1-277.jpeg,Describe only the visible subject; empty alt if purely decorative,no,D24/D20 naming-convention reversal,yes — decorative/non-evidential only,277,image-placeholder-hero-1-camden-277.jpeg,defer with page; before future release apply the recorded underlying media disposition; underlying: D32 section already removed,none,no — page is outside the smallest launch,page_id=1377; widget_type=image; setting=image; decorative; permission=not in derivative; source_geographic_claim=none in permitted derivative; project_claim=no; can be removed without loss of page meaning; derivative_slot=absent
IMG-0253,Wave 3 pending research,concreters-spring-farm,suburb,e5f56c0,36efc778 — Untitled Elementor section,DEFERRED,optional,existing re-encoded media,Image placeholder about 1 camden in the context of Concreters Spring Farm; visible purpose: Untitled Elementor section,landscape,223:196,669x588,JPEG,image-placeholder-about-1-278.jpeg,Describe only the visible subject; empty alt if purely decorative,no,D24/D20 naming-convention reversal,yes — decorative/non-evidential only,278,image-placeholder-about-1-camden-278.jpeg,defer with page; before future release apply the recorded underlying media disposition; underlying: D32 section already removed,none,no — page is outside the smallest launch,page_id=1377; widget_type=image; setting=image; decorative; permission=not in derivative; source_geographic_claim=none in permitted derivative; project_claim=no; can be removed without loss of page meaning; derivative_slot=absent
IMG-0254,Wave 3 pending research,concreters-elderslie,suburb,7c2526d7,7c2526d7 — Concreters Elderslie,DEFERRED,optional,existing re-encoded media,Exposed aggregate concrete; visible purpose: Concreters Elderslie,square,1:1,2007x2007,JPEG,exposed-aggregate-concrete-50.jpg,Exposed aggregate concrete,no,D24/D20 naming-convention reversal,yes — decorative/non-evidential only,50,exposed-aggregate-concrete-50.jpg,defer with page; before future release apply the recorded underlying media disposition; underlying: permitted generic decoration,none,no — page is outside the smallest launch,page_id=1378; widget_type=container; setting=background_image; decorative; permission=pipeline-permitted in derivative; source_geographic_claim=none in permitted derivative; project_claim=no; can be removed without loss of page meaning; derivative_slot=present
IMG-0255,Wave 3 pending research,concreters-elderslie,suburb,a86c195,9e36728 — Concrete Driveways in Elderslie / Concrete Slabs in Elderslie / Exposed Aggregate in Elderslie,DEFERRED,optional,existing re-encoded media,Concrete stepping slabs laid through a garden; visible purpose: Concrete Driveways in Elderslie,portrait,3:4,750x1000,WebP,concrete-stepping-slabs-garden-path-51.webp,Concrete stepping slabs laid through a garden,no,owner-recorded Band B verdict; build/45-media-remediation.csv,yes — decorative/non-evidential only,51,concrete-stepping-slabs-garden-path-51.webp,defer with page; before future release apply the recorded underlying media disposition; underlying: permitted generic decoration,none,no — page is outside the smallest launch,page_id=1378; widget_type=image-box; setting=image; decorative; permission=pipeline-permitted in derivative; source_geographic_claim=none in permitted derivative; project_claim=no; can be removed without loss of page meaning; derivative_slot=present
IMG-0256,Wave 3 pending research,concreters-elderslie,suburb,516941f,9e36728 — Concrete Driveways in Elderslie / Concrete Slabs in Elderslie / Exposed Aggregate in Elderslie,DEFERRED,optional,existing re-encoded media,Freshly poured concrete beside a swimming pool; visible purpose: Concrete Slabs in Elderslie,landscape,1333:750,1333x750,WebP,fresh-concrete-pool-surround-52.webp,Freshly poured concrete beside a swimming pool,no,owner-recorded Band B verdict; build/45-media-remediation.csv,yes — decorative/non-evidential only,52,fresh-concrete-pool-surround-52.webp,defer with page; before future release apply the recorded underlying media disposition; underlying: permitted generic decoration,none,no — page is outside the smallest launch,page_id=1378; widget_type=image-box; setting=image; decorative; permission=pipeline-permitted in derivative; source_geographic_claim=none in permitted derivative; project_claim=no; can be removed without loss of page meaning; derivative_slot=present
IMG-0257,Wave 3 pending research,concreters-elderslie,suburb,f36a8f3,9e36728 — Concrete Driveways in Elderslie / Concrete Slabs in Elderslie / Exposed Aggregate in Elderslie,DEFERRED,optional,existing re-encoded media,Patiosandpathways; visible purpose: Exposed Aggregate in Elderslie,portrait,3:4,750x1000,WebP,patiosandpathways-53.webp,Patiosandpathways,no,D24/D20 naming-convention reversal,yes — decorative/non-evidential only,53,patiosandpathways-53.webp,defer with page; before future release apply the recorded underlying media disposition; underlying: permitted generic decoration,none,no — page is outside the smallest launch,page_id=1378; widget_type=image-box; setting=image; decorative; permission=pipeline-permitted in derivative; source_geographic_claim=none in permitted derivative; project_claim=no; can be removed without loss of page meaning; derivative_slot=present
IMG-0258,Wave 3 pending research,concreters-elderslie,suburb,af91c52,98fbeea — Patios & Alfresco in Elderslie / Paths & Pathways in Elderslie / Coloured & Decorative in Elderslie,DEFERRED,optional,existing re-encoded media,Coloured detailed concrete; visible purpose: Patios & Alfresco in Elderslie,landscape,649:454,649x454,JPEG,coloured-detailed-concrete-54.jpg,Coloured detailed concrete,no,D24/D20 naming-convention reversal,yes — decorative/non-evidential only,54,coloured-detailed-concrete-54.jpg,defer with page; before future release apply the recorded underlying media disposition; underlying: permitted generic decoration,none,no — page is outside the smallest launch,page_id=1378; widget_type=image-box; setting=image; decorative; permission=pipeline-permitted in derivative; source_geographic_claim=none in permitted derivative; project_claim=no; can be removed without loss of page meaning; derivative_slot=present
IMG-0259,Wave 3 pending research,concreters-elderslie,suburb,e6c2ed7,98fbeea — Patios & Alfresco in Elderslie / Paths & Pathways in Elderslie / Coloured & Decorative in Elderslie,DEFERRED,optional,existing re-encoded media,Patiosconcrete; visible purpose: Paths & Pathways in Elderslie,landscape,637:425,1274x850,JPEG,patiosconcrete-55.jpg,Patiosconcrete,no,D24/D20 naming-convention reversal,yes — decorative/non-evidential only,55,patiosconcrete-55.jpg,defer with page; before future release apply the recorded underlying media disposition; underlying: permitted generic decoration,none,no — page is outside the smallest launch,page_id=1378; widget_type=image-box; setting=image; decorative; permission=pipeline-permitted in derivative; source_geographic_claim=none in permitted derivative; project_claim=no; can be removed without loss of page meaning; derivative_slot=present
IMG-0260,Wave 3 pending research,concreters-elderslie,suburb,d06ebf3,98fbeea — Patios & Alfresco in Elderslie / Paths & Pathways in Elderslie / Coloured & Decorative in Elderslie,DEFERRED,optional,existing re-encoded media,Coloured detailed concrete; visible purpose: Coloured & Decorative in Elderslie,landscape,649:454,649x454,JPEG,coloured-detailed-concrete-54.jpg,Coloured detailed concrete,no,D24/D20 naming-convention reversal,yes — decorative/non-evidential only,54,coloured-detailed-concrete-54.jpg,defer with page; before future release apply the recorded underlying media disposition; underlying: permitted generic decoration,none,no — page is outside the smallest launch,page_id=1378; widget_type=image-box; setting=image; decorative; permission=pipeline-permitted in derivative; source_geographic_claim=none in permitted derivative; project_claim=no; can be removed without loss of page meaning; derivative_slot=present
IMG-0261,Wave 3 pending research,concreters-elderslie,suburb,af8ef50,40d980a — Ground conditions in Elderslie,DEFERRED,optional,existing re-encoded media,Reinforcedheavydutyconcrete; visible purpose: Ground conditions in Elderslie,portrait,3:4,750x1000,WebP,reinforcedheavydutyconcrete-121.webp,Reinforcedheavydutyconcrete,no,D24/D20 naming-convention reversal,yes — decorative/non-evidential only,121,reinforcedheavydutyconcrete-121.webp,defer with page; before future release apply the recorded underlying media disposition; underlying: permitted generic decoration,none,no — page is outside the smallest launch,page_id=1378; widget_type=image; setting=image; decorative; permission=pipeline-permitted in derivative; source_geographic_claim=none in permitted derivative; project_claim=no; can be removed without loss of page meaning; derivative_slot=present
IMG-0262,Wave 3 pending research,concreters-elderslie,suburb,2eb88ab,77cc745 — Preparing a pour in Elderslie,DEFERRED,optional,existing re-encoded media,Paths and pathwaysconcrete; visible purpose: Preparing a pour in Elderslie,portrait,196:261,392x522,JPEG,paths-and-pathwaysconcrete-144.jpg,Paths and pathwaysconcrete,no,D24/D20 naming-convention reversal,yes — decorative/non-evidential only,144,paths-and-pathwaysconcrete-144.jpg,defer with page; before future release apply the recorded underlying media disposition; underlying: permitted generic decoration,none,no — page is outside the smallest launch,page_id=1378; widget_type=image; setting=image; decorative; permission=pipeline-permitted in derivative; source_geographic_claim=none in permitted derivative; project_claim=no; can be removed without loss of page meaning; derivative_slot=present
IMG-0263,Wave 3 pending research,concreters-elderslie,suburb,0ca264b,8d1059a — Levels and water movement in Elderslie,DEFERRED,optional,existing re-encoded media,Patiosandalfrescoconcrete; visible purpose: Levels and water movement in Elderslie,portrait,391:491,391x491,JPEG,patiosandalfrescoconcrete-145.jpg,Patiosandalfrescoconcrete,no,D24/D20 naming-convention reversal,yes — decorative/non-evidential only,145,patiosandalfrescoconcrete-145.jpg,defer with page; before future release apply the recorded underlying media disposition; underlying: permitted generic decoration,none,no — page is outside the smallest launch,page_id=1378; widget_type=image; setting=image; decorative; permission=pipeline-permitted in derivative; source_geographic_claim=none in permitted derivative; project_claim=no; can be removed without loss of page meaning; derivative_slot=present
IMG-0264,Wave 3 pending research,concreters-elderslie,suburb,7bcc8c0,a599284 — Driveway approvals for Elderslie,DEFERRED,optional,existing re-encoded media,Concretepoolsurronds; visible purpose: Driveway approvals for Elderslie,landscape,2509:1882,2509x1882,JPEG,concretepoolsurronds-146.jpg,Concretepoolsurronds,no,D24/D20 naming-convention reversal,yes — decorative/non-evidential only,146,concretepoolsurronds-146.jpg,defer with page; before future release apply the recorded underlying media disposition; underlying: permitted generic decoration,none,no — page is outside the smallest launch,page_id=1378; widget_type=image; setting=image; decorative; permission=pipeline-permitted in derivative; source_geographic_claim=none in permitted derivative; project_claim=no; can be removed without loss of page meaning; derivative_slot=present
IMG-0265,Wave 3 pending research,concreters-elderslie,suburb,0424a72,36efc778 — Untitled Elementor section,DEFERRED,optional,existing re-encoded media,Shedslabconcrete; visible purpose: Untitled Elementor section,landscape,627:470,627x470,JPEG,shedslabconcrete-166.jpg,Shedslabconcrete,no,D24/D20 naming-convention reversal,yes — decorative/non-evidential only,166,shedslabconcrete-camden-166.jpg,defer with page; before future release apply the recorded underlying media disposition; underlying: D32 section already removed,none,no — page is outside the smallest launch,page_id=1378; widget_type=image; setting=image; decorative; permission=not in derivative; source_geographic_claim=none in permitted derivative; project_claim=no; can be removed without loss of page meaning; derivative_slot=absent
IMG-0266,Wave 3 pending research,concreters-elderslie,suburb,4195f9b,36efc778 — Untitled Elementor section,DEFERRED,optional,existing re-encoded media,Garage slabs concrete; visible purpose: Untitled Elementor section,landscape,665:443,665x443,JPEG,garage-slabs-concrete-167.jpg,Garage slabs concrete,no,D24/D20 naming-convention reversal,yes — decorative/non-evidential only,167,garage-slabs-concrete-camden-167.jpg,defer with page; before future release apply the recorded underlying media disposition; underlying: D32 section already removed,none,no — page is outside the smallest launch,page_id=1378; widget_type=image; setting=image; decorative; permission=not in derivative; source_geographic_claim=none in permitted derivative; project_claim=no; can be removed without loss of page meaning; derivative_slot=absent
IMG-0267,Wave 3 pending research,concreters-elderslie,suburb,e5f56c0,36efc778 — Untitled Elementor section,DEFERRED,optional,existing re-encoded media,Extension and floor slabs concrete; visible purpose: Untitled Elementor section,square,1:1,438x438,JPEG,extension-and-floor-slabs-concrete-168.jpg,Extension and floor slabs concrete,no,D24/D20 naming-convention reversal,yes — decorative/non-evidential only,168,extension-and-floor-slabs-concrete-camden-168.jpg,defer with page; before future release apply the recorded underlying media disposition; underlying: D32 section already removed,none,no — page is outside the smallest launch,page_id=1378; widget_type=image; setting=image; decorative; permission=not in derivative; source_geographic_claim=none in permitted derivative; project_claim=no; can be removed without loss of page meaning; derivative_slot=absent
IMG-0268,D22 deferred — unresearched,concreters-cobbitty,suburb,7c2526d7,7c2526d7 — Concreters Cobbitty,DEFERRED,optional,existing re-encoded media,Exposed aggregate concrete; visible purpose: Concreters Cobbitty,square,1:1,2007x2007,JPEG,exposed-aggregate-concrete-50.jpg,Exposed aggregate concrete,no,D24/D20 naming-convention reversal,yes — decorative/non-evidential only,50,exposed-aggregate-concrete-50.jpg,defer with page; before future release apply the recorded underlying media disposition; underlying: permitted generic decoration,none,no — page is outside the smallest launch,page_id=1379; widget_type=container; setting=background_image; decorative; permission=pipeline-permitted in derivative; source_geographic_claim=none in permitted derivative; project_claim=no; can be removed without loss of page meaning; derivative_slot=present
IMG-0269,D22 deferred — unresearched,concreters-cobbitty,suburb,a86c195,9e36728 — Concrete Driveways / Concrete Slabs / Exposed Aggregate,DEFERRED,optional,existing re-encoded media,Image testemonials camden in the context of Concreters Cobbitty; visible purpose: Concrete Driveways,square,1:1,62x62,JPEG,,Describe only the visible subject; empty alt if purely decorative,no,owner-recorded Band B verdict; build/45-media-remediation.csv,yes — decorative/non-evidential only,280,image-testemonials-camden-280.jpeg,defer with page; before future release apply the recorded underlying media disposition; underlying: prohibited slot already removed,none,no — page is outside the smallest launch,page_id=1379; widget_type=image-box; setting=image; decorative; permission=not in derivative; source_geographic_claim=none in permitted derivative; project_claim=no; can be removed without loss of page meaning; derivative_slot=absent
IMG-0270,D22 deferred — unresearched,concreters-cobbitty,suburb,516941f,9e36728 — Concrete Driveways / Concrete Slabs / Exposed Aggregate,DEFERRED,optional,existing re-encoded media,About 2 hero camden in the context of Concreters Cobbitty; visible purpose: Concrete Slabs,landscape,451:322,902x644,JPEG,about-2-hero-323.jpg,Describe only the visible subject; empty alt if purely decorative,no,D24/D20 naming-convention reversal,yes — decorative/non-evidential only,323,about-2-hero-323.jpg,defer with page; before future release apply the recorded underlying media disposition; underlying: blank placeholder; remove before future release,none,no — page is outside the smallest launch,page_id=1379; widget_type=image-box; setting=image; decorative; permission=pipeline-permitted in derivative; source_geographic_claim=none in permitted derivative; project_claim=no; can be removed without loss of page meaning; derivative_slot=present
IMG-0271,D22 deferred — unresearched,concreters-cobbitty,suburb,f36a8f3,9e36728 — Concrete Driveways / Concrete Slabs / Exposed Aggregate,DEFERRED,optional,existing re-encoded media,Synthetic turf and timber landscaping; no concrete subject; visible purpose: Exposed Aggregate,landscape,1254:941,1254x941,WebP,,Describe only the visible subject; empty alt if purely decorative,no,owner worksheet blank; fail-closed under Phase B instruction,yes — decorative/non-evidential only,480,oran-park1-480.webp,defer with page; before future release apply the recorded underlying media disposition; underlying: Band A HOLD; audit recommends UNUSABLE,record explicit UNUSABLE (or another supported verdict); OK also requires cited provenance,yes for Phase B/staging; page publication is deferred,"page_id=1379; widget_type=image-box; setting=image; decorative; permission=HOLD; absent from derivative; source_geographic_claim=Filename asserts Oran Park, NSW.; project_claim=no; can be removed without loss of page meaning; derivative_slot=absent"
IMG-0272,D22 deferred — unresearched,concreters-cobbitty,suburb,af91c52,98fbeea — Patios & Alfresco / Paths & Pathways / Coloured & Decorative,DEFERRED,optional,existing re-encoded media,Timber bench or deck; no concrete subject; visible purpose: Patios & Alfresco,landscape,1254:941,1254x941,WebP,,Describe only the visible subject; empty alt if purely decorative,no,owner worksheet blank; fail-closed under Phase B instruction,yes — decorative/non-evidential only,481,oran-park2-481.webp,defer with page; before future release apply the recorded underlying media disposition; underlying: Band A HOLD; audit recommends UNUSABLE,record explicit UNUSABLE (or another supported verdict); OK also requires cited provenance,yes for Phase B/staging; page publication is deferred,"page_id=1379; widget_type=image-box; setting=image; decorative; permission=HOLD; absent from derivative; source_geographic_claim=Filename asserts Oran Park, NSW.; project_claim=no; can be removed without loss of page meaning; derivative_slot=absent"
IMG-0273,D22 deferred — unresearched,concreters-cobbitty,suburb,e6c2ed7,98fbeea — Patios & Alfresco / Paths & Pathways / Coloured & Decorative,DEFERRED,optional,existing re-encoded media,Timber deck framing and bare ground; no concrete subject; visible purpose: Paths & Pathways,portrait,3:4,750x1000,WebP,,Describe only the visible subject; empty alt if purely decorative,no,owner worksheet blank; fail-closed under Phase B instruction,yes — decorative/non-evidential only,482,oran-park3-482.webp,defer with page; before future release apply the recorded underlying media disposition; underlying: Band A HOLD; audit recommends UNUSABLE,record explicit UNUSABLE (or another supported verdict); OK also requires cited provenance,yes for Phase B/staging; page publication is deferred,"page_id=1379; widget_type=image-box; setting=image; decorative; permission=HOLD; absent from derivative; source_geographic_claim=Filename asserts Oran Park, NSW.; project_claim=no; can be removed without loss of page meaning; derivative_slot=absent"
IMG-0274,D22 deferred — unresearched,concreters-cobbitty,suburb,d06ebf3,98fbeea — Patios & Alfresco / Paths & Pathways / Coloured & Decorative,DEFERRED,optional,existing re-encoded media,Timber bench or deck; no concrete subject; visible purpose: Coloured & Decorative,landscape,1254:941,1254x941,WebP,,Describe only the visible subject; empty alt if purely decorative,no,owner worksheet blank; fail-closed under Phase B instruction,yes — decorative/non-evidential only,481,oran-park2-481.webp,defer with page; before future release apply the recorded underlying media disposition; underlying: Band A HOLD; audit recommends UNUSABLE,record explicit UNUSABLE (or another supported verdict); OK also requires cited provenance,yes for Phase B/staging; page publication is deferred,"page_id=1379; widget_type=image-box; setting=image; decorative; permission=HOLD; absent from derivative; source_geographic_claim=Filename asserts Oran Park, NSW.; project_claim=no; can be removed without loss of page meaning; derivative_slot=absent"
IMG-0275,D22 deferred — unresearched,concreters-cobbitty,suburb,af8ef50,40d980a — Ground conditions in Cobbitty,DEFERRED,optional,existing re-encoded media,Exposed aggregate driveway leading to a home; visible purpose: Ground conditions in Cobbitty,landscape,1419:1064,1419x1064,JPEG,exposed-aggregate-residential-driveway-609.jpg,Exposed aggregate driveway leading to a home,no,D24/D20: reverse Adelaide to South West Sydney naming substitution,yes — decorative/non-evidential only,609,exposed-aggregate-residential-driveway-609.jpg,defer with page; before future release apply the recorded underlying media disposition; underlying: permitted generic decoration,none,no — page is outside the smallest launch,page_id=1379; widget_type=image; setting=image; decorative; permission=pipeline-permitted in derivative; source_geographic_claim=none in permitted derivative; project_claim=no; can be removed without loss of page meaning; derivative_slot=present
IMG-0276,D22 deferred — unresearched,concreters-cobbitty,suburb,2eb88ab,77cc745 — Preparing a pour in Cobbitty,DEFERRED,optional,existing re-encoded media,Excavated residential area; visible purpose: Preparing a pour in Cobbitty,landscape,723:376,723x376,JPEG,residential-site-excavation-906.jpg,Excavated residential area prepared for concrete work,no,owner worksheet blank; fail-closed under Phase B instruction,yes — decorative/non-evidential only,906,driveway-excavation-camden-906.jpg,defer with page; before future release apply the recorded underlying media disposition; underlying: Band A HOLD; audit recommends GENERIC,record explicit GENERIC (or another supported verdict); OK also requires cited provenance,yes for Phase B/staging; page publication is deferred,page_id=1379; widget_type=image; setting=image; decorative; permission=HOLD; absent from derivative; source_geographic_claim=Filename and alt assert the excavation is in Camden.; project_claim=no; can be removed without loss of page meaning; derivative_slot=absent
IMG-0277,D22 deferred — unresearched,concreters-cobbitty,suburb,0ca264b,8d1059a — Levels and water movement in Cobbitty,DEFERRED,optional,existing re-encoded media,Identifiable Werribee heritage mansion and gardens; no concrete subject; visible purpose: Levels and water movement in Cobbitty,landscape,101:76,505x380,JPEG,,Describe only the visible subject; empty alt if purely decorative,no,owner worksheet blank; fail-closed under Phase B instruction,yes — decorative/non-evidential only,907,camden-town-centre-907.jpg,defer with page; before future release apply the recorded underlying media disposition; underlying: Band A HOLD; audit recommends UNUSABLE,record explicit UNUSABLE (or another supported verdict); OK also requires cited provenance,yes for Phase B/staging; page publication is deferred,page_id=1379; widget_type=image; setting=image; decorative; permission=HOLD; absent from derivative; source_geographic_claim=Filename and alt assert this is Camden town centre.; project_claim=no; can be removed without loss of page meaning; derivative_slot=absent
IMG-0278,D22 deferred — unresearched,concreters-cobbitty,suburb,7bcc8c0,a599284 — Driveway approvals for Cobbitty,DEFERRED,optional,existing re-encoded media,Aerial view of a developing housing estate; visible purpose: Driveway approvals for Cobbitty,landscape,523:367,523x367,JPEG,aerial-new-housing-estate-908.jpg,Aerial view of a developing suburban housing estate,no,owner worksheet blank; fail-closed under Phase B instruction,yes — decorative/non-evidential only,908,oran-park-growth-estate-908.jpg,defer with page; before future release apply the recorded underlying media disposition; underlying: Band A HOLD; audit recommends GENERIC,record explicit GENERIC (or another supported verdict); OK also requires cited provenance,yes for Phase B/staging; page publication is deferred,page_id=1379; widget_type=image; setting=image; decorative; permission=HOLD; absent from derivative; source_geographic_claim=Filename and alt assert an Oran Park growth estate.; project_claim=no; can be removed without loss of page meaning; derivative_slot=absent
IMG-0279,D22 deferred — unresearched,concreters-cobbitty,suburb,0424a72,36efc778 — Untitled Elementor section,DEFERRED,optional,existing re-encoded media,Control joints and cracks; visible purpose: Untitled Elementor section,landscape,627:469,627x469,JPEG,control-joints-and-cracks-909.jpg,Control joints and cracks,no,D24/D20 naming-convention reversal,yes — decorative/non-evidential only,909,control-joints-and-cracks-camden-909.jpg,defer with page; before future release apply the recorded underlying media disposition; underlying: D32 section already removed,none,no — page is outside the smallest launch,page_id=1379; widget_type=image; setting=image; decorative; permission=not in derivative; source_geographic_claim=none in permitted derivative; project_claim=no; can be removed without loss of page meaning; derivative_slot=absent
IMG-0280,D22 deferred — unresearched,concreters-cobbitty,suburb,4195f9b,36efc778 — Untitled Elementor section,DEFERRED,optional,existing re-encoded media,Coloured residential concrete patio; visible purpose: Untitled Elementor section,square,1:1,1176x1176,PNG,coloured-concrete-patio-924.png,Coloured concrete patio beside a home,no,owner worksheet blank; fail-closed under Phase B instruction,yes — decorative/non-evidential only,924,coloured-concrete-south-west-sydney-924.png,defer with page; before future release apply the recorded underlying media disposition; underlying: D32 section already removed,none,no — page is outside the smallest launch,page_id=1379; widget_type=image; setting=image; decorative; permission=not in derivative; source_geographic_claim=Filename and alt assert South West Sydney.; project_claim=no; can be removed without loss of page meaning; derivative_slot=absent
IMG-0281,D22 deferred — unresearched,concreters-cobbitty,suburb,e5f56c0,36efc778 — Untitled Elementor section,DEFERRED,optional,existing re-encoded media,Stencilled or patterned concrete driveway; visible purpose: Untitled Elementor section,landscape,4:3,588x441,WebP,stencilled-concrete-driveway-925.webp,Stencilled concrete driveway with a block pattern,no,owner worksheet blank; fail-closed under Phase B instruction,yes — decorative/non-evidential only,925,stencil-concrete-south-west-sydney-925.webp,defer with page; before future release apply the recorded underlying media disposition; underlying: D32 section already removed,none,no — page is outside the smallest launch,page_id=1379; widget_type=image; setting=image; decorative; permission=not in derivative; source_geographic_claim=Filename and alt assert South West Sydney.; project_claim=no; can be removed without loss of page meaning; derivative_slot=absent
IMG-0282,D22 deferred — unresearched,concreters-camden-south,suburb,7c2526d7,7c2526d7 — Concreters Camden South,DEFERRED,optional,existing re-encoded media,Exposed aggregate concrete; visible purpose: Concreters Camden South,square,1:1,2007x2007,JPEG,exposed-aggregate-concrete-50.jpg,Exposed aggregate concrete,no,D24/D20 naming-convention reversal,yes — decorative/non-evidential only,50,exposed-aggregate-concrete-50.jpg,defer with page; before future release apply the recorded underlying media disposition; underlying: permitted generic decoration,none,no — page is outside the smallest launch,page_id=1380; widget_type=container; setting=background_image; decorative; permission=pipeline-permitted in derivative; source_geographic_claim=none in permitted derivative; project_claim=no; can be removed without loss of page meaning; derivative_slot=present
IMG-0283,D22 deferred — unresearched,concreters-camden-south,suburb,a86c195,9e36728 — Concrete Driveways / Concrete Slabs / Exposed Aggregate,DEFERRED,optional,existing re-encoded media,Pouring a concrete slab; visible purpose: Concrete Driveways,landscape,3:2,627x418,JPEG,pouring-a-concrete-slab-1066.jpg,Pouring a concrete slab,no,D24/D20 naming-convention reversal,yes — decorative/non-evidential only,1066,pouring-a-concrete-slab-1066.jpg,defer with page; before future release apply the recorded underlying media disposition; underlying: permitted generic decoration,none,no — page is outside the smallest launch,page_id=1380; widget_type=image-box; setting=image; decorative; permission=pipeline-permitted in derivative; source_geographic_claim=none in permitted derivative; project_claim=no; can be removed without loss of page meaning; derivative_slot=present
IMG-0284,D22 deferred — unresearched,concreters-camden-south,suburb,516941f,9e36728 — Concrete Driveways / Concrete Slabs / Exposed Aggregate,DEFERRED,optional,existing re-encoded media,Verified badge e1784545689665 camden in the context of Concreters Camden South; visible purpose: Concrete Slabs,landscape,140:113,980x791,AVIF,,Describe only the visible subject; empty alt if purely decorative,no,owner-recorded Band B verdict; build/45-media-remediation.csv,yes — decorative/non-evidential only,1067,verified-badge-e1784545689665-camden-1067.avif,defer with page; before future release apply the recorded underlying media disposition; underlying: prohibited slot already removed,none,no — page is outside the smallest launch,page_id=1380; widget_type=image-box; setting=image; decorative; permission=not in derivative; source_geographic_claim=none in permitted derivative; project_claim=no; can be removed without loss of page meaning; derivative_slot=absent
IMG-0285,D22 deferred — unresearched,concreters-camden-south,suburb,f36a8f3,9e36728 — Concrete Driveways / Concrete Slabs / Exposed Aggregate,DEFERRED,optional,existing re-encoded media,What is a concrete slab; visible purpose: Exposed Aggregate,portrait,470:627,470x627,JPEG,what-is-a-concrete-slab-1068.jpg,What is a concrete slab,no,D24/D20 naming-convention reversal,yes — decorative/non-evidential only,1068,what-is-a-concrete-slab-1068.jpg,defer with page; before future release apply the recorded underlying media disposition; underlying: permitted generic decoration,none,no — page is outside the smallest launch,page_id=1380; widget_type=image-box; setting=image; decorative; permission=pipeline-permitted in derivative; source_geographic_claim=none in permitted derivative; project_claim=no; can be removed without loss of page meaning; derivative_slot=present
IMG-0286,D22 deferred — unresearched,concreters-camden-south,suburb,af91c52,98fbeea — Patios & Alfresco / Paths & Pathways / Coloured & Decorative,DEFERRED,optional,existing re-encoded media,What is exposed aggregate; visible purpose: Patios & Alfresco,portrait,507:581,507x581,JPEG,what-is-exposed-aggregate-1109.jpg,What is exposed aggregate,no,D24/D20 naming-convention reversal,yes — decorative/non-evidential only,1109,what-is-exposed-aggregate-1109.jpg,defer with page; before future release apply the recorded underlying media disposition; underlying: permitted generic decoration,none,no — page is outside the smallest launch,page_id=1380; widget_type=image-box; setting=image; decorative; permission=pipeline-permitted in derivative; source_geographic_claim=none in permitted derivative; project_claim=no; can be removed without loss of page meaning; derivative_slot=present
IMG-0287,D22 deferred — unresearched,concreters-camden-south,suburb,e6c2ed7,98fbeea — Patios & Alfresco / Paths & Pathways / Coloured & Decorative,DEFERRED,optional,existing re-encoded media,Single-storey brick home with driveway; visible purpose: Paths & Pathways,landscape,558:361,558x361,JPEG,single-storey-brick-home-driveway-1150.jpg,Single-storey brick home with a concrete driveway,no,owner worksheet blank; fail-closed under Phase B instruction,yes — decorative/non-evidential only,1150,established-home-mount-annan-1150.jpg,defer with page; before future release apply the recorded underlying media disposition; underlying: Band A HOLD; audit recommends GENERIC,record explicit GENERIC (or another supported verdict); OK also requires cited provenance,yes for Phase B/staging; page publication is deferred,"page_id=1380; widget_type=image-box; setting=image; decorative; permission=HOLD; absent from derivative; source_geographic_claim=Filename and alt assert an established home in Mount Annan, NSW.; project_claim=no; can be removed without loss of page meaning; derivative_slot=absent"
IMG-0288,D22 deferred — unresearched,concreters-camden-south,suburb,d06ebf3,98fbeea — Patios & Alfresco / Paths & Pathways / Coloured & Decorative,DEFERRED,optional,existing re-encoded media,What is exposed aggregate; visible purpose: Coloured & Decorative,portrait,507:581,507x581,JPEG,what-is-exposed-aggregate-1109.jpg,What is exposed aggregate,no,D24/D20 naming-convention reversal,yes — decorative/non-evidential only,1109,what-is-exposed-aggregate-1109.jpg,defer with page; before future release apply the recorded underlying media disposition; underlying: permitted generic decoration,none,no — page is outside the smallest launch,page_id=1380; widget_type=image-box; setting=image; decorative; permission=pipeline-permitted in derivative; source_geographic_claim=none in permitted derivative; project_claim=no; can be removed without loss of page meaning; derivative_slot=present
IMG-0289,D22 deferred — unresearched,concreters-kirkham,suburb,7c2526d7,7c2526d7 — Concreters Kirkham,DEFERRED,optional,existing re-encoded media,Exposed aggregate concrete; visible purpose: Concreters Kirkham,square,1:1,2007x2007,JPEG,exposed-aggregate-concrete-50.jpg,Exposed aggregate concrete,no,D24/D20 naming-convention reversal,yes — decorative/non-evidential only,50,exposed-aggregate-concrete-50.jpg,defer with page; before future release apply the recorded underlying media disposition; underlying: permitted generic decoration,none,no — page is outside the smallest launch,page_id=1381; widget_type=container; setting=background_image; decorative; permission=pipeline-permitted in derivative; source_geographic_claim=none in permitted derivative; project_claim=no; can be removed without loss of page meaning; derivative_slot=present
IMG-0290,D22 deferred — unresearched,concreters-kirkham,suburb,a86c195,9e36728 — Concrete Driveways / Concrete Slabs / Exposed Aggregate,DEFERRED,optional,existing re-encoded media,Timber deck framing and bare ground; no concrete subject; visible purpose: Concrete Driveways,portrait,3:4,750x1000,WebP,,Describe only the visible subject; empty alt if purely decorative,no,owner worksheet blank; fail-closed under Phase B instruction,yes — decorative/non-evidential only,482,oran-park3-482.webp,defer with page; before future release apply the recorded underlying media disposition; underlying: Band A HOLD; audit recommends UNUSABLE,record explicit UNUSABLE (or another supported verdict); OK also requires cited provenance,yes for Phase B/staging; page publication is deferred,"page_id=1381; widget_type=image-box; setting=image; decorative; permission=HOLD; absent from derivative; source_geographic_claim=Filename asserts Oran Park, NSW.; project_claim=no; can be removed without loss of page meaning; derivative_slot=absent"
IMG-0291,D22 deferred — unresearched,concreters-kirkham,suburb,516941f,9e36728 — Concrete Driveways / Concrete Slabs / Exposed Aggregate,DEFERRED,optional,existing re-encoded media,Exposed aggregate driveway leading to a home; visible purpose: Concrete Slabs,landscape,1419:1064,1419x1064,JPEG,exposed-aggregate-residential-driveway-609.jpg,Exposed aggregate driveway leading to a home,no,D24/D20: reverse Adelaide to South West Sydney naming substitution,yes — decorative/non-evidential only,609,exposed-aggregate-residential-driveway-609.jpg,defer with page; before future release apply the recorded underlying media disposition; underlying: permitted generic decoration,none,no — page is outside the smallest launch,page_id=1381; widget_type=image-box; setting=image; decorative; permission=pipeline-permitted in derivative; source_geographic_claim=none in permitted derivative; project_claim=no; can be removed without loss of page meaning; derivative_slot=present
IMG-0292,D22 deferred — unresearched,concreters-kirkham,suburb,f36a8f3,9e36728 — Concrete Driveways / Concrete Slabs / Exposed Aggregate,DEFERRED,optional,existing re-encoded media,Excavated residential area; visible purpose: Exposed Aggregate,landscape,723:376,723x376,JPEG,residential-site-excavation-906.jpg,Excavated residential area prepared for concrete work,no,owner worksheet blank; fail-closed under Phase B instruction,yes — decorative/non-evidential only,906,driveway-excavation-camden-906.jpg,defer with page; before future release apply the recorded underlying media disposition; underlying: Band A HOLD; audit recommends GENERIC,record explicit GENERIC (or another supported verdict); OK also requires cited provenance,yes for Phase B/staging; page publication is deferred,page_id=1381; widget_type=image-box; setting=image; decorative; permission=HOLD; absent from derivative; source_geographic_claim=Filename and alt assert the excavation is in Camden.; project_claim=no; can be removed without loss of page meaning; derivative_slot=absent
IMG-0293,D22 deferred — unresearched,concreters-kirkham,suburb,af91c52,98fbeea — Patios & Alfresco / Paths & Pathways / Coloured & Decorative,DEFERRED,optional,existing re-encoded media,Identifiable Werribee heritage mansion and gardens; no concrete subject; visible purpose: Patios & Alfresco,landscape,101:76,505x380,JPEG,,Describe only the visible subject; empty alt if purely decorative,no,owner worksheet blank; fail-closed under Phase B instruction,yes — decorative/non-evidential only,907,camden-town-centre-907.jpg,defer with page; before future release apply the recorded underlying media disposition; underlying: Band A HOLD; audit recommends UNUSABLE,record explicit UNUSABLE (or another supported verdict); OK also requires cited provenance,yes for Phase B/staging; page publication is deferred,page_id=1381; widget_type=image-box; setting=image; decorative; permission=HOLD; absent from derivative; source_geographic_claim=Filename and alt assert this is Camden town centre.; project_claim=no; can be removed without loss of page meaning; derivative_slot=absent
IMG-0294,D22 deferred — unresearched,concreters-kirkham,suburb,e6c2ed7,98fbeea — Patios & Alfresco / Paths & Pathways / Coloured & Decorative,DEFERRED,optional,existing re-encoded media,Aerial view of a developing housing estate; visible purpose: Paths & Pathways,landscape,523:367,523x367,JPEG,aerial-new-housing-estate-908.jpg,Aerial view of a developing suburban housing estate,no,owner worksheet blank; fail-closed under Phase B instruction,yes — decorative/non-evidential only,908,oran-park-growth-estate-908.jpg,defer with page; before future release apply the recorded underlying media disposition; underlying: Band A HOLD; audit recommends GENERIC,record explicit GENERIC (or another supported verdict); OK also requires cited provenance,yes for Phase B/staging; page publication is deferred,page_id=1381; widget_type=image-box; setting=image; decorative; permission=HOLD; absent from derivative; source_geographic_claim=Filename and alt assert an Oran Park growth estate.; project_claim=no; can be removed without loss of page meaning; derivative_slot=absent
IMG-0295,D22 deferred — unresearched,concreters-kirkham,suburb,d06ebf3,98fbeea — Patios & Alfresco / Paths & Pathways / Coloured & Decorative,DEFERRED,optional,existing re-encoded media,Identifiable Werribee heritage mansion and gardens; no concrete subject; visible purpose: Coloured & Decorative,landscape,101:76,505x380,JPEG,,Describe only the visible subject; empty alt if purely decorative,no,owner worksheet blank; fail-closed under Phase B instruction,yes — decorative/non-evidential only,907,camden-town-centre-907.jpg,defer with page; before future release apply the recorded underlying media disposition; underlying: Band A HOLD; audit recommends UNUSABLE,record explicit UNUSABLE (or another supported verdict); OK also requires cited provenance,yes for Phase B/staging; page publication is deferred,page_id=1381; widget_type=image-box; setting=image; decorative; permission=HOLD; absent from derivative; source_geographic_claim=Filename and alt assert this is Camden town centre.; project_claim=no; can be removed without loss of page meaning; derivative_slot=absent
IMG-0296,D22 deferred — unresearched,concreters-grasmere,suburb,7c2526d7,7c2526d7 — Concreters Grasmere,DEFERRED,optional,existing re-encoded media,Exposed aggregate concrete; visible purpose: Concreters Grasmere,square,1:1,2007x2007,JPEG,exposed-aggregate-concrete-50.jpg,Exposed aggregate concrete,no,D24/D20 naming-convention reversal,yes — decorative/non-evidential only,50,exposed-aggregate-concrete-50.jpg,defer with page; before future release apply the recorded underlying media disposition; underlying: permitted generic decoration,none,no — page is outside the smallest launch,page_id=1382; widget_type=container; setting=background_image; decorative; permission=pipeline-permitted in derivative; source_geographic_claim=none in permitted derivative; project_claim=no; can be removed without loss of page meaning; derivative_slot=present
IMG-0297,D22 deferred — unresearched,concreters-grasmere,suburb,a86c195,9e36728 — Concrete Driveways / Concrete Slabs / Exposed Aggregate,DEFERRED,optional,existing re-encoded media,Concrete vehicle crossing between a kerb and property boundary; visible purpose: Concrete Driveways,landscape,767:383,767x383,JPEG,concrete-vehicle-crossing-1153.jpg,Concrete vehicle crossing between a kerb and property boundary,no,D24/D20: remove unsupported Camden council/location assertion,yes — decorative/non-evidential only,1153,concrete-vehicle-crossing-1153.jpg,defer with page; before future release apply the recorded underlying media disposition; underlying: permitted generic decoration,none,no — page is outside the smallest launch,page_id=1382; widget_type=image-box; setting=image; decorative; permission=pipeline-permitted in derivative; source_geographic_claim=none in permitted derivative; project_claim=no; can be removed without loss of page meaning; derivative_slot=present
IMG-0298,D22 deferred — unresearched,concreters-grasmere,suburb,516941f,9e36728 — Concrete Driveways / Concrete Slabs / Exposed Aggregate,DEFERRED,optional,existing re-encoded media,Dark concrete driveway crossing; visible purpose: Concrete Slabs,landscape,101:76,505x380,JPEG,dark-concrete-driveway-crossing-1185.jpg,Dark concrete driveway crossing between a kerb and property,no,owner worksheet blank; fail-closed under Phase B instruction,yes — decorative/non-evidential only,1185,council-crossing-south-west-sydney-1185.jpg,defer with page; before future release apply the recorded underlying media disposition; underlying: Band A HOLD; audit recommends GENERIC,record explicit GENERIC (or another supported verdict); OK also requires cited provenance,yes for Phase B/staging; page publication is deferred,page_id=1382; widget_type=image-box; setting=image; decorative; permission=HOLD; absent from derivative; source_geographic_claim=Filename and alt assert a council crossing in South West Sydney.; project_claim=no; can be removed without loss of page meaning; derivative_slot=absent
IMG-0299,D22 deferred — unresearched,concreters-grasmere,suburb,f36a8f3,9e36728 — Concrete Driveways / Concrete Slabs / Exposed Aggregate,DEFERRED,optional,existing re-encoded media,Modern commercial building with concrete hardstand; visible purpose: Exposed Aggregate,landscape,964:543,964x543,WebP,commercial-building-concrete-hardstand-1186.webp,Modern commercial building with a concrete hardstand,no,owner worksheet blank; fail-closed under Phase B instruction,yes — decorative/non-evidential only,1186,gregory-hills-commercial-concreting-1186.webp,defer with page; before future release apply the recorded underlying media disposition; underlying: Band A HOLD; audit recommends GENERIC,record explicit GENERIC (or another supported verdict); OK also requires cited provenance,yes for Phase B/staging; page publication is deferred,"page_id=1382; widget_type=image-box; setting=image; decorative; permission=HOLD; absent from derivative; source_geographic_claim=Filename and alt assert commercial concreting in Gregory Hills, NSW.; project_claim=no; can be removed without loss of page meaning; derivative_slot=absent"
IMG-0300,D22 deferred — unresearched,concreters-grasmere,suburb,af91c52,98fbeea — Patios & Alfresco / Paths & Pathways / Coloured & Decorative,DEFERRED,optional,existing re-encoded media,Estate playground with prominent M locality branding; no concrete subject; visible purpose: Patios & Alfresco,landscape,79:38,632x304,JPEG,,Describe only the visible subject; empty alt if purely decorative,no,owner worksheet blank; fail-closed under Phase B instruction,yes — decorative/non-evidential only,1187,leppington-new-estates-1187.jpg,defer with page; before future release apply the recorded underlying media disposition; underlying: Band A HOLD; audit recommends UNUSABLE,record explicit UNUSABLE (or another supported verdict); OK also requires cited provenance,yes for Phase B/staging; page publication is deferred,"page_id=1382; widget_type=image-box; setting=image; decorative; permission=HOLD; absent from derivative; source_geographic_claim=Filename and alt assert new estates in Leppington, NSW.; project_claim=no; can be removed without loss of page meaning; derivative_slot=absent"
IMG-0301,D22 deferred — unresearched,concreters-grasmere,suburb,e6c2ed7,98fbeea — Patios & Alfresco / Paths & Pathways / Coloured & Decorative,DEFERRED,optional,existing re-encoded media,Dry cracked ground surface; visible purpose: Paths & Pathways,landscape,723:350,723x350,JPEG,dry-cracked-ground-1188.jpg,Dry cracked ground surface,no,D18/D20: remove unsupported geographic and geological assertion,yes — decorative/non-evidential only,1188,dry-cracked-ground-1188.jpg,defer with page; before future release apply the recorded underlying media disposition; underlying: permitted generic decoration,none,no — page is outside the smallest launch,page_id=1382; widget_type=image-box; setting=image; decorative; permission=pipeline-permitted in derivative; source_geographic_claim=none in permitted derivative; project_claim=no; can be removed without loss of page meaning; derivative_slot=present
IMG-0302,D22 deferred — unresearched,concreters-grasmere,suburb,d06ebf3,98fbeea — Patios & Alfresco / Paths & Pathways / Coloured & Decorative,DEFERRED,optional,existing re-encoded media,Estate playground with prominent M locality branding; no concrete subject; visible purpose: Coloured & Decorative,landscape,79:38,632x304,JPEG,,Describe only the visible subject; empty alt if purely decorative,no,owner worksheet blank; fail-closed under Phase B instruction,yes — decorative/non-evidential only,1187,leppington-new-estates-1187.jpg,defer with page; before future release apply the recorded underlying media disposition; underlying: Band A HOLD; audit recommends UNUSABLE,record explicit UNUSABLE (or another supported verdict); OK also requires cited provenance,yes for Phase B/staging; page publication is deferred,"page_id=1382; widget_type=image-box; setting=image; decorative; permission=HOLD; absent from derivative; source_geographic_claim=Filename and alt assert new estates in Leppington, NSW.; project_claim=no; can be removed without loss of page meaning; derivative_slot=absent"
IMG-0303,D22 deferred — unresearched,concreters-ellis-lane,suburb,7c2526d7,7c2526d7 — Concreters Ellis Lane,DEFERRED,optional,existing re-encoded media,Exposed aggregate concrete; visible purpose: Concreters Ellis Lane,square,1:1,2007x2007,JPEG,exposed-aggregate-concrete-50.jpg,Exposed aggregate concrete,no,D24/D20 naming-convention reversal,yes — decorative/non-evidential only,50,exposed-aggregate-concrete-50.jpg,defer with page; before future release apply the recorded underlying media disposition; underlying: permitted generic decoration,none,no — page is outside the smallest launch,page_id=1383; widget_type=container; setting=background_image; decorative; permission=pipeline-permitted in derivative; source_geographic_claim=none in permitted derivative; project_claim=no; can be removed without loss of page meaning; derivative_slot=present
IMG-0304,D22 deferred — unresearched,concreters-ellis-lane,suburb,a86c195,9e36728 — Concrete Driveways / Concrete Slabs / Exposed Aggregate,DEFERRED,optional,existing re-encoded media,Backyard patio concreter; visible purpose: Concrete Driveways,landscape,4:3,784x588,JPEG,backyard-patio-concreter-227.jpg,Backyard patio concreter,no,D24/D20 naming-convention reversal,yes — decorative/non-evidential only,227,backyard-patio-concreter-227.jpg,defer with page; before future release apply the recorded underlying media disposition; underlying: permitted generic decoration,none,no — page is outside the smallest launch,page_id=1383; widget_type=image-box; setting=image; decorative; permission=pipeline-permitted in derivative; source_geographic_claim=none in permitted derivative; project_claim=no; can be removed without loss of page meaning; derivative_slot=present
IMG-0305,D22 deferred — unresearched,concreters-ellis-lane,suburb,516941f,9e36728 — Concrete Driveways / Concrete Slabs / Exposed Aggregate,DEFERRED,optional,existing re-encoded media,Freshly poured concrete slab along a side boundary; visible purpose: Concrete Slabs,landscape,125:94,625x470,JPEG,fresh-concrete-side-yard-slab-228.jpg,Freshly poured concrete slab along a side boundary,no,owner-recorded Band B verdict; build/45-media-remediation.csv,yes — decorative/non-evidential only,228,fresh-concrete-side-yard-slab-228.jpg,defer with page; before future release apply the recorded underlying media disposition; underlying: permitted generic decoration,none,no — page is outside the smallest launch,page_id=1383; widget_type=image-box; setting=image; decorative; permission=pipeline-permitted in derivative; source_geographic_claim=none in permitted derivative; project_claim=no; can be removed without loss of page meaning; derivative_slot=present
IMG-0306,D22 deferred — unresearched,concreters-ellis-lane,suburb,f36a8f3,9e36728 — Concrete Driveways / Concrete Slabs / Exposed Aggregate,DEFERRED,optional,existing re-encoded media,Image placeholder hero camden in the context of Concreters Ellis Lane; visible purpose: Exposed Aggregate,landscape,503:409,1006x818,JPEG,image-placeholder-hero-275.jpeg,Describe only the visible subject; empty alt if purely decorative,no,D24/D20 naming-convention reversal,yes — decorative/non-evidential only,275,image-placeholder-hero-275.jpeg,defer with page; before future release apply the recorded underlying media disposition; underlying: blank placeholder; remove before future release,none,no — page is outside the smallest launch,page_id=1383; widget_type=image-box; setting=image; decorative; permission=pipeline-permitted in derivative; source_geographic_claim=none in permitted derivative; project_claim=no; can be removed without loss of page meaning; derivative_slot=present
IMG-0307,D22 deferred — unresearched,concreters-ellis-lane,suburb,af91c52,98fbeea — Patios & Alfresco / Paths & Pathways / Coloured & Decorative,DEFERRED,optional,existing re-encoded media,Image contact 1 camden in the context of Concreters Ellis Lane; visible purpose: Patios & Alfresco,landscape,836:421,836x421,JPEG,image-contact-1-276.jpg,Describe only the visible subject; empty alt if purely decorative,no,D24/D20 naming-convention reversal,yes — decorative/non-evidential only,276,image-contact-1-276.jpg,defer with page; before future release apply the recorded underlying media disposition; underlying: blank placeholder; remove before future release,none,no — page is outside the smallest launch,page_id=1383; widget_type=image-box; setting=image; decorative; permission=pipeline-permitted in derivative; source_geographic_claim=none in permitted derivative; project_claim=no; can be removed without loss of page meaning; derivative_slot=present
IMG-0308,D22 deferred — unresearched,concreters-ellis-lane,suburb,e6c2ed7,98fbeea — Patios & Alfresco / Paths & Pathways / Coloured & Decorative,DEFERRED,optional,existing re-encoded media,Image placeholder hero 1 camden in the context of Concreters Ellis Lane; visible purpose: Paths & Pathways,landscape,503:409,1006x818,JPEG,image-placeholder-hero-1-277.jpeg,Describe only the visible subject; empty alt if purely decorative,no,D24/D20 naming-convention reversal,yes — decorative/non-evidential only,277,image-placeholder-hero-1-277.jpeg,defer with page; before future release apply the recorded underlying media disposition; underlying: blank placeholder; remove before future release,none,no — page is outside the smallest launch,page_id=1383; widget_type=image-box; setting=image; decorative; permission=pipeline-permitted in derivative; source_geographic_claim=none in permitted derivative; project_claim=no; can be removed without loss of page meaning; derivative_slot=present
IMG-0309,D22 deferred — unresearched,concreters-ellis-lane,suburb,d06ebf3,98fbeea — Patios & Alfresco / Paths & Pathways / Coloured & Decorative,DEFERRED,optional,existing re-encoded media,Image contact 1 camden in the context of Concreters Ellis Lane; visible purpose: Coloured & Decorative,landscape,836:421,836x421,JPEG,image-contact-1-276.jpg,Describe only the visible subject; empty alt if purely decorative,no,D24/D20 naming-convention reversal,yes — decorative/non-evidential only,276,image-contact-1-276.jpg,defer with page; before future release apply the recorded underlying media disposition; underlying: blank placeholder; remove before future release,none,no — page is outside the smallest launch,page_id=1383; widget_type=image-box; setting=image; decorative; permission=pipeline-permitted in derivative; source_geographic_claim=none in permitted derivative; project_claim=no; can be removed without loss of page meaning; derivative_slot=present
IMG-0310,D22 deferred — unresearched,concreters-theresa-park,suburb,7c2526d7,7c2526d7 — Concreters Theresa Park,DEFERRED,optional,existing re-encoded media,Exposed aggregate concrete; visible purpose: Concreters Theresa Park,square,1:1,2007x2007,JPEG,exposed-aggregate-concrete-50.jpg,Exposed aggregate concrete,no,D24/D20 naming-convention reversal,yes — decorative/non-evidential only,50,exposed-aggregate-concrete-50.jpg,defer with page; before future release apply the recorded underlying media disposition; underlying: permitted generic decoration,none,no — page is outside the smallest launch,page_id=1384; widget_type=container; setting=background_image; decorative; permission=pipeline-permitted in derivative; source_geographic_claim=none in permitted derivative; project_claim=no; can be removed without loss of page meaning; derivative_slot=present
IMG-0311,D22 deferred — unresearched,concreters-theresa-park,suburb,a86c195,9e36728 — Concrete Driveways / Concrete Slabs / Exposed Aggregate,DEFERRED,optional,existing re-encoded media,Control joints and cracks; visible purpose: Concrete Driveways,landscape,627:469,627x469,JPEG,control-joints-and-cracks-909.jpg,Control joints and cracks,no,D24/D20 naming-convention reversal,yes — decorative/non-evidential only,909,control-joints-and-cracks-909.jpg,defer with page; before future release apply the recorded underlying media disposition; underlying: permitted generic decoration,none,no — page is outside the smallest launch,page_id=1384; widget_type=image-box; setting=image; decorative; permission=pipeline-permitted in derivative; source_geographic_claim=none in permitted derivative; project_claim=no; can be removed without loss of page meaning; derivative_slot=present
IMG-0312,D22 deferred — unresearched,concreters-theresa-park,suburb,516941f,9e36728 — Concrete Driveways / Concrete Slabs / Exposed Aggregate,DEFERRED,optional,existing re-encoded media,Coloured residential concrete patio; visible purpose: Concrete Slabs,square,1:1,1176x1176,PNG,coloured-concrete-patio-924.png,Coloured concrete patio beside a home,no,owner worksheet blank; fail-closed under Phase B instruction,yes — decorative/non-evidential only,924,coloured-concrete-south-west-sydney-924.png,defer with page; before future release apply the recorded underlying media disposition; underlying: Band A HOLD; audit recommends GENERIC,record explicit GENERIC (or another supported verdict); OK also requires cited provenance,yes for Phase B/staging; page publication is deferred,page_id=1384; widget_type=image-box; setting=image; decorative; permission=HOLD; absent from derivative; source_geographic_claim=Filename and alt assert South West Sydney.; project_claim=no; can be removed without loss of page meaning; derivative_slot=absent
IMG-0313,D22 deferred — unresearched,concreters-theresa-park,suburb,f36a8f3,9e36728 — Concrete Driveways / Concrete Slabs / Exposed Aggregate,DEFERRED,optional,existing re-encoded media,Stencilled or patterned concrete driveway; visible purpose: Exposed Aggregate,landscape,4:3,588x441,WebP,stencilled-concrete-driveway-925.webp,Stencilled concrete driveway with a block pattern,no,owner worksheet blank; fail-closed under Phase B instruction,yes — decorative/non-evidential only,925,stencil-concrete-south-west-sydney-925.webp,defer with page; before future release apply the recorded underlying media disposition; underlying: Band A HOLD; audit recommends GENERIC,record explicit GENERIC (or another supported verdict); OK also requires cited provenance,yes for Phase B/staging; page publication is deferred,page_id=1384; widget_type=image-box; setting=image; decorative; permission=HOLD; absent from derivative; source_geographic_claim=Filename and alt assert South West Sydney.; project_claim=no; can be removed without loss of page meaning; derivative_slot=absent
IMG-0314,D22 deferred — unresearched,concreters-theresa-park,suburb,af91c52,98fbeea — Patios & Alfresco / Paths & Pathways / Coloured & Decorative,DEFERRED,optional,existing re-encoded media,Stamped concrete driveway; visible purpose: Patios & Alfresco,square,1:1,543x543,JPEG,stamped-concrete-driveway-926.jpg,Stamped concrete driveway beside a brick home,no,owner worksheet blank; fail-closed under Phase B instruction,yes — decorative/non-evidential only,926,stamped-concrete-south-west-sydney-926.jpg,defer with page; before future release apply the recorded underlying media disposition; underlying: Band A HOLD; audit recommends GENERIC,record explicit GENERIC (or another supported verdict); OK also requires cited provenance,yes for Phase B/staging; page publication is deferred,page_id=1384; widget_type=image-box; setting=image; decorative; permission=HOLD; absent from derivative; source_geographic_claim=Filename and alt assert South West Sydney.; project_claim=no; can be removed without loss of page meaning; derivative_slot=absent
IMG-0315,D22 deferred — unresearched,concreters-theresa-park,suburb,e6c2ed7,98fbeea — Patios & Alfresco / Paths & Pathways / Coloured & Decorative,DEFERRED,optional,existing re-encoded media,Honed and polished concrete; visible purpose: Paths & Pathways,portrait,209:251,836x1004,WebP,honed-and-polished-concrete-927.webp,Honed and polished concrete,no,D24/D20 naming-convention reversal,yes — decorative/non-evidential only,927,honed-and-polished-concrete-927.webp,defer with page; before future release apply the recorded underlying media disposition; underlying: permitted generic decoration,none,no — page is outside the smallest launch,page_id=1384; widget_type=image-box; setting=image; decorative; permission=pipeline-permitted in derivative; source_geographic_claim=none in permitted derivative; project_claim=no; can be removed without loss of page meaning; derivative_slot=present
IMG-0316,D22 deferred — unresearched,concreters-theresa-park,suburb,d06ebf3,98fbeea — Patios & Alfresco / Paths & Pathways / Coloured & Decorative,DEFERRED,optional,existing re-encoded media,Stamped concrete driveway; visible purpose: Coloured & Decorative,square,1:1,543x543,JPEG,stamped-concrete-driveway-926.jpg,Stamped concrete driveway beside a brick home,no,owner worksheet blank; fail-closed under Phase B instruction,yes — decorative/non-evidential only,926,stamped-concrete-south-west-sydney-926.jpg,defer with page; before future release apply the recorded underlying media disposition; underlying: Band A HOLD; audit recommends GENERIC,record explicit GENERIC (or another supported verdict); OK also requires cited provenance,yes for Phase B/staging; page publication is deferred,page_id=1384; widget_type=image-box; setting=image; decorative; permission=HOLD; absent from derivative; source_geographic_claim=Filename and alt assert South West Sydney.; project_claim=no; can be removed without loss of page meaning; derivative_slot=absent
IMG-0317,D22 deferred — unresearched,concreters-camden-park,suburb,7c2526d7,7c2526d7 — Concreters Camden Park,DEFERRED,optional,existing re-encoded media,Exposed aggregate concrete; visible purpose: Concreters Camden Park,square,1:1,2007x2007,JPEG,exposed-aggregate-concrete-50.jpg,Exposed aggregate concrete,no,D24/D20 naming-convention reversal,yes — decorative/non-evidential only,50,exposed-aggregate-concrete-50.jpg,defer with page; before future release apply the recorded underlying media disposition; underlying: permitted generic decoration,none,no — page is outside the smallest launch,page_id=1385; widget_type=container; setting=background_image; decorative; permission=pipeline-permitted in derivative; source_geographic_claim=none in permitted derivative; project_claim=no; can be removed without loss of page meaning; derivative_slot=present
IMG-0318,D22 deferred — unresearched,concreters-camden-park,suburb,a86c195,9e36728 — Concrete Driveways / Concrete Slabs / Exposed Aggregate,DEFERRED,optional,existing re-encoded media,Honed and polished concrete; visible purpose: Concrete Driveways,portrait,209:251,836x1004,WebP,honed-and-polished-concrete-927.webp,Honed and polished concrete,no,D24/D20 naming-convention reversal,yes — decorative/non-evidential only,927,honed-and-polished-concrete-927.webp,defer with page; before future release apply the recorded underlying media disposition; underlying: permitted generic decoration,none,no — page is outside the smallest launch,page_id=1385; widget_type=image-box; setting=image; decorative; permission=pipeline-permitted in derivative; source_geographic_claim=none in permitted derivative; project_claim=no; can be removed without loss of page meaning; derivative_slot=present
IMG-0319,D22 deferred — unresearched,concreters-camden-park,suburb,516941f,9e36728 — Concrete Driveways / Concrete Slabs / Exposed Aggregate,DEFERRED,optional,existing re-encoded media,Identifiable Melbourne CBD skyline and hot-air balloon; visible purpose: Concrete Slabs,landscape,4:3,888x666,PNG,,Describe only the visible subject; empty alt if purely decorative,no,owner worksheet blank; fail-closed under Phase B instruction,yes — decorative/non-evidential only,956,south-west-sydney-growth-corridor-956.png,defer with page; before future release apply the recorded underlying media disposition; underlying: Band A HOLD; audit recommends UNUSABLE,record explicit UNUSABLE (or another supported verdict); OK also requires cited provenance,yes for Phase B/staging; page publication is deferred,page_id=1385; widget_type=image-box; setting=image; decorative; permission=HOLD; absent from derivative; source_geographic_claim=Filename and alt assert the South West Sydney growth corridor.; project_claim=no; can be removed without loss of page meaning; derivative_slot=absent
IMG-0320,D22 deferred — unresearched,concreters-camden-park,suburb,f36a8f3,9e36728 — Concrete Driveways / Concrete Slabs / Exposed Aggregate,DEFERRED,optional,existing re-encoded media,Wianamatta shale clay camden in the context of Concreters Camden Park; visible purpose: Exposed Aggregate,landscape,627:470,627x470,JPEG,,Describe only the visible subject; empty alt if purely decorative,no,D19 removes the Tarneit soil photograph and retains its containing sections,yes — decorative/non-evidential only,1020,wianamatta-shale-clay-camden-1020.jpg,defer with page; before future release apply the recorded underlying media disposition; underlying: prohibited slot already removed,none,no — page is outside the smallest launch,page_id=1385; widget_type=image-box; setting=image; decorative; permission=not in derivative; source_geographic_claim=none in permitted derivative; project_claim=no; can be removed without loss of page meaning; derivative_slot=absent
IMG-0321,D22 deferred — unresearched,concreters-camden-park,suburb,af91c52,98fbeea — Patios & Alfresco / Paths & Pathways / Coloured & Decorative,DEFERRED,optional,existing re-encoded media,Aerial view of a waterway beside a residential area; visible purpose: Patios & Alfresco,landscape,4:3,784x588,JPEG,aerial-waterway-residential-area-1056.jpg,Aerial view of a waterway beside a residential area,no,D18/D20: Victorian Davis Creek cannot be named as South Creek,yes — decorative/non-evidential only,1056,aerial-waterway-residential-area-1056.jpg,defer with page; before future release apply the recorded underlying media disposition; underlying: permitted generic decoration,none,no — page is outside the smallest launch,page_id=1385; widget_type=image-box; setting=image; decorative; permission=pipeline-permitted in derivative; source_geographic_claim=none in permitted derivative; project_claim=no; can be removed without loss of page meaning; derivative_slot=present
IMG-0322,D22 deferred — unresearched,concreters-camden-park,suburb,e6c2ed7,98fbeea — Patios & Alfresco / Paths & Pathways / Coloured & Decorative,DEFERRED,optional,existing re-encoded media,Concrete slabs; visible purpose: Paths & Pathways,square,1:1,543x543,JPEG,concrete-slabs-1065.jpg,Concrete slabs,no,D24/D20 naming-convention reversal,yes — decorative/non-evidential only,1065,concrete-slabs-1065.jpg,defer with page; before future release apply the recorded underlying media disposition; underlying: permitted generic decoration,none,no — page is outside the smallest launch,page_id=1385; widget_type=image-box; setting=image; decorative; permission=pipeline-permitted in derivative; source_geographic_claim=none in permitted derivative; project_claim=no; can be removed without loss of page meaning; derivative_slot=present
IMG-0323,D22 deferred — unresearched,concreters-camden-park,suburb,d06ebf3,98fbeea — Patios & Alfresco / Paths & Pathways / Coloured & Decorative,DEFERRED,optional,existing re-encoded media,Aerial view of a waterway beside a residential area; visible purpose: Coloured & Decorative,landscape,4:3,784x588,JPEG,aerial-waterway-residential-area-1056.jpg,Aerial view of a waterway beside a residential area,no,D18/D20: Victorian Davis Creek cannot be named as South Creek,yes — decorative/non-evidential only,1056,aerial-waterway-residential-area-1056.jpg,defer with page; before future release apply the recorded underlying media disposition; underlying: permitted generic decoration,none,no — page is outside the smallest launch,page_id=1385; widget_type=image-box; setting=image; decorative; permission=pipeline-permitted in derivative; source_geographic_claim=none in permitted derivative; project_claim=no; can be removed without loss of page meaning; derivative_slot=present
IMG-0324,D22 deferred — unresearched,concreters-cawdor,suburb,7c2526d7,7c2526d7 — Concreters Cawdor,DEFERRED,optional,existing re-encoded media,Exposed aggregate concrete; visible purpose: Concreters Cawdor,square,1:1,2007x2007,JPEG,exposed-aggregate-concrete-50.jpg,Exposed aggregate concrete,no,D24/D20 naming-convention reversal,yes — decorative/non-evidential only,50,exposed-aggregate-concrete-50.jpg,defer with page; before future release apply the recorded underlying media disposition; underlying: permitted generic decoration,none,no — page is outside the smallest launch,page_id=1386; widget_type=container; setting=background_image; decorative; permission=pipeline-permitted in derivative; source_geographic_claim=none in permitted derivative; project_claim=no; can be removed without loss of page meaning; derivative_slot=present
IMG-0325,D22 deferred — unresearched,concreters-cawdor,suburb,a86c195,9e36728 — Concrete Driveways / Concrete Slabs / Exposed Aggregate,DEFERRED,optional,existing re-encoded media,Patiosconcrete; visible purpose: Concrete Driveways,landscape,637:425,1274x850,JPEG,patiosconcrete-55.jpg,Patiosconcrete,no,D24/D20 naming-convention reversal,yes — decorative/non-evidential only,55,patiosconcrete-55.jpg,defer with page; before future release apply the recorded underlying media disposition; underlying: permitted generic decoration,none,no — page is outside the smallest launch,page_id=1386; widget_type=image-box; setting=image; decorative; permission=pipeline-permitted in derivative; source_geographic_claim=none in permitted derivative; project_claim=no; can be removed without loss of page meaning; derivative_slot=present
IMG-0326,D22 deferred — unresearched,concreters-cawdor,suburb,516941f,9e36728 — Concrete Driveways / Concrete Slabs / Exposed Aggregate,DEFERRED,optional,existing re-encoded media,Reinforcedheavydutyconcrete; visible purpose: Concrete Slabs,portrait,3:4,750x1000,WebP,reinforcedheavydutyconcrete-121.webp,Reinforcedheavydutyconcrete,no,D24/D20 naming-convention reversal,yes — decorative/non-evidential only,121,reinforcedheavydutyconcrete-121.webp,defer with page; before future release apply the recorded underlying media disposition; underlying: permitted generic decoration,none,no — page is outside the smallest launch,page_id=1386; widget_type=image-box; setting=image; decorative; permission=pipeline-permitted in derivative; source_geographic_claim=none in permitted derivative; project_claim=no; can be removed without loss of page meaning; derivative_slot=present
IMG-0327,D22 deferred — unresearched,concreters-cawdor,suburb,f36a8f3,9e36728 — Concrete Driveways / Concrete Slabs / Exposed Aggregate,DEFERRED,optional,existing re-encoded media,Paths and pathwaysconcrete; visible purpose: Exposed Aggregate,portrait,196:261,392x522,JPEG,paths-and-pathwaysconcrete-144.jpg,Paths and pathwaysconcrete,no,D24/D20 naming-convention reversal,yes — decorative/non-evidential only,144,paths-and-pathwaysconcrete-144.jpg,defer with page; before future release apply the recorded underlying media disposition; underlying: permitted generic decoration,none,no — page is outside the smallest launch,page_id=1386; widget_type=image-box; setting=image; decorative; permission=pipeline-permitted in derivative; source_geographic_claim=none in permitted derivative; project_claim=no; can be removed without loss of page meaning; derivative_slot=present
IMG-0328,D22 deferred — unresearched,concreters-cawdor,suburb,af91c52,98fbeea — Patios & Alfresco / Paths & Pathways / Coloured & Decorative,DEFERRED,optional,existing re-encoded media,Patiosandalfrescoconcrete; visible purpose: Patios & Alfresco,portrait,391:491,391x491,JPEG,patiosandalfrescoconcrete-145.jpg,Patiosandalfrescoconcrete,no,D24/D20 naming-convention reversal,yes — decorative/non-evidential only,145,patiosandalfrescoconcrete-145.jpg,defer with page; before future release apply the recorded underlying media disposition; underlying: permitted generic decoration,none,no — page is outside the smallest launch,page_id=1386; widget_type=image-box; setting=image; decorative; permission=pipeline-permitted in derivative; source_geographic_claim=none in permitted derivative; project_claim=no; can be removed without loss of page meaning; derivative_slot=present
IMG-0329,D22 deferred — unresearched,concreters-cawdor,suburb,e6c2ed7,98fbeea — Patios & Alfresco / Paths & Pathways / Coloured & Decorative,DEFERRED,optional,existing re-encoded media,Concretepoolsurronds; visible purpose: Paths & Pathways,landscape,2509:1882,2509x1882,JPEG,concretepoolsurronds-146.jpg,Concretepoolsurronds,no,D24/D20 naming-convention reversal,yes — decorative/non-evidential only,146,concretepoolsurronds-146.jpg,defer with page; before future release apply the recorded underlying media disposition; underlying: permitted generic decoration,none,no — page is outside the smallest launch,page_id=1386; widget_type=image-box; setting=image; decorative; permission=pipeline-permitted in derivative; source_geographic_claim=none in permitted derivative; project_claim=no; can be removed without loss of page meaning; derivative_slot=present
IMG-0330,D22 deferred — unresearched,concreters-cawdor,suburb,d06ebf3,98fbeea — Patios & Alfresco / Paths & Pathways / Coloured & Decorative,DEFERRED,optional,existing re-encoded media,Patiosandalfrescoconcrete; visible purpose: Coloured & Decorative,portrait,391:491,391x491,JPEG,patiosandalfrescoconcrete-145.jpg,Patiosandalfrescoconcrete,no,D24/D20 naming-convention reversal,yes — decorative/non-evidential only,145,patiosandalfrescoconcrete-145.jpg,defer with page; before future release apply the recorded underlying media disposition; underlying: permitted generic decoration,none,no — page is outside the smallest launch,page_id=1386; widget_type=image-box; setting=image; decorative; permission=pipeline-permitted in derivative; source_geographic_claim=none in permitted derivative; project_claim=no; can be removed without loss of page meaning; derivative_slot=present
IMG-0331,Wave 3 pending research,concreters-edmondson-park,suburb,7c2526d7,7c2526d7 — Concreters Edmondson Park,DEFERRED,optional,existing re-encoded media,Exposed aggregate concrete; visible purpose: Concreters Edmondson Park,square,1:1,2007x2007,JPEG,exposed-aggregate-concrete-50.jpg,Exposed aggregate concrete,no,D24/D20 naming-convention reversal,yes — decorative/non-evidential only,50,exposed-aggregate-concrete-50.jpg,defer with page; before future release apply the recorded underlying media disposition; underlying: permitted generic decoration,none,no — page is outside the smallest launch,page_id=1387; widget_type=container; setting=background_image; decorative; permission=pipeline-permitted in derivative; source_geographic_claim=none in permitted derivative; project_claim=no; can be removed without loss of page meaning; derivative_slot=present
IMG-0332,Wave 3 pending research,concreters-edmondson-park,suburb,a86c195,9e36728 — Concrete Driveways / Concrete Slabs / Exposed Aggregate,DEFERRED,optional,existing re-encoded media,Concrete sealing; visible purpose: Concrete Driveways,landscape,723:400,723x400,JPEG,concrete-sealing-1345.jpg,Concrete sealing,no,D24/D20 naming-convention reversal,yes — decorative/non-evidential only,1345,concrete-sealing-1345.jpg,defer with page; before future release apply the recorded underlying media disposition; underlying: permitted generic decoration,none,no — page is outside the smallest launch,page_id=1387; widget_type=image-box; setting=image; decorative; permission=pipeline-permitted in derivative; source_geographic_claim=none in permitted derivative; project_claim=no; can be removed without loss of page meaning; derivative_slot=present
IMG-0333,Wave 3 pending research,concreters-edmondson-park,suburb,516941f,9e36728 — Concrete Driveways / Concrete Slabs / Exposed Aggregate,DEFERRED,optional,existing re-encoded media,Concrete driveway cracks; visible purpose: Concrete Slabs,landscape,125:94,625x470,JPEG,concrete-driveway-cracks-1359.jpg,Concrete driveway cracks,no,D24/D20 naming-convention reversal,yes — decorative/non-evidential only,1359,concrete-driveway-cracks-1359.jpg,defer with page; before future release apply the recorded underlying media disposition; underlying: permitted generic decoration,none,no — page is outside the smallest launch,page_id=1387; widget_type=image-box; setting=image; decorative; permission=pipeline-permitted in derivative; source_geographic_claim=none in permitted derivative; project_claim=no; can be removed without loss of page meaning; derivative_slot=present
IMG-0334,Wave 3 pending research,concreters-edmondson-park,suburb,f36a8f3,9e36728 — Concrete Driveways / Concrete Slabs / Exposed Aggregate,DEFERRED,optional,existing re-encoded media,Concrete driveway cracks 1; visible purpose: Exposed Aggregate,landscape,125:94,625x470,JPEG,concrete-driveway-cracks-1-1361.jpg,Concrete driveway cracks 1,no,D24/D20 naming-convention reversal,yes — decorative/non-evidential only,1361,concrete-driveway-cracks-1-1361.jpg,defer with page; before future release apply the recorded underlying media disposition; underlying: permitted generic decoration,none,no — page is outside the smallest launch,page_id=1387; widget_type=image-box; setting=image; decorative; permission=pipeline-permitted in derivative; source_geographic_claim=none in permitted derivative; project_claim=no; can be removed without loss of page meaning; derivative_slot=present
IMG-0335,Wave 3 pending research,concreters-edmondson-park,suburb,af91c52,98fbeea — Patios & Alfresco / Paths & Pathways / Coloured & Decorative,DEFERRED,optional,existing re-encoded media,Concrete driveway cracks 2; visible purpose: Patios & Alfresco,landscape,125:94,625x470,JPEG,concrete-driveway-cracks-2-1362.jpg,Concrete driveway cracks 2,no,D24/D20 naming-convention reversal,yes — decorative/non-evidential only,1362,concrete-driveway-cracks-2-1362.jpg,defer with page; before future release apply the recorded underlying media disposition; underlying: permitted generic decoration,none,no — page is outside the smallest launch,page_id=1387; widget_type=image-box; setting=image; decorative; permission=pipeline-permitted in derivative; source_geographic_claim=none in permitted derivative; project_claim=no; can be removed without loss of page meaning; derivative_slot=present
IMG-0336,Wave 3 pending research,concreters-edmondson-park,suburb,e6c2ed7,98fbeea — Patios & Alfresco / Paths & Pathways / Coloured & Decorative,DEFERRED,optional,existing re-encoded media,Concrete project detail; visible purpose: Paths & Pathways,landscape,1411:1098,1411x1098,JPEG,concrete-project-detail-17.jpg,Concrete project detail,no,D24/D20 naming-convention reversal,yes — decorative/non-evidential only,17,concrete-project-detail-17.jpg,defer with page; before future release apply the recorded underlying media disposition; underlying: permitted generic decoration,none,no — page is outside the smallest launch,page_id=1387; widget_type=image-box; setting=image; decorative; permission=pipeline-permitted in derivative; source_geographic_claim=none in permitted derivative; project_claim=no; can be removed without loss of page meaning; derivative_slot=present
IMG-0337,Wave 3 pending research,concreters-edmondson-park,suburb,d06ebf3,98fbeea — Patios & Alfresco / Paths & Pathways / Coloured & Decorative,DEFERRED,optional,existing re-encoded media,Concrete driveway cracks 2; visible purpose: Coloured & Decorative,landscape,125:94,625x470,JPEG,concrete-driveway-cracks-2-1362.jpg,Concrete driveway cracks 2,no,D24/D20 naming-convention reversal,yes — decorative/non-evidential only,1362,concrete-driveway-cracks-2-1362.jpg,defer with page; before future release apply the recorded underlying media disposition; underlying: permitted generic decoration,none,no — page is outside the smallest launch,page_id=1387; widget_type=image-box; setting=image; decorative; permission=pipeline-permitted in derivative; source_geographic_claim=none in permitted derivative; project_claim=no; can be removed without loss of page meaning; derivative_slot=present
IMG-0338,Wave 3 pending research,concreters-edmondson-park,suburb,af8ef50,40d980a — Ground conditions in Edmondson Park,DEFERRED,optional,existing re-encoded media,Concrete project detail; visible purpose: Ground conditions in Edmondson Park,landscape,1411:941,1411x941,JPEG,concrete-project-detail-18.jpg,Concrete project detail,no,D24/D20 naming-convention reversal,yes — decorative/non-evidential only,18,concrete-project-detail-18.jpg,defer with page; before future release apply the recorded underlying media disposition; underlying: permitted generic decoration,none,no — page is outside the smallest launch,page_id=1387; widget_type=image; setting=image; decorative; permission=pipeline-permitted in derivative; source_geographic_claim=none in permitted derivative; project_claim=no; can be removed without loss of page meaning; derivative_slot=present
IMG-0339,Wave 3 pending research,concreters-edmondson-park,suburb,2eb88ab,77cc745 — Preparing a pour in Edmondson Park,DEFERRED,optional,existing re-encoded media,Concrete project detail; visible purpose: Preparing a pour in Edmondson Park,landscape,1411:941,1411x941,JPEG,concrete-project-detail-19.jpg,Concrete project detail,no,D24/D20 naming-convention reversal,yes — decorative/non-evidential only,19,concrete-project-detail-19.jpg,defer with page; before future release apply the recorded underlying media disposition; underlying: permitted generic decoration,none,no — page is outside the smallest launch,page_id=1387; widget_type=image; setting=image; decorative; permission=pipeline-permitted in derivative; source_geographic_claim=none in permitted derivative; project_claim=no; can be removed without loss of page meaning; derivative_slot=present
IMG-0340,Wave 3 pending research,concreters-edmondson-park,suburb,0ca264b,8d1059a — Levels and water movement in Edmondson Park,DEFERRED,optional,existing re-encoded media,Exposed aggregate paths leading to a home's front entry; visible purpose: Levels and water movement in Edmondson Park,landscape,82:61,820x610,WebP,exposed-aggregate-front-paths-46.webp,Exposed aggregate paths leading to a home's front entry,no,owner-recorded Band B verdict; build/45-media-remediation.csv,yes — decorative/non-evidential only,46,exposed-aggregate-front-paths-46.webp,defer with page; before future release apply the recorded underlying media disposition; underlying: permitted generic decoration,none,no — page is outside the smallest launch,page_id=1387; widget_type=image; setting=image; decorative; permission=pipeline-permitted in derivative; source_geographic_claim=none in permitted derivative; project_claim=no; can be removed without loss of page meaning; derivative_slot=present
IMG-0341,Wave 3 pending research,concreters-edmondson-park,suburb,7bcc8c0,a599284 — Driveway approvals for Edmondson Park,DEFERRED,optional,existing re-encoded media,Freshly poured concrete slab beside a two-storey home; visible purpose: Driveway approvals for Edmondson Park,landscape,1103:812,1103x812,WebP,fresh-concrete-backyard-slab-47.webp,Freshly poured concrete slab beside a two-storey home,no,owner-recorded Band B verdict; build/45-media-remediation.csv,yes — decorative/non-evidential only,47,fresh-concrete-backyard-slab-47.webp,defer with page; before future release apply the recorded underlying media disposition; underlying: permitted generic decoration,none,no — page is outside the smallest launch,page_id=1387; widget_type=image; setting=image; decorative; permission=pipeline-permitted in derivative; source_geographic_claim=none in permitted derivative; project_claim=no; can be removed without loss of page meaning; derivative_slot=present
IMG-0342,Wave 3 pending research,concreters-edmondson-park,suburb,0424a72,36efc778 — Untitled Elementor section,DEFERRED,optional,existing re-encoded media,Exposed aggregate driveway leading to a carport; visible purpose: Untitled Elementor section,landscape,1333:751,1333x751,WebP,exposed-aggregate-residential-driveway-48.webp,Exposed aggregate driveway leading to a carport,no,owner-recorded Band B verdict; build/45-media-remediation.csv,yes — decorative/non-evidential only,48,concrete-testimonial-3-camden-48.webp,defer with page; before future release apply the recorded underlying media disposition; underlying: D32 section already removed,none,no — page is outside the smallest launch,page_id=1387; widget_type=image; setting=image; decorative; permission=not in derivative; source_geographic_claim=none in permitted derivative; project_claim=no; can be removed without loss of page meaning; derivative_slot=absent
IMG-0343,Wave 3 pending research,concreters-edmondson-park,suburb,4195f9b,36efc778 — Untitled Elementor section,DEFERRED,optional,existing re-encoded media,Freshly poured concrete beside a swimming pool; visible purpose: Untitled Elementor section,landscape,1333:750,1333x750,WebP,fresh-concrete-pool-surround-49.webp,Freshly poured concrete beside a swimming pool,no,owner-recorded Band B verdict; build/45-media-remediation.csv,yes — decorative/non-evidential only,49,concrete-testimonial-1-camden-49.webp,defer with page; before future release apply the recorded underlying media disposition; underlying: D32 section already removed,none,no — page is outside the smallest launch,page_id=1387; widget_type=image; setting=image; decorative; permission=not in derivative; source_geographic_claim=none in permitted derivative; project_claim=no; can be removed without loss of page meaning; derivative_slot=absent
IMG-0344,Wave 3 pending research,concreters-edmondson-park,suburb,e5f56c0,36efc778 — Untitled Elementor section,DEFERRED,optional,existing re-encoded media,Exposed aggregate concrete; visible purpose: Untitled Elementor section,square,1:1,2007x2007,JPEG,exposed-aggregate-concrete-50.jpg,Exposed aggregate concrete,no,D24/D20 naming-convention reversal,yes — decorative/non-evidential only,50,exposed-aggregate-concrete-camden-50.jpg,defer with page; before future release apply the recorded underlying media disposition; underlying: D32 section already removed,none,no — page is outside the smallest launch,page_id=1387; widget_type=image; setting=image; decorative; permission=not in derivative; source_geographic_claim=none in permitted derivative; project_claim=no; can be removed without loss of page meaning; derivative_slot=absent
IMG-0345,D22 deferred — unresearched,concreters-bringelly,suburb,7c2526d7,7c2526d7 — Concreters Bringelly,DEFERRED,optional,existing re-encoded media,Exposed aggregate concrete; visible purpose: Concreters Bringelly,square,1:1,2007x2007,JPEG,exposed-aggregate-concrete-50.jpg,Exposed aggregate concrete,no,D24/D20 naming-convention reversal,yes — decorative/non-evidential only,50,exposed-aggregate-concrete-50.jpg,defer with page; before future release apply the recorded underlying media disposition; underlying: permitted generic decoration,none,no — page is outside the smallest launch,page_id=1388; widget_type=container; setting=background_image; decorative; permission=pipeline-permitted in derivative; source_geographic_claim=none in permitted derivative; project_claim=no; can be removed without loss of page meaning; derivative_slot=present
IMG-0346,D22 deferred — unresearched,concreters-bringelly,suburb,a86c195,9e36728 — Concrete Driveways in Bringelly / Concrete Slabs in Bringelly / Exposed Aggregate in Bringelly,DEFERRED,optional,existing re-encoded media,About 2 hero camden in the context of Concreters Bringelly; visible purpose: Concrete Driveways in Bringelly,landscape,451:322,902x644,JPEG,about-2-hero-323.jpg,Describe only the visible subject; empty alt if purely decorative,no,D24/D20 naming-convention reversal,yes — decorative/non-evidential only,323,about-2-hero-323.jpg,defer with page; before future release apply the recorded underlying media disposition; underlying: blank placeholder; remove before future release,none,no — page is outside the smallest launch,page_id=1388; widget_type=image-box; setting=image; decorative; permission=pipeline-permitted in derivative; source_geographic_claim=none in permitted derivative; project_claim=no; can be removed without loss of page meaning; derivative_slot=present
IMG-0347,D22 deferred — unresearched,concreters-bringelly,suburb,516941f,9e36728 — Concrete Driveways in Bringelly / Concrete Slabs in Bringelly / Exposed Aggregate in Bringelly,DEFERRED,optional,existing re-encoded media,Synthetic turf and timber landscaping; no concrete subject; visible purpose: Concrete Slabs in Bringelly,landscape,1254:941,1254x941,WebP,,Describe only the visible subject; empty alt if purely decorative,no,owner worksheet blank; fail-closed under Phase B instruction,yes — decorative/non-evidential only,480,oran-park1-480.webp,defer with page; before future release apply the recorded underlying media disposition; underlying: Band A HOLD; audit recommends UNUSABLE,record explicit UNUSABLE (or another supported verdict); OK also requires cited provenance,yes for Phase B/staging; page publication is deferred,"page_id=1388; widget_type=image-box; setting=image; decorative; permission=HOLD; absent from derivative; source_geographic_claim=Filename asserts Oran Park, NSW.; project_claim=no; can be removed without loss of page meaning; derivative_slot=absent"
IMG-0348,D22 deferred — unresearched,concreters-bringelly,suburb,f36a8f3,9e36728 — Concrete Driveways in Bringelly / Concrete Slabs in Bringelly / Exposed Aggregate in Bringelly,DEFERRED,optional,existing re-encoded media,Timber bench or deck; no concrete subject; visible purpose: Exposed Aggregate in Bringelly,landscape,1254:941,1254x941,WebP,,Describe only the visible subject; empty alt if purely decorative,no,owner worksheet blank; fail-closed under Phase B instruction,yes — decorative/non-evidential only,481,oran-park2-481.webp,defer with page; before future release apply the recorded underlying media disposition; underlying: Band A HOLD; audit recommends UNUSABLE,record explicit UNUSABLE (or another supported verdict); OK also requires cited provenance,yes for Phase B/staging; page publication is deferred,"page_id=1388; widget_type=image-box; setting=image; decorative; permission=HOLD; absent from derivative; source_geographic_claim=Filename asserts Oran Park, NSW.; project_claim=no; can be removed without loss of page meaning; derivative_slot=absent"
IMG-0349,D22 deferred — unresearched,concreters-bringelly,suburb,af91c52,98fbeea — Patios & Alfresco in Bringelly / Paths & Pathways in Bringelly / Coloured & Decorative in Bringelly,DEFERRED,optional,existing re-encoded media,Timber deck framing and bare ground; no concrete subject; visible purpose: Patios & Alfresco in Bringelly,portrait,3:4,750x1000,WebP,,Describe only the visible subject; empty alt if purely decorative,no,owner worksheet blank; fail-closed under Phase B instruction,yes — decorative/non-evidential only,482,oran-park3-482.webp,defer with page; before future release apply the recorded underlying media disposition; underlying: Band A HOLD; audit recommends UNUSABLE,record explicit UNUSABLE (or another supported verdict); OK also requires cited provenance,yes for Phase B/staging; page publication is deferred,"page_id=1388; widget_type=image-box; setting=image; decorative; permission=HOLD; absent from derivative; source_geographic_claim=Filename asserts Oran Park, NSW.; project_claim=no; can be removed without loss of page meaning; derivative_slot=absent"
IMG-0350,D22 deferred — unresearched,concreters-bringelly,suburb,e6c2ed7,98fbeea — Patios & Alfresco in Bringelly / Paths & Pathways in Bringelly / Coloured & Decorative in Bringelly,DEFERRED,optional,existing re-encoded media,Exposed aggregate driveway leading to a home; visible purpose: Paths & Pathways in Bringelly,landscape,1419:1064,1419x1064,JPEG,exposed-aggregate-residential-driveway-609.jpg,Exposed aggregate driveway leading to a home,no,D24/D20: reverse Adelaide to South West Sydney naming substitution,yes — decorative/non-evidential only,609,exposed-aggregate-residential-driveway-609.jpg,defer with page; before future release apply the recorded underlying media disposition; underlying: permitted generic decoration,none,no — page is outside the smallest launch,page_id=1388; widget_type=image-box; setting=image; decorative; permission=pipeline-permitted in derivative; source_geographic_claim=none in permitted derivative; project_claim=no; can be removed without loss of page meaning; derivative_slot=present
IMG-0351,D22 deferred — unresearched,concreters-bringelly,suburb,d06ebf3,98fbeea — Patios & Alfresco in Bringelly / Paths & Pathways in Bringelly / Coloured & Decorative in Bringelly,DEFERRED,optional,existing re-encoded media,Timber deck framing and bare ground; no concrete subject; visible purpose: Coloured & Decorative in Bringelly,portrait,3:4,750x1000,WebP,,Describe only the visible subject; empty alt if purely decorative,no,owner worksheet blank; fail-closed under Phase B instruction,yes — decorative/non-evidential only,482,oran-park3-482.webp,defer with page; before future release apply the recorded underlying media disposition; underlying: Band A HOLD; audit recommends UNUSABLE,record explicit UNUSABLE (or another supported verdict); OK also requires cited provenance,yes for Phase B/staging; page publication is deferred,"page_id=1388; widget_type=image-box; setting=image; decorative; permission=HOLD; absent from derivative; source_geographic_claim=Filename asserts Oran Park, NSW.; project_claim=no; can be removed without loss of page meaning; derivative_slot=absent"
IMG-0352,D22 deferred — unresearched,concreters-bringelly,suburb,af8ef50,40d980a — Ground conditions in Bringelly,DEFERRED,optional,existing re-encoded media,Excavated residential area; visible purpose: Ground conditions in Bringelly,landscape,723:376,723x376,JPEG,residential-site-excavation-906.jpg,Excavated residential area prepared for concrete work,no,owner worksheet blank; fail-closed under Phase B instruction,yes — decorative/non-evidential only,906,driveway-excavation-camden-906.jpg,defer with page; before future release apply the recorded underlying media disposition; underlying: Band A HOLD; audit recommends GENERIC,record explicit GENERIC (or another supported verdict); OK also requires cited provenance,yes for Phase B/staging; page publication is deferred,page_id=1388; widget_type=image; setting=image; decorative; permission=HOLD; absent from derivative; source_geographic_claim=Filename and alt assert the excavation is in Camden.; project_claim=no; can be removed without loss of page meaning; derivative_slot=absent
IMG-0353,D22 deferred — unresearched,concreters-bringelly,suburb,2eb88ab,77cc745 — Preparing a pour in Bringelly,DEFERRED,optional,existing re-encoded media,Identifiable Werribee heritage mansion and gardens; no concrete subject; visible purpose: Preparing a pour in Bringelly,landscape,101:76,505x380,JPEG,,Describe only the visible subject; empty alt if purely decorative,no,owner worksheet blank; fail-closed under Phase B instruction,yes — decorative/non-evidential only,907,camden-town-centre-907.jpg,defer with page; before future release apply the recorded underlying media disposition; underlying: Band A HOLD; audit recommends UNUSABLE,record explicit UNUSABLE (or another supported verdict); OK also requires cited provenance,yes for Phase B/staging; page publication is deferred,page_id=1388; widget_type=image; setting=image; decorative; permission=HOLD; absent from derivative; source_geographic_claim=Filename and alt assert this is Camden town centre.; project_claim=no; can be removed without loss of page meaning; derivative_slot=absent
IMG-0354,D22 deferred — unresearched,concreters-bringelly,suburb,0ca264b,8d1059a — Levels and water movement in Bringelly,DEFERRED,optional,existing re-encoded media,Aerial view of a developing housing estate; visible purpose: Levels and water movement in Bringelly,landscape,523:367,523x367,JPEG,aerial-new-housing-estate-908.jpg,Aerial view of a developing suburban housing estate,no,owner worksheet blank; fail-closed under Phase B instruction,yes — decorative/non-evidential only,908,oran-park-growth-estate-908.jpg,defer with page; before future release apply the recorded underlying media disposition; underlying: Band A HOLD; audit recommends GENERIC,record explicit GENERIC (or another supported verdict); OK also requires cited provenance,yes for Phase B/staging; page publication is deferred,page_id=1388; widget_type=image; setting=image; decorative; permission=HOLD; absent from derivative; source_geographic_claim=Filename and alt assert an Oran Park growth estate.; project_claim=no; can be removed without loss of page meaning; derivative_slot=absent
IMG-0355,D22 deferred — unresearched,concreters-bringelly,suburb,7bcc8c0,a599284 — Driveway approvals for Bringelly,DEFERRED,optional,existing re-encoded media,Control joints and cracks; visible purpose: Driveway approvals for Bringelly,landscape,627:469,627x469,JPEG,control-joints-and-cracks-909.jpg,Control joints and cracks,no,D24/D20 naming-convention reversal,yes — decorative/non-evidential only,909,control-joints-and-cracks-909.jpg,defer with page; before future release apply the recorded underlying media disposition; underlying: permitted generic decoration,none,no — page is outside the smallest launch,page_id=1388; widget_type=image; setting=image; decorative; permission=pipeline-permitted in derivative; source_geographic_claim=none in permitted derivative; project_claim=no; can be removed without loss of page meaning; derivative_slot=present
IMG-0356,D22 deferred — unresearched,concreters-bringelly,suburb,0424a72,36efc778 — Untitled Elementor section,DEFERRED,optional,existing re-encoded media,Coloured residential concrete patio; visible purpose: Untitled Elementor section,square,1:1,1176x1176,PNG,coloured-concrete-patio-924.png,Coloured concrete patio beside a home,no,owner worksheet blank; fail-closed under Phase B instruction,yes — decorative/non-evidential only,924,coloured-concrete-south-west-sydney-924.png,defer with page; before future release apply the recorded underlying media disposition; underlying: D32 section already removed,none,no — page is outside the smallest launch,page_id=1388; widget_type=image; setting=image; decorative; permission=not in derivative; source_geographic_claim=Filename and alt assert South West Sydney.; project_claim=no; can be removed without loss of page meaning; derivative_slot=absent
IMG-0357,D22 deferred — unresearched,concreters-bringelly,suburb,4195f9b,36efc778 — Untitled Elementor section,DEFERRED,optional,existing re-encoded media,Stencilled or patterned concrete driveway; visible purpose: Untitled Elementor section,landscape,4:3,588x441,WebP,stencilled-concrete-driveway-925.webp,Stencilled concrete driveway with a block pattern,no,owner worksheet blank; fail-closed under Phase B instruction,yes — decorative/non-evidential only,925,stencil-concrete-south-west-sydney-925.webp,defer with page; before future release apply the recorded underlying media disposition; underlying: D32 section already removed,none,no — page is outside the smallest launch,page_id=1388; widget_type=image; setting=image; decorative; permission=not in derivative; source_geographic_claim=Filename and alt assert South West Sydney.; project_claim=no; can be removed without loss of page meaning; derivative_slot=absent
IMG-0358,D22 deferred — unresearched,concreters-bringelly,suburb,e5f56c0,36efc778 — Untitled Elementor section,DEFERRED,optional,existing re-encoded media,Stamped concrete driveway; visible purpose: Untitled Elementor section,square,1:1,543x543,JPEG,stamped-concrete-driveway-926.jpg,Stamped concrete driveway beside a brick home,no,owner worksheet blank; fail-closed under Phase B instruction,yes — decorative/non-evidential only,926,stamped-concrete-south-west-sydney-926.jpg,defer with page; before future release apply the recorded underlying media disposition; underlying: D32 section already removed,none,no — page is outside the smallest launch,page_id=1388; widget_type=image; setting=image; decorative; permission=not in derivative; source_geographic_claim=Filename and alt assert South West Sydney.; project_claim=no; can be removed without loss of page meaning; derivative_slot=absent
IMG-0359,D22 deferred — unresearched,concreters-rossmore,suburb,7c2526d7,7c2526d7 — Concreters Rossmore,DEFERRED,optional,existing re-encoded media,Exposed aggregate concrete; visible purpose: Concreters Rossmore,square,1:1,2007x2007,JPEG,exposed-aggregate-concrete-50.jpg,Exposed aggregate concrete,no,D24/D20 naming-convention reversal,yes — decorative/non-evidential only,50,exposed-aggregate-concrete-50.jpg,defer with page; before future release apply the recorded underlying media disposition; underlying: permitted generic decoration,none,no — page is outside the smallest launch,page_id=1389; widget_type=container; setting=background_image; decorative; permission=pipeline-permitted in derivative; source_geographic_claim=none in permitted derivative; project_claim=no; can be removed without loss of page meaning; derivative_slot=present
IMG-0360,D22 deferred — unresearched,concreters-rossmore,suburb,a86c195,9e36728 — Concrete Driveways / Concrete Slabs / Exposed Aggregate,DEFERRED,optional,existing re-encoded media,Freshly poured concrete beside a swimming pool; visible purpose: Concrete Driveways,landscape,1333:750,1333x750,WebP,fresh-concrete-pool-surround-52.webp,Freshly poured concrete beside a swimming pool,no,owner-recorded Band B verdict; build/45-media-remediation.csv,yes — decorative/non-evidential only,52,fresh-concrete-pool-surround-52.webp,defer with page; before future release apply the recorded underlying media disposition; underlying: permitted generic decoration,none,no — page is outside the smallest launch,page_id=1389; widget_type=image-box; setting=image; decorative; permission=pipeline-permitted in derivative; source_geographic_claim=none in permitted derivative; project_claim=no; can be removed without loss of page meaning; derivative_slot=present
IMG-0361,D22 deferred — unresearched,concreters-rossmore,suburb,516941f,9e36728 — Concrete Driveways / Concrete Slabs / Exposed Aggregate,DEFERRED,optional,existing re-encoded media,Patiosandpathways; visible purpose: Concrete Slabs,portrait,3:4,750x1000,WebP,patiosandpathways-53.webp,Patiosandpathways,no,D24/D20 naming-convention reversal,yes — decorative/non-evidential only,53,patiosandpathways-53.webp,defer with page; before future release apply the recorded underlying media disposition; underlying: permitted generic decoration,none,no — page is outside the smallest launch,page_id=1389; widget_type=image-box; setting=image; decorative; permission=pipeline-permitted in derivative; source_geographic_claim=none in permitted derivative; project_claim=no; can be removed without loss of page meaning; derivative_slot=present
IMG-0362,D22 deferred — unresearched,concreters-rossmore,suburb,f36a8f3,9e36728 — Concrete Driveways / Concrete Slabs / Exposed Aggregate,DEFERRED,optional,existing re-encoded media,Coloured detailed concrete; visible purpose: Exposed Aggregate,landscape,649:454,649x454,JPEG,coloured-detailed-concrete-54.jpg,Coloured detailed concrete,no,D24/D20 naming-convention reversal,yes — decorative/non-evidential only,54,coloured-detailed-concrete-54.jpg,defer with page; before future release apply the recorded underlying media disposition; underlying: permitted generic decoration,none,no — page is outside the smallest launch,page_id=1389; widget_type=image-box; setting=image; decorative; permission=pipeline-permitted in derivative; source_geographic_claim=none in permitted derivative; project_claim=no; can be removed without loss of page meaning; derivative_slot=present
IMG-0363,D22 deferred — unresearched,concreters-rossmore,suburb,af91c52,98fbeea — Patios & Alfresco / Paths & Pathways / Coloured & Decorative,DEFERRED,optional,existing re-encoded media,Patiosconcrete; visible purpose: Patios & Alfresco,landscape,637:425,1274x850,JPEG,patiosconcrete-55.jpg,Patiosconcrete,no,D24/D20 naming-convention reversal,yes — decorative/non-evidential only,55,patiosconcrete-55.jpg,defer with page; before future release apply the recorded underlying media disposition; underlying: permitted generic decoration,none,no — page is outside the smallest launch,page_id=1389; widget_type=image-box; setting=image; decorative; permission=pipeline-permitted in derivative; source_geographic_claim=none in permitted derivative; project_claim=no; can be removed without loss of page meaning; derivative_slot=present
IMG-0364,D22 deferred — unresearched,concreters-rossmore,suburb,e6c2ed7,98fbeea — Patios & Alfresco / Paths & Pathways / Coloured & Decorative,DEFERRED,optional,existing re-encoded media,Reinforcedheavydutyconcrete; visible purpose: Paths & Pathways,portrait,3:4,750x1000,WebP,reinforcedheavydutyconcrete-121.webp,Reinforcedheavydutyconcrete,no,D24/D20 naming-convention reversal,yes — decorative/non-evidential only,121,reinforcedheavydutyconcrete-121.webp,defer with page; before future release apply the recorded underlying media disposition; underlying: permitted generic decoration,none,no — page is outside the smallest launch,page_id=1389; widget_type=image-box; setting=image; decorative; permission=pipeline-permitted in derivative; source_geographic_claim=none in permitted derivative; project_claim=no; can be removed without loss of page meaning; derivative_slot=present
IMG-0365,D22 deferred — unresearched,concreters-rossmore,suburb,d06ebf3,98fbeea — Patios & Alfresco / Paths & Pathways / Coloured & Decorative,DEFERRED,optional,existing re-encoded media,Patiosconcrete; visible purpose: Coloured & Decorative,landscape,637:425,1274x850,JPEG,patiosconcrete-55.jpg,Patiosconcrete,no,D24/D20 naming-convention reversal,yes — decorative/non-evidential only,55,patiosconcrete-55.jpg,defer with page; before future release apply the recorded underlying media disposition; underlying: permitted generic decoration,none,no — page is outside the smallest launch,page_id=1389; widget_type=image-box; setting=image; decorative; permission=pipeline-permitted in derivative; source_geographic_claim=none in permitted derivative; project_claim=no; can be removed without loss of page meaning; derivative_slot=present
IMG-0366,Wave 3 pending research,concreters-middleton-grange,suburb,7c2526d7,7c2526d7 — Concreters Middleton Grange,DEFERRED,optional,existing re-encoded media,Exposed aggregate concrete; visible purpose: Concreters Middleton Grange,square,1:1,2007x2007,JPEG,exposed-aggregate-concrete-50.jpg,Exposed aggregate concrete,no,D24/D20 naming-convention reversal,yes — decorative/non-evidential only,50,exposed-aggregate-concrete-50.jpg,defer with page; before future release apply the recorded underlying media disposition; underlying: permitted generic decoration,none,no — page is outside the smallest launch,page_id=1390; widget_type=container; setting=background_image; decorative; permission=pipeline-permitted in derivative; source_geographic_claim=none in permitted derivative; project_claim=no; can be removed without loss of page meaning; derivative_slot=present
IMG-0367,Wave 3 pending research,concreters-middleton-grange,suburb,a86c195,9e36728 — Concrete Driveways / Concrete Slabs / Exposed Aggregate,DEFERRED,optional,existing re-encoded media,Concrete stepping slabs laid through a garden; visible purpose: Concrete Driveways,portrait,3:4,750x1000,WebP,concrete-stepping-slabs-garden-path-51.webp,Concrete stepping slabs laid through a garden,no,owner-recorded Band B verdict; build/45-media-remediation.csv,yes — decorative/non-evidential only,51,concrete-stepping-slabs-garden-path-51.webp,defer with page; before future release apply the recorded underlying media disposition; underlying: permitted generic decoration,none,no — page is outside the smallest launch,page_id=1390; widget_type=image-box; setting=image; decorative; permission=pipeline-permitted in derivative; source_geographic_claim=none in permitted derivative; project_claim=no; can be removed without loss of page meaning; derivative_slot=present
IMG-0368,Wave 3 pending research,concreters-middleton-grange,suburb,516941f,9e36728 — Concrete Driveways / Concrete Slabs / Exposed Aggregate,DEFERRED,optional,existing re-encoded media,Freshly poured concrete beside a swimming pool; visible purpose: Concrete Slabs,landscape,1333:750,1333x750,WebP,fresh-concrete-pool-surround-52.webp,Freshly poured concrete beside a swimming pool,no,owner-recorded Band B verdict; build/45-media-remediation.csv,yes — decorative/non-evidential only,52,fresh-concrete-pool-surround-52.webp,defer with page; before future release apply the recorded underlying media disposition; underlying: permitted generic decoration,none,no — page is outside the smallest launch,page_id=1390; widget_type=image-box; setting=image; decorative; permission=pipeline-permitted in derivative; source_geographic_claim=none in permitted derivative; project_claim=no; can be removed without loss of page meaning; derivative_slot=present
IMG-0369,Wave 3 pending research,concreters-middleton-grange,suburb,f36a8f3,9e36728 — Concrete Driveways / Concrete Slabs / Exposed Aggregate,DEFERRED,optional,existing re-encoded media,Patiosandpathways; visible purpose: Exposed Aggregate,portrait,3:4,750x1000,WebP,patiosandpathways-53.webp,Patiosandpathways,no,D24/D20 naming-convention reversal,yes — decorative/non-evidential only,53,patiosandpathways-53.webp,defer with page; before future release apply the recorded underlying media disposition; underlying: permitted generic decoration,none,no — page is outside the smallest launch,page_id=1390; widget_type=image-box; setting=image; decorative; permission=pipeline-permitted in derivative; source_geographic_claim=none in permitted derivative; project_claim=no; can be removed without loss of page meaning; derivative_slot=present
IMG-0370,Wave 3 pending research,concreters-middleton-grange,suburb,af91c52,98fbeea — Patios & Alfresco / Paths & Pathways / Coloured & Decorative,DEFERRED,optional,existing re-encoded media,Coloured detailed concrete; visible purpose: Patios & Alfresco,landscape,649:454,649x454,JPEG,coloured-detailed-concrete-54.jpg,Coloured detailed concrete,no,D24/D20 naming-convention reversal,yes — decorative/non-evidential only,54,coloured-detailed-concrete-54.jpg,defer with page; before future release apply the recorded underlying media disposition; underlying: permitted generic decoration,none,no — page is outside the smallest launch,page_id=1390; widget_type=image-box; setting=image; decorative; permission=pipeline-permitted in derivative; source_geographic_claim=none in permitted derivative; project_claim=no; can be removed without loss of page meaning; derivative_slot=present
IMG-0371,Wave 3 pending research,concreters-middleton-grange,suburb,e6c2ed7,98fbeea — Patios & Alfresco / Paths & Pathways / Coloured & Decorative,DEFERRED,optional,existing re-encoded media,Patiosconcrete; visible purpose: Paths & Pathways,landscape,637:425,1274x850,JPEG,patiosconcrete-55.jpg,Patiosconcrete,no,D24/D20 naming-convention reversal,yes — decorative/non-evidential only,55,patiosconcrete-55.jpg,defer with page; before future release apply the recorded underlying media disposition; underlying: permitted generic decoration,none,no — page is outside the smallest launch,page_id=1390; widget_type=image-box; setting=image; decorative; permission=pipeline-permitted in derivative; source_geographic_claim=none in permitted derivative; project_claim=no; can be removed without loss of page meaning; derivative_slot=present
IMG-0372,Wave 3 pending research,concreters-middleton-grange,suburb,d06ebf3,98fbeea — Patios & Alfresco / Paths & Pathways / Coloured & Decorative,DEFERRED,optional,existing re-encoded media,Coloured detailed concrete; visible purpose: Coloured & Decorative,landscape,649:454,649x454,JPEG,coloured-detailed-concrete-54.jpg,Coloured detailed concrete,no,D24/D20 naming-convention reversal,yes — decorative/non-evidential only,54,coloured-detailed-concrete-54.jpg,defer with page; before future release apply the recorded underlying media disposition; underlying: permitted generic decoration,none,no — page is outside the smallest launch,page_id=1390; widget_type=image-box; setting=image; decorative; permission=pipeline-permitted in derivative; source_geographic_claim=none in permitted derivative; project_claim=no; can be removed without loss of page meaning; derivative_slot=present
IMG-0373,D22 deferred — unresearched,concreters-west-hoxton,suburb,7c2526d7,7c2526d7 — Concreters West Hoxton,DEFERRED,optional,existing re-encoded media,Exposed aggregate concrete; visible purpose: Concreters West Hoxton,square,1:1,2007x2007,JPEG,exposed-aggregate-concrete-50.jpg,Exposed aggregate concrete,no,D24/D20 naming-convention reversal,yes — decorative/non-evidential only,50,exposed-aggregate-concrete-50.jpg,defer with page; before future release apply the recorded underlying media disposition; underlying: permitted generic decoration,none,no — page is outside the smallest launch,page_id=1391; widget_type=container; setting=background_image; decorative; permission=pipeline-permitted in derivative; source_geographic_claim=none in permitted derivative; project_claim=no; can be removed without loss of page meaning; derivative_slot=present
IMG-0374,D22 deferred — unresearched,concreters-west-hoxton,suburb,a86c195,9e36728 — Concrete Driveways / Concrete Slabs / Exposed Aggregate,DEFERRED,optional,existing re-encoded media,Verified badge e1784545689665 camden in the context of Concreters West Hoxton; visible purpose: Concrete Driveways,landscape,140:113,980x791,AVIF,,Describe only the visible subject; empty alt if purely decorative,no,owner-recorded Band B verdict; build/45-media-remediation.csv,yes — decorative/non-evidential only,1067,verified-badge-e1784545689665-camden-1067.avif,defer with page; before future release apply the recorded underlying media disposition; underlying: prohibited slot already removed,none,no — page is outside the smallest launch,page_id=1391; widget_type=image-box; setting=image; decorative; permission=not in derivative; source_geographic_claim=none in permitted derivative; project_claim=no; can be removed without loss of page meaning; derivative_slot=absent
IMG-0375,D22 deferred — unresearched,concreters-west-hoxton,suburb,516941f,9e36728 — Concrete Driveways / Concrete Slabs / Exposed Aggregate,DEFERRED,optional,existing re-encoded media,What is a concrete slab; visible purpose: Concrete Slabs,portrait,470:627,470x627,JPEG,what-is-a-concrete-slab-1068.jpg,What is a concrete slab,no,D24/D20 naming-convention reversal,yes — decorative/non-evidential only,1068,what-is-a-concrete-slab-1068.jpg,defer with page; before future release apply the recorded underlying media disposition; underlying: permitted generic decoration,none,no — page is outside the smallest launch,page_id=1391; widget_type=image-box; setting=image; decorative; permission=pipeline-permitted in derivative; source_geographic_claim=none in permitted derivative; project_claim=no; can be removed without loss of page meaning; derivative_slot=present
IMG-0376,D22 deferred — unresearched,concreters-west-hoxton,suburb,f36a8f3,9e36728 — Concrete Driveways / Concrete Slabs / Exposed Aggregate,DEFERRED,optional,existing re-encoded media,What is exposed aggregate; visible purpose: Exposed Aggregate,portrait,507:581,507x581,JPEG,what-is-exposed-aggregate-1109.jpg,What is exposed aggregate,no,D24/D20 naming-convention reversal,yes — decorative/non-evidential only,1109,what-is-exposed-aggregate-1109.jpg,defer with page; before future release apply the recorded underlying media disposition; underlying: permitted generic decoration,none,no — page is outside the smallest launch,page_id=1391; widget_type=image-box; setting=image; decorative; permission=pipeline-permitted in derivative; source_geographic_claim=none in permitted derivative; project_claim=no; can be removed without loss of page meaning; derivative_slot=present
IMG-0377,D22 deferred — unresearched,concreters-west-hoxton,suburb,af91c52,98fbeea — Patios & Alfresco / Paths & Pathways / Coloured & Decorative,DEFERRED,optional,existing re-encoded media,Single-storey brick home with driveway; visible purpose: Patios & Alfresco,landscape,558:361,558x361,JPEG,single-storey-brick-home-driveway-1150.jpg,Single-storey brick home with a concrete driveway,no,owner worksheet blank; fail-closed under Phase B instruction,yes — decorative/non-evidential only,1150,established-home-mount-annan-1150.jpg,defer with page; before future release apply the recorded underlying media disposition; underlying: Band A HOLD; audit recommends GENERIC,record explicit GENERIC (or another supported verdict); OK also requires cited provenance,yes for Phase B/staging; page publication is deferred,"page_id=1391; widget_type=image-box; setting=image; decorative; permission=HOLD; absent from derivative; source_geographic_claim=Filename and alt assert an established home in Mount Annan, NSW.; project_claim=no; can be removed without loss of page meaning; derivative_slot=absent"
IMG-0378,D22 deferred — unresearched,concreters-west-hoxton,suburb,e6c2ed7,98fbeea — Patios & Alfresco / Paths & Pathways / Coloured & Decorative,DEFERRED,optional,existing re-encoded media,Dry cracked ground surface; visible purpose: Paths & Pathways,landscape,723:350,723x350,JPEG,dry-cracked-ground-1151.jpg,Dry cracked ground surface,no,D18/D20: remove unsupported geographic and geological assertion,yes — decorative/non-evidential only,1151,dry-cracked-ground-1151.jpg,defer with page; before future release apply the recorded underlying media disposition; underlying: permitted generic decoration,none,no — page is outside the smallest launch,page_id=1391; widget_type=image-box; setting=image; decorative; permission=pipeline-permitted in derivative; source_geographic_claim=none in permitted derivative; project_claim=no; can be removed without loss of page meaning; derivative_slot=present
IMG-0379,D22 deferred — unresearched,concreters-west-hoxton,suburb,d06ebf3,98fbeea — Patios & Alfresco / Paths & Pathways / Coloured & Decorative,DEFERRED,optional,existing re-encoded media,Single-storey brick home with driveway; visible purpose: Coloured & Decorative,landscape,558:361,558x361,JPEG,single-storey-brick-home-driveway-1150.jpg,Single-storey brick home with a concrete driveway,no,owner worksheet blank; fail-closed under Phase B instruction,yes — decorative/non-evidential only,1150,established-home-mount-annan-1150.jpg,defer with page; before future release apply the recorded underlying media disposition; underlying: Band A HOLD; audit recommends GENERIC,record explicit GENERIC (or another supported verdict); OK also requires cited provenance,yes for Phase B/staging; page publication is deferred,"page_id=1391; widget_type=image-box; setting=image; decorative; permission=HOLD; absent from derivative; source_geographic_claim=Filename and alt assert an established home in Mount Annan, NSW.; project_claim=no; can be removed without loss of page meaning; derivative_slot=absent"
IMG-0380,D22 deferred — unresearched,concreters-hoxton-park,suburb,7c2526d7,7c2526d7 — Concreters Hoxton Park,DEFERRED,optional,existing re-encoded media,Exposed aggregate concrete; visible purpose: Concreters Hoxton Park,square,1:1,2007x2007,JPEG,exposed-aggregate-concrete-50.jpg,Exposed aggregate concrete,no,D24/D20 naming-convention reversal,yes — decorative/non-evidential only,50,exposed-aggregate-concrete-50.jpg,defer with page; before future release apply the recorded underlying media disposition; underlying: permitted generic decoration,none,no — page is outside the smallest launch,page_id=1392; widget_type=container; setting=background_image; decorative; permission=pipeline-permitted in derivative; source_geographic_claim=none in permitted derivative; project_claim=no; can be removed without loss of page meaning; derivative_slot=present
IMG-0381,D22 deferred — unresearched,concreters-hoxton-park,suburb,a86c195,9e36728 — Concrete Driveways / Concrete Slabs / Exposed Aggregate,DEFERRED,optional,existing re-encoded media,Concrete garden paths and connecting paths concrete; visible purpose: Concrete Driveways,landscape,627:470,627x470,JPEG,concrete-garden-paths-and-connecting-paths-concrete-182.jpg,Concrete garden paths and connecting paths concrete,no,D24/D20 naming-convention reversal,yes — decorative/non-evidential only,182,concrete-garden-paths-and-connecting-paths-concrete-182.jpg,defer with page; before future release apply the recorded underlying media disposition; underlying: permitted generic decoration,none,no — page is outside the smallest launch,page_id=1392; widget_type=image-box; setting=image; decorative; permission=pipeline-permitted in derivative; source_geographic_claim=none in permitted derivative; project_claim=no; can be removed without loss of page meaning; derivative_slot=present
IMG-0382,D22 deferred — unresearched,concreters-hoxton-park,suburb,516941f,9e36728 — Concrete Driveways / Concrete Slabs / Exposed Aggregate,DEFERRED,optional,existing re-encoded media,Front and entry paths concrete; visible purpose: Concrete Slabs,landscape,587:571,587x571,JPEG,front-and-entry-paths-concrete-183.jpg,Front and entry paths concrete,no,D24/D20 naming-convention reversal,yes — decorative/non-evidential only,183,front-and-entry-paths-concrete-183.jpg,defer with page; before future release apply the recorded underlying media disposition; underlying: permitted generic decoration,none,no — page is outside the smallest launch,page_id=1392; widget_type=image-box; setting=image; decorative; permission=pipeline-permitted in derivative; source_geographic_claim=none in permitted derivative; project_claim=no; can be removed without loss of page meaning; derivative_slot=present
IMG-0383,D22 deferred — unresearched,concreters-hoxton-park,suburb,f36a8f3,9e36728 — Concrete Driveways / Concrete Slabs / Exposed Aggregate,DEFERRED,optional,existing re-encoded media,Accessible paths concrete; visible purpose: Exposed Aggregate,portrait,74:81,518x567,JPEG,accessible-paths-concrete-184.jpg,Accessible paths concrete,no,D24/D20 naming-convention reversal,yes — decorative/non-evidential only,184,accessible-paths-concrete-184.jpg,defer with page; before future release apply the recorded underlying media disposition; underlying: permitted generic decoration,none,no — page is outside the smallest launch,page_id=1392; widget_type=image-box; setting=image; decorative; permission=pipeline-permitted in derivative; source_geographic_claim=none in permitted derivative; project_claim=no; can be removed without loss of page meaning; derivative_slot=present
IMG-0384,D22 deferred — unresearched,concreters-hoxton-park,suburb,af91c52,98fbeea — Patios & Alfresco / Paths & Pathways / Coloured & Decorative,DEFERRED,optional,existing re-encoded media,Freshly finished residential side-yard slab; visible purpose: Patios & Alfresco,landscape,627:470,627x470,JPEG,fresh-concrete-side-yard-slab-226.jpg,Freshly finished concrete slab in a residential side yard,no,owner worksheet blank; fail-closed under Phase B instruction,yes — decorative/non-evidential only,226,concretejob2camden-226.jpg,defer with page; before future release apply the recorded underlying media disposition; underlying: Band A HOLD; audit recommends GENERIC,record explicit GENERIC (or another supported verdict); OK also requires cited provenance,yes for Phase B/staging; page publication is deferred,page_id=1392; widget_type=image-box; setting=image; decorative; permission=HOLD; absent from derivative; source_geographic_claim=Filename asserts the job is in Camden.; project_claim=no; can be removed without loss of page meaning; derivative_slot=absent
IMG-0385,D22 deferred — unresearched,concreters-hoxton-park,suburb,e6c2ed7,98fbeea — Patios & Alfresco / Paths & Pathways / Coloured & Decorative,DEFERRED,optional,existing re-encoded media,Backyard patio concreter; visible purpose: Paths & Pathways,landscape,4:3,784x588,JPEG,backyard-patio-concreter-227.jpg,Backyard patio concreter,no,D24/D20 naming-convention reversal,yes — decorative/non-evidential only,227,backyard-patio-concreter-227.jpg,defer with page; before future release apply the recorded underlying media disposition; underlying: permitted generic decoration,none,no — page is outside the smallest launch,page_id=1392; widget_type=image-box; setting=image; decorative; permission=pipeline-permitted in derivative; source_geographic_claim=none in permitted derivative; project_claim=no; can be removed without loss of page meaning; derivative_slot=present
IMG-0386,D22 deferred — unresearched,concreters-hoxton-park,suburb,d06ebf3,98fbeea — Patios & Alfresco / Paths & Pathways / Coloured & Decorative,DEFERRED,optional,existing re-encoded media,Freshly finished residential side-yard slab; visible purpose: Coloured & Decorative,landscape,627:470,627x470,JPEG,fresh-concrete-side-yard-slab-226.jpg,Freshly finished concrete slab in a residential side yard,no,owner worksheet blank; fail-closed under Phase B instruction,yes — decorative/non-evidential only,226,concretejob2camden-226.jpg,defer with page; before future release apply the recorded underlying media disposition; underlying: Band A HOLD; audit recommends GENERIC,record explicit GENERIC (or another supported verdict); OK also requires cited provenance,yes for Phase B/staging; page publication is deferred,page_id=1392; widget_type=image-box; setting=image; decorative; permission=HOLD; absent from derivative; source_geographic_claim=Filename asserts the job is in Camden.; project_claim=no; can be removed without loss of page meaning; derivative_slot=absent
IMG-0387,D22 deferred — unresearched,concreters-carnes-hill,suburb,7c2526d7,7c2526d7 — Concreters Carnes Hill,DEFERRED,optional,existing re-encoded media,Exposed aggregate concrete; visible purpose: Concreters Carnes Hill,square,1:1,2007x2007,JPEG,exposed-aggregate-concrete-50.jpg,Exposed aggregate concrete,no,D24/D20 naming-convention reversal,yes — decorative/non-evidential only,50,exposed-aggregate-concrete-50.jpg,defer with page; before future release apply the recorded underlying media disposition; underlying: permitted generic decoration,none,no — page is outside the smallest launch,page_id=1393; widget_type=container; setting=background_image; decorative; permission=pipeline-permitted in derivative; source_geographic_claim=none in permitted derivative; project_claim=no; can be removed without loss of page meaning; derivative_slot=present
IMG-0388,D22 deferred — unresearched,concreters-carnes-hill,suburb,a86c195,9e36728 — Concrete Driveways / Concrete Slabs / Exposed Aggregate,DEFERRED,optional,existing re-encoded media,Estate playground with prominent M locality branding; no concrete subject; visible purpose: Concrete Driveways,landscape,79:38,632x304,JPEG,,Describe only the visible subject; empty alt if purely decorative,no,owner worksheet blank; fail-closed under Phase B instruction,yes — decorative/non-evidential only,1187,leppington-new-estates-1187.jpg,defer with page; before future release apply the recorded underlying media disposition; underlying: Band A HOLD; audit recommends UNUSABLE,record explicit UNUSABLE (or another supported verdict); OK also requires cited provenance,yes for Phase B/staging; page publication is deferred,"page_id=1393; widget_type=image-box; setting=image; decorative; permission=HOLD; absent from derivative; source_geographic_claim=Filename and alt assert new estates in Leppington, NSW.; project_claim=no; can be removed without loss of page meaning; derivative_slot=absent"
IMG-0389,D22 deferred — unresearched,concreters-carnes-hill,suburb,516941f,9e36728 — Concrete Driveways / Concrete Slabs / Exposed Aggregate,DEFERRED,optional,existing re-encoded media,Dry cracked ground surface; visible purpose: Concrete Slabs,landscape,723:350,723x350,JPEG,dry-cracked-ground-1188.jpg,Dry cracked ground surface,no,D18/D20: remove unsupported geographic and geological assertion,yes — decorative/non-evidential only,1188,dry-cracked-ground-1188.jpg,defer with page; before future release apply the recorded underlying media disposition; underlying: permitted generic decoration,none,no — page is outside the smallest launch,page_id=1393; widget_type=image-box; setting=image; decorative; permission=pipeline-permitted in derivative; source_geographic_claim=none in permitted derivative; project_claim=no; can be removed without loss of page meaning; derivative_slot=present
IMG-0390,D22 deferred — unresearched,concreters-carnes-hill,suburb,f36a8f3,9e36728 — Concrete Driveways / Concrete Slabs / Exposed Aggregate,DEFERRED,optional,existing re-encoded media,Shrinkage cracks; visible purpose: Exposed Aggregate,landscape,489:368,489x368,JPEG,shrinkage-cracks-1230.jpg,Shrinkage cracks,no,D24/D20 naming-convention reversal,yes — decorative/non-evidential only,1230,shrinkage-cracks-1230.jpg,defer with page; before future release apply the recorded underlying media disposition; underlying: permitted generic decoration,none,no — page is outside the smallest launch,page_id=1393; widget_type=image-box; setting=image; decorative; permission=pipeline-permitted in derivative; source_geographic_claim=none in permitted derivative; project_claim=no; can be removed without loss of page meaning; derivative_slot=present
IMG-0391,D22 deferred — unresearched,concreters-carnes-hill,suburb,af91c52,98fbeea — Patios & Alfresco / Paths & Pathways / Coloured & Decorative,DEFERRED,optional,existing re-encoded media,Settlement cracks; visible purpose: Patios & Alfresco,landscape,627:469,627x469,JPEG,settlement-cracks-1231.jpg,Settlement cracks,no,D24/D20 naming-convention reversal,yes — decorative/non-evidential only,1231,settlement-cracks-1231.jpg,defer with page; before future release apply the recorded underlying media disposition; underlying: permitted generic decoration,none,no — page is outside the smallest launch,page_id=1393; widget_type=image-box; setting=image; decorative; permission=pipeline-permitted in derivative; source_geographic_claim=none in permitted derivative; project_claim=no; can be removed without loss of page meaning; derivative_slot=present
IMG-0392,D22 deferred — unresearched,concreters-carnes-hill,suburb,e6c2ed7,98fbeea — Patios & Alfresco / Paths & Pathways / Coloured & Decorative,DEFERRED,optional,existing re-encoded media,Heave cracks; visible purpose: Paths & Pathways,landscape,229:143,687x429,JPEG,heave-cracks-1232.jpg,Heave cracks,no,D24/D20 naming-convention reversal,yes — decorative/non-evidential only,1232,heave-cracks-1232.jpg,defer with page; before future release apply the recorded underlying media disposition; underlying: permitted generic decoration,none,no — page is outside the smallest launch,page_id=1393; widget_type=image-box; setting=image; decorative; permission=pipeline-permitted in derivative; source_geographic_claim=none in permitted derivative; project_claim=no; can be removed without loss of page meaning; derivative_slot=present
IMG-0393,D22 deferred — unresearched,concreters-carnes-hill,suburb,d06ebf3,98fbeea — Patios & Alfresco / Paths & Pathways / Coloured & Decorative,DEFERRED,optional,existing re-encoded media,Settlement cracks; visible purpose: Coloured & Decorative,landscape,627:469,627x469,JPEG,settlement-cracks-1231.jpg,Settlement cracks,no,D24/D20 naming-convention reversal,yes — decorative/non-evidential only,1231,settlement-cracks-1231.jpg,defer with page; before future release apply the recorded underlying media disposition; underlying: permitted generic decoration,none,no — page is outside the smallest launch,page_id=1393; widget_type=image-box; setting=image; decorative; permission=pipeline-permitted in derivative; source_geographic_claim=none in permitted derivative; project_claim=no; can be removed without loss of page meaning; derivative_slot=present
IMG-0394,D22 deferred — unresearched,concreters-horningsea-park,suburb,7c2526d7,7c2526d7 — Concreters Horningsea Park,DEFERRED,optional,existing re-encoded media,Exposed aggregate concrete; visible purpose: Concreters Horningsea Park,square,1:1,2007x2007,JPEG,exposed-aggregate-concrete-50.jpg,Exposed aggregate concrete,no,D24/D20 naming-convention reversal,yes — decorative/non-evidential only,50,exposed-aggregate-concrete-50.jpg,defer with page; before future release apply the recorded underlying media disposition; underlying: permitted generic decoration,none,no — page is outside the smallest launch,page_id=1394; widget_type=container; setting=background_image; decorative; permission=pipeline-permitted in derivative; source_geographic_claim=none in permitted derivative; project_claim=no; can be removed without loss of page meaning; derivative_slot=present
IMG-0395,D22 deferred — unresearched,concreters-horningsea-park,suburb,a86c195,9e36728 — Concrete Driveways / Concrete Slabs / Exposed Aggregate,DEFERRED,optional,existing re-encoded media,Concretepoolsurronds; visible purpose: Concrete Driveways,landscape,2509:1882,2509x1882,JPEG,concretepoolsurronds-146.jpg,Concretepoolsurronds,no,D24/D20 naming-convention reversal,yes — decorative/non-evidential only,146,concretepoolsurronds-146.jpg,defer with page; before future release apply the recorded underlying media disposition; underlying: permitted generic decoration,none,no — page is outside the smallest launch,page_id=1394; widget_type=image-box; setting=image; decorative; permission=pipeline-permitted in derivative; source_geographic_claim=none in permitted derivative; project_claim=no; can be removed without loss of page meaning; derivative_slot=present
IMG-0396,D22 deferred — unresearched,concreters-horningsea-park,suburb,516941f,9e36728 — Concrete Driveways / Concrete Slabs / Exposed Aggregate,DEFERRED,optional,existing re-encoded media,Shedslabconcrete; visible purpose: Concrete Slabs,landscape,627:470,627x470,JPEG,shedslabconcrete-166.jpg,Shedslabconcrete,no,D24/D20 naming-convention reversal,yes — decorative/non-evidential only,166,shedslabconcrete-166.jpg,defer with page; before future release apply the recorded underlying media disposition; underlying: permitted generic decoration,none,no — page is outside the smallest launch,page_id=1394; widget_type=image-box; setting=image; decorative; permission=pipeline-permitted in derivative; source_geographic_claim=none in permitted derivative; project_claim=no; can be removed without loss of page meaning; derivative_slot=present
IMG-0397,D22 deferred — unresearched,concreters-horningsea-park,suburb,f36a8f3,9e36728 — Concrete Driveways / Concrete Slabs / Exposed Aggregate,DEFERRED,optional,existing re-encoded media,Garage slabs concrete; visible purpose: Exposed Aggregate,landscape,665:443,665x443,JPEG,garage-slabs-concrete-167.jpg,Garage slabs concrete,no,D24/D20 naming-convention reversal,yes — decorative/non-evidential only,167,garage-slabs-concrete-167.jpg,defer with page; before future release apply the recorded underlying media disposition; underlying: permitted generic decoration,none,no — page is outside the smallest launch,page_id=1394; widget_type=image-box; setting=image; decorative; permission=pipeline-permitted in derivative; source_geographic_claim=none in permitted derivative; project_claim=no; can be removed without loss of page meaning; derivative_slot=present
IMG-0398,D22 deferred — unresearched,concreters-horningsea-park,suburb,af91c52,98fbeea — Patios & Alfresco / Paths & Pathways / Coloured & Decorative,DEFERRED,optional,existing re-encoded media,Extension and floor slabs concrete; visible purpose: Patios & Alfresco,square,1:1,438x438,JPEG,extension-and-floor-slabs-concrete-168.jpg,Extension and floor slabs concrete,no,D24/D20 naming-convention reversal,yes — decorative/non-evidential only,168,extension-and-floor-slabs-concrete-168.jpg,defer with page; before future release apply the recorded underlying media disposition; underlying: permitted generic decoration,none,no — page is outside the smallest launch,page_id=1394; widget_type=image-box; setting=image; decorative; permission=pipeline-permitted in derivative; source_geographic_claim=none in permitted derivative; project_claim=no; can be removed without loss of page meaning; derivative_slot=present
IMG-0399,D22 deferred — unresearched,concreters-horningsea-park,suburb,e6c2ed7,98fbeea — Patios & Alfresco / Paths & Pathways / Coloured & Decorative,DEFERRED,optional,existing re-encoded media,Side access paths concrete; visible purpose: Paths & Pathways,portrait,391:491,391x491,JPEG,side-access-paths-concrete-181.jpg,Side access paths concrete,no,D24/D20 naming-convention reversal,yes — decorative/non-evidential only,181,side-access-paths-concrete-181.jpg,defer with page; before future release apply the recorded underlying media disposition; underlying: permitted generic decoration,none,no — page is outside the smallest launch,page_id=1394; widget_type=image-box; setting=image; decorative; permission=pipeline-permitted in derivative; source_geographic_claim=none in permitted derivative; project_claim=no; can be removed without loss of page meaning; derivative_slot=present
IMG-0400,D22 deferred — unresearched,concreters-horningsea-park,suburb,d06ebf3,98fbeea — Patios & Alfresco / Paths & Pathways / Coloured & Decorative,DEFERRED,optional,existing re-encoded media,Extension and floor slabs concrete; visible purpose: Coloured & Decorative,square,1:1,438x438,JPEG,extension-and-floor-slabs-concrete-168.jpg,Extension and floor slabs concrete,no,D24/D20 naming-convention reversal,yes — decorative/non-evidential only,168,extension-and-floor-slabs-concrete-168.jpg,defer with page; before future release apply the recorded underlying media disposition; underlying: permitted generic decoration,none,no — page is outside the smallest launch,page_id=1394; widget_type=image-box; setting=image; decorative; permission=pipeline-permitted in derivative; source_geographic_claim=none in permitted derivative; project_claim=no; can be removed without loss of page meaning; derivative_slot=present
IMG-0401,D22 deferred — unresearched,concreters-elizabeth-hills,suburb,7c2526d7,7c2526d7 — Concreters Elizabeth Hills,DEFERRED,optional,existing re-encoded media,Exposed aggregate concrete; visible purpose: Concreters Elizabeth Hills,square,1:1,2007x2007,JPEG,exposed-aggregate-concrete-50.jpg,Exposed aggregate concrete,no,D24/D20 naming-convention reversal,yes — decorative/non-evidential only,50,exposed-aggregate-concrete-50.jpg,defer with page; before future release apply the recorded underlying media disposition; underlying: permitted generic decoration,none,no — page is outside the smallest launch,page_id=1395; widget_type=container; setting=background_image; decorative; permission=pipeline-permitted in derivative; source_geographic_claim=none in permitted derivative; project_claim=no; can be removed without loss of page meaning; derivative_slot=present
IMG-0402,D22 deferred — unresearched,concreters-elizabeth-hills,suburb,a86c195,9e36728 — Concrete Driveways / Concrete Slabs / Exposed Aggregate,DEFERRED,optional,existing re-encoded media,Side access paths concrete; visible purpose: Concrete Driveways,portrait,391:491,391x491,JPEG,side-access-paths-concrete-181.jpg,Side access paths concrete,no,D24/D20 naming-convention reversal,yes — decorative/non-evidential only,181,side-access-paths-concrete-181.jpg,defer with page; before future release apply the recorded underlying media disposition; underlying: permitted generic decoration,none,no — page is outside the smallest launch,page_id=1395; widget_type=image-box; setting=image; decorative; permission=pipeline-permitted in derivative; source_geographic_claim=none in permitted derivative; project_claim=no; can be removed without loss of page meaning; derivative_slot=present
IMG-0403,D22 deferred — unresearched,concreters-elizabeth-hills,suburb,516941f,9e36728 — Concrete Driveways / Concrete Slabs / Exposed Aggregate,DEFERRED,optional,existing re-encoded media,Concrete garden paths and connecting paths concrete; visible purpose: Concrete Slabs,landscape,627:470,627x470,JPEG,concrete-garden-paths-and-connecting-paths-concrete-182.jpg,Concrete garden paths and connecting paths concrete,no,D24/D20 naming-convention reversal,yes — decorative/non-evidential only,182,concrete-garden-paths-and-connecting-paths-concrete-182.jpg,defer with page; before future release apply the recorded underlying media disposition; underlying: permitted generic decoration,none,no — page is outside the smallest launch,page_id=1395; widget_type=image-box; setting=image; decorative; permission=pipeline-permitted in derivative; source_geographic_claim=none in permitted derivative; project_claim=no; can be removed without loss of page meaning; derivative_slot=present
IMG-0404,D22 deferred — unresearched,concreters-elizabeth-hills,suburb,f36a8f3,9e36728 — Concrete Driveways / Concrete Slabs / Exposed Aggregate,DEFERRED,optional,existing re-encoded media,Front and entry paths concrete; visible purpose: Exposed Aggregate,landscape,587:571,587x571,JPEG,front-and-entry-paths-concrete-183.jpg,Front and entry paths concrete,no,D24/D20 naming-convention reversal,yes — decorative/non-evidential only,183,front-and-entry-paths-concrete-183.jpg,defer with page; before future release apply the recorded underlying media disposition; underlying: permitted generic decoration,none,no — page is outside the smallest launch,page_id=1395; widget_type=image-box; setting=image; decorative; permission=pipeline-permitted in derivative; source_geographic_claim=none in permitted derivative; project_claim=no; can be removed without loss of page meaning; derivative_slot=present
IMG-0405,D22 deferred — unresearched,concreters-elizabeth-hills,suburb,af91c52,98fbeea — Patios & Alfresco / Paths & Pathways / Coloured & Decorative,DEFERRED,optional,existing re-encoded media,Accessible paths concrete; visible purpose: Patios & Alfresco,portrait,74:81,518x567,JPEG,accessible-paths-concrete-184.jpg,Accessible paths concrete,no,D24/D20 naming-convention reversal,yes — decorative/non-evidential only,184,accessible-paths-concrete-184.jpg,defer with page; before future release apply the recorded underlying media disposition; underlying: permitted generic decoration,none,no — page is outside the smallest launch,page_id=1395; widget_type=image-box; setting=image; decorative; permission=pipeline-permitted in derivative; source_geographic_claim=none in permitted derivative; project_claim=no; can be removed without loss of page meaning; derivative_slot=present
IMG-0406,D22 deferred — unresearched,concreters-elizabeth-hills,suburb,e6c2ed7,98fbeea — Patios & Alfresco / Paths & Pathways / Coloured & Decorative,DEFERRED,optional,existing re-encoded media,Freshly finished residential side-yard slab; visible purpose: Paths & Pathways,landscape,627:470,627x470,JPEG,fresh-concrete-side-yard-slab-226.jpg,Freshly finished concrete slab in a residential side yard,no,owner worksheet blank; fail-closed under Phase B instruction,yes — decorative/non-evidential only,226,concretejob2camden-226.jpg,defer with page; before future release apply the recorded underlying media disposition; underlying: Band A HOLD; audit recommends GENERIC,record explicit GENERIC (or another supported verdict); OK also requires cited provenance,yes for Phase B/staging; page publication is deferred,page_id=1395; widget_type=image-box; setting=image; decorative; permission=HOLD; absent from derivative; source_geographic_claim=Filename asserts the job is in Camden.; project_claim=no; can be removed without loss of page meaning; derivative_slot=absent
IMG-0407,D22 deferred — unresearched,concreters-elizabeth-hills,suburb,d06ebf3,98fbeea — Patios & Alfresco / Paths & Pathways / Coloured & Decorative,DEFERRED,optional,existing re-encoded media,Accessible paths concrete; visible purpose: Coloured & Decorative,portrait,74:81,518x567,JPEG,accessible-paths-concrete-184.jpg,Accessible paths concrete,no,D24/D20 naming-convention reversal,yes — decorative/non-evidential only,184,accessible-paths-concrete-184.jpg,defer with page; before future release apply the recorded underlying media disposition; underlying: permitted generic decoration,none,no — page is outside the smallest launch,page_id=1395; widget_type=image-box; setting=image; decorative; permission=pipeline-permitted in derivative; source_geographic_claim=none in permitted derivative; project_claim=no; can be removed without loss of page meaning; derivative_slot=present
IMG-0408,D22 deferred — unresearched,concreters-len-waters-estate,suburb,7c2526d7,7c2526d7 — Concreters Len Waters Estate,DEFERRED,optional,existing re-encoded media,Exposed aggregate concrete; visible purpose: Concreters Len Waters Estate,square,1:1,2007x2007,JPEG,exposed-aggregate-concrete-50.jpg,Exposed aggregate concrete,no,D24/D20 naming-convention reversal,yes — decorative/non-evidential only,50,exposed-aggregate-concrete-50.jpg,defer with page; before future release apply the recorded underlying media disposition; underlying: permitted generic decoration,none,no — page is outside the smallest launch,page_id=1396; widget_type=container; setting=background_image; decorative; permission=pipeline-permitted in derivative; source_geographic_claim=none in permitted derivative; project_claim=no; can be removed without loss of page meaning; derivative_slot=present
IMG-0409,D22 deferred — unresearched,concreters-len-waters-estate,suburb,a86c195,9e36728 — Concrete Driveways / Concrete Slabs / Exposed Aggregate,DEFERRED,optional,existing re-encoded media,Control joints and cracks; visible purpose: Concrete Driveways,landscape,627:469,627x469,JPEG,control-joints-and-cracks-909.jpg,Control joints and cracks,no,D24/D20 naming-convention reversal,yes — decorative/non-evidential only,909,control-joints-and-cracks-909.jpg,defer with page; before future release apply the recorded underlying media disposition; underlying: permitted generic decoration,none,no — page is outside the smallest launch,page_id=1396; widget_type=image-box; setting=image; decorative; permission=pipeline-permitted in derivative; source_geographic_claim=none in permitted derivative; project_claim=no; can be removed without loss of page meaning; derivative_slot=present
IMG-0410,D22 deferred — unresearched,concreters-len-waters-estate,suburb,516941f,9e36728 — Concrete Driveways / Concrete Slabs / Exposed Aggregate,DEFERRED,optional,existing re-encoded media,Coloured residential concrete patio; visible purpose: Concrete Slabs,square,1:1,1176x1176,PNG,coloured-concrete-patio-924.png,Coloured concrete patio beside a home,no,owner worksheet blank; fail-closed under Phase B instruction,yes — decorative/non-evidential only,924,coloured-concrete-south-west-sydney-924.png,defer with page; before future release apply the recorded underlying media disposition; underlying: Band A HOLD; audit recommends GENERIC,record explicit GENERIC (or another supported verdict); OK also requires cited provenance,yes for Phase B/staging; page publication is deferred,page_id=1396; widget_type=image-box; setting=image; decorative; permission=HOLD; absent from derivative; source_geographic_claim=Filename and alt assert South West Sydney.; project_claim=no; can be removed without loss of page meaning; derivative_slot=absent
IMG-0411,D22 deferred — unresearched,concreters-len-waters-estate,suburb,f36a8f3,9e36728 — Concrete Driveways / Concrete Slabs / Exposed Aggregate,DEFERRED,optional,existing re-encoded media,Stencilled or patterned concrete driveway; visible purpose: Exposed Aggregate,landscape,4:3,588x441,WebP,stencilled-concrete-driveway-925.webp,Stencilled concrete driveway with a block pattern,no,owner worksheet blank; fail-closed under Phase B instruction,yes — decorative/non-evidential only,925,stencil-concrete-south-west-sydney-925.webp,defer with page; before future release apply the recorded underlying media disposition; underlying: Band A HOLD; audit recommends GENERIC,record explicit GENERIC (or another supported verdict); OK also requires cited provenance,yes for Phase B/staging; page publication is deferred,page_id=1396; widget_type=image-box; setting=image; decorative; permission=HOLD; absent from derivative; source_geographic_claim=Filename and alt assert South West Sydney.; project_claim=no; can be removed without loss of page meaning; derivative_slot=absent
IMG-0412,D22 deferred — unresearched,concreters-len-waters-estate,suburb,af91c52,98fbeea — Patios & Alfresco / Paths & Pathways / Coloured & Decorative,DEFERRED,optional,existing re-encoded media,Stamped concrete driveway; visible purpose: Patios & Alfresco,square,1:1,543x543,JPEG,stamped-concrete-driveway-926.jpg,Stamped concrete driveway beside a brick home,no,owner worksheet blank; fail-closed under Phase B instruction,yes — decorative/non-evidential only,926,stamped-concrete-south-west-sydney-926.jpg,defer with page; before future release apply the recorded underlying media disposition; underlying: Band A HOLD; audit recommends GENERIC,record explicit GENERIC (or another supported verdict); OK also requires cited provenance,yes for Phase B/staging; page publication is deferred,page_id=1396; widget_type=image-box; setting=image; decorative; permission=HOLD; absent from derivative; source_geographic_claim=Filename and alt assert South West Sydney.; project_claim=no; can be removed without loss of page meaning; derivative_slot=absent
IMG-0413,D22 deferred — unresearched,concreters-len-waters-estate,suburb,e6c2ed7,98fbeea — Patios & Alfresco / Paths & Pathways / Coloured & Decorative,DEFERRED,optional,existing re-encoded media,Honed and polished concrete; visible purpose: Paths & Pathways,portrait,209:251,836x1004,WebP,honed-and-polished-concrete-927.webp,Honed and polished concrete,no,D24/D20 naming-convention reversal,yes — decorative/non-evidential only,927,honed-and-polished-concrete-927.webp,defer with page; before future release apply the recorded underlying media disposition; underlying: permitted generic decoration,none,no — page is outside the smallest launch,page_id=1396; widget_type=image-box; setting=image; decorative; permission=pipeline-permitted in derivative; source_geographic_claim=none in permitted derivative; project_claim=no; can be removed without loss of page meaning; derivative_slot=present
IMG-0414,D22 deferred — unresearched,concreters-len-waters-estate,suburb,d06ebf3,98fbeea — Patios & Alfresco / Paths & Pathways / Coloured & Decorative,DEFERRED,optional,existing re-encoded media,Stamped concrete driveway; visible purpose: Coloured & Decorative,square,1:1,543x543,JPEG,stamped-concrete-driveway-926.jpg,Stamped concrete driveway beside a brick home,no,owner worksheet blank; fail-closed under Phase B instruction,yes — decorative/non-evidential only,926,stamped-concrete-south-west-sydney-926.jpg,defer with page; before future release apply the recorded underlying media disposition; underlying: Band A HOLD; audit recommends GENERIC,record explicit GENERIC (or another supported verdict); OK also requires cited provenance,yes for Phase B/staging; page publication is deferred,page_id=1396; widget_type=image-box; setting=image; decorative; permission=HOLD; absent from derivative; source_geographic_claim=Filename and alt assert South West Sydney.; project_claim=no; can be removed without loss of page meaning; derivative_slot=absent
IMG-0415,D22 deferred — unresearched,concreters-cecil-hills,suburb,7c2526d7,7c2526d7 — Concreters Cecil Hills,DEFERRED,optional,existing re-encoded media,Exposed aggregate concrete; visible purpose: Concreters Cecil Hills,square,1:1,2007x2007,JPEG,exposed-aggregate-concrete-50.jpg,Exposed aggregate concrete,no,D24/D20 naming-convention reversal,yes — decorative/non-evidential only,50,exposed-aggregate-concrete-50.jpg,defer with page; before future release apply the recorded underlying media disposition; underlying: permitted generic decoration,none,no — page is outside the smallest launch,page_id=1397; widget_type=container; setting=background_image; decorative; permission=pipeline-permitted in derivative; source_geographic_claim=none in permitted derivative; project_claim=no; can be removed without loss of page meaning; derivative_slot=present
IMG-0416,D22 deferred — unresearched,concreters-cecil-hills,suburb,a86c195,9e36728 — Concrete Driveways / Concrete Slabs / Exposed Aggregate,DEFERRED,optional,existing re-encoded media,Shedslabconcrete; visible purpose: Concrete Driveways,landscape,627:470,627x470,JPEG,shedslabconcrete-166.jpg,Shedslabconcrete,no,D24/D20 naming-convention reversal,yes — decorative/non-evidential only,166,shedslabconcrete-166.jpg,defer with page; before future release apply the recorded underlying media disposition; underlying: permitted generic decoration,none,no — page is outside the smallest launch,page_id=1397; widget_type=image-box; setting=image; decorative; permission=pipeline-permitted in derivative; source_geographic_claim=none in permitted derivative; project_claim=no; can be removed without loss of page meaning; derivative_slot=present
IMG-0417,D22 deferred — unresearched,concreters-cecil-hills,suburb,516941f,9e36728 — Concrete Driveways / Concrete Slabs / Exposed Aggregate,DEFERRED,optional,existing re-encoded media,Garage slabs concrete; visible purpose: Concrete Slabs,landscape,665:443,665x443,JPEG,garage-slabs-concrete-167.jpg,Garage slabs concrete,no,D24/D20 naming-convention reversal,yes — decorative/non-evidential only,167,garage-slabs-concrete-167.jpg,defer with page; before future release apply the recorded underlying media disposition; underlying: permitted generic decoration,none,no — page is outside the smallest launch,page_id=1397; widget_type=image-box; setting=image; decorative; permission=pipeline-permitted in derivative; source_geographic_claim=none in permitted derivative; project_claim=no; can be removed without loss of page meaning; derivative_slot=present
IMG-0418,D22 deferred — unresearched,concreters-cecil-hills,suburb,f36a8f3,9e36728 — Concrete Driveways / Concrete Slabs / Exposed Aggregate,DEFERRED,optional,existing re-encoded media,Extension and floor slabs concrete; visible purpose: Exposed Aggregate,square,1:1,438x438,JPEG,extension-and-floor-slabs-concrete-168.jpg,Extension and floor slabs concrete,no,D24/D20 naming-convention reversal,yes — decorative/non-evidential only,168,extension-and-floor-slabs-concrete-168.jpg,defer with page; before future release apply the recorded underlying media disposition; underlying: permitted generic decoration,none,no — page is outside the smallest launch,page_id=1397; widget_type=image-box; setting=image; decorative; permission=pipeline-permitted in derivative; source_geographic_claim=none in permitted derivative; project_claim=no; can be removed without loss of page meaning; derivative_slot=present
IMG-0419,D22 deferred — unresearched,concreters-cecil-hills,suburb,af91c52,98fbeea — Patios & Alfresco / Paths & Pathways / Coloured & Decorative,DEFERRED,optional,existing re-encoded media,Side access paths concrete; visible purpose: Patios & Alfresco,portrait,391:491,391x491,JPEG,side-access-paths-concrete-181.jpg,Side access paths concrete,no,D24/D20 naming-convention reversal,yes — decorative/non-evidential only,181,side-access-paths-concrete-181.jpg,defer with page; before future release apply the recorded underlying media disposition; underlying: permitted generic decoration,none,no — page is outside the smallest launch,page_id=1397; widget_type=image-box; setting=image; decorative; permission=pipeline-permitted in derivative; source_geographic_claim=none in permitted derivative; project_claim=no; can be removed without loss of page meaning; derivative_slot=present
IMG-0420,D22 deferred — unresearched,concreters-cecil-hills,suburb,e6c2ed7,98fbeea — Patios & Alfresco / Paths & Pathways / Coloured & Decorative,DEFERRED,optional,existing re-encoded media,Concrete garden paths and connecting paths concrete; visible purpose: Paths & Pathways,landscape,627:470,627x470,JPEG,concrete-garden-paths-and-connecting-paths-concrete-182.jpg,Concrete garden paths and connecting paths concrete,no,D24/D20 naming-convention reversal,yes — decorative/non-evidential only,182,concrete-garden-paths-and-connecting-paths-concrete-182.jpg,defer with page; before future release apply the recorded underlying media disposition; underlying: permitted generic decoration,none,no — page is outside the smallest launch,page_id=1397; widget_type=image-box; setting=image; decorative; permission=pipeline-permitted in derivative; source_geographic_claim=none in permitted derivative; project_claim=no; can be removed without loss of page meaning; derivative_slot=present
IMG-0421,D22 deferred — unresearched,concreters-cecil-hills,suburb,d06ebf3,98fbeea — Patios & Alfresco / Paths & Pathways / Coloured & Decorative,DEFERRED,optional,existing re-encoded media,Side access paths concrete; visible purpose: Coloured & Decorative,portrait,391:491,391x491,JPEG,side-access-paths-concrete-181.jpg,Side access paths concrete,no,D24/D20 naming-convention reversal,yes — decorative/non-evidential only,181,side-access-paths-concrete-181.jpg,defer with page; before future release apply the recorded underlying media disposition; underlying: permitted generic decoration,none,no — page is outside the smallest launch,page_id=1397; widget_type=image-box; setting=image; decorative; permission=pipeline-permitted in derivative; source_geographic_claim=none in permitted derivative; project_claim=no; can be removed without loss of page meaning; derivative_slot=present
IMG-0422,D22 deferred — unresearched,concreters-prestons,suburb,7c2526d7,7c2526d7 — Concreters Prestons,DEFERRED,optional,existing re-encoded media,Exposed aggregate concrete; visible purpose: Concreters Prestons,square,1:1,2007x2007,JPEG,exposed-aggregate-concrete-50.jpg,Exposed aggregate concrete,no,D24/D20 naming-convention reversal,yes — decorative/non-evidential only,50,exposed-aggregate-concrete-50.jpg,defer with page; before future release apply the recorded underlying media disposition; underlying: permitted generic decoration,none,no — page is outside the smallest launch,page_id=1398; widget_type=container; setting=background_image; decorative; permission=pipeline-permitted in derivative; source_geographic_claim=none in permitted derivative; project_claim=no; can be removed without loss of page meaning; derivative_slot=present
IMG-0423,D22 deferred — unresearched,concreters-prestons,suburb,a86c195,9e36728 — Concrete Driveways / Concrete Slabs / Exposed Aggregate,DEFERRED,optional,existing re-encoded media,Concrete driveway cracks 2; visible purpose: Concrete Driveways,landscape,125:94,625x470,JPEG,concrete-driveway-cracks-2-1362.jpg,Concrete driveway cracks 2,no,D24/D20 naming-convention reversal,yes — decorative/non-evidential only,1362,concrete-driveway-cracks-2-1362.jpg,defer with page; before future release apply the recorded underlying media disposition; underlying: permitted generic decoration,none,no — page is outside the smallest launch,page_id=1398; widget_type=image-box; setting=image; decorative; permission=pipeline-permitted in derivative; source_geographic_claim=none in permitted derivative; project_claim=no; can be removed without loss of page meaning; derivative_slot=present
IMG-0424,D22 deferred — unresearched,concreters-prestons,suburb,516941f,9e36728 — Concrete Driveways / Concrete Slabs / Exposed Aggregate,DEFERRED,optional,existing re-encoded media,Concrete project detail; visible purpose: Concrete Slabs,landscape,1411:1098,1411x1098,JPEG,concrete-project-detail-17.jpg,Concrete project detail,no,D24/D20 naming-convention reversal,yes — decorative/non-evidential only,17,concrete-project-detail-17.jpg,defer with page; before future release apply the recorded underlying media disposition; underlying: permitted generic decoration,none,no — page is outside the smallest launch,page_id=1398; widget_type=image-box; setting=image; decorative; permission=pipeline-permitted in derivative; source_geographic_claim=none in permitted derivative; project_claim=no; can be removed without loss of page meaning; derivative_slot=present
IMG-0425,D22 deferred — unresearched,concreters-prestons,suburb,f36a8f3,9e36728 — Concrete Driveways / Concrete Slabs / Exposed Aggregate,DEFERRED,optional,existing re-encoded media,Concrete project detail; visible purpose: Exposed Aggregate,landscape,1411:941,1411x941,JPEG,concrete-project-detail-18.jpg,Concrete project detail,no,D24/D20 naming-convention reversal,yes — decorative/non-evidential only,18,concrete-project-detail-18.jpg,defer with page; before future release apply the recorded underlying media disposition; underlying: permitted generic decoration,none,no — page is outside the smallest launch,page_id=1398; widget_type=image-box; setting=image; decorative; permission=pipeline-permitted in derivative; source_geographic_claim=none in permitted derivative; project_claim=no; can be removed without loss of page meaning; derivative_slot=present
IMG-0426,D22 deferred — unresearched,concreters-prestons,suburb,af91c52,98fbeea — Patios & Alfresco / Paths & Pathways / Coloured & Decorative,DEFERRED,optional,existing re-encoded media,Concrete project detail; visible purpose: Patios & Alfresco,landscape,1411:941,1411x941,JPEG,concrete-project-detail-19.jpg,Concrete project detail,no,D24/D20 naming-convention reversal,yes — decorative/non-evidential only,19,concrete-project-detail-19.jpg,defer with page; before future release apply the recorded underlying media disposition; underlying: permitted generic decoration,none,no — page is outside the smallest launch,page_id=1398; widget_type=image-box; setting=image; decorative; permission=pipeline-permitted in derivative; source_geographic_claim=none in permitted derivative; project_claim=no; can be removed without loss of page meaning; derivative_slot=present
IMG-0427,D22 deferred — unresearched,concreters-prestons,suburb,e6c2ed7,98fbeea — Patios & Alfresco / Paths & Pathways / Coloured & Decorative,DEFERRED,optional,existing re-encoded media,Exposed aggregate paths leading to a home's front entry; visible purpose: Paths & Pathways,landscape,82:61,820x610,WebP,exposed-aggregate-front-paths-46.webp,Exposed aggregate paths leading to a home's front entry,no,owner-recorded Band B verdict; build/45-media-remediation.csv,yes — decorative/non-evidential only,46,exposed-aggregate-front-paths-46.webp,defer with page; before future release apply the recorded underlying media disposition; underlying: permitted generic decoration,none,no — page is outside the smallest launch,page_id=1398; widget_type=image-box; setting=image; decorative; permission=pipeline-permitted in derivative; source_geographic_claim=none in permitted derivative; project_claim=no; can be removed without loss of page meaning; derivative_slot=present
IMG-0428,D22 deferred — unresearched,concreters-prestons,suburb,d06ebf3,98fbeea — Patios & Alfresco / Paths & Pathways / Coloured & Decorative,DEFERRED,optional,existing re-encoded media,Concrete project detail; visible purpose: Coloured & Decorative,landscape,1411:941,1411x941,JPEG,concrete-project-detail-19.jpg,Concrete project detail,no,D24/D20 naming-convention reversal,yes — decorative/non-evidential only,19,concrete-project-detail-19.jpg,defer with page; before future release apply the recorded underlying media disposition; underlying: permitted generic decoration,none,no — page is outside the smallest launch,page_id=1398; widget_type=image-box; setting=image; decorative; permission=pipeline-permitted in derivative; source_geographic_claim=none in permitted derivative; project_claim=no; can be removed without loss of page meaning; derivative_slot=present
IMG-0429,D22 deferred — unresearched,concreters-casula,suburb,7c2526d7,7c2526d7 — Concreters Casula,DEFERRED,optional,existing re-encoded media,Exposed aggregate concrete; visible purpose: Concreters Casula,square,1:1,2007x2007,JPEG,exposed-aggregate-concrete-50.jpg,Exposed aggregate concrete,no,D24/D20 naming-convention reversal,yes — decorative/non-evidential only,50,exposed-aggregate-concrete-50.jpg,defer with page; before future release apply the recorded underlying media disposition; underlying: permitted generic decoration,none,no — page is outside the smallest launch,page_id=1399; widget_type=container; setting=background_image; decorative; permission=pipeline-permitted in derivative; source_geographic_claim=none in permitted derivative; project_claim=no; can be removed without loss of page meaning; derivative_slot=present
IMG-0430,D22 deferred — unresearched,concreters-casula,suburb,a86c195,9e36728 — Concrete Driveways / Concrete Slabs / Exposed Aggregate,DEFERRED,optional,existing re-encoded media,Structural cracks; visible purpose: Concrete Driveways,landscape,649:454,649x454,JPEG,structural-cracks-1233.jpg,Structural cracks,no,D24/D20 naming-convention reversal,yes — decorative/non-evidential only,1233,structural-cracks-1233.jpg,defer with page; before future release apply the recorded underlying media disposition; underlying: permitted generic decoration,none,no — page is outside the smallest launch,page_id=1399; widget_type=image-box; setting=image; decorative; permission=pipeline-permitted in derivative; source_geographic_claim=none in permitted derivative; project_claim=no; can be removed without loss of page meaning; derivative_slot=present
IMG-0431,D22 deferred — unresearched,concreters-casula,suburb,516941f,9e36728 — Concrete Driveways / Concrete Slabs / Exposed Aggregate,DEFERRED,optional,existing re-encoded media,Concrete sealing; visible purpose: Concrete Slabs,landscape,723:400,723x400,JPEG,concrete-sealing-1345.jpg,Concrete sealing,no,D24/D20 naming-convention reversal,yes — decorative/non-evidential only,1345,concrete-sealing-1345.jpg,defer with page; before future release apply the recorded underlying media disposition; underlying: permitted generic decoration,none,no — page is outside the smallest launch,page_id=1399; widget_type=image-box; setting=image; decorative; permission=pipeline-permitted in derivative; source_geographic_claim=none in permitted derivative; project_claim=no; can be removed without loss of page meaning; derivative_slot=present
IMG-0432,D22 deferred — unresearched,concreters-casula,suburb,f36a8f3,9e36728 — Concrete Driveways / Concrete Slabs / Exposed Aggregate,DEFERRED,optional,existing re-encoded media,Concrete driveway cracks; visible purpose: Exposed Aggregate,landscape,125:94,625x470,JPEG,concrete-driveway-cracks-1359.jpg,Concrete driveway cracks,no,D24/D20 naming-convention reversal,yes — decorative/non-evidential only,1359,concrete-driveway-cracks-1359.jpg,defer with page; before future release apply the recorded underlying media disposition; underlying: permitted generic decoration,none,no — page is outside the smallest launch,page_id=1399; widget_type=image-box; setting=image; decorative; permission=pipeline-permitted in derivative; source_geographic_claim=none in permitted derivative; project_claim=no; can be removed without loss of page meaning; derivative_slot=present
IMG-0433,D22 deferred — unresearched,concreters-casula,suburb,af91c52,98fbeea — Patios & Alfresco / Paths & Pathways / Coloured & Decorative,DEFERRED,optional,existing re-encoded media,Concrete driveway cracks 1; visible purpose: Patios & Alfresco,landscape,125:94,625x470,JPEG,concrete-driveway-cracks-1-1361.jpg,Concrete driveway cracks 1,no,D24/D20 naming-convention reversal,yes — decorative/non-evidential only,1361,concrete-driveway-cracks-1-1361.jpg,defer with page; before future release apply the recorded underlying media disposition; underlying: permitted generic decoration,none,no — page is outside the smallest launch,page_id=1399; widget_type=image-box; setting=image; decorative; permission=pipeline-permitted in derivative; source_geographic_claim=none in permitted derivative; project_claim=no; can be removed without loss of page meaning; derivative_slot=present
IMG-0434,D22 deferred — unresearched,concreters-casula,suburb,e6c2ed7,98fbeea — Patios & Alfresco / Paths & Pathways / Coloured & Decorative,DEFERRED,optional,existing re-encoded media,Concrete driveway cracks 2; visible purpose: Paths & Pathways,landscape,125:94,625x470,JPEG,concrete-driveway-cracks-2-1362.jpg,Concrete driveway cracks 2,no,D24/D20 naming-convention reversal,yes — decorative/non-evidential only,1362,concrete-driveway-cracks-2-1362.jpg,defer with page; before future release apply the recorded underlying media disposition; underlying: permitted generic decoration,none,no — page is outside the smallest launch,page_id=1399; widget_type=image-box; setting=image; decorative; permission=pipeline-permitted in derivative; source_geographic_claim=none in permitted derivative; project_claim=no; can be removed without loss of page meaning; derivative_slot=present
IMG-0435,D22 deferred — unresearched,concreters-casula,suburb,d06ebf3,98fbeea — Patios & Alfresco / Paths & Pathways / Coloured & Decorative,DEFERRED,optional,existing re-encoded media,Concrete driveway cracks 1; visible purpose: Coloured & Decorative,landscape,125:94,625x470,JPEG,concrete-driveway-cracks-1-1361.jpg,Concrete driveway cracks 1,no,D24/D20 naming-convention reversal,yes — decorative/non-evidential only,1361,concrete-driveway-cracks-1-1361.jpg,defer with page; before future release apply the recorded underlying media disposition; underlying: permitted generic decoration,none,no — page is outside the smallest launch,page_id=1399; widget_type=image-box; setting=image; decorative; permission=pipeline-permitted in derivative; source_geographic_claim=none in permitted derivative; project_claim=no; can be removed without loss of page meaning; derivative_slot=present
IMG-0436,D22 deferred — unresearched,concreters-moorebank,suburb,7c2526d7,7c2526d7 — Concreters Moorebank,DEFERRED,optional,existing re-encoded media,Exposed aggregate concrete; visible purpose: Concreters Moorebank,square,1:1,2007x2007,JPEG,exposed-aggregate-concrete-50.jpg,Exposed aggregate concrete,no,D24/D20 naming-convention reversal,yes — decorative/non-evidential only,50,exposed-aggregate-concrete-50.jpg,defer with page; before future release apply the recorded underlying media disposition; underlying: permitted generic decoration,none,no — page is outside the smallest launch,page_id=1400; widget_type=container; setting=background_image; decorative; permission=pipeline-permitted in derivative; source_geographic_claim=none in permitted derivative; project_claim=no; can be removed without loss of page meaning; derivative_slot=present
IMG-0437,D22 deferred — unresearched,concreters-moorebank,suburb,a86c195,9e36728 — Concrete Driveways / Concrete Slabs / Exposed Aggregate,DEFERRED,optional,existing re-encoded media,Garage slabs concrete; visible purpose: Concrete Driveways,landscape,665:443,665x443,JPEG,garage-slabs-concrete-167.jpg,Garage slabs concrete,no,D24/D20 naming-convention reversal,yes — decorative/non-evidential only,167,garage-slabs-concrete-167.jpg,defer with page; before future release apply the recorded underlying media disposition; underlying: permitted generic decoration,none,no — page is outside the smallest launch,page_id=1400; widget_type=image-box; setting=image; decorative; permission=pipeline-permitted in derivative; source_geographic_claim=none in permitted derivative; project_claim=no; can be removed without loss of page meaning; derivative_slot=present
IMG-0438,D22 deferred — unresearched,concreters-moorebank,suburb,516941f,9e36728 — Concrete Driveways / Concrete Slabs / Exposed Aggregate,DEFERRED,optional,existing re-encoded media,Extension and floor slabs concrete; visible purpose: Concrete Slabs,square,1:1,438x438,JPEG,extension-and-floor-slabs-concrete-168.jpg,Extension and floor slabs concrete,no,D24/D20 naming-convention reversal,yes — decorative/non-evidential only,168,extension-and-floor-slabs-concrete-168.jpg,defer with page; before future release apply the recorded underlying media disposition; underlying: permitted generic decoration,none,no — page is outside the smallest launch,page_id=1400; widget_type=image-box; setting=image; decorative; permission=pipeline-permitted in derivative; source_geographic_claim=none in permitted derivative; project_claim=no; can be removed without loss of page meaning; derivative_slot=present
IMG-0439,D22 deferred — unresearched,concreters-moorebank,suburb,f36a8f3,9e36728 — Concrete Driveways / Concrete Slabs / Exposed Aggregate,DEFERRED,optional,existing re-encoded media,Side access paths concrete; visible purpose: Exposed Aggregate,portrait,391:491,391x491,JPEG,side-access-paths-concrete-181.jpg,Side access paths concrete,no,D24/D20 naming-convention reversal,yes — decorative/non-evidential only,181,side-access-paths-concrete-181.jpg,defer with page; before future release apply the recorded underlying media disposition; underlying: permitted generic decoration,none,no — page is outside the smallest launch,page_id=1400; widget_type=image-box; setting=image; decorative; permission=pipeline-permitted in derivative; source_geographic_claim=none in permitted derivative; project_claim=no; can be removed without loss of page meaning; derivative_slot=present
IMG-0440,D22 deferred — unresearched,concreters-moorebank,suburb,af91c52,98fbeea — Patios & Alfresco / Paths & Pathways / Coloured & Decorative,DEFERRED,optional,existing re-encoded media,Concrete garden paths and connecting paths concrete; visible purpose: Patios & Alfresco,landscape,627:470,627x470,JPEG,concrete-garden-paths-and-connecting-paths-concrete-182.jpg,Concrete garden paths and connecting paths concrete,no,D24/D20 naming-convention reversal,yes — decorative/non-evidential only,182,concrete-garden-paths-and-connecting-paths-concrete-182.jpg,defer with page; before future release apply the recorded underlying media disposition; underlying: permitted generic decoration,none,no — page is outside the smallest launch,page_id=1400; widget_type=image-box; setting=image; decorative; permission=pipeline-permitted in derivative; source_geographic_claim=none in permitted derivative; project_claim=no; can be removed without loss of page meaning; derivative_slot=present
IMG-0441,D22 deferred — unresearched,concreters-moorebank,suburb,e6c2ed7,98fbeea — Patios & Alfresco / Paths & Pathways / Coloured & Decorative,DEFERRED,optional,existing re-encoded media,Front and entry paths concrete; visible purpose: Paths & Pathways,landscape,587:571,587x571,JPEG,front-and-entry-paths-concrete-183.jpg,Front and entry paths concrete,no,D24/D20 naming-convention reversal,yes — decorative/non-evidential only,183,front-and-entry-paths-concrete-183.jpg,defer with page; before future release apply the recorded underlying media disposition; underlying: permitted generic decoration,none,no — page is outside the smallest launch,page_id=1400; widget_type=image-box; setting=image; decorative; permission=pipeline-permitted in derivative; source_geographic_claim=none in permitted derivative; project_claim=no; can be removed without loss of page meaning; derivative_slot=present
IMG-0442,D22 deferred — unresearched,concreters-moorebank,suburb,d06ebf3,98fbeea — Patios & Alfresco / Paths & Pathways / Coloured & Decorative,DEFERRED,optional,existing re-encoded media,Concrete garden paths and connecting paths concrete; visible purpose: Coloured & Decorative,landscape,627:470,627x470,JPEG,concrete-garden-paths-and-connecting-paths-concrete-182.jpg,Concrete garden paths and connecting paths concrete,no,D24/D20 naming-convention reversal,yes — decorative/non-evidential only,182,concrete-garden-paths-and-connecting-paths-concrete-182.jpg,defer with page; before future release apply the recorded underlying media disposition; underlying: permitted generic decoration,none,no — page is outside the smallest launch,page_id=1400; widget_type=image-box; setting=image; decorative; permission=pipeline-permitted in derivative; source_geographic_claim=none in permitted derivative; project_claim=no; can be removed without loss of page meaning; derivative_slot=present
IMG-0443,D22 deferred — unresearched,concreters-chipping-norton,suburb,7c2526d7,7c2526d7 — Concreters Chipping Norton,DEFERRED,optional,existing re-encoded media,Exposed aggregate concrete; visible purpose: Concreters Chipping Norton,square,1:1,2007x2007,JPEG,exposed-aggregate-concrete-50.jpg,Exposed aggregate concrete,no,D24/D20 naming-convention reversal,yes — decorative/non-evidential only,50,exposed-aggregate-concrete-50.jpg,defer with page; before future release apply the recorded underlying media disposition; underlying: permitted generic decoration,none,no — page is outside the smallest launch,page_id=1401; widget_type=container; setting=background_image; decorative; permission=pipeline-permitted in derivative; source_geographic_claim=none in permitted derivative; project_claim=no; can be removed without loss of page meaning; derivative_slot=present
IMG-0444,D22 deferred — unresearched,concreters-chipping-norton,suburb,a86c195,9e36728 — Concrete Driveways / Concrete Slabs / Exposed Aggregate,DEFERRED,optional,existing re-encoded media,Image placeholder hero camden in the context of Concreters Chipping Norton; visible purpose: Concrete Driveways,landscape,503:409,1006x818,JPEG,image-placeholder-hero-275.jpeg,Describe only the visible subject; empty alt if purely decorative,no,D24/D20 naming-convention reversal,yes — decorative/non-evidential only,275,image-placeholder-hero-275.jpeg,defer with page; before future release apply the recorded underlying media disposition; underlying: blank placeholder; remove before future release,none,no — page is outside the smallest launch,page_id=1401; widget_type=image-box; setting=image; decorative; permission=pipeline-permitted in derivative; source_geographic_claim=none in permitted derivative; project_claim=no; can be removed without loss of page meaning; derivative_slot=present
IMG-0445,D22 deferred — unresearched,concreters-chipping-norton,suburb,516941f,9e36728 — Concrete Driveways / Concrete Slabs / Exposed Aggregate,DEFERRED,optional,existing re-encoded media,Image contact 1 camden in the context of Concreters Chipping Norton; visible purpose: Concrete Slabs,landscape,836:421,836x421,JPEG,image-contact-1-276.jpg,Describe only the visible subject; empty alt if purely decorative,no,D24/D20 naming-convention reversal,yes — decorative/non-evidential only,276,image-contact-1-276.jpg,defer with page; before future release apply the recorded underlying media disposition; underlying: blank placeholder; remove before future release,none,no — page is outside the smallest launch,page_id=1401; widget_type=image-box; setting=image; decorative; permission=pipeline-permitted in derivative; source_geographic_claim=none in permitted derivative; project_claim=no; can be removed without loss of page meaning; derivative_slot=present
IMG-0446,D22 deferred — unresearched,concreters-chipping-norton,suburb,f36a8f3,9e36728 — Concrete Driveways / Concrete Slabs / Exposed Aggregate,DEFERRED,optional,existing re-encoded media,Image placeholder hero 1 camden in the context of Concreters Chipping Norton; visible purpose: Exposed Aggregate,landscape,503:409,1006x818,JPEG,image-placeholder-hero-1-277.jpeg,Describe only the visible subject; empty alt if purely decorative,no,D24/D20 naming-convention reversal,yes — decorative/non-evidential only,277,image-placeholder-hero-1-277.jpeg,defer with page; before future release apply the recorded underlying media disposition; underlying: blank placeholder; remove before future release,none,no — page is outside the smallest launch,page_id=1401; widget_type=image-box; setting=image; decorative; permission=pipeline-permitted in derivative; source_geographic_claim=none in permitted derivative; project_claim=no; can be removed without loss of page meaning; derivative_slot=present
IMG-0447,D22 deferred — unresearched,concreters-chipping-norton,suburb,af91c52,98fbeea — Patios & Alfresco / Paths & Pathways / Coloured & Decorative,DEFERRED,optional,existing re-encoded media,Image placeholder about 1 camden in the context of Concreters Chipping Norton; visible purpose: Patios & Alfresco,landscape,223:196,669x588,JPEG,image-placeholder-about-1-278.jpeg,Describe only the visible subject; empty alt if purely decorative,no,D24/D20 naming-convention reversal,yes — decorative/non-evidential only,278,image-placeholder-about-1-278.jpeg,defer with page; before future release apply the recorded underlying media disposition; underlying: blank placeholder; remove before future release,none,no — page is outside the smallest launch,page_id=1401; widget_type=image-box; setting=image; decorative; permission=pipeline-permitted in derivative; source_geographic_claim=none in permitted derivative; project_claim=no; can be removed without loss of page meaning; derivative_slot=present
IMG-0448,D22 deferred — unresearched,concreters-chipping-norton,suburb,e6c2ed7,98fbeea — Patios & Alfresco / Paths & Pathways / Coloured & Decorative,DEFERRED,optional,existing re-encoded media,Image placeholder about camden in the context of Concreters Chipping Norton; visible purpose: Paths & Pathways,landscape,223:196,669x588,JPEG,image-placeholder-about-279.jpeg,Describe only the visible subject; empty alt if purely decorative,no,D24/D20 naming-convention reversal,yes — decorative/non-evidential only,279,image-placeholder-about-279.jpeg,defer with page; before future release apply the recorded underlying media disposition; underlying: blank placeholder; remove before future release,none,no — page is outside the smallest launch,page_id=1401; widget_type=image-box; setting=image; decorative; permission=pipeline-permitted in derivative; source_geographic_claim=none in permitted derivative; project_claim=no; can be removed without loss of page meaning; derivative_slot=present
IMG-0449,D22 deferred — unresearched,concreters-chipping-norton,suburb,d06ebf3,98fbeea — Patios & Alfresco / Paths & Pathways / Coloured & Decorative,DEFERRED,optional,existing re-encoded media,Image placeholder about 1 camden in the context of Concreters Chipping Norton; visible purpose: Coloured & Decorative,landscape,223:196,669x588,JPEG,image-placeholder-about-1-278.jpeg,Describe only the visible subject; empty alt if purely decorative,no,D24/D20 naming-convention reversal,yes — decorative/non-evidential only,278,image-placeholder-about-1-278.jpeg,defer with page; before future release apply the recorded underlying media disposition; underlying: blank placeholder; remove before future release,none,no — page is outside the smallest launch,page_id=1401; widget_type=image-box; setting=image; decorative; permission=pipeline-permitted in derivative; source_geographic_claim=none in permitted derivative; project_claim=no; can be removed without loss of page meaning; derivative_slot=present
IMG-0450,D22 deferred — unresearched,concreters-wattle-grove,suburb,7c2526d7,7c2526d7 — Concreters Wattle Grove,DEFERRED,optional,existing re-encoded media,Exposed aggregate concrete; visible purpose: Concreters Wattle Grove,square,1:1,2007x2007,JPEG,exposed-aggregate-concrete-50.jpg,Exposed aggregate concrete,no,D24/D20 naming-convention reversal,yes — decorative/non-evidential only,50,exposed-aggregate-concrete-50.jpg,defer with page; before future release apply the recorded underlying media disposition; underlying: permitted generic decoration,none,no — page is outside the smallest launch,page_id=1402; widget_type=container; setting=background_image; decorative; permission=pipeline-permitted in derivative; source_geographic_claim=none in permitted derivative; project_claim=no; can be removed without loss of page meaning; derivative_slot=present
IMG-0451,D22 deferred — unresearched,concreters-wattle-grove,suburb,a86c195,9e36728 — Concrete Driveways / Concrete Slabs / Exposed Aggregate,DEFERRED,optional,existing re-encoded media,Identifiable Melbourne CBD skyline and hot-air balloon; visible purpose: Concrete Driveways,landscape,4:3,888x666,PNG,,Describe only the visible subject; empty alt if purely decorative,no,owner worksheet blank; fail-closed under Phase B instruction,yes — decorative/non-evidential only,956,south-west-sydney-growth-corridor-956.png,defer with page; before future release apply the recorded underlying media disposition; underlying: Band A HOLD; audit recommends UNUSABLE,record explicit UNUSABLE (or another supported verdict); OK also requires cited provenance,yes for Phase B/staging; page publication is deferred,page_id=1402; widget_type=image-box; setting=image; decorative; permission=HOLD; absent from derivative; source_geographic_claim=Filename and alt assert the South West Sydney growth corridor.; project_claim=no; can be removed without loss of page meaning; derivative_slot=absent
IMG-0452,D22 deferred — unresearched,concreters-wattle-grove,suburb,516941f,9e36728 — Concrete Driveways / Concrete Slabs / Exposed Aggregate,DEFERRED,optional,existing re-encoded media,Wianamatta shale clay camden in the context of Concreters Wattle Grove; visible purpose: Concrete Slabs,landscape,627:470,627x470,JPEG,,Describe only the visible subject; empty alt if purely decorative,no,D19 removes the Tarneit soil photograph and retains its containing sections,yes — decorative/non-evidential only,1020,wianamatta-shale-clay-camden-1020.jpg,defer with page; before future release apply the recorded underlying media disposition; underlying: prohibited slot already removed,none,no — page is outside the smallest launch,page_id=1402; widget_type=image-box; setting=image; decorative; permission=not in derivative; source_geographic_claim=none in permitted derivative; project_claim=no; can be removed without loss of page meaning; derivative_slot=absent
IMG-0453,D22 deferred — unresearched,concreters-wattle-grove,suburb,f36a8f3,9e36728 — Concrete Driveways / Concrete Slabs / Exposed Aggregate,DEFERRED,optional,existing re-encoded media,Aerial view of a waterway beside a residential area; visible purpose: Exposed Aggregate,landscape,4:3,784x588,JPEG,aerial-waterway-residential-area-1056.jpg,Aerial view of a waterway beside a residential area,no,D18/D20: Victorian Davis Creek cannot be named as South Creek,yes — decorative/non-evidential only,1056,aerial-waterway-residential-area-1056.jpg,defer with page; before future release apply the recorded underlying media disposition; underlying: permitted generic decoration,none,no — page is outside the smallest launch,page_id=1402; widget_type=image-box; setting=image; decorative; permission=pipeline-permitted in derivative; source_geographic_claim=none in permitted derivative; project_claim=no; can be removed without loss of page meaning; derivative_slot=present
IMG-0454,D22 deferred — unresearched,concreters-wattle-grove,suburb,af91c52,98fbeea — Patios & Alfresco / Paths & Pathways / Coloured & Decorative,DEFERRED,optional,existing re-encoded media,Concrete slabs; visible purpose: Patios & Alfresco,square,1:1,543x543,JPEG,concrete-slabs-1065.jpg,Concrete slabs,no,D24/D20 naming-convention reversal,yes — decorative/non-evidential only,1065,concrete-slabs-1065.jpg,defer with page; before future release apply the recorded underlying media disposition; underlying: permitted generic decoration,none,no — page is outside the smallest launch,page_id=1402; widget_type=image-box; setting=image; decorative; permission=pipeline-permitted in derivative; source_geographic_claim=none in permitted derivative; project_claim=no; can be removed without loss of page meaning; derivative_slot=present
IMG-0455,D22 deferred — unresearched,concreters-wattle-grove,suburb,e6c2ed7,98fbeea — Patios & Alfresco / Paths & Pathways / Coloured & Decorative,DEFERRED,optional,existing re-encoded media,Pouring a concrete slab; visible purpose: Paths & Pathways,landscape,3:2,627x418,JPEG,pouring-a-concrete-slab-1066.jpg,Pouring a concrete slab,no,D24/D20 naming-convention reversal,yes — decorative/non-evidential only,1066,pouring-a-concrete-slab-1066.jpg,defer with page; before future release apply the recorded underlying media disposition; underlying: permitted generic decoration,none,no — page is outside the smallest launch,page_id=1402; widget_type=image-box; setting=image; decorative; permission=pipeline-permitted in derivative; source_geographic_claim=none in permitted derivative; project_claim=no; can be removed without loss of page meaning; derivative_slot=present
IMG-0456,D22 deferred — unresearched,concreters-wattle-grove,suburb,d06ebf3,98fbeea — Patios & Alfresco / Paths & Pathways / Coloured & Decorative,DEFERRED,optional,existing re-encoded media,Concrete slabs; visible purpose: Coloured & Decorative,square,1:1,543x543,JPEG,concrete-slabs-1065.jpg,Concrete slabs,no,D24/D20 naming-convention reversal,yes — decorative/non-evidential only,1065,concrete-slabs-1065.jpg,defer with page; before future release apply the recorded underlying media disposition; underlying: permitted generic decoration,none,no — page is outside the smallest launch,page_id=1402; widget_type=image-box; setting=image; decorative; permission=pipeline-permitted in derivative; source_geographic_claim=none in permitted derivative; project_claim=no; can be removed without loss of page meaning; derivative_slot=present
IMG-0457,D22 deferred — unresearched,concreters-kemps-creek,suburb,7c2526d7,7c2526d7 — Concreters Kemps Creek,DEFERRED,optional,existing re-encoded media,Exposed aggregate concrete; visible purpose: Concreters Kemps Creek,square,1:1,2007x2007,JPEG,exposed-aggregate-concrete-50.jpg,Exposed aggregate concrete,no,D24/D20 naming-convention reversal,yes — decorative/non-evidential only,50,exposed-aggregate-concrete-50.jpg,defer with page; before future release apply the recorded underlying media disposition; underlying: permitted generic decoration,none,no — page is outside the smallest launch,page_id=1403; widget_type=container; setting=background_image; decorative; permission=pipeline-permitted in derivative; source_geographic_claim=none in permitted derivative; project_claim=no; can be removed without loss of page meaning; derivative_slot=present
IMG-0458,D22 deferred — unresearched,concreters-kemps-creek,suburb,a86c195,9e36728 — Concrete Driveways / Concrete Slabs / Exposed Aggregate,DEFERRED,optional,existing re-encoded media,Image placeholder about camden in the context of Concreters Kemps Creek; visible purpose: Concrete Driveways,landscape,223:196,669x588,JPEG,image-placeholder-about-279.jpeg,Describe only the visible subject; empty alt if purely decorative,no,D24/D20 naming-convention reversal,yes — decorative/non-evidential only,279,image-placeholder-about-279.jpeg,defer with page; before future release apply the recorded underlying media disposition; underlying: blank placeholder; remove before future release,none,no — page is outside the smallest launch,page_id=1403; widget_type=image-box; setting=image; decorative; permission=pipeline-permitted in derivative; source_geographic_claim=none in permitted derivative; project_claim=no; can be removed without loss of page meaning; derivative_slot=present
IMG-0459,D22 deferred — unresearched,concreters-kemps-creek,suburb,516941f,9e36728 — Concrete Driveways / Concrete Slabs / Exposed Aggregate,DEFERRED,optional,existing re-encoded media,Image testemonials camden in the context of Concreters Kemps Creek; visible purpose: Concrete Slabs,square,1:1,62x62,JPEG,,Describe only the visible subject; empty alt if purely decorative,no,owner-recorded Band B verdict; build/45-media-remediation.csv,yes — decorative/non-evidential only,280,image-testemonials-camden-280.jpeg,defer with page; before future release apply the recorded underlying media disposition; underlying: prohibited slot already removed,none,no — page is outside the smallest launch,page_id=1403; widget_type=image-box; setting=image; decorative; permission=not in derivative; source_geographic_claim=none in permitted derivative; project_claim=no; can be removed without loss of page meaning; derivative_slot=absent
IMG-0460,D22 deferred — unresearched,concreters-kemps-creek,suburb,f36a8f3,9e36728 — Concrete Driveways / Concrete Slabs / Exposed Aggregate,DEFERRED,optional,existing re-encoded media,About 2 hero camden in the context of Concreters Kemps Creek; visible purpose: Exposed Aggregate,landscape,451:322,902x644,JPEG,about-2-hero-323.jpg,Describe only the visible subject; empty alt if purely decorative,no,D24/D20 naming-convention reversal,yes — decorative/non-evidential only,323,about-2-hero-323.jpg,defer with page; before future release apply the recorded underlying media disposition; underlying: blank placeholder; remove before future release,none,no — page is outside the smallest launch,page_id=1403; widget_type=image-box; setting=image; decorative; permission=pipeline-permitted in derivative; source_geographic_claim=none in permitted derivative; project_claim=no; can be removed without loss of page meaning; derivative_slot=present
IMG-0461,D22 deferred — unresearched,concreters-kemps-creek,suburb,af91c52,98fbeea — Patios & Alfresco / Paths & Pathways / Coloured & Decorative,DEFERRED,optional,existing re-encoded media,Synthetic turf and timber landscaping; no concrete subject; visible purpose: Patios & Alfresco,landscape,1254:941,1254x941,WebP,,Describe only the visible subject; empty alt if purely decorative,no,owner worksheet blank; fail-closed under Phase B instruction,yes — decorative/non-evidential only,480,oran-park1-480.webp,defer with page; before future release apply the recorded underlying media disposition; underlying: Band A HOLD; audit recommends UNUSABLE,record explicit UNUSABLE (or another supported verdict); OK also requires cited provenance,yes for Phase B/staging; page publication is deferred,"page_id=1403; widget_type=image-box; setting=image; decorative; permission=HOLD; absent from derivative; source_geographic_claim=Filename asserts Oran Park, NSW.; project_claim=no; can be removed without loss of page meaning; derivative_slot=absent"
IMG-0462,D22 deferred — unresearched,concreters-kemps-creek,suburb,e6c2ed7,98fbeea — Patios & Alfresco / Paths & Pathways / Coloured & Decorative,DEFERRED,optional,existing re-encoded media,Timber bench or deck; no concrete subject; visible purpose: Paths & Pathways,landscape,1254:941,1254x941,WebP,,Describe only the visible subject; empty alt if purely decorative,no,owner worksheet blank; fail-closed under Phase B instruction,yes — decorative/non-evidential only,481,oran-park2-481.webp,defer with page; before future release apply the recorded underlying media disposition; underlying: Band A HOLD; audit recommends UNUSABLE,record explicit UNUSABLE (or another supported verdict); OK also requires cited provenance,yes for Phase B/staging; page publication is deferred,"page_id=1403; widget_type=image-box; setting=image; decorative; permission=HOLD; absent from derivative; source_geographic_claim=Filename asserts Oran Park, NSW.; project_claim=no; can be removed without loss of page meaning; derivative_slot=absent"
IMG-0463,D22 deferred — unresearched,concreters-kemps-creek,suburb,d06ebf3,98fbeea — Patios & Alfresco / Paths & Pathways / Coloured & Decorative,DEFERRED,optional,existing re-encoded media,Synthetic turf and timber landscaping; no concrete subject; visible purpose: Coloured & Decorative,landscape,1254:941,1254x941,WebP,,Describe only the visible subject; empty alt if purely decorative,no,owner worksheet blank; fail-closed under Phase B instruction,yes — decorative/non-evidential only,480,oran-park1-480.webp,defer with page; before future release apply the recorded underlying media disposition; underlying: Band A HOLD; audit recommends UNUSABLE,record explicit UNUSABLE (or another supported verdict); OK also requires cited provenance,yes for Phase B/staging; page publication is deferred,"page_id=1403; widget_type=image-box; setting=image; decorative; permission=HOLD; absent from derivative; source_geographic_claim=Filename asserts Oran Park, NSW.; project_claim=no; can be removed without loss of page meaning; derivative_slot=absent"
IMG-0464,D22 deferred — unresearched,concreters-cecil-park,suburb,7c2526d7,7c2526d7 — Concreters Cecil Park,DEFERRED,optional,existing re-encoded media,Exposed aggregate concrete; visible purpose: Concreters Cecil Park,square,1:1,2007x2007,JPEG,exposed-aggregate-concrete-50.jpg,Exposed aggregate concrete,no,D24/D20 naming-convention reversal,yes — decorative/non-evidential only,50,exposed-aggregate-concrete-50.jpg,defer with page; before future release apply the recorded underlying media disposition; underlying: permitted generic decoration,none,no — page is outside the smallest launch,page_id=1404; widget_type=container; setting=background_image; decorative; permission=pipeline-permitted in derivative; source_geographic_claim=none in permitted derivative; project_claim=no; can be removed without loss of page meaning; derivative_slot=present
IMG-0465,D22 deferred — unresearched,concreters-cecil-park,suburb,a86c195,9e36728 — Concrete Driveways / Concrete Slabs / Exposed Aggregate,DEFERRED,optional,existing re-encoded media,Front and entry paths concrete; visible purpose: Concrete Driveways,landscape,587:571,587x571,JPEG,front-and-entry-paths-concrete-183.jpg,Front and entry paths concrete,no,D24/D20 naming-convention reversal,yes — decorative/non-evidential only,183,front-and-entry-paths-concrete-183.jpg,defer with page; before future release apply the recorded underlying media disposition; underlying: permitted generic decoration,none,no — page is outside the smallest launch,page_id=1404; widget_type=image-box; setting=image; decorative; permission=pipeline-permitted in derivative; source_geographic_claim=none in permitted derivative; project_claim=no; can be removed without loss of page meaning; derivative_slot=present
IMG-0466,D22 deferred — unresearched,concreters-cecil-park,suburb,516941f,9e36728 — Concrete Driveways / Concrete Slabs / Exposed Aggregate,DEFERRED,optional,existing re-encoded media,Accessible paths concrete; visible purpose: Concrete Slabs,portrait,74:81,518x567,JPEG,accessible-paths-concrete-184.jpg,Accessible paths concrete,no,D24/D20 naming-convention reversal,yes — decorative/non-evidential only,184,accessible-paths-concrete-184.jpg,defer with page; before future release apply the recorded underlying media disposition; underlying: permitted generic decoration,none,no — page is outside the smallest launch,page_id=1404; widget_type=image-box; setting=image; decorative; permission=pipeline-permitted in derivative; source_geographic_claim=none in permitted derivative; project_claim=no; can be removed without loss of page meaning; derivative_slot=present
IMG-0467,D22 deferred — unresearched,concreters-cecil-park,suburb,f36a8f3,9e36728 — Concrete Driveways / Concrete Slabs / Exposed Aggregate,DEFERRED,optional,existing re-encoded media,Freshly finished residential side-yard slab; visible purpose: Exposed Aggregate,landscape,627:470,627x470,JPEG,fresh-concrete-side-yard-slab-226.jpg,Freshly finished concrete slab in a residential side yard,no,owner worksheet blank; fail-closed under Phase B instruction,yes — decorative/non-evidential only,226,concretejob2camden-226.jpg,defer with page; before future release apply the recorded underlying media disposition; underlying: Band A HOLD; audit recommends GENERIC,record explicit GENERIC (or another supported verdict); OK also requires cited provenance,yes for Phase B/staging; page publication is deferred,page_id=1404; widget_type=image-box; setting=image; decorative; permission=HOLD; absent from derivative; source_geographic_claim=Filename asserts the job is in Camden.; project_claim=no; can be removed without loss of page meaning; derivative_slot=absent
IMG-0468,D22 deferred — unresearched,concreters-cecil-park,suburb,af91c52,98fbeea — Patios & Alfresco / Paths & Pathways / Coloured & Decorative,DEFERRED,optional,existing re-encoded media,Backyard patio concreter; visible purpose: Patios & Alfresco,landscape,4:3,784x588,JPEG,backyard-patio-concreter-227.jpg,Backyard patio concreter,no,D24/D20 naming-convention reversal,yes — decorative/non-evidential only,227,backyard-patio-concreter-227.jpg,defer with page; before future release apply the recorded underlying media disposition; underlying: permitted generic decoration,none,no — page is outside the smallest launch,page_id=1404; widget_type=image-box; setting=image; decorative; permission=pipeline-permitted in derivative; source_geographic_claim=none in permitted derivative; project_claim=no; can be removed without loss of page meaning; derivative_slot=present
IMG-0469,D22 deferred — unresearched,concreters-cecil-park,suburb,e6c2ed7,98fbeea — Patios & Alfresco / Paths & Pathways / Coloured & Decorative,DEFERRED,optional,existing re-encoded media,Freshly poured concrete slab along a side boundary; visible purpose: Paths & Pathways,landscape,125:94,625x470,JPEG,fresh-concrete-side-yard-slab-228.jpg,Freshly poured concrete slab along a side boundary,no,owner-recorded Band B verdict; build/45-media-remediation.csv,yes — decorative/non-evidential only,228,fresh-concrete-side-yard-slab-228.jpg,defer with page; before future release apply the recorded underlying media disposition; underlying: permitted generic decoration,none,no — page is outside the smallest launch,page_id=1404; widget_type=image-box; setting=image; decorative; permission=pipeline-permitted in derivative; source_geographic_claim=none in permitted derivative; project_claim=no; can be removed without loss of page meaning; derivative_slot=present
IMG-0470,D22 deferred — unresearched,concreters-cecil-park,suburb,d06ebf3,98fbeea — Patios & Alfresco / Paths & Pathways / Coloured & Decorative,DEFERRED,optional,existing re-encoded media,Backyard patio concreter; visible purpose: Coloured & Decorative,landscape,4:3,784x588,JPEG,backyard-patio-concreter-227.jpg,Backyard patio concreter,no,D24/D20 naming-convention reversal,yes — decorative/non-evidential only,227,backyard-patio-concreter-227.jpg,defer with page; before future release apply the recorded underlying media disposition; underlying: permitted generic decoration,none,no — page is outside the smallest launch,page_id=1404; widget_type=image-box; setting=image; decorative; permission=pipeline-permitted in derivative; source_geographic_claim=none in permitted derivative; project_claim=no; can be removed without loss of page meaning; derivative_slot=present
IMG-0471,Wave 3 pending research,concreters-campbelltown,suburb,7c2526d7,7c2526d7 — Concreters Campbelltown,DEFERRED,optional,existing re-encoded media,Exposed aggregate concrete; visible purpose: Concreters Campbelltown,square,1:1,2007x2007,JPEG,exposed-aggregate-concrete-50.jpg,Exposed aggregate concrete,no,D24/D20 naming-convention reversal,yes — decorative/non-evidential only,50,exposed-aggregate-concrete-50.jpg,defer with page; before future release apply the recorded underlying media disposition; underlying: permitted generic decoration,none,no — page is outside the smallest launch,page_id=1405; widget_type=container; setting=background_image; decorative; permission=pipeline-permitted in derivative; source_geographic_claim=none in permitted derivative; project_claim=no; can be removed without loss of page meaning; derivative_slot=present
IMG-0472,Wave 3 pending research,concreters-campbelltown,suburb,a86c195,9e36728 — Concrete Driveways / Concrete Slabs / Exposed Aggregate,DEFERRED,optional,existing re-encoded media,Dry cracked ground surface; visible purpose: Concrete Driveways,landscape,723:350,723x350,JPEG,dry-cracked-ground-1151.jpg,Dry cracked ground surface,no,D18/D20: remove unsupported geographic and geological assertion,yes — decorative/non-evidential only,1151,dry-cracked-ground-1151.jpg,defer with page; before future release apply the recorded underlying media disposition; underlying: permitted generic decoration,none,no — page is outside the smallest launch,page_id=1405; widget_type=image-box; setting=image; decorative; permission=pipeline-permitted in derivative; source_geographic_claim=none in permitted derivative; project_claim=no; can be removed without loss of page meaning; derivative_slot=present
IMG-0473,Wave 3 pending research,concreters-campbelltown,suburb,516941f,9e36728 — Concrete Driveways / Concrete Slabs / Exposed Aggregate,DEFERRED,optional,existing re-encoded media,Aerial landscaped park surrounded by housing; visible purpose: Concrete Slabs,landscape,623:471,623x471,JPEG,aerial-suburban-park-and-housing-1152.jpg,Aerial view of a landscaped park surrounded by housing,no,owner worksheet blank; fail-closed under Phase B instruction,yes — decorative/non-evidential only,1152,mount-annan-established-housing-1152.jpg,defer with page; before future release apply the recorded underlying media disposition; underlying: Band A HOLD; audit recommends GENERIC,record explicit GENERIC (or another supported verdict); OK also requires cited provenance,yes for Phase B/staging; page publication is deferred,"page_id=1405; widget_type=image-box; setting=image; decorative; permission=HOLD; absent from derivative; source_geographic_claim=Filename and alt assert established housing in Mount Annan, NSW.; project_claim=no; can be removed without loss of page meaning; derivative_slot=absent"
IMG-0474,Wave 3 pending research,concreters-campbelltown,suburb,f36a8f3,9e36728 — Concrete Driveways / Concrete Slabs / Exposed Aggregate,DEFERRED,optional,existing re-encoded media,Concrete vehicle crossing between a kerb and property boundary; visible purpose: Exposed Aggregate,landscape,767:383,767x383,JPEG,concrete-vehicle-crossing-1153.jpg,Concrete vehicle crossing between a kerb and property boundary,no,D24/D20: remove unsupported Camden council/location assertion,yes — decorative/non-evidential only,1153,concrete-vehicle-crossing-1153.jpg,defer with page; before future release apply the recorded underlying media disposition; underlying: permitted generic decoration,none,no — page is outside the smallest launch,page_id=1405; widget_type=image-box; setting=image; decorative; permission=pipeline-permitted in derivative; source_geographic_claim=none in permitted derivative; project_claim=no; can be removed without loss of page meaning; derivative_slot=present
IMG-0475,Wave 3 pending research,concreters-campbelltown,suburb,af91c52,98fbeea — Patios & Alfresco / Paths & Pathways / Coloured & Decorative,DEFERRED,optional,existing re-encoded media,Dark concrete driveway crossing; visible purpose: Patios & Alfresco,landscape,101:76,505x380,JPEG,dark-concrete-driveway-crossing-1185.jpg,Dark concrete driveway crossing between a kerb and property,no,owner worksheet blank; fail-closed under Phase B instruction,yes — decorative/non-evidential only,1185,council-crossing-south-west-sydney-1185.jpg,defer with page; before future release apply the recorded underlying media disposition; underlying: Band A HOLD; audit recommends GENERIC,record explicit GENERIC (or another supported verdict); OK also requires cited provenance,yes for Phase B/staging; page publication is deferred,page_id=1405; widget_type=image-box; setting=image; decorative; permission=HOLD; absent from derivative; source_geographic_claim=Filename and alt assert a council crossing in South West Sydney.; project_claim=no; can be removed without loss of page meaning; derivative_slot=absent
IMG-0476,Wave 3 pending research,concreters-campbelltown,suburb,e6c2ed7,98fbeea — Patios & Alfresco / Paths & Pathways / Coloured & Decorative,DEFERRED,optional,existing re-encoded media,Modern commercial building with concrete hardstand; visible purpose: Paths & Pathways,landscape,964:543,964x543,WebP,commercial-building-concrete-hardstand-1186.webp,Modern commercial building with a concrete hardstand,no,owner worksheet blank; fail-closed under Phase B instruction,yes — decorative/non-evidential only,1186,gregory-hills-commercial-concreting-1186.webp,defer with page; before future release apply the recorded underlying media disposition; underlying: Band A HOLD; audit recommends GENERIC,record explicit GENERIC (or another supported verdict); OK also requires cited provenance,yes for Phase B/staging; page publication is deferred,"page_id=1405; widget_type=image-box; setting=image; decorative; permission=HOLD; absent from derivative; source_geographic_claim=Filename and alt assert commercial concreting in Gregory Hills, NSW.; project_claim=no; can be removed without loss of page meaning; derivative_slot=absent"
IMG-0477,Wave 3 pending research,concreters-campbelltown,suburb,d06ebf3,98fbeea — Patios & Alfresco / Paths & Pathways / Coloured & Decorative,DEFERRED,optional,existing re-encoded media,Dark concrete driveway crossing; visible purpose: Coloured & Decorative,landscape,101:76,505x380,JPEG,dark-concrete-driveway-crossing-1185.jpg,Dark concrete driveway crossing between a kerb and property,no,owner worksheet blank; fail-closed under Phase B instruction,yes — decorative/non-evidential only,1185,council-crossing-south-west-sydney-1185.jpg,defer with page; before future release apply the recorded underlying media disposition; underlying: Band A HOLD; audit recommends GENERIC,record explicit GENERIC (or another supported verdict); OK also requires cited provenance,yes for Phase B/staging; page publication is deferred,page_id=1405; widget_type=image-box; setting=image; decorative; permission=HOLD; absent from derivative; source_geographic_claim=Filename and alt assert a council crossing in South West Sydney.; project_claim=no; can be removed without loss of page meaning; derivative_slot=absent
IMG-0478,D22 deferred — unresearched,concreters-leumeah,suburb,7c2526d7,7c2526d7 — Concreters Leumeah,DEFERRED,optional,existing re-encoded media,Exposed aggregate concrete; visible purpose: Concreters Leumeah,square,1:1,2007x2007,JPEG,exposed-aggregate-concrete-50.jpg,Exposed aggregate concrete,no,D24/D20 naming-convention reversal,yes — decorative/non-evidential only,50,exposed-aggregate-concrete-50.jpg,defer with page; before future release apply the recorded underlying media disposition; underlying: permitted generic decoration,none,no — page is outside the smallest launch,page_id=1406; widget_type=container; setting=background_image; decorative; permission=pipeline-permitted in derivative; source_geographic_claim=none in permitted derivative; project_claim=no; can be removed without loss of page meaning; derivative_slot=present
IMG-0479,D22 deferred — unresearched,concreters-leumeah,suburb,a86c195,9e36728 — Concrete Driveways / Concrete Slabs / Exposed Aggregate,DEFERRED,optional,existing re-encoded media,Dark concrete driveway crossing; visible purpose: Concrete Driveways,landscape,101:76,505x380,JPEG,dark-concrete-driveway-crossing-1185.jpg,Dark concrete driveway crossing between a kerb and property,no,owner worksheet blank; fail-closed under Phase B instruction,yes — decorative/non-evidential only,1185,council-crossing-south-west-sydney-1185.jpg,defer with page; before future release apply the recorded underlying media disposition; underlying: Band A HOLD; audit recommends GENERIC,record explicit GENERIC (or another supported verdict); OK also requires cited provenance,yes for Phase B/staging; page publication is deferred,page_id=1406; widget_type=image-box; setting=image; decorative; permission=HOLD; absent from derivative; source_geographic_claim=Filename and alt assert a council crossing in South West Sydney.; project_claim=no; can be removed without loss of page meaning; derivative_slot=absent
IMG-0480,D22 deferred — unresearched,concreters-leumeah,suburb,516941f,9e36728 — Concrete Driveways / Concrete Slabs / Exposed Aggregate,DEFERRED,optional,existing re-encoded media,Modern commercial building with concrete hardstand; visible purpose: Concrete Slabs,landscape,964:543,964x543,WebP,commercial-building-concrete-hardstand-1186.webp,Modern commercial building with a concrete hardstand,no,owner worksheet blank; fail-closed under Phase B instruction,yes — decorative/non-evidential only,1186,gregory-hills-commercial-concreting-1186.webp,defer with page; before future release apply the recorded underlying media disposition; underlying: Band A HOLD; audit recommends GENERIC,record explicit GENERIC (or another supported verdict); OK also requires cited provenance,yes for Phase B/staging; page publication is deferred,"page_id=1406; widget_type=image-box; setting=image; decorative; permission=HOLD; absent from derivative; source_geographic_claim=Filename and alt assert commercial concreting in Gregory Hills, NSW.; project_claim=no; can be removed without loss of page meaning; derivative_slot=absent"
IMG-0481,D22 deferred — unresearched,concreters-leumeah,suburb,f36a8f3,9e36728 — Concrete Driveways / Concrete Slabs / Exposed Aggregate,DEFERRED,optional,existing re-encoded media,Estate playground with prominent M locality branding; no concrete subject; visible purpose: Exposed Aggregate,landscape,79:38,632x304,JPEG,,Describe only the visible subject; empty alt if purely decorative,no,owner worksheet blank; fail-closed under Phase B instruction,yes — decorative/non-evidential only,1187,leppington-new-estates-1187.jpg,defer with page; before future release apply the recorded underlying media disposition; underlying: Band A HOLD; audit recommends UNUSABLE,record explicit UNUSABLE (or another supported verdict); OK also requires cited provenance,yes for Phase B/staging; page publication is deferred,"page_id=1406; widget_type=image-box; setting=image; decorative; permission=HOLD; absent from derivative; source_geographic_claim=Filename and alt assert new estates in Leppington, NSW.; project_claim=no; can be removed without loss of page meaning; derivative_slot=absent"
IMG-0482,D22 deferred — unresearched,concreters-leumeah,suburb,af91c52,98fbeea — Patios & Alfresco / Paths & Pathways / Coloured & Decorative,DEFERRED,optional,existing re-encoded media,Dry cracked ground surface; visible purpose: Patios & Alfresco,landscape,723:350,723x350,JPEG,dry-cracked-ground-1188.jpg,Dry cracked ground surface,no,D18/D20: remove unsupported geographic and geological assertion,yes — decorative/non-evidential only,1188,dry-cracked-ground-1188.jpg,defer with page; before future release apply the recorded underlying media disposition; underlying: permitted generic decoration,none,no — page is outside the smallest launch,page_id=1406; widget_type=image-box; setting=image; decorative; permission=pipeline-permitted in derivative; source_geographic_claim=none in permitted derivative; project_claim=no; can be removed without loss of page meaning; derivative_slot=present
IMG-0483,D22 deferred — unresearched,concreters-leumeah,suburb,e6c2ed7,98fbeea — Patios & Alfresco / Paths & Pathways / Coloured & Decorative,DEFERRED,optional,existing re-encoded media,Shrinkage cracks; visible purpose: Paths & Pathways,landscape,489:368,489x368,JPEG,shrinkage-cracks-1230.jpg,Shrinkage cracks,no,D24/D20 naming-convention reversal,yes — decorative/non-evidential only,1230,shrinkage-cracks-1230.jpg,defer with page; before future release apply the recorded underlying media disposition; underlying: permitted generic decoration,none,no — page is outside the smallest launch,page_id=1406; widget_type=image-box; setting=image; decorative; permission=pipeline-permitted in derivative; source_geographic_claim=none in permitted derivative; project_claim=no; can be removed without loss of page meaning; derivative_slot=present
IMG-0484,D22 deferred — unresearched,concreters-leumeah,suburb,d06ebf3,98fbeea — Patios & Alfresco / Paths & Pathways / Coloured & Decorative,DEFERRED,optional,existing re-encoded media,Dry cracked ground surface; visible purpose: Coloured & Decorative,landscape,723:350,723x350,JPEG,dry-cracked-ground-1188.jpg,Dry cracked ground surface,no,D18/D20: remove unsupported geographic and geological assertion,yes — decorative/non-evidential only,1188,dry-cracked-ground-1188.jpg,defer with page; before future release apply the recorded underlying media disposition; underlying: permitted generic decoration,none,no — page is outside the smallest launch,page_id=1406; widget_type=image-box; setting=image; decorative; permission=pipeline-permitted in derivative; source_geographic_claim=none in permitted derivative; project_claim=no; can be removed without loss of page meaning; derivative_slot=present
IMG-0485,D22 deferred — unresearched,concreters-minto,suburb,7c2526d7,7c2526d7 — Concreters Minto,DEFERRED,optional,existing re-encoded media,Exposed aggregate concrete; visible purpose: Concreters Minto,square,1:1,2007x2007,JPEG,exposed-aggregate-concrete-50.jpg,Exposed aggregate concrete,no,D24/D20 naming-convention reversal,yes — decorative/non-evidential only,50,exposed-aggregate-concrete-50.jpg,defer with page; before future release apply the recorded underlying media disposition; underlying: permitted generic decoration,none,no — page is outside the smallest launch,page_id=1407; widget_type=container; setting=background_image; decorative; permission=pipeline-permitted in derivative; source_geographic_claim=none in permitted derivative; project_claim=no; can be removed without loss of page meaning; derivative_slot=present
IMG-0486,D22 deferred — unresearched,concreters-minto,suburb,a86c195,9e36728 — Concrete Driveways / Concrete Slabs / Exposed Aggregate,DEFERRED,optional,existing re-encoded media,Reinforcedheavydutyconcrete; visible purpose: Concrete Driveways,portrait,3:4,750x1000,WebP,reinforcedheavydutyconcrete-121.webp,Reinforcedheavydutyconcrete,no,D24/D20 naming-convention reversal,yes — decorative/non-evidential only,121,reinforcedheavydutyconcrete-121.webp,defer with page; before future release apply the recorded underlying media disposition; underlying: permitted generic decoration,none,no — page is outside the smallest launch,page_id=1407; widget_type=image-box; setting=image; decorative; permission=pipeline-permitted in derivative; source_geographic_claim=none in permitted derivative; project_claim=no; can be removed without loss of page meaning; derivative_slot=present
IMG-0487,D22 deferred — unresearched,concreters-minto,suburb,516941f,9e36728 — Concrete Driveways / Concrete Slabs / Exposed Aggregate,DEFERRED,optional,existing re-encoded media,Paths and pathwaysconcrete; visible purpose: Concrete Slabs,portrait,196:261,392x522,JPEG,paths-and-pathwaysconcrete-144.jpg,Paths and pathwaysconcrete,no,D24/D20 naming-convention reversal,yes — decorative/non-evidential only,144,paths-and-pathwaysconcrete-144.jpg,defer with page; before future release apply the recorded underlying media disposition; underlying: permitted generic decoration,none,no — page is outside the smallest launch,page_id=1407; widget_type=image-box; setting=image; decorative; permission=pipeline-permitted in derivative; source_geographic_claim=none in permitted derivative; project_claim=no; can be removed without loss of page meaning; derivative_slot=present
IMG-0488,D22 deferred — unresearched,concreters-minto,suburb,f36a8f3,9e36728 — Concrete Driveways / Concrete Slabs / Exposed Aggregate,DEFERRED,optional,existing re-encoded media,Patiosandalfrescoconcrete; visible purpose: Exposed Aggregate,portrait,391:491,391x491,JPEG,patiosandalfrescoconcrete-145.jpg,Patiosandalfrescoconcrete,no,D24/D20 naming-convention reversal,yes — decorative/non-evidential only,145,patiosandalfrescoconcrete-145.jpg,defer with page; before future release apply the recorded underlying media disposition; underlying: permitted generic decoration,none,no — page is outside the smallest launch,page_id=1407; widget_type=image-box; setting=image; decorative; permission=pipeline-permitted in derivative; source_geographic_claim=none in permitted derivative; project_claim=no; can be removed without loss of page meaning; derivative_slot=present
IMG-0489,D22 deferred — unresearched,concreters-minto,suburb,af91c52,98fbeea — Patios & Alfresco / Paths & Pathways / Coloured & Decorative,DEFERRED,optional,existing re-encoded media,Concretepoolsurronds; visible purpose: Patios & Alfresco,landscape,2509:1882,2509x1882,JPEG,concretepoolsurronds-146.jpg,Concretepoolsurronds,no,D24/D20 naming-convention reversal,yes — decorative/non-evidential only,146,concretepoolsurronds-146.jpg,defer with page; before future release apply the recorded underlying media disposition; underlying: permitted generic decoration,none,no — page is outside the smallest launch,page_id=1407; widget_type=image-box; setting=image; decorative; permission=pipeline-permitted in derivative; source_geographic_claim=none in permitted derivative; project_claim=no; can be removed without loss of page meaning; derivative_slot=present
IMG-0490,D22 deferred — unresearched,concreters-minto,suburb,e6c2ed7,98fbeea — Patios & Alfresco / Paths & Pathways / Coloured & Decorative,DEFERRED,optional,existing re-encoded media,Shedslabconcrete; visible purpose: Paths & Pathways,landscape,627:470,627x470,JPEG,shedslabconcrete-166.jpg,Shedslabconcrete,no,D24/D20 naming-convention reversal,yes — decorative/non-evidential only,166,shedslabconcrete-166.jpg,defer with page; before future release apply the recorded underlying media disposition; underlying: permitted generic decoration,none,no — page is outside the smallest launch,page_id=1407; widget_type=image-box; setting=image; decorative; permission=pipeline-permitted in derivative; source_geographic_claim=none in permitted derivative; project_claim=no; can be removed without loss of page meaning; derivative_slot=present
IMG-0491,D22 deferred — unresearched,concreters-minto,suburb,d06ebf3,98fbeea — Patios & Alfresco / Paths & Pathways / Coloured & Decorative,DEFERRED,optional,existing re-encoded media,Concretepoolsurronds; visible purpose: Coloured & Decorative,landscape,2509:1882,2509x1882,JPEG,concretepoolsurronds-146.jpg,Concretepoolsurronds,no,D24/D20 naming-convention reversal,yes — decorative/non-evidential only,146,concretepoolsurronds-146.jpg,defer with page; before future release apply the recorded underlying media disposition; underlying: permitted generic decoration,none,no — page is outside the smallest launch,page_id=1407; widget_type=image-box; setting=image; decorative; permission=pipeline-permitted in derivative; source_geographic_claim=none in permitted derivative; project_claim=no; can be removed without loss of page meaning; derivative_slot=present
IMG-0492,D22 deferred — unresearched,concreters-ingleburn,suburb,7c2526d7,7c2526d7 — Concreters Ingleburn,DEFERRED,optional,existing re-encoded media,Exposed aggregate concrete; visible purpose: Concreters Ingleburn,square,1:1,2007x2007,JPEG,exposed-aggregate-concrete-50.jpg,Exposed aggregate concrete,no,D24/D20 naming-convention reversal,yes — decorative/non-evidential only,50,exposed-aggregate-concrete-50.jpg,defer with page; before future release apply the recorded underlying media disposition; underlying: permitted generic decoration,none,no — page is outside the smallest launch,page_id=1408; widget_type=container; setting=background_image; decorative; permission=pipeline-permitted in derivative; source_geographic_claim=none in permitted derivative; project_claim=no; can be removed without loss of page meaning; derivative_slot=present
IMG-0493,D22 deferred — unresearched,concreters-ingleburn,suburb,a86c195,9e36728 — Concrete Driveways / Concrete Slabs / Exposed Aggregate,DEFERRED,optional,existing re-encoded media,Freshly poured concrete slab along a side boundary; visible purpose: Concrete Driveways,landscape,125:94,625x470,JPEG,fresh-concrete-side-yard-slab-228.jpg,Freshly poured concrete slab along a side boundary,no,owner-recorded Band B verdict; build/45-media-remediation.csv,yes — decorative/non-evidential only,228,fresh-concrete-side-yard-slab-228.jpg,defer with page; before future release apply the recorded underlying media disposition; underlying: permitted generic decoration,none,no — page is outside the smallest launch,page_id=1408; widget_type=image-box; setting=image; decorative; permission=pipeline-permitted in derivative; source_geographic_claim=none in permitted derivative; project_claim=no; can be removed without loss of page meaning; derivative_slot=present
IMG-0494,D22 deferred — unresearched,concreters-ingleburn,suburb,516941f,9e36728 — Concrete Driveways / Concrete Slabs / Exposed Aggregate,DEFERRED,optional,existing re-encoded media,Image placeholder hero camden in the context of Concreters Ingleburn; visible purpose: Concrete Slabs,landscape,503:409,1006x818,JPEG,image-placeholder-hero-275.jpeg,Describe only the visible subject; empty alt if purely decorative,no,D24/D20 naming-convention reversal,yes — decorative/non-evidential only,275,image-placeholder-hero-275.jpeg,defer with page; before future release apply the recorded underlying media disposition; underlying: blank placeholder; remove before future release,none,no — page is outside the smallest launch,page_id=1408; widget_type=image-box; setting=image; decorative; permission=pipeline-permitted in derivative; source_geographic_claim=none in permitted derivative; project_claim=no; can be removed without loss of page meaning; derivative_slot=present
IMG-0495,D22 deferred — unresearched,concreters-ingleburn,suburb,f36a8f3,9e36728 — Concrete Driveways / Concrete Slabs / Exposed Aggregate,DEFERRED,optional,existing re-encoded media,Image contact 1 camden in the context of Concreters Ingleburn; visible purpose: Exposed Aggregate,landscape,836:421,836x421,JPEG,image-contact-1-276.jpg,Describe only the visible subject; empty alt if purely decorative,no,D24/D20 naming-convention reversal,yes — decorative/non-evidential only,276,image-contact-1-276.jpg,defer with page; before future release apply the recorded underlying media disposition; underlying: blank placeholder; remove before future release,none,no — page is outside the smallest launch,page_id=1408; widget_type=image-box; setting=image; decorative; permission=pipeline-permitted in derivative; source_geographic_claim=none in permitted derivative; project_claim=no; can be removed without loss of page meaning; derivative_slot=present
IMG-0496,D22 deferred — unresearched,concreters-ingleburn,suburb,af91c52,98fbeea — Patios & Alfresco / Paths & Pathways / Coloured & Decorative,DEFERRED,optional,existing re-encoded media,Image placeholder hero 1 camden in the context of Concreters Ingleburn; visible purpose: Patios & Alfresco,landscape,503:409,1006x818,JPEG,image-placeholder-hero-1-277.jpeg,Describe only the visible subject; empty alt if purely decorative,no,D24/D20 naming-convention reversal,yes — decorative/non-evidential only,277,image-placeholder-hero-1-277.jpeg,defer with page; before future release apply the recorded underlying media disposition; underlying: blank placeholder; remove before future release,none,no — page is outside the smallest launch,page_id=1408; widget_type=image-box; setting=image; decorative; permission=pipeline-permitted in derivative; source_geographic_claim=none in permitted derivative; project_claim=no; can be removed without loss of page meaning; derivative_slot=present
IMG-0497,D22 deferred — unresearched,concreters-ingleburn,suburb,e6c2ed7,98fbeea — Patios & Alfresco / Paths & Pathways / Coloured & Decorative,DEFERRED,optional,existing re-encoded media,Image placeholder about 1 camden in the context of Concreters Ingleburn; visible purpose: Paths & Pathways,landscape,223:196,669x588,JPEG,image-placeholder-about-1-278.jpeg,Describe only the visible subject; empty alt if purely decorative,no,D24/D20 naming-convention reversal,yes — decorative/non-evidential only,278,image-placeholder-about-1-278.jpeg,defer with page; before future release apply the recorded underlying media disposition; underlying: blank placeholder; remove before future release,none,no — page is outside the smallest launch,page_id=1408; widget_type=image-box; setting=image; decorative; permission=pipeline-permitted in derivative; source_geographic_claim=none in permitted derivative; project_claim=no; can be removed without loss of page meaning; derivative_slot=present
IMG-0498,D22 deferred — unresearched,concreters-ingleburn,suburb,d06ebf3,98fbeea — Patios & Alfresco / Paths & Pathways / Coloured & Decorative,DEFERRED,optional,existing re-encoded media,Image placeholder hero 1 camden in the context of Concreters Ingleburn; visible purpose: Coloured & Decorative,landscape,503:409,1006x818,JPEG,image-placeholder-hero-1-277.jpeg,Describe only the visible subject; empty alt if purely decorative,no,D24/D20 naming-convention reversal,yes — decorative/non-evidential only,277,image-placeholder-hero-1-277.jpeg,defer with page; before future release apply the recorded underlying media disposition; underlying: blank placeholder; remove before future release,none,no — page is outside the smallest launch,page_id=1408; widget_type=image-box; setting=image; decorative; permission=pipeline-permitted in derivative; source_geographic_claim=none in permitted derivative; project_claim=no; can be removed without loss of page meaning; derivative_slot=present
IMG-0499,D22 deferred — unresearched,concreters-glenfield,suburb,7c2526d7,7c2526d7 — Concreters Glenfield,DEFERRED,optional,existing re-encoded media,Exposed aggregate concrete; visible purpose: Concreters Glenfield,square,1:1,2007x2007,JPEG,exposed-aggregate-concrete-50.jpg,Exposed aggregate concrete,no,D24/D20 naming-convention reversal,yes — decorative/non-evidential only,50,exposed-aggregate-concrete-50.jpg,defer with page; before future release apply the recorded underlying media disposition; underlying: permitted generic decoration,none,no — page is outside the smallest launch,page_id=1409; widget_type=container; setting=background_image; decorative; permission=pipeline-permitted in derivative; source_geographic_claim=none in permitted derivative; project_claim=no; can be removed without loss of page meaning; derivative_slot=present
IMG-0500,D22 deferred — unresearched,concreters-glenfield,suburb,a86c195,9e36728 — Concrete Driveways / Concrete Slabs / Exposed Aggregate,DEFERRED,optional,existing re-encoded media,What is a concrete slab; visible purpose: Concrete Driveways,portrait,470:627,470x627,JPEG,what-is-a-concrete-slab-1068.jpg,What is a concrete slab,no,D24/D20 naming-convention reversal,yes — decorative/non-evidential only,1068,what-is-a-concrete-slab-1068.jpg,defer with page; before future release apply the recorded underlying media disposition; underlying: permitted generic decoration,none,no — page is outside the smallest launch,page_id=1409; widget_type=image-box; setting=image; decorative; permission=pipeline-permitted in derivative; source_geographic_claim=none in permitted derivative; project_claim=no; can be removed without loss of page meaning; derivative_slot=present
IMG-0501,D22 deferred — unresearched,concreters-glenfield,suburb,516941f,9e36728 — Concrete Driveways / Concrete Slabs / Exposed Aggregate,DEFERRED,optional,existing re-encoded media,What is exposed aggregate; visible purpose: Concrete Slabs,portrait,507:581,507x581,JPEG,what-is-exposed-aggregate-1109.jpg,What is exposed aggregate,no,D24/D20 naming-convention reversal,yes — decorative/non-evidential only,1109,what-is-exposed-aggregate-1109.jpg,defer with page; before future release apply the recorded underlying media disposition; underlying: permitted generic decoration,none,no — page is outside the smallest launch,page_id=1409; widget_type=image-box; setting=image; decorative; permission=pipeline-permitted in derivative; source_geographic_claim=none in permitted derivative; project_claim=no; can be removed without loss of page meaning; derivative_slot=present
IMG-0502,D22 deferred — unresearched,concreters-glenfield,suburb,f36a8f3,9e36728 — Concrete Driveways / Concrete Slabs / Exposed Aggregate,DEFERRED,optional,existing re-encoded media,Single-storey brick home with driveway; visible purpose: Exposed Aggregate,landscape,558:361,558x361,JPEG,single-storey-brick-home-driveway-1150.jpg,Single-storey brick home with a concrete driveway,no,owner worksheet blank; fail-closed under Phase B instruction,yes — decorative/non-evidential only,1150,established-home-mount-annan-1150.jpg,defer with page; before future release apply the recorded underlying media disposition; underlying: Band A HOLD; audit recommends GENERIC,record explicit GENERIC (or another supported verdict); OK also requires cited provenance,yes for Phase B/staging; page publication is deferred,"page_id=1409; widget_type=image-box; setting=image; decorative; permission=HOLD; absent from derivative; source_geographic_claim=Filename and alt assert an established home in Mount Annan, NSW.; project_claim=no; can be removed without loss of page meaning; derivative_slot=absent"
IMG-0503,D22 deferred — unresearched,concreters-glenfield,suburb,af91c52,98fbeea — Patios & Alfresco / Paths & Pathways / Coloured & Decorative,DEFERRED,optional,existing re-encoded media,Dry cracked ground surface; visible purpose: Patios & Alfresco,landscape,723:350,723x350,JPEG,dry-cracked-ground-1151.jpg,Dry cracked ground surface,no,D18/D20: remove unsupported geographic and geological assertion,yes — decorative/non-evidential only,1151,dry-cracked-ground-1151.jpg,defer with page; before future release apply the recorded underlying media disposition; underlying: permitted generic decoration,none,no — page is outside the smallest launch,page_id=1409; widget_type=image-box; setting=image; decorative; permission=pipeline-permitted in derivative; source_geographic_claim=none in permitted derivative; project_claim=no; can be removed without loss of page meaning; derivative_slot=present
IMG-0504,D22 deferred — unresearched,concreters-glenfield,suburb,e6c2ed7,98fbeea — Patios & Alfresco / Paths & Pathways / Coloured & Decorative,DEFERRED,optional,existing re-encoded media,Aerial landscaped park surrounded by housing; visible purpose: Paths & Pathways,landscape,623:471,623x471,JPEG,aerial-suburban-park-and-housing-1152.jpg,Aerial view of a landscaped park surrounded by housing,no,owner worksheet blank; fail-closed under Phase B instruction,yes — decorative/non-evidential only,1152,mount-annan-established-housing-1152.jpg,defer with page; before future release apply the recorded underlying media disposition; underlying: Band A HOLD; audit recommends GENERIC,record explicit GENERIC (or another supported verdict); OK also requires cited provenance,yes for Phase B/staging; page publication is deferred,"page_id=1409; widget_type=image-box; setting=image; decorative; permission=HOLD; absent from derivative; source_geographic_claim=Filename and alt assert established housing in Mount Annan, NSW.; project_claim=no; can be removed without loss of page meaning; derivative_slot=absent"
IMG-0505,D22 deferred — unresearched,concreters-glenfield,suburb,d06ebf3,98fbeea — Patios & Alfresco / Paths & Pathways / Coloured & Decorative,DEFERRED,optional,existing re-encoded media,Dry cracked ground surface; visible purpose: Coloured & Decorative,landscape,723:350,723x350,JPEG,dry-cracked-ground-1151.jpg,Dry cracked ground surface,no,D18/D20: remove unsupported geographic and geological assertion,yes — decorative/non-evidential only,1151,dry-cracked-ground-1151.jpg,defer with page; before future release apply the recorded underlying media disposition; underlying: permitted generic decoration,none,no — page is outside the smallest launch,page_id=1409; widget_type=image-box; setting=image; decorative; permission=pipeline-permitted in derivative; source_geographic_claim=none in permitted derivative; project_claim=no; can be removed without loss of page meaning; derivative_slot=present
IMG-0506,D22 deferred — unresearched,concreters-macquarie-fields,suburb,7c2526d7,7c2526d7 — Concreters Macquarie Fields,DEFERRED,optional,existing re-encoded media,Exposed aggregate concrete; visible purpose: Concreters Macquarie Fields,square,1:1,2007x2007,JPEG,exposed-aggregate-concrete-50.jpg,Exposed aggregate concrete,no,D24/D20 naming-convention reversal,yes — decorative/non-evidential only,50,exposed-aggregate-concrete-50.jpg,defer with page; before future release apply the recorded underlying media disposition; underlying: permitted generic decoration,none,no — page is outside the smallest launch,page_id=1410; widget_type=container; setting=background_image; decorative; permission=pipeline-permitted in derivative; source_geographic_claim=none in permitted derivative; project_claim=no; can be removed without loss of page meaning; derivative_slot=present
IMG-0507,D22 deferred — unresearched,concreters-macquarie-fields,suburb,a86c195,9e36728 — Concrete Driveways / Concrete Slabs / Exposed Aggregate,DEFERRED,optional,existing re-encoded media,Settlement cracks; visible purpose: Concrete Driveways,landscape,627:469,627x469,JPEG,settlement-cracks-1231.jpg,Settlement cracks,no,D24/D20 naming-convention reversal,yes — decorative/non-evidential only,1231,settlement-cracks-1231.jpg,defer with page; before future release apply the recorded underlying media disposition; underlying: permitted generic decoration,none,no — page is outside the smallest launch,page_id=1410; widget_type=image-box; setting=image; decorative; permission=pipeline-permitted in derivative; source_geographic_claim=none in permitted derivative; project_claim=no; can be removed without loss of page meaning; derivative_slot=present
IMG-0508,D22 deferred — unresearched,concreters-macquarie-fields,suburb,516941f,9e36728 — Concrete Driveways / Concrete Slabs / Exposed Aggregate,DEFERRED,optional,existing re-encoded media,Heave cracks; visible purpose: Concrete Slabs,landscape,229:143,687x429,JPEG,heave-cracks-1232.jpg,Heave cracks,no,D24/D20 naming-convention reversal,yes — decorative/non-evidential only,1232,heave-cracks-1232.jpg,defer with page; before future release apply the recorded underlying media disposition; underlying: permitted generic decoration,none,no — page is outside the smallest launch,page_id=1410; widget_type=image-box; setting=image; decorative; permission=pipeline-permitted in derivative; source_geographic_claim=none in permitted derivative; project_claim=no; can be removed without loss of page meaning; derivative_slot=present
IMG-0509,D22 deferred — unresearched,concreters-macquarie-fields,suburb,f36a8f3,9e36728 — Concrete Driveways / Concrete Slabs / Exposed Aggregate,DEFERRED,optional,existing re-encoded media,Structural cracks; visible purpose: Exposed Aggregate,landscape,649:454,649x454,JPEG,structural-cracks-1233.jpg,Structural cracks,no,D24/D20 naming-convention reversal,yes — decorative/non-evidential only,1233,structural-cracks-1233.jpg,defer with page; before future release apply the recorded underlying media disposition; underlying: permitted generic decoration,none,no — page is outside the smallest launch,page_id=1410; widget_type=image-box; setting=image; decorative; permission=pipeline-permitted in derivative; source_geographic_claim=none in permitted derivative; project_claim=no; can be removed without loss of page meaning; derivative_slot=present
IMG-0510,D22 deferred — unresearched,concreters-macquarie-fields,suburb,af91c52,98fbeea — Patios & Alfresco / Paths & Pathways / Coloured & Decorative,DEFERRED,optional,existing re-encoded media,Concrete sealing; visible purpose: Patios & Alfresco,landscape,723:400,723x400,JPEG,concrete-sealing-1345.jpg,Concrete sealing,no,D24/D20 naming-convention reversal,yes — decorative/non-evidential only,1345,concrete-sealing-1345.jpg,defer with page; before future release apply the recorded underlying media disposition; underlying: permitted generic decoration,none,no — page is outside the smallest launch,page_id=1410; widget_type=image-box; setting=image; decorative; permission=pipeline-permitted in derivative; source_geographic_claim=none in permitted derivative; project_claim=no; can be removed without loss of page meaning; derivative_slot=present
IMG-0511,D22 deferred — unresearched,concreters-macquarie-fields,suburb,e6c2ed7,98fbeea — Patios & Alfresco / Paths & Pathways / Coloured & Decorative,DEFERRED,optional,existing re-encoded media,Concrete driveway cracks; visible purpose: Paths & Pathways,landscape,125:94,625x470,JPEG,concrete-driveway-cracks-1359.jpg,Concrete driveway cracks,no,D24/D20 naming-convention reversal,yes — decorative/non-evidential only,1359,concrete-driveway-cracks-1359.jpg,defer with page; before future release apply the recorded underlying media disposition; underlying: permitted generic decoration,none,no — page is outside the smallest launch,page_id=1410; widget_type=image-box; setting=image; decorative; permission=pipeline-permitted in derivative; source_geographic_claim=none in permitted derivative; project_claim=no; can be removed without loss of page meaning; derivative_slot=present
IMG-0512,D22 deferred — unresearched,concreters-macquarie-fields,suburb,d06ebf3,98fbeea — Patios & Alfresco / Paths & Pathways / Coloured & Decorative,DEFERRED,optional,existing re-encoded media,Concrete sealing; visible purpose: Coloured & Decorative,landscape,723:400,723x400,JPEG,concrete-sealing-1345.jpg,Concrete sealing,no,D24/D20 naming-convention reversal,yes — decorative/non-evidential only,1345,concrete-sealing-1345.jpg,defer with page; before future release apply the recorded underlying media disposition; underlying: permitted generic decoration,none,no — page is outside the smallest launch,page_id=1410; widget_type=image-box; setting=image; decorative; permission=pipeline-permitted in derivative; source_geographic_claim=none in permitted derivative; project_claim=no; can be removed without loss of page meaning; derivative_slot=present
IMG-0513,D22 deferred — unresearched,concreters-raby,suburb,7c2526d7,7c2526d7 — Concreters Raby,DEFERRED,optional,existing re-encoded media,Exposed aggregate concrete; visible purpose: Concreters Raby,square,1:1,2007x2007,JPEG,exposed-aggregate-concrete-50.jpg,Exposed aggregate concrete,no,D24/D20 naming-convention reversal,yes — decorative/non-evidential only,50,exposed-aggregate-concrete-50.jpg,defer with page; before future release apply the recorded underlying media disposition; underlying: permitted generic decoration,none,no — page is outside the smallest launch,page_id=1411; widget_type=container; setting=background_image; decorative; permission=pipeline-permitted in derivative; source_geographic_claim=none in permitted derivative; project_claim=no; can be removed without loss of page meaning; derivative_slot=present
IMG-0514,D22 deferred — unresearched,concreters-raby,suburb,a86c195,9e36728 — Concrete Driveways / Concrete Slabs / Exposed Aggregate,DEFERRED,optional,existing re-encoded media,Freshly poured concrete slab beside a two-storey home; visible purpose: Concrete Driveways,landscape,1103:812,1103x812,WebP,fresh-concrete-backyard-slab-47.webp,Freshly poured concrete slab beside a two-storey home,no,owner-recorded Band B verdict; build/45-media-remediation.csv,yes — decorative/non-evidential only,47,fresh-concrete-backyard-slab-47.webp,defer with page; before future release apply the recorded underlying media disposition; underlying: permitted generic decoration,none,no — page is outside the smallest launch,page_id=1411; widget_type=image-box; setting=image; decorative; permission=pipeline-permitted in derivative; source_geographic_claim=none in permitted derivative; project_claim=no; can be removed without loss of page meaning; derivative_slot=present
IMG-0515,D22 deferred — unresearched,concreters-raby,suburb,516941f,9e36728 — Concrete Driveways / Concrete Slabs / Exposed Aggregate,DEFERRED,optional,existing re-encoded media,Exposed aggregate driveway leading to a carport; visible purpose: Concrete Slabs,landscape,1333:751,1333x751,WebP,exposed-aggregate-residential-driveway-48.webp,Exposed aggregate driveway leading to a carport,no,owner-recorded Band B verdict; build/45-media-remediation.csv,yes — decorative/non-evidential only,48,exposed-aggregate-residential-driveway-48.webp,defer with page; before future release apply the recorded underlying media disposition; underlying: permitted generic decoration,none,no — page is outside the smallest launch,page_id=1411; widget_type=image-box; setting=image; decorative; permission=pipeline-permitted in derivative; source_geographic_claim=none in permitted derivative; project_claim=no; can be removed without loss of page meaning; derivative_slot=present
IMG-0516,D22 deferred — unresearched,concreters-raby,suburb,f36a8f3,9e36728 — Concrete Driveways / Concrete Slabs / Exposed Aggregate,DEFERRED,optional,existing re-encoded media,Freshly poured concrete beside a swimming pool; visible purpose: Exposed Aggregate,landscape,1333:750,1333x750,WebP,fresh-concrete-pool-surround-49.webp,Freshly poured concrete beside a swimming pool,no,owner-recorded Band B verdict; build/45-media-remediation.csv,yes — decorative/non-evidential only,49,fresh-concrete-pool-surround-49.webp,defer with page; before future release apply the recorded underlying media disposition; underlying: permitted generic decoration,none,no — page is outside the smallest launch,page_id=1411; widget_type=image-box; setting=image; decorative; permission=pipeline-permitted in derivative; source_geographic_claim=none in permitted derivative; project_claim=no; can be removed without loss of page meaning; derivative_slot=present
IMG-0517,D22 deferred — unresearched,concreters-raby,suburb,af91c52,98fbeea — Patios & Alfresco / Paths & Pathways / Coloured & Decorative,DEFERRED,optional,existing re-encoded media,Exposed aggregate concrete; visible purpose: Patios & Alfresco,square,1:1,2007x2007,JPEG,exposed-aggregate-concrete-50.jpg,Exposed aggregate concrete,no,D24/D20 naming-convention reversal,yes — decorative/non-evidential only,50,exposed-aggregate-concrete-50.jpg,defer with page; before future release apply the recorded underlying media disposition; underlying: permitted generic decoration,none,no — page is outside the smallest launch,page_id=1411; widget_type=image-box; setting=image; decorative; permission=pipeline-permitted in derivative; source_geographic_claim=none in permitted derivative; project_claim=no; can be removed without loss of page meaning; derivative_slot=present
IMG-0518,D22 deferred — unresearched,concreters-raby,suburb,e6c2ed7,98fbeea — Patios & Alfresco / Paths & Pathways / Coloured & Decorative,DEFERRED,optional,existing re-encoded media,Concrete stepping slabs laid through a garden; visible purpose: Paths & Pathways,portrait,3:4,750x1000,WebP,concrete-stepping-slabs-garden-path-51.webp,Concrete stepping slabs laid through a garden,no,owner-recorded Band B verdict; build/45-media-remediation.csv,yes — decorative/non-evidential only,51,concrete-stepping-slabs-garden-path-51.webp,defer with page; before future release apply the recorded underlying media disposition; underlying: permitted generic decoration,none,no — page is outside the smallest launch,page_id=1411; widget_type=image-box; setting=image; decorative; permission=pipeline-permitted in derivative; source_geographic_claim=none in permitted derivative; project_claim=no; can be removed without loss of page meaning; derivative_slot=present
IMG-0519,D22 deferred — unresearched,concreters-raby,suburb,d06ebf3,98fbeea — Patios & Alfresco / Paths & Pathways / Coloured & Decorative,DEFERRED,optional,existing re-encoded media,Exposed aggregate concrete; visible purpose: Coloured & Decorative,square,1:1,2007x2007,JPEG,exposed-aggregate-concrete-50.jpg,Exposed aggregate concrete,no,D24/D20 naming-convention reversal,yes — decorative/non-evidential only,50,exposed-aggregate-concrete-50.jpg,defer with page; before future release apply the recorded underlying media disposition; underlying: permitted generic decoration,none,no — page is outside the smallest launch,page_id=1411; widget_type=image-box; setting=image; decorative; permission=pipeline-permitted in derivative; source_geographic_claim=none in permitted derivative; project_claim=no; can be removed without loss of page meaning; derivative_slot=present
IMG-0520,D22 deferred — unresearched,concreters-eagle-vale,suburb,7c2526d7,7c2526d7 — Concreters Eagle Vale,DEFERRED,optional,existing re-encoded media,Exposed aggregate concrete; visible purpose: Concreters Eagle Vale,square,1:1,2007x2007,JPEG,exposed-aggregate-concrete-50.jpg,Exposed aggregate concrete,no,D24/D20 naming-convention reversal,yes — decorative/non-evidential only,50,exposed-aggregate-concrete-50.jpg,defer with page; before future release apply the recorded underlying media disposition; underlying: permitted generic decoration,none,no — page is outside the smallest launch,page_id=1412; widget_type=container; setting=background_image; decorative; permission=pipeline-permitted in derivative; source_geographic_claim=none in permitted derivative; project_claim=no; can be removed without loss of page meaning; derivative_slot=present
IMG-0521,D22 deferred — unresearched,concreters-eagle-vale,suburb,a86c195,9e36728 — Concrete Driveways / Concrete Slabs / Exposed Aggregate,DEFERRED,optional,existing re-encoded media,Dry cracked ground surface; visible purpose: Concrete Driveways,landscape,723:350,723x350,JPEG,dry-cracked-ground-1188.jpg,Dry cracked ground surface,no,D18/D20: remove unsupported geographic and geological assertion,yes — decorative/non-evidential only,1188,dry-cracked-ground-1188.jpg,defer with page; before future release apply the recorded underlying media disposition; underlying: permitted generic decoration,none,no — page is outside the smallest launch,page_id=1412; widget_type=image-box; setting=image; decorative; permission=pipeline-permitted in derivative; source_geographic_claim=none in permitted derivative; project_claim=no; can be removed without loss of page meaning; derivative_slot=present
IMG-0522,D22 deferred — unresearched,concreters-eagle-vale,suburb,516941f,9e36728 — Concrete Driveways / Concrete Slabs / Exposed Aggregate,DEFERRED,optional,existing re-encoded media,Shrinkage cracks; visible purpose: Concrete Slabs,landscape,489:368,489x368,JPEG,shrinkage-cracks-1230.jpg,Shrinkage cracks,no,D24/D20 naming-convention reversal,yes — decorative/non-evidential only,1230,shrinkage-cracks-1230.jpg,defer with page; before future release apply the recorded underlying media disposition; underlying: permitted generic decoration,none,no — page is outside the smallest launch,page_id=1412; widget_type=image-box; setting=image; decorative; permission=pipeline-permitted in derivative; source_geographic_claim=none in permitted derivative; project_claim=no; can be removed without loss of page meaning; derivative_slot=present
IMG-0523,D22 deferred — unresearched,concreters-eagle-vale,suburb,f36a8f3,9e36728 — Concrete Driveways / Concrete Slabs / Exposed Aggregate,DEFERRED,optional,existing re-encoded media,Settlement cracks; visible purpose: Exposed Aggregate,landscape,627:469,627x469,JPEG,settlement-cracks-1231.jpg,Settlement cracks,no,D24/D20 naming-convention reversal,yes — decorative/non-evidential only,1231,settlement-cracks-1231.jpg,defer with page; before future release apply the recorded underlying media disposition; underlying: permitted generic decoration,none,no — page is outside the smallest launch,page_id=1412; widget_type=image-box; setting=image; decorative; permission=pipeline-permitted in derivative; source_geographic_claim=none in permitted derivative; project_claim=no; can be removed without loss of page meaning; derivative_slot=present
IMG-0524,D22 deferred — unresearched,concreters-eagle-vale,suburb,af91c52,98fbeea — Patios & Alfresco / Paths & Pathways / Coloured & Decorative,DEFERRED,optional,existing re-encoded media,Heave cracks; visible purpose: Patios & Alfresco,landscape,229:143,687x429,JPEG,heave-cracks-1232.jpg,Heave cracks,no,D24/D20 naming-convention reversal,yes — decorative/non-evidential only,1232,heave-cracks-1232.jpg,defer with page; before future release apply the recorded underlying media disposition; underlying: permitted generic decoration,none,no — page is outside the smallest launch,page_id=1412; widget_type=image-box; setting=image; decorative; permission=pipeline-permitted in derivative; source_geographic_claim=none in permitted derivative; project_claim=no; can be removed without loss of page meaning; derivative_slot=present
IMG-0525,D22 deferred — unresearched,concreters-eagle-vale,suburb,e6c2ed7,98fbeea — Patios & Alfresco / Paths & Pathways / Coloured & Decorative,DEFERRED,optional,existing re-encoded media,Structural cracks; visible purpose: Paths & Pathways,landscape,649:454,649x454,JPEG,structural-cracks-1233.jpg,Structural cracks,no,D24/D20 naming-convention reversal,yes — decorative/non-evidential only,1233,structural-cracks-1233.jpg,defer with page; before future release apply the recorded underlying media disposition; underlying: permitted generic decoration,none,no — page is outside the smallest launch,page_id=1412; widget_type=image-box; setting=image; decorative; permission=pipeline-permitted in derivative; source_geographic_claim=none in permitted derivative; project_claim=no; can be removed without loss of page meaning; derivative_slot=present
IMG-0526,D22 deferred — unresearched,concreters-eagle-vale,suburb,d06ebf3,98fbeea — Patios & Alfresco / Paths & Pathways / Coloured & Decorative,DEFERRED,optional,existing re-encoded media,Heave cracks; visible purpose: Coloured & Decorative,landscape,229:143,687x429,JPEG,heave-cracks-1232.jpg,Heave cracks,no,D24/D20 naming-convention reversal,yes — decorative/non-evidential only,1232,heave-cracks-1232.jpg,defer with page; before future release apply the recorded underlying media disposition; underlying: permitted generic decoration,none,no — page is outside the smallest launch,page_id=1412; widget_type=image-box; setting=image; decorative; permission=pipeline-permitted in derivative; source_geographic_claim=none in permitted derivative; project_claim=no; can be removed without loss of page meaning; derivative_slot=present
IMG-0527,D22 deferred — unresearched,concreters-bradbury,suburb,7c2526d7,7c2526d7 — Concreters Bradbury,DEFERRED,optional,existing re-encoded media,Exposed aggregate concrete; visible purpose: Concreters Bradbury,square,1:1,2007x2007,JPEG,exposed-aggregate-concrete-50.jpg,Exposed aggregate concrete,no,D24/D20 naming-convention reversal,yes — decorative/non-evidential only,50,exposed-aggregate-concrete-50.jpg,defer with page; before future release apply the recorded underlying media disposition; underlying: permitted generic decoration,none,no — page is outside the smallest launch,page_id=1413; widget_type=container; setting=background_image; decorative; permission=pipeline-permitted in derivative; source_geographic_claim=none in permitted derivative; project_claim=no; can be removed without loss of page meaning; derivative_slot=present
IMG-0528,D22 deferred — unresearched,concreters-bradbury,suburb,a86c195,9e36728 — Concrete Driveways / Concrete Slabs / Exposed Aggregate,DEFERRED,optional,existing re-encoded media,Image contact 1 camden in the context of Concreters Bradbury; visible purpose: Concrete Driveways,landscape,836:421,836x421,JPEG,image-contact-1-276.jpg,Describe only the visible subject; empty alt if purely decorative,no,D24/D20 naming-convention reversal,yes — decorative/non-evidential only,276,image-contact-1-276.jpg,defer with page; before future release apply the recorded underlying media disposition; underlying: blank placeholder; remove before future release,none,no — page is outside the smallest launch,page_id=1413; widget_type=image-box; setting=image; decorative; permission=pipeline-permitted in derivative; source_geographic_claim=none in permitted derivative; project_claim=no; can be removed without loss of page meaning; derivative_slot=present
IMG-0529,D22 deferred — unresearched,concreters-bradbury,suburb,516941f,9e36728 — Concrete Driveways / Concrete Slabs / Exposed Aggregate,DEFERRED,optional,existing re-encoded media,Image placeholder hero 1 camden in the context of Concreters Bradbury; visible purpose: Concrete Slabs,landscape,503:409,1006x818,JPEG,image-placeholder-hero-1-277.jpeg,Describe only the visible subject; empty alt if purely decorative,no,D24/D20 naming-convention reversal,yes — decorative/non-evidential only,277,image-placeholder-hero-1-277.jpeg,defer with page; before future release apply the recorded underlying media disposition; underlying: blank placeholder; remove before future release,none,no — page is outside the smallest launch,page_id=1413; widget_type=image-box; setting=image; decorative; permission=pipeline-permitted in derivative; source_geographic_claim=none in permitted derivative; project_claim=no; can be removed without loss of page meaning; derivative_slot=present
IMG-0530,D22 deferred — unresearched,concreters-bradbury,suburb,f36a8f3,9e36728 — Concrete Driveways / Concrete Slabs / Exposed Aggregate,DEFERRED,optional,existing re-encoded media,Image placeholder about 1 camden in the context of Concreters Bradbury; visible purpose: Exposed Aggregate,landscape,223:196,669x588,JPEG,image-placeholder-about-1-278.jpeg,Describe only the visible subject; empty alt if purely decorative,no,D24/D20 naming-convention reversal,yes — decorative/non-evidential only,278,image-placeholder-about-1-278.jpeg,defer with page; before future release apply the recorded underlying media disposition; underlying: blank placeholder; remove before future release,none,no — page is outside the smallest launch,page_id=1413; widget_type=image-box; setting=image; decorative; permission=pipeline-permitted in derivative; source_geographic_claim=none in permitted derivative; project_claim=no; can be removed without loss of page meaning; derivative_slot=present
IMG-0531,D22 deferred — unresearched,concreters-bradbury,suburb,af91c52,98fbeea — Patios & Alfresco / Paths & Pathways / Coloured & Decorative,DEFERRED,optional,existing re-encoded media,Image placeholder about camden in the context of Concreters Bradbury; visible purpose: Patios & Alfresco,landscape,223:196,669x588,JPEG,image-placeholder-about-279.jpeg,Describe only the visible subject; empty alt if purely decorative,no,D24/D20 naming-convention reversal,yes — decorative/non-evidential only,279,image-placeholder-about-279.jpeg,defer with page; before future release apply the recorded underlying media disposition; underlying: blank placeholder; remove before future release,none,no — page is outside the smallest launch,page_id=1413; widget_type=image-box; setting=image; decorative; permission=pipeline-permitted in derivative; source_geographic_claim=none in permitted derivative; project_claim=no; can be removed without loss of page meaning; derivative_slot=present
IMG-0532,D22 deferred — unresearched,concreters-bradbury,suburb,e6c2ed7,98fbeea — Patios & Alfresco / Paths & Pathways / Coloured & Decorative,DEFERRED,optional,existing re-encoded media,Image testemonials camden in the context of Concreters Bradbury; visible purpose: Paths & Pathways,square,1:1,62x62,JPEG,,Describe only the visible subject; empty alt if purely decorative,no,owner-recorded Band B verdict; build/45-media-remediation.csv,yes — decorative/non-evidential only,280,image-testemonials-camden-280.jpeg,defer with page; before future release apply the recorded underlying media disposition; underlying: prohibited slot already removed,none,no — page is outside the smallest launch,page_id=1413; widget_type=image-box; setting=image; decorative; permission=not in derivative; source_geographic_claim=none in permitted derivative; project_claim=no; can be removed without loss of page meaning; derivative_slot=absent
IMG-0533,D22 deferred — unresearched,concreters-bradbury,suburb,d06ebf3,98fbeea — Patios & Alfresco / Paths & Pathways / Coloured & Decorative,DEFERRED,optional,existing re-encoded media,Image placeholder about camden in the context of Concreters Bradbury; visible purpose: Coloured & Decorative,landscape,223:196,669x588,JPEG,image-placeholder-about-279.jpeg,Describe only the visible subject; empty alt if purely decorative,no,D24/D20 naming-convention reversal,yes — decorative/non-evidential only,279,image-placeholder-about-279.jpeg,defer with page; before future release apply the recorded underlying media disposition; underlying: blank placeholder; remove before future release,none,no — page is outside the smallest launch,page_id=1413; widget_type=image-box; setting=image; decorative; permission=pipeline-permitted in derivative; source_geographic_claim=none in permitted derivative; project_claim=no; can be removed without loss of page meaning; derivative_slot=present
IMG-0534,D22 deferred — unresearched,concreters-glen-alpine,suburb,7c2526d7,7c2526d7 — Concreters Glen Alpine,DEFERRED,optional,existing re-encoded media,Exposed aggregate concrete; visible purpose: Concreters Glen Alpine,square,1:1,2007x2007,JPEG,exposed-aggregate-concrete-50.jpg,Exposed aggregate concrete,no,D24/D20 naming-convention reversal,yes — decorative/non-evidential only,50,exposed-aggregate-concrete-50.jpg,defer with page; before future release apply the recorded underlying media disposition; underlying: permitted generic decoration,none,no — page is outside the smallest launch,page_id=1414; widget_type=container; setting=background_image; decorative; permission=pipeline-permitted in derivative; source_geographic_claim=none in permitted derivative; project_claim=no; can be removed without loss of page meaning; derivative_slot=present
IMG-0535,D22 deferred — unresearched,concreters-glen-alpine,suburb,a86c195,9e36728 — Concrete Driveways / Concrete Slabs / Exposed Aggregate,DEFERRED,optional,existing re-encoded media,Wianamatta shale clay camden in the context of Concreters Glen Alpine; visible purpose: Concrete Driveways,landscape,627:470,627x470,JPEG,,Describe only the visible subject; empty alt if purely decorative,no,D19 removes the Tarneit soil photograph and retains its containing sections,yes — decorative/non-evidential only,1020,wianamatta-shale-clay-camden-1020.jpg,defer with page; before future release apply the recorded underlying media disposition; underlying: prohibited slot already removed,none,no — page is outside the smallest launch,page_id=1414; widget_type=image-box; setting=image; decorative; permission=not in derivative; source_geographic_claim=none in permitted derivative; project_claim=no; can be removed without loss of page meaning; derivative_slot=absent
IMG-0536,D22 deferred — unresearched,concreters-glen-alpine,suburb,516941f,9e36728 — Concrete Driveways / Concrete Slabs / Exposed Aggregate,DEFERRED,optional,existing re-encoded media,Aerial view of a waterway beside a residential area; visible purpose: Concrete Slabs,landscape,4:3,784x588,JPEG,aerial-waterway-residential-area-1056.jpg,Aerial view of a waterway beside a residential area,no,D18/D20: Victorian Davis Creek cannot be named as South Creek,yes — decorative/non-evidential only,1056,aerial-waterway-residential-area-1056.jpg,defer with page; before future release apply the recorded underlying media disposition; underlying: permitted generic decoration,none,no — page is outside the smallest launch,page_id=1414; widget_type=image-box; setting=image; decorative; permission=pipeline-permitted in derivative; source_geographic_claim=none in permitted derivative; project_claim=no; can be removed without loss of page meaning; derivative_slot=present
IMG-0537,D22 deferred — unresearched,concreters-glen-alpine,suburb,f36a8f3,9e36728 — Concrete Driveways / Concrete Slabs / Exposed Aggregate,DEFERRED,optional,existing re-encoded media,Concrete slabs; visible purpose: Exposed Aggregate,square,1:1,543x543,JPEG,concrete-slabs-1065.jpg,Concrete slabs,no,D24/D20 naming-convention reversal,yes — decorative/non-evidential only,1065,concrete-slabs-1065.jpg,defer with page; before future release apply the recorded underlying media disposition; underlying: permitted generic decoration,none,no — page is outside the smallest launch,page_id=1414; widget_type=image-box; setting=image; decorative; permission=pipeline-permitted in derivative; source_geographic_claim=none in permitted derivative; project_claim=no; can be removed without loss of page meaning; derivative_slot=present
IMG-0538,D22 deferred — unresearched,concreters-glen-alpine,suburb,af91c52,98fbeea — Patios & Alfresco / Paths & Pathways / Coloured & Decorative,DEFERRED,optional,existing re-encoded media,Pouring a concrete slab; visible purpose: Patios & Alfresco,landscape,3:2,627x418,JPEG,pouring-a-concrete-slab-1066.jpg,Pouring a concrete slab,no,D24/D20 naming-convention reversal,yes — decorative/non-evidential only,1066,pouring-a-concrete-slab-1066.jpg,defer with page; before future release apply the recorded underlying media disposition; underlying: permitted generic decoration,none,no — page is outside the smallest launch,page_id=1414; widget_type=image-box; setting=image; decorative; permission=pipeline-permitted in derivative; source_geographic_claim=none in permitted derivative; project_claim=no; can be removed without loss of page meaning; derivative_slot=present
IMG-0539,D22 deferred — unresearched,concreters-glen-alpine,suburb,e6c2ed7,98fbeea — Patios & Alfresco / Paths & Pathways / Coloured & Decorative,DEFERRED,optional,existing re-encoded media,Verified badge e1784545689665 camden in the context of Concreters Glen Alpine; visible purpose: Paths & Pathways,landscape,140:113,980x791,AVIF,,Describe only the visible subject; empty alt if purely decorative,no,owner-recorded Band B verdict; build/45-media-remediation.csv,yes — decorative/non-evidential only,1067,verified-badge-e1784545689665-camden-1067.avif,defer with page; before future release apply the recorded underlying media disposition; underlying: prohibited slot already removed,none,no — page is outside the smallest launch,page_id=1414; widget_type=image-box; setting=image; decorative; permission=not in derivative; source_geographic_claim=none in permitted derivative; project_claim=no; can be removed without loss of page meaning; derivative_slot=absent
IMG-0540,D22 deferred — unresearched,concreters-glen-alpine,suburb,d06ebf3,98fbeea — Patios & Alfresco / Paths & Pathways / Coloured & Decorative,DEFERRED,optional,existing re-encoded media,Pouring a concrete slab; visible purpose: Coloured & Decorative,landscape,3:2,627x418,JPEG,pouring-a-concrete-slab-1066.jpg,Pouring a concrete slab,no,D24/D20 naming-convention reversal,yes — decorative/non-evidential only,1066,pouring-a-concrete-slab-1066.jpg,defer with page; before future release apply the recorded underlying media disposition; underlying: permitted generic decoration,none,no — page is outside the smallest launch,page_id=1414; widget_type=image-box; setting=image; decorative; permission=pipeline-permitted in derivative; source_geographic_claim=none in permitted derivative; project_claim=no; can be removed without loss of page meaning; derivative_slot=present
IMG-0541,D22 deferred — unresearched,concreters-gilead,suburb,7c2526d7,7c2526d7 — Concreters Gilead,DEFERRED,optional,existing re-encoded media,Exposed aggregate concrete; visible purpose: Concreters Gilead,square,1:1,2007x2007,JPEG,exposed-aggregate-concrete-50.jpg,Exposed aggregate concrete,no,D24/D20 naming-convention reversal,yes — decorative/non-evidential only,50,exposed-aggregate-concrete-50.jpg,defer with page; before future release apply the recorded underlying media disposition; underlying: permitted generic decoration,none,no — page is outside the smallest launch,page_id=1415; widget_type=container; setting=background_image; decorative; permission=pipeline-permitted in derivative; source_geographic_claim=none in permitted derivative; project_claim=no; can be removed without loss of page meaning; derivative_slot=present
IMG-0542,D22 deferred — unresearched,concreters-gilead,suburb,a86c195,9e36728 — Concrete Driveways / Concrete Slabs / Exposed Aggregate,DEFERRED,optional,existing re-encoded media,Image placeholder about 1 camden in the context of Concreters Gilead; visible purpose: Concrete Driveways,landscape,223:196,669x588,JPEG,image-placeholder-about-1-278.jpeg,Describe only the visible subject; empty alt if purely decorative,no,D24/D20 naming-convention reversal,yes — decorative/non-evidential only,278,image-placeholder-about-1-278.jpeg,defer with page; before future release apply the recorded underlying media disposition; underlying: blank placeholder; remove before future release,none,no — page is outside the smallest launch,page_id=1415; widget_type=image-box; setting=image; decorative; permission=pipeline-permitted in derivative; source_geographic_claim=none in permitted derivative; project_claim=no; can be removed without loss of page meaning; derivative_slot=present
IMG-0543,D22 deferred — unresearched,concreters-gilead,suburb,516941f,9e36728 — Concrete Driveways / Concrete Slabs / Exposed Aggregate,DEFERRED,optional,existing re-encoded media,Image placeholder about camden in the context of Concreters Gilead; visible purpose: Concrete Slabs,landscape,223:196,669x588,JPEG,image-placeholder-about-279.jpeg,Describe only the visible subject; empty alt if purely decorative,no,D24/D20 naming-convention reversal,yes — decorative/non-evidential only,279,image-placeholder-about-279.jpeg,defer with page; before future release apply the recorded underlying media disposition; underlying: blank placeholder; remove before future release,none,no — page is outside the smallest launch,page_id=1415; widget_type=image-box; setting=image; decorative; permission=pipeline-permitted in derivative; source_geographic_claim=none in permitted derivative; project_claim=no; can be removed without loss of page meaning; derivative_slot=present
IMG-0544,D22 deferred — unresearched,concreters-gilead,suburb,f36a8f3,9e36728 — Concrete Driveways / Concrete Slabs / Exposed Aggregate,DEFERRED,optional,existing re-encoded media,Image testemonials camden in the context of Concreters Gilead; visible purpose: Exposed Aggregate,square,1:1,62x62,JPEG,,Describe only the visible subject; empty alt if purely decorative,no,owner-recorded Band B verdict; build/45-media-remediation.csv,yes — decorative/non-evidential only,280,image-testemonials-camden-280.jpeg,defer with page; before future release apply the recorded underlying media disposition; underlying: prohibited slot already removed,none,no — page is outside the smallest launch,page_id=1415; widget_type=image-box; setting=image; decorative; permission=not in derivative; source_geographic_claim=none in permitted derivative; project_claim=no; can be removed without loss of page meaning; derivative_slot=absent
IMG-0545,D22 deferred — unresearched,concreters-gilead,suburb,af91c52,98fbeea — Patios & Alfresco / Paths & Pathways / Coloured & Decorative,DEFERRED,optional,existing re-encoded media,About 2 hero camden in the context of Concreters Gilead; visible purpose: Patios & Alfresco,landscape,451:322,902x644,JPEG,about-2-hero-323.jpg,Describe only the visible subject; empty alt if purely decorative,no,D24/D20 naming-convention reversal,yes — decorative/non-evidential only,323,about-2-hero-323.jpg,defer with page; before future release apply the recorded underlying media disposition; underlying: blank placeholder; remove before future release,none,no — page is outside the smallest launch,page_id=1415; widget_type=image-box; setting=image; decorative; permission=pipeline-permitted in derivative; source_geographic_claim=none in permitted derivative; project_claim=no; can be removed without loss of page meaning; derivative_slot=present
IMG-0546,D22 deferred — unresearched,concreters-gilead,suburb,e6c2ed7,98fbeea — Patios & Alfresco / Paths & Pathways / Coloured & Decorative,DEFERRED,optional,existing re-encoded media,Synthetic turf and timber landscaping; no concrete subject; visible purpose: Paths & Pathways,landscape,1254:941,1254x941,WebP,,Describe only the visible subject; empty alt if purely decorative,no,owner worksheet blank; fail-closed under Phase B instruction,yes — decorative/non-evidential only,480,oran-park1-480.webp,defer with page; before future release apply the recorded underlying media disposition; underlying: Band A HOLD; audit recommends UNUSABLE,record explicit UNUSABLE (or another supported verdict); OK also requires cited provenance,yes for Phase B/staging; page publication is deferred,"page_id=1415; widget_type=image-box; setting=image; decorative; permission=HOLD; absent from derivative; source_geographic_claim=Filename asserts Oran Park, NSW.; project_claim=no; can be removed without loss of page meaning; derivative_slot=absent"
IMG-0547,D22 deferred — unresearched,concreters-gilead,suburb,d06ebf3,98fbeea — Patios & Alfresco / Paths & Pathways / Coloured & Decorative,DEFERRED,optional,existing re-encoded media,About 2 hero camden in the context of Concreters Gilead; visible purpose: Coloured & Decorative,landscape,451:322,902x644,JPEG,about-2-hero-323.jpg,Describe only the visible subject; empty alt if purely decorative,no,D24/D20 naming-convention reversal,yes — decorative/non-evidential only,323,about-2-hero-323.jpg,defer with page; before future release apply the recorded underlying media disposition; underlying: blank placeholder; remove before future release,none,no — page is outside the smallest launch,page_id=1415; widget_type=image-box; setting=image; decorative; permission=pipeline-permitted in derivative; source_geographic_claim=none in permitted derivative; project_claim=no; can be removed without loss of page meaning; derivative_slot=present
IMG-0548,D22 deferred — unresearched,concreters-menangle-park,suburb,7c2526d7,7c2526d7 — Concreters Menangle Park,DEFERRED,optional,existing re-encoded media,Exposed aggregate concrete; visible purpose: Concreters Menangle Park,square,1:1,2007x2007,JPEG,exposed-aggregate-concrete-50.jpg,Exposed aggregate concrete,no,D24/D20 naming-convention reversal,yes — decorative/non-evidential only,50,exposed-aggregate-concrete-50.jpg,defer with page; before future release apply the recorded underlying media disposition; underlying: permitted generic decoration,none,no — page is outside the smallest launch,page_id=1416; widget_type=container; setting=background_image; decorative; permission=pipeline-permitted in derivative; source_geographic_claim=none in permitted derivative; project_claim=no; can be removed without loss of page meaning; derivative_slot=present
IMG-0549,D22 deferred — unresearched,concreters-menangle-park,suburb,a86c195,9e36728 — Concrete Driveways / Concrete Slabs / Exposed Aggregate,DEFERRED,optional,existing re-encoded media,Concrete driveway cracks 1; visible purpose: Concrete Driveways,landscape,125:94,625x470,JPEG,concrete-driveway-cracks-1-1361.jpg,Concrete driveway cracks 1,no,D24/D20 naming-convention reversal,yes — decorative/non-evidential only,1361,concrete-driveway-cracks-1-1361.jpg,defer with page; before future release apply the recorded underlying media disposition; underlying: permitted generic decoration,none,no — page is outside the smallest launch,page_id=1416; widget_type=image-box; setting=image; decorative; permission=pipeline-permitted in derivative; source_geographic_claim=none in permitted derivative; project_claim=no; can be removed without loss of page meaning; derivative_slot=present
IMG-0550,D22 deferred — unresearched,concreters-menangle-park,suburb,516941f,9e36728 — Concrete Driveways / Concrete Slabs / Exposed Aggregate,DEFERRED,optional,existing re-encoded media,Concrete driveway cracks 2; visible purpose: Concrete Slabs,landscape,125:94,625x470,JPEG,concrete-driveway-cracks-2-1362.jpg,Concrete driveway cracks 2,no,D24/D20 naming-convention reversal,yes — decorative/non-evidential only,1362,concrete-driveway-cracks-2-1362.jpg,defer with page; before future release apply the recorded underlying media disposition; underlying: permitted generic decoration,none,no — page is outside the smallest launch,page_id=1416; widget_type=image-box; setting=image; decorative; permission=pipeline-permitted in derivative; source_geographic_claim=none in permitted derivative; project_claim=no; can be removed without loss of page meaning; derivative_slot=present
IMG-0551,D22 deferred — unresearched,concreters-menangle-park,suburb,f36a8f3,9e36728 — Concrete Driveways / Concrete Slabs / Exposed Aggregate,DEFERRED,optional,existing re-encoded media,Concrete project detail; visible purpose: Exposed Aggregate,landscape,1411:1098,1411x1098,JPEG,concrete-project-detail-17.jpg,Concrete project detail,no,D24/D20 naming-convention reversal,yes — decorative/non-evidential only,17,concrete-project-detail-17.jpg,defer with page; before future release apply the recorded underlying media disposition; underlying: permitted generic decoration,none,no — page is outside the smallest launch,page_id=1416; widget_type=image-box; setting=image; decorative; permission=pipeline-permitted in derivative; source_geographic_claim=none in permitted derivative; project_claim=no; can be removed without loss of page meaning; derivative_slot=present
IMG-0552,D22 deferred — unresearched,concreters-menangle-park,suburb,af91c52,98fbeea — Patios & Alfresco / Paths & Pathways / Coloured & Decorative,DEFERRED,optional,existing re-encoded media,Concrete project detail; visible purpose: Patios & Alfresco,landscape,1411:941,1411x941,JPEG,concrete-project-detail-18.jpg,Concrete project detail,no,D24/D20 naming-convention reversal,yes — decorative/non-evidential only,18,concrete-project-detail-18.jpg,defer with page; before future release apply the recorded underlying media disposition; underlying: permitted generic decoration,none,no — page is outside the smallest launch,page_id=1416; widget_type=image-box; setting=image; decorative; permission=pipeline-permitted in derivative; source_geographic_claim=none in permitted derivative; project_claim=no; can be removed without loss of page meaning; derivative_slot=present
IMG-0553,D22 deferred — unresearched,concreters-menangle-park,suburb,e6c2ed7,98fbeea — Patios & Alfresco / Paths & Pathways / Coloured & Decorative,DEFERRED,optional,existing re-encoded media,Concrete project detail; visible purpose: Paths & Pathways,landscape,1411:941,1411x941,JPEG,concrete-project-detail-19.jpg,Concrete project detail,no,D24/D20 naming-convention reversal,yes — decorative/non-evidential only,19,concrete-project-detail-19.jpg,defer with page; before future release apply the recorded underlying media disposition; underlying: permitted generic decoration,none,no — page is outside the smallest launch,page_id=1416; widget_type=image-box; setting=image; decorative; permission=pipeline-permitted in derivative; source_geographic_claim=none in permitted derivative; project_claim=no; can be removed without loss of page meaning; derivative_slot=present
IMG-0554,D22 deferred — unresearched,concreters-menangle-park,suburb,d06ebf3,98fbeea — Patios & Alfresco / Paths & Pathways / Coloured & Decorative,DEFERRED,optional,existing re-encoded media,Concrete project detail; visible purpose: Coloured & Decorative,landscape,1411:941,1411x941,JPEG,concrete-project-detail-18.jpg,Concrete project detail,no,D24/D20 naming-convention reversal,yes — decorative/non-evidential only,18,concrete-project-detail-18.jpg,defer with page; before future release apply the recorded underlying media disposition; underlying: permitted generic decoration,none,no — page is outside the smallest launch,page_id=1416; widget_type=image-box; setting=image; decorative; permission=pipeline-permitted in derivative; source_geographic_claim=none in permitted derivative; project_claim=no; can be removed without loss of page meaning; derivative_slot=present
IMG-0555,Wave 3 pending research,concreters-wilton,suburb,7c2526d7,7c2526d7 — Concreters Wilton,DEFERRED,optional,existing re-encoded media,Exposed aggregate concrete; visible purpose: Concreters Wilton,square,1:1,2007x2007,JPEG,exposed-aggregate-concrete-50.jpg,Exposed aggregate concrete,no,D24/D20 naming-convention reversal,yes — decorative/non-evidential only,50,exposed-aggregate-concrete-50.jpg,defer with page; before future release apply the recorded underlying media disposition; underlying: permitted generic decoration,none,no — page is outside the smallest launch,page_id=1417; widget_type=container; setting=background_image; decorative; permission=pipeline-permitted in derivative; source_geographic_claim=none in permitted derivative; project_claim=no; can be removed without loss of page meaning; derivative_slot=present
IMG-0556,Wave 3 pending research,concreters-wilton,suburb,a86c195,9e36728 — Concrete Driveways / Concrete Slabs / Exposed Aggregate,DEFERRED,optional,existing re-encoded media,Aerial landscaped park surrounded by housing; visible purpose: Concrete Driveways,landscape,623:471,623x471,JPEG,aerial-suburban-park-and-housing-1152.jpg,Aerial view of a landscaped park surrounded by housing,no,owner worksheet blank; fail-closed under Phase B instruction,yes — decorative/non-evidential only,1152,mount-annan-established-housing-1152.jpg,defer with page; before future release apply the recorded underlying media disposition; underlying: Band A HOLD; audit recommends GENERIC,record explicit GENERIC (or another supported verdict); OK also requires cited provenance,yes for Phase B/staging; page publication is deferred,"page_id=1417; widget_type=image-box; setting=image; decorative; permission=HOLD; absent from derivative; source_geographic_claim=Filename and alt assert established housing in Mount Annan, NSW.; project_claim=no; can be removed without loss of page meaning; derivative_slot=absent"
IMG-0557,Wave 3 pending research,concreters-wilton,suburb,516941f,9e36728 — Concrete Driveways / Concrete Slabs / Exposed Aggregate,DEFERRED,optional,existing re-encoded media,Concrete vehicle crossing between a kerb and property boundary; visible purpose: Concrete Slabs,landscape,767:383,767x383,JPEG,concrete-vehicle-crossing-1153.jpg,Concrete vehicle crossing between a kerb and property boundary,no,D24/D20: remove unsupported Camden council/location assertion,yes — decorative/non-evidential only,1153,concrete-vehicle-crossing-1153.jpg,defer with page; before future release apply the recorded underlying media disposition; underlying: permitted generic decoration,none,no — page is outside the smallest launch,page_id=1417; widget_type=image-box; setting=image; decorative; permission=pipeline-permitted in derivative; source_geographic_claim=none in permitted derivative; project_claim=no; can be removed without loss of page meaning; derivative_slot=present
IMG-0558,Wave 3 pending research,concreters-wilton,suburb,f36a8f3,9e36728 — Concrete Driveways / Concrete Slabs / Exposed Aggregate,DEFERRED,optional,existing re-encoded media,Dark concrete driveway crossing; visible purpose: Exposed Aggregate,landscape,101:76,505x380,JPEG,dark-concrete-driveway-crossing-1185.jpg,Dark concrete driveway crossing between a kerb and property,no,owner worksheet blank; fail-closed under Phase B instruction,yes — decorative/non-evidential only,1185,council-crossing-south-west-sydney-1185.jpg,defer with page; before future release apply the recorded underlying media disposition; underlying: Band A HOLD; audit recommends GENERIC,record explicit GENERIC (or another supported verdict); OK also requires cited provenance,yes for Phase B/staging; page publication is deferred,page_id=1417; widget_type=image-box; setting=image; decorative; permission=HOLD; absent from derivative; source_geographic_claim=Filename and alt assert a council crossing in South West Sydney.; project_claim=no; can be removed without loss of page meaning; derivative_slot=absent
IMG-0559,Wave 3 pending research,concreters-wilton,suburb,af91c52,98fbeea — Patios & Alfresco / Paths & Pathways / Coloured & Decorative,DEFERRED,optional,existing re-encoded media,Modern commercial building with concrete hardstand; visible purpose: Patios & Alfresco,landscape,964:543,964x543,WebP,commercial-building-concrete-hardstand-1186.webp,Modern commercial building with a concrete hardstand,no,owner worksheet blank; fail-closed under Phase B instruction,yes — decorative/non-evidential only,1186,gregory-hills-commercial-concreting-1186.webp,defer with page; before future release apply the recorded underlying media disposition; underlying: Band A HOLD; audit recommends GENERIC,record explicit GENERIC (or another supported verdict); OK also requires cited provenance,yes for Phase B/staging; page publication is deferred,"page_id=1417; widget_type=image-box; setting=image; decorative; permission=HOLD; absent from derivative; source_geographic_claim=Filename and alt assert commercial concreting in Gregory Hills, NSW.; project_claim=no; can be removed without loss of page meaning; derivative_slot=absent"
IMG-0560,Wave 3 pending research,concreters-wilton,suburb,e6c2ed7,98fbeea — Patios & Alfresco / Paths & Pathways / Coloured & Decorative,DEFERRED,optional,existing re-encoded media,Estate playground with prominent M locality branding; no concrete subject; visible purpose: Paths & Pathways,landscape,79:38,632x304,JPEG,,Describe only the visible subject; empty alt if purely decorative,no,owner worksheet blank; fail-closed under Phase B instruction,yes — decorative/non-evidential only,1187,leppington-new-estates-1187.jpg,defer with page; before future release apply the recorded underlying media disposition; underlying: Band A HOLD; audit recommends UNUSABLE,record explicit UNUSABLE (or another supported verdict); OK also requires cited provenance,yes for Phase B/staging; page publication is deferred,"page_id=1417; widget_type=image-box; setting=image; decorative; permission=HOLD; absent from derivative; source_geographic_claim=Filename and alt assert new estates in Leppington, NSW.; project_claim=no; can be removed without loss of page meaning; derivative_slot=absent"
IMG-0561,Wave 3 pending research,concreters-wilton,suburb,d06ebf3,98fbeea — Patios & Alfresco / Paths & Pathways / Coloured & Decorative,DEFERRED,optional,existing re-encoded media,Modern commercial building with concrete hardstand; visible purpose: Coloured & Decorative,landscape,964:543,964x543,WebP,commercial-building-concrete-hardstand-1186.webp,Modern commercial building with a concrete hardstand,no,owner worksheet blank; fail-closed under Phase B instruction,yes — decorative/non-evidential only,1186,gregory-hills-commercial-concreting-1186.webp,defer with page; before future release apply the recorded underlying media disposition; underlying: Band A HOLD; audit recommends GENERIC,record explicit GENERIC (or another supported verdict); OK also requires cited provenance,yes for Phase B/staging; page publication is deferred,"page_id=1417; widget_type=image-box; setting=image; decorative; permission=HOLD; absent from derivative; source_geographic_claim=Filename and alt assert commercial concreting in Gregory Hills, NSW.; project_claim=no; can be removed without loss of page meaning; derivative_slot=absent"
IMG-0562,D22 deferred — unresearched,concreters-picton,suburb,7c2526d7,7c2526d7 — Concreters Picton,DEFERRED,optional,existing re-encoded media,Exposed aggregate concrete; visible purpose: Concreters Picton,square,1:1,2007x2007,JPEG,exposed-aggregate-concrete-50.jpg,Exposed aggregate concrete,no,D24/D20 naming-convention reversal,yes — decorative/non-evidential only,50,exposed-aggregate-concrete-50.jpg,defer with page; before future release apply the recorded underlying media disposition; underlying: permitted generic decoration,none,no — page is outside the smallest launch,page_id=1418; widget_type=container; setting=background_image; decorative; permission=pipeline-permitted in derivative; source_geographic_claim=none in permitted derivative; project_claim=no; can be removed without loss of page meaning; derivative_slot=present
IMG-0563,D22 deferred — unresearched,concreters-picton,suburb,a86c195,9e36728 — Concrete Driveways / Concrete Slabs / Exposed Aggregate,DEFERRED,optional,existing re-encoded media,Heave cracks; visible purpose: Concrete Driveways,landscape,229:143,687x429,JPEG,heave-cracks-1232.jpg,Heave cracks,no,D24/D20 naming-convention reversal,yes — decorative/non-evidential only,1232,heave-cracks-1232.jpg,defer with page; before future release apply the recorded underlying media disposition; underlying: permitted generic decoration,none,no — page is outside the smallest launch,page_id=1418; widget_type=image-box; setting=image; decorative; permission=pipeline-permitted in derivative; source_geographic_claim=none in permitted derivative; project_claim=no; can be removed without loss of page meaning; derivative_slot=present
IMG-0564,D22 deferred — unresearched,concreters-picton,suburb,516941f,9e36728 — Concrete Driveways / Concrete Slabs / Exposed Aggregate,DEFERRED,optional,existing re-encoded media,Structural cracks; visible purpose: Concrete Slabs,landscape,649:454,649x454,JPEG,structural-cracks-1233.jpg,Structural cracks,no,D24/D20 naming-convention reversal,yes — decorative/non-evidential only,1233,structural-cracks-1233.jpg,defer with page; before future release apply the recorded underlying media disposition; underlying: permitted generic decoration,none,no — page is outside the smallest launch,page_id=1418; widget_type=image-box; setting=image; decorative; permission=pipeline-permitted in derivative; source_geographic_claim=none in permitted derivative; project_claim=no; can be removed without loss of page meaning; derivative_slot=present
IMG-0565,D22 deferred — unresearched,concreters-picton,suburb,f36a8f3,9e36728 — Concrete Driveways / Concrete Slabs / Exposed Aggregate,DEFERRED,optional,existing re-encoded media,Concrete sealing; visible purpose: Exposed Aggregate,landscape,723:400,723x400,JPEG,concrete-sealing-1345.jpg,Concrete sealing,no,D24/D20 naming-convention reversal,yes — decorative/non-evidential only,1345,concrete-sealing-1345.jpg,defer with page; before future release apply the recorded underlying media disposition; underlying: permitted generic decoration,none,no — page is outside the smallest launch,page_id=1418; widget_type=image-box; setting=image; decorative; permission=pipeline-permitted in derivative; source_geographic_claim=none in permitted derivative; project_claim=no; can be removed without loss of page meaning; derivative_slot=present
IMG-0566,D22 deferred — unresearched,concreters-picton,suburb,af91c52,98fbeea — Patios & Alfresco / Paths & Pathways / Coloured & Decorative,DEFERRED,optional,existing re-encoded media,Concrete driveway cracks; visible purpose: Patios & Alfresco,landscape,125:94,625x470,JPEG,concrete-driveway-cracks-1359.jpg,Concrete driveway cracks,no,D24/D20 naming-convention reversal,yes — decorative/non-evidential only,1359,concrete-driveway-cracks-1359.jpg,defer with page; before future release apply the recorded underlying media disposition; underlying: permitted generic decoration,none,no — page is outside the smallest launch,page_id=1418; widget_type=image-box; setting=image; decorative; permission=pipeline-permitted in derivative; source_geographic_claim=none in permitted derivative; project_claim=no; can be removed without loss of page meaning; derivative_slot=present
IMG-0567,D22 deferred — unresearched,concreters-picton,suburb,e6c2ed7,98fbeea — Patios & Alfresco / Paths & Pathways / Coloured & Decorative,DEFERRED,optional,existing re-encoded media,Concrete driveway cracks 1; visible purpose: Paths & Pathways,landscape,125:94,625x470,JPEG,concrete-driveway-cracks-1-1361.jpg,Concrete driveway cracks 1,no,D24/D20 naming-convention reversal,yes — decorative/non-evidential only,1361,concrete-driveway-cracks-1-1361.jpg,defer with page; before future release apply the recorded underlying media disposition; underlying: permitted generic decoration,none,no — page is outside the smallest launch,page_id=1418; widget_type=image-box; setting=image; decorative; permission=pipeline-permitted in derivative; source_geographic_claim=none in permitted derivative; project_claim=no; can be removed without loss of page meaning; derivative_slot=present
IMG-0568,D22 deferred — unresearched,concreters-picton,suburb,d06ebf3,98fbeea — Patios & Alfresco / Paths & Pathways / Coloured & Decorative,DEFERRED,optional,existing re-encoded media,Concrete driveway cracks; visible purpose: Coloured & Decorative,landscape,125:94,625x470,JPEG,concrete-driveway-cracks-1359.jpg,Concrete driveway cracks,no,D24/D20 naming-convention reversal,yes — decorative/non-evidential only,1359,concrete-driveway-cracks-1359.jpg,defer with page; before future release apply the recorded underlying media disposition; underlying: permitted generic decoration,none,no — page is outside the smallest launch,page_id=1418; widget_type=image-box; setting=image; decorative; permission=pipeline-permitted in derivative; source_geographic_claim=none in permitted derivative; project_claim=no; can be removed without loss of page meaning; derivative_slot=present
IMG-0569,D22 deferred — unresearched,concreters-tahmoor,suburb,7c2526d7,7c2526d7 — Concreters Tahmoor,DEFERRED,optional,existing re-encoded media,Exposed aggregate concrete; visible purpose: Concreters Tahmoor,square,1:1,2007x2007,JPEG,exposed-aggregate-concrete-50.jpg,Exposed aggregate concrete,no,D24/D20 naming-convention reversal,yes — decorative/non-evidential only,50,exposed-aggregate-concrete-50.jpg,defer with page; before future release apply the recorded underlying media disposition; underlying: permitted generic decoration,none,no — page is outside the smallest launch,page_id=1419; widget_type=container; setting=background_image; decorative; permission=pipeline-permitted in derivative; source_geographic_claim=none in permitted derivative; project_claim=no; can be removed without loss of page meaning; derivative_slot=present
IMG-0570,D22 deferred — unresearched,concreters-tahmoor,suburb,a86c195,9e36728 — Concrete Driveways / Concrete Slabs / Exposed Aggregate,DEFERRED,optional,existing re-encoded media,Image placeholder about camden in the context of Concreters Tahmoor; visible purpose: Concrete Driveways,landscape,223:196,669x588,JPEG,image-placeholder-about-279.jpeg,Describe only the visible subject; empty alt if purely decorative,no,D24/D20 naming-convention reversal,yes — decorative/non-evidential only,279,image-placeholder-about-279.jpeg,defer with page; before future release apply the recorded underlying media disposition; underlying: blank placeholder; remove before future release,none,no — page is outside the smallest launch,page_id=1419; widget_type=image-box; setting=image; decorative; permission=pipeline-permitted in derivative; source_geographic_claim=none in permitted derivative; project_claim=no; can be removed without loss of page meaning; derivative_slot=present
IMG-0571,D22 deferred — unresearched,concreters-tahmoor,suburb,516941f,9e36728 — Concrete Driveways / Concrete Slabs / Exposed Aggregate,DEFERRED,optional,existing re-encoded media,Image testemonials camden in the context of Concreters Tahmoor; visible purpose: Concrete Slabs,square,1:1,62x62,JPEG,,Describe only the visible subject; empty alt if purely decorative,no,owner-recorded Band B verdict; build/45-media-remediation.csv,yes — decorative/non-evidential only,280,image-testemonials-camden-280.jpeg,defer with page; before future release apply the recorded underlying media disposition; underlying: prohibited slot already removed,none,no — page is outside the smallest launch,page_id=1419; widget_type=image-box; setting=image; decorative; permission=not in derivative; source_geographic_claim=none in permitted derivative; project_claim=no; can be removed without loss of page meaning; derivative_slot=absent
IMG-0572,D22 deferred — unresearched,concreters-tahmoor,suburb,f36a8f3,9e36728 — Concrete Driveways / Concrete Slabs / Exposed Aggregate,DEFERRED,optional,existing re-encoded media,About 2 hero camden in the context of Concreters Tahmoor; visible purpose: Exposed Aggregate,landscape,451:322,902x644,JPEG,about-2-hero-323.jpg,Describe only the visible subject; empty alt if purely decorative,no,D24/D20 naming-convention reversal,yes — decorative/non-evidential only,323,about-2-hero-323.jpg,defer with page; before future release apply the recorded underlying media disposition; underlying: blank placeholder; remove before future release,none,no — page is outside the smallest launch,page_id=1419; widget_type=image-box; setting=image; decorative; permission=pipeline-permitted in derivative; source_geographic_claim=none in permitted derivative; project_claim=no; can be removed without loss of page meaning; derivative_slot=present
IMG-0573,D22 deferred — unresearched,concreters-tahmoor,suburb,af91c52,98fbeea — Patios & Alfresco / Paths & Pathways / Coloured & Decorative,DEFERRED,optional,existing re-encoded media,Synthetic turf and timber landscaping; no concrete subject; visible purpose: Patios & Alfresco,landscape,1254:941,1254x941,WebP,,Describe only the visible subject; empty alt if purely decorative,no,owner worksheet blank; fail-closed under Phase B instruction,yes — decorative/non-evidential only,480,oran-park1-480.webp,defer with page; before future release apply the recorded underlying media disposition; underlying: Band A HOLD; audit recommends UNUSABLE,record explicit UNUSABLE (or another supported verdict); OK also requires cited provenance,yes for Phase B/staging; page publication is deferred,"page_id=1419; widget_type=image-box; setting=image; decorative; permission=HOLD; absent from derivative; source_geographic_claim=Filename asserts Oran Park, NSW.; project_claim=no; can be removed without loss of page meaning; derivative_slot=absent"
IMG-0574,D22 deferred — unresearched,concreters-tahmoor,suburb,e6c2ed7,98fbeea — Patios & Alfresco / Paths & Pathways / Coloured & Decorative,DEFERRED,optional,existing re-encoded media,Timber bench or deck; no concrete subject; visible purpose: Paths & Pathways,landscape,1254:941,1254x941,WebP,,Describe only the visible subject; empty alt if purely decorative,no,owner worksheet blank; fail-closed under Phase B instruction,yes — decorative/non-evidential only,481,oran-park2-481.webp,defer with page; before future release apply the recorded underlying media disposition; underlying: Band A HOLD; audit recommends UNUSABLE,record explicit UNUSABLE (or another supported verdict); OK also requires cited provenance,yes for Phase B/staging; page publication is deferred,"page_id=1419; widget_type=image-box; setting=image; decorative; permission=HOLD; absent from derivative; source_geographic_claim=Filename asserts Oran Park, NSW.; project_claim=no; can be removed without loss of page meaning; derivative_slot=absent"
IMG-0575,D22 deferred — unresearched,concreters-tahmoor,suburb,d06ebf3,98fbeea — Patios & Alfresco / Paths & Pathways / Coloured & Decorative,DEFERRED,optional,existing re-encoded media,Synthetic turf and timber landscaping; no concrete subject; visible purpose: Coloured & Decorative,landscape,1254:941,1254x941,WebP,,Describe only the visible subject; empty alt if purely decorative,no,owner worksheet blank; fail-closed under Phase B instruction,yes — decorative/non-evidential only,480,oran-park1-480.webp,defer with page; before future release apply the recorded underlying media disposition; underlying: Band A HOLD; audit recommends UNUSABLE,record explicit UNUSABLE (or another supported verdict); OK also requires cited provenance,yes for Phase B/staging; page publication is deferred,"page_id=1419; widget_type=image-box; setting=image; decorative; permission=HOLD; absent from derivative; source_geographic_claim=Filename asserts Oran Park, NSW.; project_claim=no; can be removed without loss of page meaning; derivative_slot=absent"
IMG-0576,D22 deferred — unresearched,concreters-appin,suburb,7c2526d7,7c2526d7 — Concreters Appin,DEFERRED,optional,existing re-encoded media,Exposed aggregate concrete; visible purpose: Concreters Appin,square,1:1,2007x2007,JPEG,exposed-aggregate-concrete-50.jpg,Exposed aggregate concrete,no,D24/D20 naming-convention reversal,yes — decorative/non-evidential only,50,exposed-aggregate-concrete-50.jpg,defer with page; before future release apply the recorded underlying media disposition; underlying: permitted generic decoration,none,no — page is outside the smallest launch,page_id=1420; widget_type=container; setting=background_image; decorative; permission=pipeline-permitted in derivative; source_geographic_claim=none in permitted derivative; project_claim=no; can be removed without loss of page meaning; derivative_slot=present
IMG-0577,D22 deferred — unresearched,concreters-appin,suburb,a86c195,9e36728 — Concrete Driveways / Concrete Slabs / Exposed Aggregate,DEFERRED,optional,existing re-encoded media,Freshly poured concrete beside a swimming pool; visible purpose: Concrete Driveways,landscape,1333:750,1333x750,WebP,fresh-concrete-pool-surround-49.webp,Freshly poured concrete beside a swimming pool,no,owner-recorded Band B verdict; build/45-media-remediation.csv,yes — decorative/non-evidential only,49,fresh-concrete-pool-surround-49.webp,defer with page; before future release apply the recorded underlying media disposition; underlying: permitted generic decoration,none,no — page is outside the smallest launch,page_id=1420; widget_type=image-box; setting=image; decorative; permission=pipeline-permitted in derivative; source_geographic_claim=none in permitted derivative; project_claim=no; can be removed without loss of page meaning; derivative_slot=present
IMG-0578,D22 deferred — unresearched,concreters-appin,suburb,516941f,9e36728 — Concrete Driveways / Concrete Slabs / Exposed Aggregate,DEFERRED,optional,existing re-encoded media,Exposed aggregate concrete; visible purpose: Concrete Slabs,square,1:1,2007x2007,JPEG,exposed-aggregate-concrete-50.jpg,Exposed aggregate concrete,no,D24/D20 naming-convention reversal,yes — decorative/non-evidential only,50,exposed-aggregate-concrete-50.jpg,defer with page; before future release apply the recorded underlying media disposition; underlying: permitted generic decoration,none,no — page is outside the smallest launch,page_id=1420; widget_type=image-box; setting=image; decorative; permission=pipeline-permitted in derivative; source_geographic_claim=none in permitted derivative; project_claim=no; can be removed without loss of page meaning; derivative_slot=present
IMG-0579,D22 deferred — unresearched,concreters-appin,suburb,f36a8f3,9e36728 — Concrete Driveways / Concrete Slabs / Exposed Aggregate,DEFERRED,optional,existing re-encoded media,Concrete stepping slabs laid through a garden; visible purpose: Exposed Aggregate,portrait,3:4,750x1000,WebP,concrete-stepping-slabs-garden-path-51.webp,Concrete stepping slabs laid through a garden,no,owner-recorded Band B verdict; build/45-media-remediation.csv,yes — decorative/non-evidential only,51,concrete-stepping-slabs-garden-path-51.webp,defer with page; before future release apply the recorded underlying media disposition; underlying: permitted generic decoration,none,no — page is outside the smallest launch,page_id=1420; widget_type=image-box; setting=image; decorative; permission=pipeline-permitted in derivative; source_geographic_claim=none in permitted derivative; project_claim=no; can be removed without loss of page meaning; derivative_slot=present
IMG-0580,D22 deferred — unresearched,concreters-appin,suburb,af91c52,98fbeea — Patios & Alfresco / Paths & Pathways / Coloured & Decorative,DEFERRED,optional,existing re-encoded media,Freshly poured concrete beside a swimming pool; visible purpose: Patios & Alfresco,landscape,1333:750,1333x750,WebP,fresh-concrete-pool-surround-52.webp,Freshly poured concrete beside a swimming pool,no,owner-recorded Band B verdict; build/45-media-remediation.csv,yes — decorative/non-evidential only,52,fresh-concrete-pool-surround-52.webp,defer with page; before future release apply the recorded underlying media disposition; underlying: permitted generic decoration,none,no — page is outside the smallest launch,page_id=1420; widget_type=image-box; setting=image; decorative; permission=pipeline-permitted in derivative; source_geographic_claim=none in permitted derivative; project_claim=no; can be removed without loss of page meaning; derivative_slot=present
IMG-0581,D22 deferred — unresearched,concreters-appin,suburb,e6c2ed7,98fbeea — Patios & Alfresco / Paths & Pathways / Coloured & Decorative,DEFERRED,optional,existing re-encoded media,Patiosandpathways; visible purpose: Paths & Pathways,portrait,3:4,750x1000,WebP,patiosandpathways-53.webp,Patiosandpathways,no,D24/D20 naming-convention reversal,yes — decorative/non-evidential only,53,patiosandpathways-53.webp,defer with page; before future release apply the recorded underlying media disposition; underlying: permitted generic decoration,none,no — page is outside the smallest launch,page_id=1420; widget_type=image-box; setting=image; decorative; permission=pipeline-permitted in derivative; source_geographic_claim=none in permitted derivative; project_claim=no; can be removed without loss of page meaning; derivative_slot=present
IMG-0582,D22 deferred — unresearched,concreters-appin,suburb,d06ebf3,98fbeea — Patios & Alfresco / Paths & Pathways / Coloured & Decorative,DEFERRED,optional,existing re-encoded media,Freshly poured concrete beside a swimming pool; visible purpose: Coloured & Decorative,landscape,1333:750,1333x750,WebP,fresh-concrete-pool-surround-52.webp,Freshly poured concrete beside a swimming pool,no,owner-recorded Band B verdict; build/45-media-remediation.csv,yes — decorative/non-evidential only,52,fresh-concrete-pool-surround-52.webp,defer with page; before future release apply the recorded underlying media disposition; underlying: permitted generic decoration,none,no — page is outside the smallest launch,page_id=1420; widget_type=image-box; setting=image; decorative; permission=pipeline-permitted in derivative; source_geographic_claim=none in permitted derivative; project_claim=no; can be removed without loss of page meaning; derivative_slot=present
IMG-0583,D22 deferred — unresearched,concreters-douglas-park,suburb,7c2526d7,7c2526d7 — Concreters Douglas Park,DEFERRED,optional,existing re-encoded media,Exposed aggregate concrete; visible purpose: Concreters Douglas Park,square,1:1,2007x2007,JPEG,exposed-aggregate-concrete-50.jpg,Exposed aggregate concrete,no,D24/D20 naming-convention reversal,yes — decorative/non-evidential only,50,exposed-aggregate-concrete-50.jpg,defer with page; before future release apply the recorded underlying media disposition; underlying: permitted generic decoration,none,no — page is outside the smallest launch,page_id=1421; widget_type=container; setting=background_image; decorative; permission=pipeline-permitted in derivative; source_geographic_claim=none in permitted derivative; project_claim=no; can be removed without loss of page meaning; derivative_slot=present
IMG-0584,D22 deferred — unresearched,concreters-douglas-park,suburb,a86c195,9e36728 — Concrete Driveways / Concrete Slabs / Exposed Aggregate,DEFERRED,optional,existing re-encoded media,Aerial landscaped park surrounded by housing; visible purpose: Concrete Driveways,landscape,623:471,623x471,JPEG,aerial-suburban-park-and-housing-1152.jpg,Aerial view of a landscaped park surrounded by housing,no,owner worksheet blank; fail-closed under Phase B instruction,yes — decorative/non-evidential only,1152,mount-annan-established-housing-1152.jpg,defer with page; before future release apply the recorded underlying media disposition; underlying: Band A HOLD; audit recommends GENERIC,record explicit GENERIC (or another supported verdict); OK also requires cited provenance,yes for Phase B/staging; page publication is deferred,"page_id=1421; widget_type=image-box; setting=image; decorative; permission=HOLD; absent from derivative; source_geographic_claim=Filename and alt assert established housing in Mount Annan, NSW.; project_claim=no; can be removed without loss of page meaning; derivative_slot=absent"
IMG-0585,D22 deferred — unresearched,concreters-douglas-park,suburb,516941f,9e36728 — Concrete Driveways / Concrete Slabs / Exposed Aggregate,DEFERRED,optional,existing re-encoded media,Concrete vehicle crossing between a kerb and property boundary; visible purpose: Concrete Slabs,landscape,767:383,767x383,JPEG,concrete-vehicle-crossing-1153.jpg,Concrete vehicle crossing between a kerb and property boundary,no,D24/D20: remove unsupported Camden council/location assertion,yes — decorative/non-evidential only,1153,concrete-vehicle-crossing-1153.jpg,defer with page; before future release apply the recorded underlying media disposition; underlying: permitted generic decoration,none,no — page is outside the smallest launch,page_id=1421; widget_type=image-box; setting=image; decorative; permission=pipeline-permitted in derivative; source_geographic_claim=none in permitted derivative; project_claim=no; can be removed without loss of page meaning; derivative_slot=present
IMG-0586,D22 deferred — unresearched,concreters-douglas-park,suburb,f36a8f3,9e36728 — Concrete Driveways / Concrete Slabs / Exposed Aggregate,DEFERRED,optional,existing re-encoded media,Dark concrete driveway crossing; visible purpose: Exposed Aggregate,landscape,101:76,505x380,JPEG,dark-concrete-driveway-crossing-1185.jpg,Dark concrete driveway crossing between a kerb and property,no,owner worksheet blank; fail-closed under Phase B instruction,yes — decorative/non-evidential only,1185,council-crossing-south-west-sydney-1185.jpg,defer with page; before future release apply the recorded underlying media disposition; underlying: Band A HOLD; audit recommends GENERIC,record explicit GENERIC (or another supported verdict); OK also requires cited provenance,yes for Phase B/staging; page publication is deferred,page_id=1421; widget_type=image-box; setting=image; decorative; permission=HOLD; absent from derivative; source_geographic_claim=Filename and alt assert a council crossing in South West Sydney.; project_claim=no; can be removed without loss of page meaning; derivative_slot=absent
IMG-0587,D22 deferred — unresearched,concreters-douglas-park,suburb,af91c52,98fbeea — Patios & Alfresco / Paths & Pathways / Coloured & Decorative,DEFERRED,optional,existing re-encoded media,Modern commercial building with concrete hardstand; visible purpose: Patios & Alfresco,landscape,964:543,964x543,WebP,commercial-building-concrete-hardstand-1186.webp,Modern commercial building with a concrete hardstand,no,owner worksheet blank; fail-closed under Phase B instruction,yes — decorative/non-evidential only,1186,gregory-hills-commercial-concreting-1186.webp,defer with page; before future release apply the recorded underlying media disposition; underlying: Band A HOLD; audit recommends GENERIC,record explicit GENERIC (or another supported verdict); OK also requires cited provenance,yes for Phase B/staging; page publication is deferred,"page_id=1421; widget_type=image-box; setting=image; decorative; permission=HOLD; absent from derivative; source_geographic_claim=Filename and alt assert commercial concreting in Gregory Hills, NSW.; project_claim=no; can be removed without loss of page meaning; derivative_slot=absent"
IMG-0588,D22 deferred — unresearched,concreters-douglas-park,suburb,e6c2ed7,98fbeea — Patios & Alfresco / Paths & Pathways / Coloured & Decorative,DEFERRED,optional,existing re-encoded media,Estate playground with prominent M locality branding; no concrete subject; visible purpose: Paths & Pathways,landscape,79:38,632x304,JPEG,,Describe only the visible subject; empty alt if purely decorative,no,owner worksheet blank; fail-closed under Phase B instruction,yes — decorative/non-evidential only,1187,leppington-new-estates-1187.jpg,defer with page; before future release apply the recorded underlying media disposition; underlying: Band A HOLD; audit recommends UNUSABLE,record explicit UNUSABLE (or another supported verdict); OK also requires cited provenance,yes for Phase B/staging; page publication is deferred,"page_id=1421; widget_type=image-box; setting=image; decorative; permission=HOLD; absent from derivative; source_geographic_claim=Filename and alt assert new estates in Leppington, NSW.; project_claim=no; can be removed without loss of page meaning; derivative_slot=absent"
IMG-0589,D22 deferred — unresearched,concreters-douglas-park,suburb,d06ebf3,98fbeea — Patios & Alfresco / Paths & Pathways / Coloured & Decorative,DEFERRED,optional,existing re-encoded media,Modern commercial building with concrete hardstand; visible purpose: Coloured & Decorative,landscape,964:543,964x543,WebP,commercial-building-concrete-hardstand-1186.webp,Modern commercial building with a concrete hardstand,no,owner worksheet blank; fail-closed under Phase B instruction,yes — decorative/non-evidential only,1186,gregory-hills-commercial-concreting-1186.webp,defer with page; before future release apply the recorded underlying media disposition; underlying: Band A HOLD; audit recommends GENERIC,record explicit GENERIC (or another supported verdict); OK also requires cited provenance,yes for Phase B/staging; page publication is deferred,"page_id=1421; widget_type=image-box; setting=image; decorative; permission=HOLD; absent from derivative; source_geographic_claim=Filename and alt assert commercial concreting in Gregory Hills, NSW.; project_claim=no; can be removed without loss of page meaning; derivative_slot=absent"
IMG-0590,D22 deferred — unresearched,concreters-menangle,suburb,7c2526d7,7c2526d7 — Concreters Menangle,DEFERRED,optional,existing re-encoded media,Exposed aggregate concrete; visible purpose: Concreters Menangle,square,1:1,2007x2007,JPEG,exposed-aggregate-concrete-50.jpg,Exposed aggregate concrete,no,D24/D20 naming-convention reversal,yes — decorative/non-evidential only,50,exposed-aggregate-concrete-50.jpg,defer with page; before future release apply the recorded underlying media disposition; underlying: permitted generic decoration,none,no — page is outside the smallest launch,page_id=1422; widget_type=container; setting=background_image; decorative; permission=pipeline-permitted in derivative; source_geographic_claim=none in permitted derivative; project_claim=no; can be removed without loss of page meaning; derivative_slot=present
IMG-0591,D22 deferred — unresearched,concreters-menangle,suburb,a86c195,9e36728 — Concrete Driveways / Concrete Slabs / Exposed Aggregate,DEFERRED,optional,existing re-encoded media,Exposed aggregate paths leading to a home's front entry; visible purpose: Concrete Driveways,landscape,82:61,820x610,WebP,exposed-aggregate-front-paths-46.webp,Exposed aggregate paths leading to a home's front entry,no,owner-recorded Band B verdict; build/45-media-remediation.csv,yes — decorative/non-evidential only,46,exposed-aggregate-front-paths-46.webp,defer with page; before future release apply the recorded underlying media disposition; underlying: permitted generic decoration,none,no — page is outside the smallest launch,page_id=1422; widget_type=image-box; setting=image; decorative; permission=pipeline-permitted in derivative; source_geographic_claim=none in permitted derivative; project_claim=no; can be removed without loss of page meaning; derivative_slot=present
IMG-0592,D22 deferred — unresearched,concreters-menangle,suburb,516941f,9e36728 — Concrete Driveways / Concrete Slabs / Exposed Aggregate,DEFERRED,optional,existing re-encoded media,Freshly poured concrete slab beside a two-storey home; visible purpose: Concrete Slabs,landscape,1103:812,1103x812,WebP,fresh-concrete-backyard-slab-47.webp,Freshly poured concrete slab beside a two-storey home,no,owner-recorded Band B verdict; build/45-media-remediation.csv,yes — decorative/non-evidential only,47,fresh-concrete-backyard-slab-47.webp,defer with page; before future release apply the recorded underlying media disposition; underlying: permitted generic decoration,none,no — page is outside the smallest launch,page_id=1422; widget_type=image-box; setting=image; decorative; permission=pipeline-permitted in derivative; source_geographic_claim=none in permitted derivative; project_claim=no; can be removed without loss of page meaning; derivative_slot=present
IMG-0593,D22 deferred — unresearched,concreters-menangle,suburb,f36a8f3,9e36728 — Concrete Driveways / Concrete Slabs / Exposed Aggregate,DEFERRED,optional,existing re-encoded media,Exposed aggregate driveway leading to a carport; visible purpose: Exposed Aggregate,landscape,1333:751,1333x751,WebP,exposed-aggregate-residential-driveway-48.webp,Exposed aggregate driveway leading to a carport,no,owner-recorded Band B verdict; build/45-media-remediation.csv,yes — decorative/non-evidential only,48,exposed-aggregate-residential-driveway-48.webp,defer with page; before future release apply the recorded underlying media disposition; underlying: permitted generic decoration,none,no — page is outside the smallest launch,page_id=1422; widget_type=image-box; setting=image; decorative; permission=pipeline-permitted in derivative; source_geographic_claim=none in permitted derivative; project_claim=no; can be removed without loss of page meaning; derivative_slot=present
IMG-0594,D22 deferred — unresearched,concreters-menangle,suburb,af91c52,98fbeea — Patios & Alfresco / Paths & Pathways / Coloured & Decorative,DEFERRED,optional,existing re-encoded media,Freshly poured concrete beside a swimming pool; visible purpose: Patios & Alfresco,landscape,1333:750,1333x750,WebP,fresh-concrete-pool-surround-49.webp,Freshly poured concrete beside a swimming pool,no,owner-recorded Band B verdict; build/45-media-remediation.csv,yes — decorative/non-evidential only,49,fresh-concrete-pool-surround-49.webp,defer with page; before future release apply the recorded underlying media disposition; underlying: permitted generic decoration,none,no — page is outside the smallest launch,page_id=1422; widget_type=image-box; setting=image; decorative; permission=pipeline-permitted in derivative; source_geographic_claim=none in permitted derivative; project_claim=no; can be removed without loss of page meaning; derivative_slot=present
IMG-0595,D22 deferred — unresearched,concreters-menangle,suburb,e6c2ed7,98fbeea — Patios & Alfresco / Paths & Pathways / Coloured & Decorative,DEFERRED,optional,existing re-encoded media,Exposed aggregate concrete; visible purpose: Paths & Pathways,square,1:1,2007x2007,JPEG,exposed-aggregate-concrete-50.jpg,Exposed aggregate concrete,no,D24/D20 naming-convention reversal,yes — decorative/non-evidential only,50,exposed-aggregate-concrete-50.jpg,defer with page; before future release apply the recorded underlying media disposition; underlying: permitted generic decoration,none,no — page is outside the smallest launch,page_id=1422; widget_type=image-box; setting=image; decorative; permission=pipeline-permitted in derivative; source_geographic_claim=none in permitted derivative; project_claim=no; can be removed without loss of page meaning; derivative_slot=present
IMG-0596,D22 deferred — unresearched,concreters-menangle,suburb,d06ebf3,98fbeea — Patios & Alfresco / Paths & Pathways / Coloured & Decorative,DEFERRED,optional,existing re-encoded media,Freshly poured concrete beside a swimming pool; visible purpose: Coloured & Decorative,landscape,1333:750,1333x750,WebP,fresh-concrete-pool-surround-49.webp,Freshly poured concrete beside a swimming pool,no,owner-recorded Band B verdict; build/45-media-remediation.csv,yes — decorative/non-evidential only,49,fresh-concrete-pool-surround-49.webp,defer with page; before future release apply the recorded underlying media disposition; underlying: permitted generic decoration,none,no — page is outside the smallest launch,page_id=1422; widget_type=image-box; setting=image; decorative; permission=pipeline-permitted in derivative; source_geographic_claim=none in permitted derivative; project_claim=no; can be removed without loss of page meaning; derivative_slot=present
IMG-0597,D22 deferred — unresearched,concreters-the-oaks,suburb,7c2526d7,7c2526d7 — Concreters The Oaks,DEFERRED,optional,existing re-encoded media,Exposed aggregate concrete; visible purpose: Concreters The Oaks,square,1:1,2007x2007,JPEG,exposed-aggregate-concrete-50.jpg,Exposed aggregate concrete,no,D24/D20 naming-convention reversal,yes — decorative/non-evidential only,50,exposed-aggregate-concrete-50.jpg,defer with page; before future release apply the recorded underlying media disposition; underlying: permitted generic decoration,none,no — page is outside the smallest launch,page_id=1423; widget_type=container; setting=background_image; decorative; permission=pipeline-permitted in derivative; source_geographic_claim=none in permitted derivative; project_claim=no; can be removed without loss of page meaning; derivative_slot=present
IMG-0598,D22 deferred — unresearched,concreters-the-oaks,suburb,a86c195,9e36728 — Concrete Driveways / Concrete Slabs / Exposed Aggregate,DEFERRED,optional,existing re-encoded media,Timber deck framing and bare ground; no concrete subject; visible purpose: Concrete Driveways,portrait,3:4,750x1000,WebP,,Describe only the visible subject; empty alt if purely decorative,no,owner worksheet blank; fail-closed under Phase B instruction,yes — decorative/non-evidential only,482,oran-park3-482.webp,defer with page; before future release apply the recorded underlying media disposition; underlying: Band A HOLD; audit recommends UNUSABLE,record explicit UNUSABLE (or another supported verdict); OK also requires cited provenance,yes for Phase B/staging; page publication is deferred,"page_id=1423; widget_type=image-box; setting=image; decorative; permission=HOLD; absent from derivative; source_geographic_claim=Filename asserts Oran Park, NSW.; project_claim=no; can be removed without loss of page meaning; derivative_slot=absent"
IMG-0599,D22 deferred — unresearched,concreters-the-oaks,suburb,516941f,9e36728 — Concrete Driveways / Concrete Slabs / Exposed Aggregate,DEFERRED,optional,existing re-encoded media,Exposed aggregate driveway leading to a home; visible purpose: Concrete Slabs,landscape,1419:1064,1419x1064,JPEG,exposed-aggregate-residential-driveway-609.jpg,Exposed aggregate driveway leading to a home,no,D24/D20: reverse Adelaide to South West Sydney naming substitution,yes — decorative/non-evidential only,609,exposed-aggregate-residential-driveway-609.jpg,defer with page; before future release apply the recorded underlying media disposition; underlying: permitted generic decoration,none,no — page is outside the smallest launch,page_id=1423; widget_type=image-box; setting=image; decorative; permission=pipeline-permitted in derivative; source_geographic_claim=none in permitted derivative; project_claim=no; can be removed without loss of page meaning; derivative_slot=present
IMG-0600,D22 deferred — unresearched,concreters-the-oaks,suburb,f36a8f3,9e36728 — Concrete Driveways / Concrete Slabs / Exposed Aggregate,DEFERRED,optional,existing re-encoded media,Excavated residential area; visible purpose: Exposed Aggregate,landscape,723:376,723x376,JPEG,residential-site-excavation-906.jpg,Excavated residential area prepared for concrete work,no,owner worksheet blank; fail-closed under Phase B instruction,yes — decorative/non-evidential only,906,driveway-excavation-camden-906.jpg,defer with page; before future release apply the recorded underlying media disposition; underlying: Band A HOLD; audit recommends GENERIC,record explicit GENERIC (or another supported verdict); OK also requires cited provenance,yes for Phase B/staging; page publication is deferred,page_id=1423; widget_type=image-box; setting=image; decorative; permission=HOLD; absent from derivative; source_geographic_claim=Filename and alt assert the excavation is in Camden.; project_claim=no; can be removed without loss of page meaning; derivative_slot=absent
IMG-0601,D22 deferred — unresearched,concreters-the-oaks,suburb,af91c52,98fbeea — Patios & Alfresco / Paths & Pathways / Coloured & Decorative,DEFERRED,optional,existing re-encoded media,Identifiable Werribee heritage mansion and gardens; no concrete subject; visible purpose: Patios & Alfresco,landscape,101:76,505x380,JPEG,,Describe only the visible subject; empty alt if purely decorative,no,owner worksheet blank; fail-closed under Phase B instruction,yes — decorative/non-evidential only,907,camden-town-centre-907.jpg,defer with page; before future release apply the recorded underlying media disposition; underlying: Band A HOLD; audit recommends UNUSABLE,record explicit UNUSABLE (or another supported verdict); OK also requires cited provenance,yes for Phase B/staging; page publication is deferred,page_id=1423; widget_type=image-box; setting=image; decorative; permission=HOLD; absent from derivative; source_geographic_claim=Filename and alt assert this is Camden town centre.; project_claim=no; can be removed without loss of page meaning; derivative_slot=absent
IMG-0602,D22 deferred — unresearched,concreters-the-oaks,suburb,e6c2ed7,98fbeea — Patios & Alfresco / Paths & Pathways / Coloured & Decorative,DEFERRED,optional,existing re-encoded media,Aerial view of a developing housing estate; visible purpose: Paths & Pathways,landscape,523:367,523x367,JPEG,aerial-new-housing-estate-908.jpg,Aerial view of a developing suburban housing estate,no,owner worksheet blank; fail-closed under Phase B instruction,yes — decorative/non-evidential only,908,oran-park-growth-estate-908.jpg,defer with page; before future release apply the recorded underlying media disposition; underlying: Band A HOLD; audit recommends GENERIC,record explicit GENERIC (or another supported verdict); OK also requires cited provenance,yes for Phase B/staging; page publication is deferred,page_id=1423; widget_type=image-box; setting=image; decorative; permission=HOLD; absent from derivative; source_geographic_claim=Filename and alt assert an Oran Park growth estate.; project_claim=no; can be removed without loss of page meaning; derivative_slot=absent
IMG-0603,D22 deferred — unresearched,concreters-the-oaks,suburb,d06ebf3,98fbeea — Patios & Alfresco / Paths & Pathways / Coloured & Decorative,DEFERRED,optional,existing re-encoded media,Identifiable Werribee heritage mansion and gardens; no concrete subject; visible purpose: Coloured & Decorative,landscape,101:76,505x380,JPEG,,Describe only the visible subject; empty alt if purely decorative,no,owner worksheet blank; fail-closed under Phase B instruction,yes — decorative/non-evidential only,907,camden-town-centre-907.jpg,defer with page; before future release apply the recorded underlying media disposition; underlying: Band A HOLD; audit recommends UNUSABLE,record explicit UNUSABLE (or another supported verdict); OK also requires cited provenance,yes for Phase B/staging; page publication is deferred,page_id=1423; widget_type=image-box; setting=image; decorative; permission=HOLD; absent from derivative; source_geographic_claim=Filename and alt assert this is Camden town centre.; project_claim=no; can be removed without loss of page meaning; derivative_slot=absent
IMG-0604,D22 deferred — unresearched,concreters-bargo,suburb,7c2526d7,7c2526d7 — Concreters Bargo,DEFERRED,optional,existing re-encoded media,Exposed aggregate concrete; visible purpose: Concreters Bargo,square,1:1,2007x2007,JPEG,exposed-aggregate-concrete-50.jpg,Exposed aggregate concrete,no,D24/D20 naming-convention reversal,yes — decorative/non-evidential only,50,exposed-aggregate-concrete-50.jpg,defer with page; before future release apply the recorded underlying media disposition; underlying: permitted generic decoration,none,no — page is outside the smallest launch,page_id=1424; widget_type=container; setting=background_image; decorative; permission=pipeline-permitted in derivative; source_geographic_claim=none in permitted derivative; project_claim=no; can be removed without loss of page meaning; derivative_slot=present
IMG-0605,D22 deferred — unresearched,concreters-bargo,suburb,a86c195,9e36728 — Concrete Driveways / Concrete Slabs / Exposed Aggregate,DEFERRED,optional,existing re-encoded media,Accessible paths concrete; visible purpose: Concrete Driveways,portrait,74:81,518x567,JPEG,accessible-paths-concrete-184.jpg,Accessible paths concrete,no,D24/D20 naming-convention reversal,yes — decorative/non-evidential only,184,accessible-paths-concrete-184.jpg,defer with page; before future release apply the recorded underlying media disposition; underlying: permitted generic decoration,none,no — page is outside the smallest launch,page_id=1424; widget_type=image-box; setting=image; decorative; permission=pipeline-permitted in derivative; source_geographic_claim=none in permitted derivative; project_claim=no; can be removed without loss of page meaning; derivative_slot=present
IMG-0606,D22 deferred — unresearched,concreters-bargo,suburb,516941f,9e36728 — Concrete Driveways / Concrete Slabs / Exposed Aggregate,DEFERRED,optional,existing re-encoded media,Freshly finished residential side-yard slab; visible purpose: Concrete Slabs,landscape,627:470,627x470,JPEG,fresh-concrete-side-yard-slab-226.jpg,Freshly finished concrete slab in a residential side yard,no,owner worksheet blank; fail-closed under Phase B instruction,yes — decorative/non-evidential only,226,concretejob2camden-226.jpg,defer with page; before future release apply the recorded underlying media disposition; underlying: Band A HOLD; audit recommends GENERIC,record explicit GENERIC (or another supported verdict); OK also requires cited provenance,yes for Phase B/staging; page publication is deferred,page_id=1424; widget_type=image-box; setting=image; decorative; permission=HOLD; absent from derivative; source_geographic_claim=Filename asserts the job is in Camden.; project_claim=no; can be removed without loss of page meaning; derivative_slot=absent
IMG-0607,D22 deferred — unresearched,concreters-bargo,suburb,f36a8f3,9e36728 — Concrete Driveways / Concrete Slabs / Exposed Aggregate,DEFERRED,optional,existing re-encoded media,Backyard patio concreter; visible purpose: Exposed Aggregate,landscape,4:3,784x588,JPEG,backyard-patio-concreter-227.jpg,Backyard patio concreter,no,D24/D20 naming-convention reversal,yes — decorative/non-evidential only,227,backyard-patio-concreter-227.jpg,defer with page; before future release apply the recorded underlying media disposition; underlying: permitted generic decoration,none,no — page is outside the smallest launch,page_id=1424; widget_type=image-box; setting=image; decorative; permission=pipeline-permitted in derivative; source_geographic_claim=none in permitted derivative; project_claim=no; can be removed without loss of page meaning; derivative_slot=present
IMG-0608,D22 deferred — unresearched,concreters-bargo,suburb,af91c52,98fbeea — Patios & Alfresco / Paths & Pathways / Coloured & Decorative,DEFERRED,optional,existing re-encoded media,Freshly poured concrete slab along a side boundary; visible purpose: Patios & Alfresco,landscape,125:94,625x470,JPEG,fresh-concrete-side-yard-slab-228.jpg,Freshly poured concrete slab along a side boundary,no,owner-recorded Band B verdict; build/45-media-remediation.csv,yes — decorative/non-evidential only,228,fresh-concrete-side-yard-slab-228.jpg,defer with page; before future release apply the recorded underlying media disposition; underlying: permitted generic decoration,none,no — page is outside the smallest launch,page_id=1424; widget_type=image-box; setting=image; decorative; permission=pipeline-permitted in derivative; source_geographic_claim=none in permitted derivative; project_claim=no; can be removed without loss of page meaning; derivative_slot=present
IMG-0609,D22 deferred — unresearched,concreters-bargo,suburb,e6c2ed7,98fbeea — Patios & Alfresco / Paths & Pathways / Coloured & Decorative,DEFERRED,optional,existing re-encoded media,Image placeholder hero camden in the context of Concreters Bargo; visible purpose: Paths & Pathways,landscape,503:409,1006x818,JPEG,image-placeholder-hero-275.jpeg,Describe only the visible subject; empty alt if purely decorative,no,D24/D20 naming-convention reversal,yes — decorative/non-evidential only,275,image-placeholder-hero-275.jpeg,defer with page; before future release apply the recorded underlying media disposition; underlying: blank placeholder; remove before future release,none,no — page is outside the smallest launch,page_id=1424; widget_type=image-box; setting=image; decorative; permission=pipeline-permitted in derivative; source_geographic_claim=none in permitted derivative; project_claim=no; can be removed without loss of page meaning; derivative_slot=present
IMG-0610,D22 deferred — unresearched,concreters-bargo,suburb,d06ebf3,98fbeea — Patios & Alfresco / Paths & Pathways / Coloured & Decorative,DEFERRED,optional,existing re-encoded media,Freshly poured concrete slab along a side boundary; visible purpose: Coloured & Decorative,landscape,125:94,625x470,JPEG,fresh-concrete-side-yard-slab-228.jpg,Freshly poured concrete slab along a side boundary,no,owner-recorded Band B verdict; build/45-media-remediation.csv,yes — decorative/non-evidential only,228,fresh-concrete-side-yard-slab-228.jpg,defer with page; before future release apply the recorded underlying media disposition; underlying: permitted generic decoration,none,no — page is outside the smallest launch,page_id=1424; widget_type=image-box; setting=image; decorative; permission=pipeline-permitted in derivative; source_geographic_claim=none in permitted derivative; project_claim=no; can be removed without loss of page meaning; derivative_slot=present
IMG-BRAND-H,conditional-minimum; global,GLOBAL-header,theme/global,not Elementor,Astra header logo slot,OWNER-BRAND,required,already supplied Structure Co brand pack,Structure Co horizontal wordmark,vector/adaptive,asset-native,SVG vector,SVG,structure-co-horizontal.svg,Structure Co Concreters Camden,no location claim,D36 and supplied brand pack hashes,yes in the matching brand role,469,retired E&T header logo,assign supplied Structure Co asset during authorised import; keep retired E&T attachment unavailable,no new file; later approve rendered placement,yes,global slot; supplied replacement exists; no import performed in this audit
IMG-BRAND-I,conditional-minimum; global,GLOBAL-site-icon,theme/global,not Elementor,WordPress site icon slot,OWNER-BRAND,required,already supplied Structure Co brand pack,Structure Co icon,vector/adaptive,asset-native,SVG vector,SVG,structure-co-icon.svg,Structure Co,no location claim,D36 and supplied brand pack hashes,yes in the matching brand role,472,retired E&T site icon,assign supplied Structure Co asset during authorised import; keep retired E&T attachment unavailable,no new file; later approve rendered placement,yes,global slot; supplied replacement exists; no import performed in this audit
