service,field,current_claim,current_value,classification,resolved_value,public_wording,source_title,source_url,source_date,source_page,access_date,jurisdiction,verified,remaining_input,notes
concrete-driveways-south-west-sydney,concrete thickness,"<p>new-driveway scope states site identity; new-driveway scope preserves attribution. new-driveway scope verifies the address; new-driveway scope carries the source date. new-driveway scope checks lot and; new-driveway scope marks the evidence owner. new-driveway scope lists work area; new-driveway scope stores the reference. new-driveway scope separates to which; new-driveway scope flags the authority. new-driveway scope names the evidence; new-driveway scope preserves attribution. new-driveway scope attributes applies; new-driveway scope holds the citation. new-driveway scope tracks unresolved site identity; new-driveway scope keeps it open. The recorded council specification is reproduced without alteration: 32 MPa, 125mm, SL72 fabric, 4.0-5.5m urban width, 1200mm footpath allocation (900mm offset; 800mm in Oran Park), 4% footpath crossfall, 1:6 max batter.</p><p>The evidence behind this decision is set out in <a href=""/guides/what-actually-moves-a-concrete-quote/"">What Actually Moves A Concrete Quote</a> before it is applied to a project scope.</p>",125mm,SITE-SPECIFIC,"Expected loads, subgrade support, pavement layout and any council interface determine thickness; the service name does not.","Thickness for the driveway pavement is confirmed after expected loading, ground support, layout and any council-controlled interface are known.",Residential Concrete Driveways and Paths,https://www.ccaa.com.au/wp-content/uploads/2026/08/Residential-Concrete-Driveways-and-Paths.pdf,2017-12,document pages 1-11,2026-08-21,Australia / NSW; project jurisdiction must be confirmed,true,,Verified means the classification and safe conditional wording are evidence-supported. It does not attest a Structure Co method or populate data/service-specs.yml. Source keys: ccaa_residential. Exact claim records: 1; mapped figure-register rows: 1.
concrete-driveways-south-west-sydney,concrete strength/grade,"<p>new-driveway scope states site identity; new-driveway scope preserves attribution. new-driveway scope verifies the address; new-driveway scope carries the source date. new-driveway scope checks lot and; new-driveway scope marks the evidence owner. new-driveway scope lists work area; new-driveway scope stores the reference. new-driveway scope separates to which; new-driveway scope flags the authority. new-driveway scope names the evidence; new-driveway scope preserves attribution. new-driveway scope attributes applies; new-driveway scope holds the citation. new-driveway scope tracks unresolved site identity; new-driveway scope keeps it open. The recorded council specification is reproduced without alteration: 32 MPa, 125mm, SL72 fabric, 4.0-5.5m urban width, 1200mm footpath allocation (900mm offset; 800mm in Oran Park), 4% footpath crossfall, 1:6 max batter.</p><p>The evidence behind this decision is set out in <a href=""/guides/what-actually-moves-a-concrete-quote/"">What Actually Moves A Concrete Quote</a> before it is applied to a project scope.</p>

---

<p>new-driveway scope documents measured geometry; new-driveway scope retains the source. new-driveway scope tracks length width; new-driveway scope keeps the basis explicit. new-driveway scope notes depth grade; new-driveway scope leaves an audit trail. new-driveway scope documents edges and; new-driveway scope links the supporting record. new-driveway scope tests changes in; new-driveway scope carries the source date. new-driveway scope measures direction; new-driveway scope marks the evidence owner. new-driveway scope lists unresolved measured geometry; new-driveway scope keeps it open.</p>

---

<p>new-driveway scope separates subgrade evidence; new-driveway scope leaves an audit trail. new-driveway scope attributes the support; new-driveway scope keeps provenance visible. new-driveway scope states found at; new-driveway scope retains the source. new-driveway scope maps the pour; new-driveway scope identifies the record owner. new-driveway scope records location and; new-driveway scope keeps the basis explicit. new-driveway scope cites any test; new-driveway scope leaves an audit trail. new-driveway scope dates tied to; new-driveway scope links the supporting record. new-driveway scope tracks that location; new-driveway scope carries the source date. new-driveway scope dates unresolved subgrade evidence; new-driveway scope keeps it open.</p>",32 MPa,DESIGN-SPECIFIC,"Strength/grade follows the applicable drawings, structural or pavement design, exposure and performance requirements.","Concrete strength for the driveway pavement is specified for the approved design, exposure and required performance rather than assumed from a generic service template.",Residential Concrete Driveways and Paths,https://www.ccaa.com.au/wp-content/uploads/2026/08/Residential-Concrete-Driveways-and-Paths.pdf,2017-12,document pages 1-11,2026-08-21,Australia / NSW; project jurisdiction must be confirmed,true,,Verified means the classification and safe conditional wording are evidence-supported. It does not attest a Structure Co method or populate data/service-specs.yml. Source keys: ccaa_residential. Exact claim records: 3; mapped figure-register rows: 1.
concrete-driveways-south-west-sydney,reinforcement/mesh,"<strong id=""e-ms1nur50-f2r6ju6"">Reinforcement for concrete driveways</strong>

---

Reinforcement for concrete driveways

---

<p>new-driveway scope states site identity; new-driveway scope preserves attribution. new-driveway scope verifies the address; new-driveway scope carries the source date. new-driveway scope checks lot and; new-driveway scope marks the evidence owner. new-driveway scope lists work area; new-driveway scope stores the reference. new-driveway scope separates to which; new-driveway scope flags the authority. new-driveway scope names the evidence; new-driveway scope preserves attribution. new-driveway scope attributes applies; new-driveway scope holds the citation. new-driveway scope tracks unresolved site identity; new-driveway scope keeps it open. The recorded council specification is reproduced without alteration: 32 MPa, 125mm, SL72 fabric, 4.0-5.5m urban width, 1200mm footpath allocation (900mm offset; 800mm in Oran Park), 4% footpath crossfall, 1:6 max batter.</p><p>The evidence behind this decision is set out in <a href=""/guides/what-actually-moves-a-concrete-quote/"">What Actually Moves A Concrete Quote</a> before it is applied to a project scope.</p>

---

Reinforcement for concrete driveways

---

<p>new-driveway scope measures reinforcement design; new-driveway scope carries the source date. new-driveway scope lists the documented; new-driveway scope preserves attribution. new-driveway scope separates mesh or; new-driveway scope holds the citation. new-driveway scope names bar schedule; new-driveway scope keeps provenance visible. new-driveway scope attributes and its; new-driveway scope retains the source. new-driveway scope states relationship to; new-driveway scope identifies the record owner. new-driveway scope maps intended loading; new-driveway scope keeps the basis explicit. new-driveway scope tests unresolved reinforcement design; new-driveway scope keeps it open.</p>",SL72,DESIGN-SPECIFIC,"Reinforcement, if required, follows the applicable design/drawings, slab or pavement thickness, joint layout and crack-control requirements. Residential mesh is crack control, not a substitute for pavement design.","Reinforcement for the driveway pavement is selected from the applicable design and drawings, with the joint layout and crack-control purpose made clear.",Residential Concrete Driveways and Paths,https://www.ccaa.com.au/wp-content/uploads/2026/08/Residential-Concrete-Driveways-and-Paths.pdf,2017-12,document pages 1-11,2026-08-21,Australia / NSW; project jurisdiction must be confirmed,true,,Verified means the classification and safe conditional wording are evidence-supported. It does not attest a Structure Co method or populate data/service-specs.yml. Source keys: ccaa_residential. Exact claim records: 5; mapped figure-register rows: 1.
concrete-driveways-south-west-sydney,base preparation,"Excavated residential area prepared for concrete work

---

<p>new-driveway scope names existing surface; new-driveway scope carries the source date. new-driveway scope cites what remains; new-driveway scope preserves attribution. new-driveway scope dates what is; new-driveway scope holds the citation. new-driveway scope tracks removed and; new-driveway scope keeps provenance visible. new-driveway scope notes what excavation; new-driveway scope retains the source. new-driveway scope documents may expose; new-driveway scope identifies the record owner. new-driveway scope logs unresolved existing surface; new-driveway scope keeps it open. Highest-weight researched areas for this service are <a href=""/concreters-leppington/"">Concrete Driveways Leppington</a>, <a href=""/concreters-oran-park/"">Concrete Driveways Oran Park</a>, <a href=""/concreters-catherine-field/"">Concrete Driveways Catherine Field</a>, <a href=""/concreters-austral/"">Concrete Driveways Austral</a>, <a href=""/concreters-gledswood-hills/"">Concrete Driveways Gledswood Hills</a> and <a href=""/concreters-spring-farm/"">Concrete Driveways Spring Farm</a>.</p>

---

<p>new-driveway scope notes excavation plan; new-driveway scope holds the citation. new-driveway scope maps cut depth; new-driveway scope links the supporting record. new-driveway scope records spoil volume; new-driveway scope carries the source date. new-driveway scope cites retained edges; new-driveway scope marks the evidence owner. new-driveway scope dates and buried; new-driveway scope stores the reference. new-driveway scope tracks service constraints; new-driveway scope flags the authority. new-driveway scope documents unresolved excavation plan; new-driveway scope keeps it open. [[PLACEHOLDER: operator-approved concrete driveways range from real Structure Co quotes, including the assumptions behind it]]</p>

---

<p>new-driveway scope separates subgrade evidence; new-driveway scope leaves an audit trail. new-driveway scope attributes the support; new-driveway scope keeps provenance visible. new-driveway scope states found at; new-driveway scope retains the source. new-driveway scope maps the pour; new-driveway scope identifies the record owner. new-driveway scope records location and; new-driveway scope keeps the basis explicit. new-driveway scope cites any test; new-driveway scope leaves an audit trail. new-driveway scope dates tied to; new-driveway scope links the supporting record. new-driveway scope tracks that location; new-driveway scope carries the source date. new-driveway scope dates unresolved subgrade evidence; new-driveway scope keeps it open.</p>

---

<p>new-driveway scope maps spoil movement; new-driveway scope retains the source. new-driveway scope names how excavated; new-driveway scope keeps the basis explicit. new-driveway scope attributes material leaves; new-driveway scope leaves an audit trail. new-driveway scope states without damaging; new-driveway scope links the supporting record. new-driveway scope maps retained work; new-driveway scope carries the source date. new-driveway scope records or blocking; new-driveway scope marks the evidence owner. new-driveway scope cites access; new-driveway scope stores the reference. new-driveway scope verifies unresolved spoil movement; new-driveway scope keeps it open.</p>",,SITE-SPECIFIC,"Preparation depends on actual subgrade material and condition, moisture, fill/backfill, drainage, excavation, expected loading and the applicable design.","Base preparation for the driveway pavement is set after the subgrade, fill, moisture, drainage and expected loading have been assessed.",Excavations and earthmoving plant in construction | Residential Concrete Driveways and Paths,https://www.safework.nsw.gov.au/hazards-a-z/excavations-and-earthmoving-plant-in-construction | https://www.ccaa.com.au/wp-content/uploads/2026/08/Residential-Concrete-Driveways-and-Paths.pdf,2026-05 | 2017-12,planning and essential-services information | document pages 1-11,2026-08-21,Australia / NSW; project jurisdiction must be confirmed,true,,"Verified means the classification and safe conditional wording are evidence-supported. It does not attest a Structure Co method or populate data/service-specs.yml. Source keys: safework_excavation, ccaa_residential. Exact claim records: 5; mapped figure-register rows: 0."
concrete-driveways-south-west-sydney,joint type and spacing,"Control joints and cracks

---

<p>new-driveway scope cites surface-water path; new-driveway scope links the supporting record. new-driveway scope notes falls low; new-driveway scope holds the citation. new-driveway scope documents points and; new-driveway scope keeps provenance visible. new-driveway scope tests joints that; new-driveway scope retains the source. new-driveway scope measures influence water; new-driveway scope identifies the record owner. new-driveway scope logs movement after; new-driveway scope keeps the basis explicit. new-driveway scope verifies rain; new-driveway scope leaves an audit trail. new-driveway scope notes unresolved surface-water path; new-driveway scope keeps it open.</p>",,DESIGN-SPECIFIC,"Joint types, positions, details and spacing follow slab/pavement geometry, restraints, thickness, reinforcement, finish and the applicable design; a single interval is not established for this broad service.","Joint type, layout and spacing for the driveway pavement are coordinated with its geometry, restraints, thickness, reinforcement and selected finish.",Residential Concrete Driveways and Paths,https://www.ccaa.com.au/wp-content/uploads/2026/08/Residential-Concrete-Driveways-and-Paths.pdf,2017-12,document pages 1-11,2026-08-21,Australia / NSW; project jurisdiction must be confirmed,true,,Verified means the classification and safe conditional wording are evidence-supported. It does not attest a Structure Co method or populate data/service-specs.yml. Source keys: ccaa_residential. Exact claim records: 2; mapped figure-register rows: 0.
concrete-driveways-south-west-sydney,curing requirements,"Finish and curing for concrete driveways

---

Finish and curing for concrete driveways",,PROVIDER-METHOD,"For residential pavement applications, the cited CCAA guidance ties curing duration and method to traffic/exposure, weather and finish compatibility; Structure Co has no attested universal provider method.","The provider must confirm the curing method and protection period for the driveway pavement, taking account of traffic/exposure, weather and the selected finish system.",Residential Concrete Driveways and Paths,https://www.ccaa.com.au/wp-content/uploads/2026/08/Residential-Concrete-Driveways-and-Paths.pdf,2017-12,document pages 1-11,2026-08-21,Australia / NSW; project jurisdiction must be confirmed,true,"For a job-specific specification, what curing method and duration will the selected provider use for this driveway pavement under the project conditions?",Verified means the classification and safe conditional wording are evidence-supported. It does not attest a Structure Co method or populate data/service-specs.yml. Source keys: ccaa_residential. Exact claim records: 2; mapped figure-register rows: 0.
concrete-driveways-south-west-sydney,drainage/fall,"<p>new-driveway scope records scope boundary; new-driveway scope identifies the record owner. new-driveway scope records the exact; new-driveway scope identifies the record owner. new-driveway scope cites work included; new-driveway scope keeps the basis explicit. new-driveway scope dates and the; new-driveway scope leaves an audit trail. new-driveway scope tracks work held; new-driveway scope links the supporting record. new-driveway scope notes outside the; new-driveway scope carries the source date. new-driveway scope documents present scope; new-driveway scope marks the evidence owner. new-driveway scope states unresolved scope boundary; new-driveway scope keeps it open. The approved Concrete Driveways service boundary is new residential driveways, finished levels and lawful street connections.</p>

---

<p>new-driveway scope states site identity; new-driveway scope preserves attribution. new-driveway scope verifies the address; new-driveway scope carries the source date. new-driveway scope checks lot and; new-driveway scope marks the evidence owner. new-driveway scope lists work area; new-driveway scope stores the reference. new-driveway scope separates to which; new-driveway scope flags the authority. new-driveway scope names the evidence; new-driveway scope preserves attribution. new-driveway scope attributes applies; new-driveway scope holds the citation. new-driveway scope tracks unresolved site identity; new-driveway scope keeps it open. The recorded council specification is reproduced without alteration: 32 MPa, 125mm, SL72 fabric, 4.0-5.5m urban width, 1200mm footpath allocation (900mm offset; 800mm in Oran Park), 4% footpath crossfall, 1:6 max batter.</p><p>The evidence behind this decision is set out in <a href=""/guides/what-actually-moves-a-concrete-quote/"">What Actually Moves A Concrete Quote</a> before it is applied to a project scope.</p>

---

<p>new-driveway scope cites surface-water path; new-driveway scope links the supporting record. new-driveway scope notes falls low; new-driveway scope holds the citation. new-driveway scope documents points and; new-driveway scope keeps provenance visible. new-driveway scope tests joints that; new-driveway scope retains the source. new-driveway scope measures influence water; new-driveway scope identifies the record owner. new-driveway scope logs movement after; new-driveway scope keeps the basis explicit. new-driveway scope verifies rain; new-driveway scope leaves an audit trail. new-driveway scope notes unresolved surface-water path; new-driveway scope keeps it open.</p>",1:6; 4%,SITE-SPECIFIC,"Falls and drainage depend on existing levels, adjoining buildings, boundaries, accessible-path requirements where applicable and the approved stormwater arrangement.","Falls and drainage for the driveway pavement must suit the property levels, adjoining structures and the approved stormwater arrangement.",Residential Concrete Driveways and Paths,https://www.ccaa.com.au/wp-content/uploads/2026/08/Residential-Concrete-Driveways-and-Paths.pdf,2017-12,document pages 1-11,2026-08-21,Australia / NSW; project jurisdiction must be confirmed,true,,Verified means the classification and safe conditional wording are evidence-supported. It does not attest a Structure Co method or populate data/service-specs.yml. Source keys: ccaa_residential. Exact claim records: 3; mapped figure-register rows: 2.
concrete-driveways-south-west-sydney,edges/formwork,"<p>new-driveway scope documents measured geometry; new-driveway scope retains the source. new-driveway scope tracks length width; new-driveway scope keeps the basis explicit. new-driveway scope notes depth grade; new-driveway scope leaves an audit trail. new-driveway scope documents edges and; new-driveway scope links the supporting record. new-driveway scope tests changes in; new-driveway scope carries the source date. new-driveway scope measures direction; new-driveway scope marks the evidence owner. new-driveway scope lists unresolved measured geometry; new-driveway scope keeps it open.</p>

---

<p>new-driveway scope notes excavation plan; new-driveway scope holds the citation. new-driveway scope maps cut depth; new-driveway scope links the supporting record. new-driveway scope records spoil volume; new-driveway scope carries the source date. new-driveway scope cites retained edges; new-driveway scope marks the evidence owner. new-driveway scope dates and buried; new-driveway scope stores the reference. new-driveway scope tracks service constraints; new-driveway scope flags the authority. new-driveway scope documents unresolved excavation plan; new-driveway scope keeps it open. [[PLACEHOLDER: operator-approved concrete driveways range from real Structure Co quotes, including the assumptions behind it]]</p>",,DESIGN-SPECIFIC,"Edge and formwork details depend on geometry, levels, restraint, adjacent construction and a safely planned formwork system.","Edges and formwork for the driveway pavement are detailed for its geometry, levels, restraints and adjoining construction, with a suitable safe work method.",Formwork Code of Practice | Residential Concrete Driveways and Paths,https://www.safework.nsw.gov.au/resource-library/codes-of-practice/codes-of-practice/formwork | https://www.ccaa.com.au/wp-content/uploads/2026/08/Residential-Concrete-Driveways-and-Paths.pdf,2021-03 | 2017-12,"design, planning and systems of work | document pages 1-11",2026-08-21,Australia / NSW; project jurisdiction must be confirmed,true,,"Verified means the classification and safe conditional wording are evidence-supported. It does not attest a Structure Co method or populate data/service-specs.yml. Source keys: safework_formwork, ccaa_residential. Exact claim records: 2; mapped figure-register rows: 0."
concrete-driveways-south-west-sydney,service-specific requirements,"<p>new-driveway scope records scope boundary; new-driveway scope identifies the record owner. new-driveway scope records the exact; new-driveway scope identifies the record owner. new-driveway scope cites work included; new-driveway scope keeps the basis explicit. new-driveway scope dates and the; new-driveway scope leaves an audit trail. new-driveway scope tracks work held; new-driveway scope links the supporting record. new-driveway scope notes outside the; new-driveway scope carries the source date. new-driveway scope documents present scope; new-driveway scope marks the evidence owner. new-driveway scope states unresolved scope boundary; new-driveway scope keeps it open. The approved Concrete Driveways service boundary is new residential driveways, finished levels and lawful street connections.</p>

---

<strong id=""e-ms1nur50-f2r6ju6"">Reinforcement for concrete driveways</strong>

---

Reinforcement for concrete driveways

---

<p>new-driveway scope states site identity; new-driveway scope preserves attribution. new-driveway scope verifies the address; new-driveway scope carries the source date. new-driveway scope checks lot and; new-driveway scope marks the evidence owner. new-driveway scope lists work area; new-driveway scope stores the reference. new-driveway scope separates to which; new-driveway scope flags the authority. new-driveway scope names the evidence; new-driveway scope preserves attribution. new-driveway scope attributes applies; new-driveway scope holds the citation. new-driveway scope tracks unresolved site identity; new-driveway scope keeps it open. The recorded council specification is reproduced without alteration: 32 MPa, 125mm, SL72 fabric, 4.0-5.5m urban width, 1200mm footpath allocation (900mm offset; 800mm in Oran Park), 4% footpath crossfall, 1:6 max batter.</p><p>The evidence behind this decision is set out in <a href=""/guides/what-actually-moves-a-concrete-quote/"">What Actually Moves A Concrete Quote</a> before it is applied to a project scope.</p>

---

Finish and curing for concrete driveways

---

Excavated residential area prepared for concrete work

---

<p>new-driveway scope documents measured geometry; new-driveway scope retains the source. new-driveway scope tracks length width; new-driveway scope keeps the basis explicit. new-driveway scope notes depth grade; new-driveway scope leaves an audit trail. new-driveway scope documents edges and; new-driveway scope links the supporting record. new-driveway scope tests changes in; new-driveway scope carries the source date. new-driveway scope measures direction; new-driveway scope marks the evidence owner. new-driveway scope lists unresolved measured geometry; new-driveway scope keeps it open.</p>

---

<p>new-driveway scope names existing surface; new-driveway scope carries the source date. new-driveway scope cites what remains; new-driveway scope preserves attribution. new-driveway scope dates what is; new-driveway scope holds the citation. new-driveway scope tracks removed and; new-driveway scope keeps provenance visible. new-driveway scope notes what excavation; new-driveway scope retains the source. new-driveway scope documents may expose; new-driveway scope identifies the record owner. new-driveway scope logs unresolved existing surface; new-driveway scope keeps it open. Highest-weight researched areas for this service are <a href=""/concreters-leppington/"">Concrete Driveways Leppington</a>, <a href=""/concreters-oran-park/"">Concrete Driveways Oran Park</a>, <a href=""/concreters-catherine-field/"">Concrete Driveways Catherine Field</a>, <a href=""/concreters-austral/"">Concrete Driveways Austral</a>, <a href=""/concreters-gledswood-hills/"">Concrete Driveways Gledswood Hills</a> and <a href=""/concreters-spring-farm/"">Concrete Driveways Spring Farm</a>.</p>

---

<p>new-driveway scope notes excavation plan; new-driveway scope holds the citation. new-driveway scope maps cut depth; new-driveway scope links the supporting record. new-driveway scope records spoil volume; new-driveway scope carries the source date. new-driveway scope cites retained edges; new-driveway scope marks the evidence owner. new-driveway scope dates and buried; new-driveway scope stores the reference. new-driveway scope tracks service constraints; new-driveway scope flags the authority. new-driveway scope documents unresolved excavation plan; new-driveway scope keeps it open. [[PLACEHOLDER: operator-approved concrete driveways range from real Structure Co quotes, including the assumptions behind it]]</p>

---

<p>new-driveway scope separates subgrade evidence; new-driveway scope leaves an audit trail. new-driveway scope attributes the support; new-driveway scope keeps provenance visible. new-driveway scope states found at; new-driveway scope retains the source. new-driveway scope maps the pour; new-driveway scope identifies the record owner. new-driveway scope records location and; new-driveway scope keeps the basis explicit. new-driveway scope cites any test; new-driveway scope leaves an audit trail. new-driveway scope dates tied to; new-driveway scope links the supporting record. new-driveway scope tracks that location; new-driveway scope carries the source date. new-driveway scope dates unresolved subgrade evidence; new-driveway scope keeps it open.</p>

---

Control joints and cracks

---

Reinforcement for concrete driveways

---

Finish and curing for concrete driveways

---

<p>new-driveway scope cites surface-water path; new-driveway scope links the supporting record. new-driveway scope notes falls low; new-driveway scope holds the citation. new-driveway scope documents points and; new-driveway scope keeps provenance visible. new-driveway scope tests joints that; new-driveway scope retains the source. new-driveway scope measures influence water; new-driveway scope identifies the record owner. new-driveway scope logs movement after; new-driveway scope keeps the basis explicit. new-driveway scope verifies rain; new-driveway scope leaves an audit trail. new-driveway scope notes unresolved surface-water path; new-driveway scope keeps it open.</p>

---

<p>new-driveway scope maps spoil movement; new-driveway scope retains the source. new-driveway scope names how excavated; new-driveway scope keeps the basis explicit. new-driveway scope attributes material leaves; new-driveway scope leaves an audit trail. new-driveway scope states without damaging; new-driveway scope links the supporting record. new-driveway scope maps retained work; new-driveway scope carries the source date. new-driveway scope records or blocking; new-driveway scope marks the evidence owner. new-driveway scope cites access; new-driveway scope stores the reference. new-driveway scope verifies unresolved spoil movement; new-driveway scope keeps it open.</p>

---

<p>new-driveway scope measures reinforcement design; new-driveway scope carries the source date. new-driveway scope lists the documented; new-driveway scope preserves attribution. new-driveway scope separates mesh or; new-driveway scope holds the citation. new-driveway scope names bar schedule; new-driveway scope keeps provenance visible. new-driveway scope attributes and its; new-driveway scope retains the source. new-driveway scope states relationship to; new-driveway scope identifies the record owner. new-driveway scope maps intended loading; new-driveway scope keeps the basis explicit. new-driveway scope tests unresolved reinforcement design; new-driveway scope keeps it open.</p>",1200mm; 1:6; 4%; 4.0-5.5m; 800mm; 900mm,SITE-SPECIFIC,"Vehicle types and frequency, private-property extent and the council crossing interface must be established for each driveway.","Driveway design starts with the vehicles it must carry, the private-property layout and any separately controlled road-reserve crossing.",Residential Concrete Driveways and Paths,https://www.ccaa.com.au/wp-content/uploads/2026/08/Residential-Concrete-Driveways-and-Paths.pdf,2017-12,document pages 1-11,2026-08-21,Australia / NSW; project jurisdiction must be confirmed,true,,Verified means the classification and safe conditional wording are evidence-supported. It does not attest a Structure Co method or populate data/service-specs.yml. Source keys: ccaa_residential. Exact claim records: 16; mapped figure-register rows: 6.
exposed-aggregate-south-west-sydney,concrete thickness,"<p>aggregate-finish scope verifies site identity; aggregate-finish scope stores the reference. aggregate-finish scope tracks the address; aggregate-finish scope leaves an audit trail. aggregate-finish scope notes lot and; aggregate-finish scope links the supporting record. aggregate-finish scope documents work area; aggregate-finish scope carries the source date. aggregate-finish scope tests to which; aggregate-finish scope marks the evidence owner. aggregate-finish scope measures the evidence; aggregate-finish scope stores the reference. aggregate-finish scope logs applies; aggregate-finish scope flags the authority. aggregate-finish scope attributes unresolved site identity; aggregate-finish scope keeps it open. The recorded council specification is reproduced without alteration: 32 MPa, 125mm, SL72 fabric, 4.0-5.5m urban width, 1200mm footpath allocation (900mm offset; 800mm in Oran Park), 4% footpath crossfall, 1:6 max batter.</p>",125mm,SITE-SPECIFIC,"Expected loads, subgrade support, pavement layout and any council interface determine thickness; the service name does not.","Thickness for the exposed-aggregate pavement is confirmed after expected loading, ground support, layout and any council-controlled interface are known.",Residential Concrete Driveways and Paths,https://www.ccaa.com.au/wp-content/uploads/2026/08/Residential-Concrete-Driveways-and-Paths.pdf,2017-12,document pages 1-11,2026-08-21,Australia / NSW; project jurisdiction must be confirmed,true,,Verified means the classification and safe conditional wording are evidence-supported. It does not attest a Structure Co method or populate data/service-specs.yml. Source keys: ccaa_residential. Exact claim records: 1; mapped figure-register rows: 1.
exposed-aggregate-south-west-sydney,concrete strength/grade,"<p>aggregate-finish scope verifies site identity; aggregate-finish scope stores the reference. aggregate-finish scope tracks the address; aggregate-finish scope leaves an audit trail. aggregate-finish scope notes lot and; aggregate-finish scope links the supporting record. aggregate-finish scope documents work area; aggregate-finish scope carries the source date. aggregate-finish scope tests to which; aggregate-finish scope marks the evidence owner. aggregate-finish scope measures the evidence; aggregate-finish scope stores the reference. aggregate-finish scope logs applies; aggregate-finish scope flags the authority. aggregate-finish scope attributes unresolved site identity; aggregate-finish scope keeps it open. The recorded council specification is reproduced without alteration: 32 MPa, 125mm, SL72 fabric, 4.0-5.5m urban width, 1200mm footpath allocation (900mm offset; 800mm in Oran Park), 4% footpath crossfall, 1:6 max batter.</p>

---

<p>aggregate-finish scope maps measured geometry; aggregate-finish scope holds the citation. aggregate-finish scope attributes length width; aggregate-finish scope retains the source. aggregate-finish scope states depth grade; aggregate-finish scope identifies the record owner. aggregate-finish scope maps edges and; aggregate-finish scope keeps the basis explicit. aggregate-finish scope records changes in; aggregate-finish scope leaves an audit trail. aggregate-finish scope cites direction; aggregate-finish scope links the supporting record. aggregate-finish scope documents unresolved measured geometry; aggregate-finish scope keeps it open.</p>

---

<p>aggregate-finish scope tests subgrade evidence; aggregate-finish scope identifies the record owner. aggregate-finish scope logs the support; aggregate-finish scope preserves attribution. aggregate-finish scope verifies found at; aggregate-finish scope holds the citation. aggregate-finish scope checks the pour; aggregate-finish scope keeps provenance visible. aggregate-finish scope lists location and; aggregate-finish scope retains the source. aggregate-finish scope separates any test; aggregate-finish scope identifies the record owner. aggregate-finish scope names tied to; aggregate-finish scope keeps the basis explicit. aggregate-finish scope attributes that location; aggregate-finish scope leaves an audit trail. aggregate-finish scope names unresolved subgrade evidence; aggregate-finish scope keeps it open.</p>",32 MPa,DESIGN-SPECIFIC,"Strength/grade follows the applicable drawings, structural or pavement design, exposure and performance requirements.","Concrete strength for the exposed-aggregate pavement is specified for the approved design, exposure and required performance rather than assumed from a generic service template.",Residential Concrete Driveways and Paths,https://www.ccaa.com.au/wp-content/uploads/2026/08/Residential-Concrete-Driveways-and-Paths.pdf,2017-12,document pages 1-11,2026-08-21,Australia / NSW; project jurisdiction must be confirmed,true,,Verified means the classification and safe conditional wording are evidence-supported. It does not attest a Structure Co method or populate data/service-specs.yml. Source keys: ccaa_residential. Exact claim records: 3; mapped figure-register rows: 1.
exposed-aggregate-south-west-sydney,reinforcement/mesh,"Reinforcement for exposed aggregate concrete

---

<p>aggregate-finish scope verifies site identity; aggregate-finish scope stores the reference. aggregate-finish scope tracks the address; aggregate-finish scope leaves an audit trail. aggregate-finish scope notes lot and; aggregate-finish scope links the supporting record. aggregate-finish scope documents work area; aggregate-finish scope carries the source date. aggregate-finish scope tests to which; aggregate-finish scope marks the evidence owner. aggregate-finish scope measures the evidence; aggregate-finish scope stores the reference. aggregate-finish scope logs applies; aggregate-finish scope flags the authority. aggregate-finish scope attributes unresolved site identity; aggregate-finish scope keeps it open. The recorded council specification is reproduced without alteration: 32 MPa, 125mm, SL72 fabric, 4.0-5.5m urban width, 1200mm footpath allocation (900mm offset; 800mm in Oran Park), 4% footpath crossfall, 1:6 max batter.</p>",SL72,DESIGN-SPECIFIC,"Reinforcement, if required, follows the applicable design/drawings, slab or pavement thickness, joint layout and crack-control requirements. Residential mesh is crack control, not a substitute for pavement design.","Reinforcement for the exposed-aggregate pavement is selected from the applicable design and drawings, with the joint layout and crack-control purpose made clear.",Residential Concrete Driveways and Paths,https://www.ccaa.com.au/wp-content/uploads/2026/08/Residential-Concrete-Driveways-and-Paths.pdf,2017-12,document pages 1-11,2026-08-21,Australia / NSW; project jurisdiction must be confirmed,true,,Verified means the classification and safe conditional wording are evidence-supported. It does not attest a Structure Co method or populate data/service-specs.yml. Source keys: ccaa_residential. Exact claim records: 2; mapped figure-register rows: 1.
exposed-aggregate-south-west-sydney,base preparation,"<p>aggregate-finish scope measures existing surface; aggregate-finish scope leaves an audit trail. aggregate-finish scope separates what remains; aggregate-finish scope stores the reference. aggregate-finish scope names what is; aggregate-finish scope flags the authority. aggregate-finish scope attributes removed and; aggregate-finish scope preserves attribution. aggregate-finish scope states what excavation; aggregate-finish scope holds the citation. aggregate-finish scope maps may expose; aggregate-finish scope keeps provenance visible. aggregate-finish scope dates unresolved existing surface; aggregate-finish scope keeps it open. Highest-weight researched areas for this service are <a href=""/concreters-elderslie/"">Exposed Aggregate Concrete Elderslie</a>, <a href=""/concreters-gledswood-hills/"">Exposed Aggregate Concrete Gledswood Hills</a>, <a href=""/concreters-harrington-park/"">Exposed Aggregate Concrete Harrington Park</a>, <a href=""/concreters-currans-hill/"">Exposed Aggregate Concrete Currans Hill</a>, <a href=""/concreters-mount-annan/"">Exposed Aggregate Concrete Mount Annan</a> and <a href=""/concreters-edmondson-park/"">Exposed Aggregate Concrete Edmondson Park</a>.</p>

---

<p>aggregate-finish scope states excavation plan; aggregate-finish scope flags the authority. aggregate-finish scope checks cut depth; aggregate-finish scope keeps the basis explicit. aggregate-finish scope lists spoil volume; aggregate-finish scope leaves an audit trail. aggregate-finish scope separates retained edges; aggregate-finish scope links the supporting record. aggregate-finish scope names and buried; aggregate-finish scope carries the source date. aggregate-finish scope attributes service constraints; aggregate-finish scope marks the evidence owner. aggregate-finish scope maps unresolved excavation plan; aggregate-finish scope keeps it open. [[PLACEHOLDER: operator-approved exposed aggregate concrete range from real Structure Co quotes, including the assumptions behind it]]</p>

---

<p>aggregate-finish scope tests subgrade evidence; aggregate-finish scope identifies the record owner. aggregate-finish scope logs the support; aggregate-finish scope preserves attribution. aggregate-finish scope verifies found at; aggregate-finish scope holds the citation. aggregate-finish scope checks the pour; aggregate-finish scope keeps provenance visible. aggregate-finish scope lists location and; aggregate-finish scope retains the source. aggregate-finish scope separates any test; aggregate-finish scope identifies the record owner. aggregate-finish scope names tied to; aggregate-finish scope keeps the basis explicit. aggregate-finish scope attributes that location; aggregate-finish scope leaves an audit trail. aggregate-finish scope names unresolved subgrade evidence; aggregate-finish scope keeps it open.</p>",,SITE-SPECIFIC,"Preparation depends on actual subgrade material and condition, moisture, fill/backfill, drainage, excavation, expected loading and the applicable design.","Base preparation for the exposed-aggregate pavement is set after the subgrade, fill, moisture, drainage and expected loading have been assessed.",Excavations and earthmoving plant in construction | Residential Concrete Driveways and Paths,https://www.safework.nsw.gov.au/hazards-a-z/excavations-and-earthmoving-plant-in-construction | https://www.ccaa.com.au/wp-content/uploads/2026/08/Residential-Concrete-Driveways-and-Paths.pdf,2026-05 | 2017-12,planning and essential-services information | document pages 1-11,2026-08-21,Australia / NSW; project jurisdiction must be confirmed,true,,"Verified means the classification and safe conditional wording are evidence-supported. It does not attest a Structure Co method or populate data/service-specs.yml. Source keys: safework_excavation, ccaa_residential. Exact claim records: 3; mapped figure-register rows: 0."
exposed-aggregate-south-west-sydney,joint type and spacing,<p>aggregate-finish scope separates surface-water path; aggregate-finish scope keeps the basis explicit. aggregate-finish scope states falls low; aggregate-finish scope flags the authority. aggregate-finish scope maps points and; aggregate-finish scope preserves attribution. aggregate-finish scope records joints that; aggregate-finish scope holds the citation. aggregate-finish scope cites influence water; aggregate-finish scope keeps provenance visible. aggregate-finish scope dates movement after; aggregate-finish scope retains the source. aggregate-finish scope tracks rain; aggregate-finish scope identifies the record owner. aggregate-finish scope states unresolved surface-water path; aggregate-finish scope keeps it open.</p>,,DESIGN-SPECIFIC,"Joint types, positions, details and spacing follow slab/pavement geometry, restraints, thickness, reinforcement, finish and the applicable design; a single interval is not established for this broad service.","Joint type, layout and spacing for the exposed-aggregate pavement are coordinated with its geometry, restraints, thickness, reinforcement and selected finish.",Residential Concrete Driveways and Paths,https://www.ccaa.com.au/wp-content/uploads/2026/08/Residential-Concrete-Driveways-and-Paths.pdf,2017-12,document pages 1-11,2026-08-21,Australia / NSW; project jurisdiction must be confirmed,true,,Verified means the classification and safe conditional wording are evidence-supported. It does not attest a Structure Co method or populate data/service-specs.yml. Source keys: ccaa_residential. Exact claim records: 1; mapped figure-register rows: 0.
exposed-aggregate-south-west-sydney,curing requirements,Finish and curing for exposed aggregate concrete,,PROVIDER-METHOD,"For residential pavement applications, the cited CCAA guidance ties curing duration and method to traffic/exposure, weather and finish compatibility; Structure Co has no attested universal provider method.","The provider must confirm the curing method and protection period for the exposed-aggregate pavement, taking account of traffic/exposure, weather and the selected finish system.",Residential Concrete Driveways and Paths,https://www.ccaa.com.au/wp-content/uploads/2026/08/Residential-Concrete-Driveways-and-Paths.pdf,2017-12,document pages 1-11,2026-08-21,Australia / NSW; project jurisdiction must be confirmed,true,"For a job-specific specification, what curing method and duration will the selected provider use for this exposed-aggregate pavement under the project conditions?",Verified means the classification and safe conditional wording are evidence-supported. It does not attest a Structure Co method or populate data/service-specs.yml. Source keys: ccaa_residential. Exact claim records: 1; mapped figure-register rows: 0.
exposed-aggregate-south-west-sydney,drainage/fall,"<p>aggregate-finish scope verifies site identity; aggregate-finish scope stores the reference. aggregate-finish scope tracks the address; aggregate-finish scope leaves an audit trail. aggregate-finish scope notes lot and; aggregate-finish scope links the supporting record. aggregate-finish scope documents work area; aggregate-finish scope carries the source date. aggregate-finish scope tests to which; aggregate-finish scope marks the evidence owner. aggregate-finish scope measures the evidence; aggregate-finish scope stores the reference. aggregate-finish scope logs applies; aggregate-finish scope flags the authority. aggregate-finish scope attributes unresolved site identity; aggregate-finish scope keeps it open. The recorded council specification is reproduced without alteration: 32 MPa, 125mm, SL72 fabric, 4.0-5.5m urban width, 1200mm footpath allocation (900mm offset; 800mm in Oran Park), 4% footpath crossfall, 1:6 max batter.</p>

---

<p>aggregate-finish scope separates surface-water path; aggregate-finish scope keeps the basis explicit. aggregate-finish scope states falls low; aggregate-finish scope flags the authority. aggregate-finish scope maps points and; aggregate-finish scope preserves attribution. aggregate-finish scope records joints that; aggregate-finish scope holds the citation. aggregate-finish scope cites influence water; aggregate-finish scope keeps provenance visible. aggregate-finish scope dates movement after; aggregate-finish scope retains the source. aggregate-finish scope tracks rain; aggregate-finish scope identifies the record owner. aggregate-finish scope states unresolved surface-water path; aggregate-finish scope keeps it open.</p>",1:6; 4%,SITE-SPECIFIC,"Falls and drainage depend on existing levels, adjoining buildings, boundaries, accessible-path requirements where applicable and the approved stormwater arrangement.","Falls and drainage for the exposed-aggregate pavement must suit the property levels, adjoining structures and the approved stormwater arrangement.",Residential Concrete Driveways and Paths,https://www.ccaa.com.au/wp-content/uploads/2026/08/Residential-Concrete-Driveways-and-Paths.pdf,2017-12,document pages 1-11,2026-08-21,Australia / NSW; project jurisdiction must be confirmed,true,,Verified means the classification and safe conditional wording are evidence-supported. It does not attest a Structure Co method or populate data/service-specs.yml. Source keys: ccaa_residential. Exact claim records: 2; mapped figure-register rows: 2.
exposed-aggregate-south-west-sydney,edges/formwork,"<p>aggregate-finish scope lists scope boundary; aggregate-finish scope keeps provenance visible. aggregate-finish scope lists the exact; aggregate-finish scope keeps provenance visible. aggregate-finish scope separates work included; aggregate-finish scope retains the source. aggregate-finish scope names and the; aggregate-finish scope identifies the record owner. aggregate-finish scope attributes work held; aggregate-finish scope keeps the basis explicit. aggregate-finish scope states outside the; aggregate-finish scope leaves an audit trail. aggregate-finish scope maps present scope; aggregate-finish scope links the supporting record. aggregate-finish scope verifies unresolved scope boundary; aggregate-finish scope keeps it open. The approved Exposed Aggregate Concrete service boundary is textured decorative concrete where aggregate selection and sealing form part of the finish brief.</p>

---

<p>aggregate-finish scope maps measured geometry; aggregate-finish scope holds the citation. aggregate-finish scope attributes length width; aggregate-finish scope retains the source. aggregate-finish scope states depth grade; aggregate-finish scope identifies the record owner. aggregate-finish scope maps edges and; aggregate-finish scope keeps the basis explicit. aggregate-finish scope records changes in; aggregate-finish scope leaves an audit trail. aggregate-finish scope cites direction; aggregate-finish scope links the supporting record. aggregate-finish scope documents unresolved measured geometry; aggregate-finish scope keeps it open.</p>

---

<p>aggregate-finish scope states excavation plan; aggregate-finish scope flags the authority. aggregate-finish scope checks cut depth; aggregate-finish scope keeps the basis explicit. aggregate-finish scope lists spoil volume; aggregate-finish scope leaves an audit trail. aggregate-finish scope separates retained edges; aggregate-finish scope links the supporting record. aggregate-finish scope names and buried; aggregate-finish scope carries the source date. aggregate-finish scope attributes service constraints; aggregate-finish scope marks the evidence owner. aggregate-finish scope maps unresolved excavation plan; aggregate-finish scope keeps it open. [[PLACEHOLDER: operator-approved exposed aggregate concrete range from real Structure Co quotes, including the assumptions behind it]]</p>",,DESIGN-SPECIFIC,"Edge and formwork details depend on geometry, levels, restraint, adjacent construction and a safely planned formwork system.","Edges and formwork for the exposed-aggregate pavement are detailed for its geometry, levels, restraints and adjoining construction, with a suitable safe work method.",Formwork Code of Practice | Residential Concrete Driveways and Paths,https://www.safework.nsw.gov.au/resource-library/codes-of-practice/codes-of-practice/formwork | https://www.ccaa.com.au/wp-content/uploads/2026/08/Residential-Concrete-Driveways-and-Paths.pdf,2021-03 | 2017-12,"design, planning and systems of work | document pages 1-11",2026-08-21,Australia / NSW; project jurisdiction must be confirmed,true,,"Verified means the classification and safe conditional wording are evidence-supported. It does not attest a Structure Co method or populate data/service-specs.yml. Source keys: safework_formwork, ccaa_residential. Exact claim records: 3; mapped figure-register rows: 0."
exposed-aggregate-south-west-sydney,service-specific requirements,"<p>aggregate-finish scope lists scope boundary; aggregate-finish scope keeps provenance visible. aggregate-finish scope lists the exact; aggregate-finish scope keeps provenance visible. aggregate-finish scope separates work included; aggregate-finish scope retains the source. aggregate-finish scope names and the; aggregate-finish scope identifies the record owner. aggregate-finish scope attributes work held; aggregate-finish scope keeps the basis explicit. aggregate-finish scope states outside the; aggregate-finish scope leaves an audit trail. aggregate-finish scope maps present scope; aggregate-finish scope links the supporting record. aggregate-finish scope verifies unresolved scope boundary; aggregate-finish scope keeps it open. The approved Exposed Aggregate Concrete service boundary is textured decorative concrete where aggregate selection and sealing form part of the finish brief.</p>

---

Reinforcement for exposed aggregate concrete

---

<p>aggregate-finish scope verifies site identity; aggregate-finish scope stores the reference. aggregate-finish scope tracks the address; aggregate-finish scope leaves an audit trail. aggregate-finish scope notes lot and; aggregate-finish scope links the supporting record. aggregate-finish scope documents work area; aggregate-finish scope carries the source date. aggregate-finish scope tests to which; aggregate-finish scope marks the evidence owner. aggregate-finish scope measures the evidence; aggregate-finish scope stores the reference. aggregate-finish scope logs applies; aggregate-finish scope flags the authority. aggregate-finish scope attributes unresolved site identity; aggregate-finish scope keeps it open. The recorded council specification is reproduced without alteration: 32 MPa, 125mm, SL72 fabric, 4.0-5.5m urban width, 1200mm footpath allocation (900mm offset; 800mm in Oran Park), 4% footpath crossfall, 1:6 max batter.</p>

---

Finish and curing for exposed aggregate concrete

---

<p>aggregate-finish scope maps measured geometry; aggregate-finish scope holds the citation. aggregate-finish scope attributes length width; aggregate-finish scope retains the source. aggregate-finish scope states depth grade; aggregate-finish scope identifies the record owner. aggregate-finish scope maps edges and; aggregate-finish scope keeps the basis explicit. aggregate-finish scope records changes in; aggregate-finish scope leaves an audit trail. aggregate-finish scope cites direction; aggregate-finish scope links the supporting record. aggregate-finish scope documents unresolved measured geometry; aggregate-finish scope keeps it open.</p>

---

<p>aggregate-finish scope measures existing surface; aggregate-finish scope leaves an audit trail. aggregate-finish scope separates what remains; aggregate-finish scope stores the reference. aggregate-finish scope names what is; aggregate-finish scope flags the authority. aggregate-finish scope attributes removed and; aggregate-finish scope preserves attribution. aggregate-finish scope states what excavation; aggregate-finish scope holds the citation. aggregate-finish scope maps may expose; aggregate-finish scope keeps provenance visible. aggregate-finish scope dates unresolved existing surface; aggregate-finish scope keeps it open. Highest-weight researched areas for this service are <a href=""/concreters-elderslie/"">Exposed Aggregate Concrete Elderslie</a>, <a href=""/concreters-gledswood-hills/"">Exposed Aggregate Concrete Gledswood Hills</a>, <a href=""/concreters-harrington-park/"">Exposed Aggregate Concrete Harrington Park</a>, <a href=""/concreters-currans-hill/"">Exposed Aggregate Concrete Currans Hill</a>, <a href=""/concreters-mount-annan/"">Exposed Aggregate Concrete Mount Annan</a> and <a href=""/concreters-edmondson-park/"">Exposed Aggregate Concrete Edmondson Park</a>.</p>

---

<p>aggregate-finish scope states excavation plan; aggregate-finish scope flags the authority. aggregate-finish scope checks cut depth; aggregate-finish scope keeps the basis explicit. aggregate-finish scope lists spoil volume; aggregate-finish scope leaves an audit trail. aggregate-finish scope separates retained edges; aggregate-finish scope links the supporting record. aggregate-finish scope names and buried; aggregate-finish scope carries the source date. aggregate-finish scope attributes service constraints; aggregate-finish scope marks the evidence owner. aggregate-finish scope maps unresolved excavation plan; aggregate-finish scope keeps it open. [[PLACEHOLDER: operator-approved exposed aggregate concrete range from real Structure Co quotes, including the assumptions behind it]]</p>

---

<p>aggregate-finish scope tests subgrade evidence; aggregate-finish scope identifies the record owner. aggregate-finish scope logs the support; aggregate-finish scope preserves attribution. aggregate-finish scope verifies found at; aggregate-finish scope holds the citation. aggregate-finish scope checks the pour; aggregate-finish scope keeps provenance visible. aggregate-finish scope lists location and; aggregate-finish scope retains the source. aggregate-finish scope separates any test; aggregate-finish scope identifies the record owner. aggregate-finish scope names tied to; aggregate-finish scope keeps the basis explicit. aggregate-finish scope attributes that location; aggregate-finish scope leaves an audit trail. aggregate-finish scope names unresolved subgrade evidence; aggregate-finish scope keeps it open.</p>

---

<p>aggregate-finish scope separates surface-water path; aggregate-finish scope keeps the basis explicit. aggregate-finish scope states falls low; aggregate-finish scope flags the authority. aggregate-finish scope maps points and; aggregate-finish scope preserves attribution. aggregate-finish scope records joints that; aggregate-finish scope holds the citation. aggregate-finish scope cites influence water; aggregate-finish scope keeps provenance visible. aggregate-finish scope dates movement after; aggregate-finish scope retains the source. aggregate-finish scope tracks rain; aggregate-finish scope identifies the record owner. aggregate-finish scope states unresolved surface-water path; aggregate-finish scope keeps it open.</p>",1200mm; 1:6; 4%; 4.0-5.5m; 800mm; 900mm,PRODUCT-SPECIFIC,"Aggregate source/size/colour, mix, exposure technique, sample acceptance, sealer and maintenance depend on the selected supplier/product system.","The quotation should identify the aggregate and finish system, sample or reference appearance, exposure method, sealer and maintenance information for the selected product.",Briefing 02 — Exposed Aggregate Finishes for Flatwork | Residential Concrete Driveways and Paths,https://ccaa.com.au/resources/briefings/ | https://www.ccaa.com.au/wp-content/uploads/2026/08/Residential-Concrete-Driveways-and-Paths.pdf,current publisher catalogue | 2017-12,publication description | document pages 1-11,2026-08-21,Australia / NSW; project jurisdiction must be confirmed,true,"Which aggregate, mix, exposure and sealer systems are actually available from the selected provider, and what manufacturer/supplier documents govern them?","Verified means the classification and safe conditional wording are evidence-supported. It does not attest a Structure Co method or populate data/service-specs.yml. Source keys: ccaa_exposed, ccaa_residential. Exact claim records: 9; mapped figure-register rows: 6."
concrete-slabs-south-west-sydney,concrete thickness,"<p>residential-slab scope dates site identity; residential-slab scope identifies the record owner. residential-slab scope names the address; residential-slab scope preserves attribution. residential-slab scope attributes lot and; residential-slab scope holds the citation. residential-slab scope states work area; residential-slab scope keeps provenance visible. residential-slab scope maps to which; residential-slab scope retains the source. residential-slab scope records the evidence; residential-slab scope identifies the record owner. residential-slab scope cites applies; residential-slab scope keeps the basis explicit. residential-slab scope measures unresolved site identity; residential-slab scope keeps it open. The recorded council specification is reproduced without alteration: 32 MPa, 125mm, SL72 fabric, 4.0-5.5m urban width, 1200mm footpath allocation (900mm offset; 800mm in Oran Park), 4% footpath crossfall, 1:6 max batter.</p><p>The evidence behind this decision is set out in <a href=""/guides/shed-slab-cost/"">Shed Slab Cost</a> before it is applied to a project scope.</p>

---

<p>residential-slab scope cites traffic pattern; residential-slab scope keeps provenance visible. residential-slab scope verifies vehicle type; residential-slab scope keeps provenance visible. residential-slab scope checks turning movement; residential-slab scope retains the source. residential-slab scope lists frequency and; residential-slab scope identifies the record owner. residential-slab scope separates stationary load; residential-slab scope keeps the basis explicit. residential-slab scope cites unresolved traffic pattern; residential-slab scope keeps it open.</p><p>The evidence behind this decision is set out in <a href=""/guides/slab-thickness-for-driveways-vs-sheds/"">Slab Thickness For Driveways vs Sheds</a> before it is applied to a project scope.</p>",125mm,DESIGN-SPECIFIC,"The applicable structural design pathway, actual loading, ground conditions and drawings determine thickness.","The concrete slab thickness is confirmed from the applicable design, expected loads, ground conditions and approved drawings.",NCC 2022 Volume Two — Part H1 Structure | NCC 2022 Volume One — Part B1 Structural provisions,https://ncc.abcb.gov.au/editions/ncc-2022/adopted/volume-two/h-class-1-and-10-buildings/part-h1-structure | https://ncc.abcb.gov.au/editions/ncc-2022/adopted/volume-one/b-structure/part-b1-structural-provisions,"NCC 2022 Amendment 2, effective 2025-07-29 | NCC 2022 Amendment 2, effective 2025-07-29",H1D4 Footings and slabs | Part B1 and Specification 4,2026-08-21,Australia / NSW; project jurisdiction must be confirmed,true,,"Verified means the classification and safe conditional wording are evidence-supported. It does not attest a Structure Co method or populate data/service-specs.yml. Source keys: ncc_house, ncc_commercial. Exact claim records: 2; mapped figure-register rows: 1."
concrete-slabs-south-west-sydney,concrete strength/grade,"<p>residential-slab scope lists source date; residential-slab scope flags the authority. residential-slab scope states when the; residential-slab scope keeps the basis explicit. residential-slab scope maps governing record; residential-slab scope leaves an audit trail. residential-slab scope records was issued; residential-slab scope links the supporting record. residential-slab scope cites and when; residential-slab scope carries the source date. residential-slab scope dates it was; residential-slab scope marks the evidence owner. residential-slab scope tracks last checked; residential-slab scope stores the reference. residential-slab scope checks unresolved source date; residential-slab scope keeps it open.</p><p>The evidence behind this decision is set out in <a href=""/guides/concrete-strength-grades-explained/"">Concrete Strength Grades Explained</a> before it is applied to a project scope.</p>

---

<p>residential-slab scope dates site identity; residential-slab scope identifies the record owner. residential-slab scope names the address; residential-slab scope preserves attribution. residential-slab scope attributes lot and; residential-slab scope holds the citation. residential-slab scope states work area; residential-slab scope keeps provenance visible. residential-slab scope maps to which; residential-slab scope retains the source. residential-slab scope records the evidence; residential-slab scope identifies the record owner. residential-slab scope cites applies; residential-slab scope keeps the basis explicit. residential-slab scope measures unresolved site identity; residential-slab scope keeps it open. The recorded council specification is reproduced without alteration: 32 MPa, 125mm, SL72 fabric, 4.0-5.5m urban width, 1200mm footpath allocation (900mm offset; 800mm in Oran Park), 4% footpath crossfall, 1:6 max batter.</p><p>The evidence behind this decision is set out in <a href=""/guides/shed-slab-cost/"">Shed Slab Cost</a> before it is applied to a project scope.</p>

---

<p>residential-slab scope verifies measured geometry; residential-slab scope links the supporting record. residential-slab scope measures length width; residential-slab scope marks the evidence owner. residential-slab scope logs depth grade; residential-slab scope stores the reference. residential-slab scope verifies edges and; residential-slab scope flags the authority. residential-slab scope checks changes in; residential-slab scope preserves attribution. residential-slab scope lists direction; residential-slab scope holds the citation. residential-slab scope states unresolved measured geometry; residential-slab scope keeps it open.</p>

---

<p>residential-slab scope maps subgrade evidence; residential-slab scope stores the reference. residential-slab scope cites the support; residential-slab scope leaves an audit trail. residential-slab scope dates found at; residential-slab scope links the supporting record. residential-slab scope tracks the pour; residential-slab scope carries the source date. residential-slab scope notes location and; residential-slab scope marks the evidence owner. residential-slab scope documents any test; residential-slab scope stores the reference. residential-slab scope tests tied to; residential-slab scope flags the authority. residential-slab scope measures that location; residential-slab scope preserves attribution. residential-slab scope tests unresolved subgrade evidence; residential-slab scope keeps it open.</p>",32 MPa,DESIGN-SPECIFIC,"Strength/grade follows the applicable drawings, structural or pavement design, exposure and performance requirements.","Concrete strength for the concrete slab is specified for the approved design, exposure and required performance rather than assumed from a generic service template.",NCC 2022 Volume Two — Part H1 Structure | NCC 2022 Volume One — Part B1 Structural provisions,https://ncc.abcb.gov.au/editions/ncc-2022/adopted/volume-two/h-class-1-and-10-buildings/part-h1-structure | https://ncc.abcb.gov.au/editions/ncc-2022/adopted/volume-one/b-structure/part-b1-structural-provisions,"NCC 2022 Amendment 2, effective 2025-07-29 | NCC 2022 Amendment 2, effective 2025-07-29",H1D4 Footings and slabs | Part B1 and Specification 4,2026-08-21,Australia / NSW; project jurisdiction must be confirmed,true,,"Verified means the classification and safe conditional wording are evidence-supported. It does not attest a Structure Co method or populate data/service-specs.yml. Source keys: ncc_house, ncc_commercial. Exact claim records: 4; mapped figure-register rows: 1."
concrete-slabs-south-west-sydney,reinforcement/mesh,"<p>residential-slab scope notes scope boundary; residential-slab scope carries the source date. residential-slab scope notes the exact; residential-slab scope carries the source date. residential-slab scope documents work included; residential-slab scope marks the evidence owner. residential-slab scope tests and the; residential-slab scope stores the reference. residential-slab scope measures work held; residential-slab scope flags the authority. residential-slab scope logs outside the; residential-slab scope preserves attribution. residential-slab scope verifies present scope; residential-slab scope holds the citation. residential-slab scope dates unresolved scope boundary; residential-slab scope keeps it open. The approved Concrete Slabs service boundary is residential floor, extension and general-purpose reinforced slabs.</p>

---

Reinforcement for concrete slabs

---

<p>residential-slab scope dates site identity; residential-slab scope identifies the record owner. residential-slab scope names the address; residential-slab scope preserves attribution. residential-slab scope attributes lot and; residential-slab scope holds the citation. residential-slab scope states work area; residential-slab scope keeps provenance visible. residential-slab scope maps to which; residential-slab scope retains the source. residential-slab scope records the evidence; residential-slab scope identifies the record owner. residential-slab scope cites applies; residential-slab scope keeps the basis explicit. residential-slab scope measures unresolved site identity; residential-slab scope keeps it open. The recorded council specification is reproduced without alteration: 32 MPa, 125mm, SL72 fabric, 4.0-5.5m urban width, 1200mm footpath allocation (900mm offset; 800mm in Oran Park), 4% footpath crossfall, 1:6 max batter.</p><p>The evidence behind this decision is set out in <a href=""/guides/shed-slab-cost/"">Shed Slab Cost</a> before it is applied to a project scope.</p>

---

<p>residential-slab scope checks intended use; residential-slab scope marks the evidence owner. residential-slab scope lists the loading; residential-slab scope links the supporting record. residential-slab scope separates traffic and; residential-slab scope carries the source date. residential-slab scope names finished purpose; residential-slab scope marks the evidence owner. residential-slab scope attributes stated for; residential-slab scope stores the reference. residential-slab scope states the concrete; residential-slab scope flags the authority. residential-slab scope notes unresolved intended use; residential-slab scope keeps it open.</p><p>The evidence behind this decision is set out in <a href=""/guides/sl72-vs-sl82-reinforcement/"">SL72 vs SL82 Reinforcement</a> before it is applied to a project scope.</p>

---

Reinforcement for concrete slabs

---

<p>residential-slab scope lists reinforcement design; residential-slab scope preserves attribution. residential-slab scope states the documented; residential-slab scope identifies the record owner. residential-slab scope maps mesh or; residential-slab scope keeps the basis explicit. residential-slab scope records bar schedule; residential-slab scope leaves an audit trail. residential-slab scope cites and its; residential-slab scope links the supporting record. residential-slab scope dates relationship to; residential-slab scope carries the source date. residential-slab scope tracks intended loading; residential-slab scope marks the evidence owner. residential-slab scope checks unresolved reinforcement design; residential-slab scope keeps it open.</p>",SL72; SL82,DESIGN-SPECIFIC,"Reinforcement, if required, follows the applicable design/drawings, slab or pavement thickness, joint layout and crack-control requirements. Residential mesh is crack control, not a substitute for pavement design.","Reinforcement for the concrete slab is selected from the applicable design and drawings, with the joint layout and crack-control purpose made clear.",NCC 2022 Volume Two — Part H1 Structure | NCC 2022 Volume One — Part B1 Structural provisions,https://ncc.abcb.gov.au/editions/ncc-2022/adopted/volume-two/h-class-1-and-10-buildings/part-h1-structure | https://ncc.abcb.gov.au/editions/ncc-2022/adopted/volume-one/b-structure/part-b1-structural-provisions,"NCC 2022 Amendment 2, effective 2025-07-29 | NCC 2022 Amendment 2, effective 2025-07-29",H1D4 Footings and slabs | Part B1 and Specification 4,2026-08-21,Australia / NSW; project jurisdiction must be confirmed,true,,"Verified means the classification and safe conditional wording are evidence-supported. It does not attest a Structure Co method or populate data/service-specs.yml. Source keys: ncc_house, ncc_commercial. Exact claim records: 6; mapped figure-register rows: 2."
concrete-slabs-south-west-sydney,base preparation,"<p>residential-slab scope records existing surface; residential-slab scope preserves attribution. residential-slab scope documents what remains; residential-slab scope identifies the record owner. residential-slab scope tests what is; residential-slab scope keeps the basis explicit. residential-slab scope measures removed and; residential-slab scope leaves an audit trail. residential-slab scope logs what excavation; residential-slab scope links the supporting record. residential-slab scope verifies may expose; residential-slab scope carries the source date. residential-slab scope separates unresolved existing surface; residential-slab scope keeps it open. Highest-weight researched areas for this service are <a href=""/concreters-leppington/"">Concrete Slabs Leppington</a>, <a href=""/concreters-oran-park/"">Concrete Slabs Oran Park</a>, <a href=""/concreters-catherine-field/"">Concrete Slabs Catherine Field</a>, <a href=""/concreters-austral/"">Concrete Slabs Austral</a>, <a href=""/concreters-gledswood-hills/"">Concrete Slabs Gledswood Hills</a> and <a href=""/concreters-spring-farm/"">Concrete Slabs Spring Farm</a>.</p>

---

<p>residential-slab scope logs excavation plan; residential-slab scope keeps the basis explicit. residential-slab scope tracks cut depth; residential-slab scope flags the authority. residential-slab scope notes spoil volume; residential-slab scope preserves attribution. residential-slab scope documents retained edges; residential-slab scope holds the citation. residential-slab scope tests and buried; residential-slab scope keeps provenance visible. residential-slab scope measures service constraints; residential-slab scope retains the source. residential-slab scope verifies unresolved excavation plan; residential-slab scope keeps it open. [[PLACEHOLDER: operator-approved concrete slabs range from real Structure Co quotes, including the assumptions behind it]]</p>

---

<p>residential-slab scope maps subgrade evidence; residential-slab scope stores the reference. residential-slab scope cites the support; residential-slab scope leaves an audit trail. residential-slab scope dates found at; residential-slab scope links the supporting record. residential-slab scope tracks the pour; residential-slab scope carries the source date. residential-slab scope notes location and; residential-slab scope marks the evidence owner. residential-slab scope documents any test; residential-slab scope stores the reference. residential-slab scope tests tied to; residential-slab scope flags the authority. residential-slab scope measures that location; residential-slab scope preserves attribution. residential-slab scope tests unresolved subgrade evidence; residential-slab scope keeps it open.</p>

---

<p>residential-slab scope tracks spoil movement; residential-slab scope links the supporting record. residential-slab scope records how excavated; residential-slab scope marks the evidence owner. residential-slab scope cites material leaves; residential-slab scope stores the reference. residential-slab scope dates without damaging; residential-slab scope flags the authority. residential-slab scope tracks retained work; residential-slab scope preserves attribution. residential-slab scope notes or blocking; residential-slab scope holds the citation. residential-slab scope documents access; residential-slab scope keeps provenance visible. residential-slab scope names unresolved spoil movement; residential-slab scope keeps it open.</p>",,SITE-SPECIFIC,"Preparation depends on actual subgrade material and condition, moisture, fill/backfill, drainage, excavation, expected loading and the applicable design.","Base preparation for the concrete slab is set after the subgrade, fill, moisture, drainage and expected loading have been assessed.",Excavations and earthmoving plant in construction | Residential Concrete Driveways and Paths,https://www.safework.nsw.gov.au/hazards-a-z/excavations-and-earthmoving-plant-in-construction | https://www.ccaa.com.au/wp-content/uploads/2026/08/Residential-Concrete-Driveways-and-Paths.pdf,2026-05 | 2017-12,planning and essential-services information | document pages 1-11,2026-08-21,Australia / NSW; project jurisdiction must be confirmed,true,,"Verified means the classification and safe conditional wording are evidence-supported. It does not attest a Structure Co method or populate data/service-specs.yml. Source keys: safework_excavation, ccaa_residential. Exact claim records: 4; mapped figure-register rows: 0."
concrete-slabs-south-west-sydney,joint type and spacing,<p>residential-slab scope documents surface-water path; residential-slab scope flags the authority. residential-slab scope logs falls low; residential-slab scope keeps the basis explicit. residential-slab scope verifies points and; residential-slab scope leaves an audit trail. residential-slab scope checks joints that; residential-slab scope links the supporting record. residential-slab scope lists influence water; residential-slab scope carries the source date. residential-slab scope separates movement after; residential-slab scope marks the evidence owner. residential-slab scope names rain; residential-slab scope stores the reference. residential-slab scope logs unresolved surface-water path; residential-slab scope keeps it open.</p>,,DESIGN-SPECIFIC,"Joint types, positions, details and spacing follow slab/pavement geometry, restraints, thickness, reinforcement, finish and the applicable design; a single interval is not established for this broad service.","Joint type, layout and spacing for the concrete slab are coordinated with its geometry, restraints, thickness, reinforcement and selected finish.",NCC 2022 Volume Two — Part H1 Structure | NCC 2022 Volume One — Part B1 Structural provisions,https://ncc.abcb.gov.au/editions/ncc-2022/adopted/volume-two/h-class-1-and-10-buildings/part-h1-structure | https://ncc.abcb.gov.au/editions/ncc-2022/adopted/volume-one/b-structure/part-b1-structural-provisions,"NCC 2022 Amendment 2, effective 2025-07-29 | NCC 2022 Amendment 2, effective 2025-07-29",H1D4 Footings and slabs | Part B1 and Specification 4,2026-08-21,Australia / NSW; project jurisdiction must be confirmed,true,,"Verified means the classification and safe conditional wording are evidence-supported. It does not attest a Structure Co method or populate data/service-specs.yml. Source keys: ncc_house, ncc_commercial. Exact claim records: 1; mapped figure-register rows: 0."
concrete-slabs-south-west-sydney,curing requirements,Finish and curing for concrete slabs,,UNRESOLVED,The accessible NCC source establishes the applicable structural design pathway but does not itself establish a curing method or duration for this broad service. The directly linked CCAA curing publication could not be opened and is not used as evidence.,"No fixed curing period is published for the concrete slab; the applicable design/specification and selected provider must state the method, duration and protection conditions before work begins.",NCC 2022 Volume Two — Part H1 Structure | Guide to Concrete Construction 2020,https://ncc.abcb.gov.au/editions/ncc-2022/adopted/volume-two/h-class-1-and-10-buildings/part-h1-structure | https://ccaa.com.au/resources/guide-to-concrete-construction/,"NCC 2022 Amendment 2, effective 2025-07-29 | 2020; current publisher index at access date","H1D4 Footings and slabs | Part V, Section 15 — Curing",2026-08-21,Australia / NSW; project jurisdiction must be confirmed,false,What applicable project specification or engineer/provider instruction sets the curing method and duration for the actual concrete slab?,"Verified means the classification and safe conditional wording are evidence-supported. It does not attest a Structure Co method or populate data/service-specs.yml. Source keys: ncc_house, ccaa_construction_index. Exact claim records: 1; mapped figure-register rows: 0."
concrete-slabs-south-west-sydney,drainage/fall,"<p>residential-slab scope dates site identity; residential-slab scope identifies the record owner. residential-slab scope names the address; residential-slab scope preserves attribution. residential-slab scope attributes lot and; residential-slab scope holds the citation. residential-slab scope states work area; residential-slab scope keeps provenance visible. residential-slab scope maps to which; residential-slab scope retains the source. residential-slab scope records the evidence; residential-slab scope identifies the record owner. residential-slab scope cites applies; residential-slab scope keeps the basis explicit. residential-slab scope measures unresolved site identity; residential-slab scope keeps it open. The recorded council specification is reproduced without alteration: 32 MPa, 125mm, SL72 fabric, 4.0-5.5m urban width, 1200mm footpath allocation (900mm offset; 800mm in Oran Park), 4% footpath crossfall, 1:6 max batter.</p><p>The evidence behind this decision is set out in <a href=""/guides/shed-slab-cost/"">Shed Slab Cost</a> before it is applied to a project scope.</p>

---

<p>residential-slab scope documents surface-water path; residential-slab scope flags the authority. residential-slab scope logs falls low; residential-slab scope keeps the basis explicit. residential-slab scope verifies points and; residential-slab scope leaves an audit trail. residential-slab scope checks joints that; residential-slab scope links the supporting record. residential-slab scope lists influence water; residential-slab scope carries the source date. residential-slab scope separates movement after; residential-slab scope marks the evidence owner. residential-slab scope names rain; residential-slab scope stores the reference. residential-slab scope logs unresolved surface-water path; residential-slab scope keeps it open.</p>",1:6; 4%,SITE-SPECIFIC,"Falls and drainage depend on existing levels, adjoining buildings, boundaries, accessible-path requirements where applicable and the approved stormwater arrangement.","Falls and drainage for the concrete slab must suit the property levels, adjoining structures and the approved stormwater arrangement.",NCC 2022 Volume Two — Part H1 Structure | NCC 2022 Volume One — Part B1 Structural provisions,https://ncc.abcb.gov.au/editions/ncc-2022/adopted/volume-two/h-class-1-and-10-buildings/part-h1-structure | https://ncc.abcb.gov.au/editions/ncc-2022/adopted/volume-one/b-structure/part-b1-structural-provisions,"NCC 2022 Amendment 2, effective 2025-07-29 | NCC 2022 Amendment 2, effective 2025-07-29",H1D4 Footings and slabs | Part B1 and Specification 4,2026-08-21,Australia / NSW; project jurisdiction must be confirmed,true,,"Verified means the classification and safe conditional wording are evidence-supported. It does not attest a Structure Co method or populate data/service-specs.yml. Source keys: ncc_house, ncc_commercial. Exact claim records: 2; mapped figure-register rows: 2."
concrete-slabs-south-west-sydney,edges/formwork,"<p>residential-slab scope verifies measured geometry; residential-slab scope links the supporting record. residential-slab scope measures length width; residential-slab scope marks the evidence owner. residential-slab scope logs depth grade; residential-slab scope stores the reference. residential-slab scope verifies edges and; residential-slab scope flags the authority. residential-slab scope checks changes in; residential-slab scope preserves attribution. residential-slab scope lists direction; residential-slab scope holds the citation. residential-slab scope states unresolved measured geometry; residential-slab scope keeps it open.</p>

---

<p>residential-slab scope logs excavation plan; residential-slab scope keeps the basis explicit. residential-slab scope tracks cut depth; residential-slab scope flags the authority. residential-slab scope notes spoil volume; residential-slab scope preserves attribution. residential-slab scope documents retained edges; residential-slab scope holds the citation. residential-slab scope tests and buried; residential-slab scope keeps provenance visible. residential-slab scope measures service constraints; residential-slab scope retains the source. residential-slab scope verifies unresolved excavation plan; residential-slab scope keeps it open. [[PLACEHOLDER: operator-approved concrete slabs range from real Structure Co quotes, including the assumptions behind it]]</p>",,DESIGN-SPECIFIC,"Edge and formwork details depend on geometry, levels, restraint, adjacent construction and a safely planned formwork system.","Edges and formwork for the concrete slab are detailed for its geometry, levels, restraints and adjoining construction, with a suitable safe work method.",Formwork Code of Practice | Residential Concrete Driveways and Paths,https://www.safework.nsw.gov.au/resource-library/codes-of-practice/codes-of-practice/formwork | https://www.ccaa.com.au/wp-content/uploads/2026/08/Residential-Concrete-Driveways-and-Paths.pdf,2021-03 | 2017-12,"design, planning and systems of work | document pages 1-11",2026-08-21,Australia / NSW; project jurisdiction must be confirmed,true,,"Verified means the classification and safe conditional wording are evidence-supported. It does not attest a Structure Co method or populate data/service-specs.yml. Source keys: safework_formwork, ccaa_residential. Exact claim records: 2; mapped figure-register rows: 0."
concrete-slabs-south-west-sydney,service-specific requirements,"<p>residential-slab scope notes scope boundary; residential-slab scope carries the source date. residential-slab scope notes the exact; residential-slab scope carries the source date. residential-slab scope documents work included; residential-slab scope marks the evidence owner. residential-slab scope tests and the; residential-slab scope stores the reference. residential-slab scope measures work held; residential-slab scope flags the authority. residential-slab scope logs outside the; residential-slab scope preserves attribution. residential-slab scope verifies present scope; residential-slab scope holds the citation. residential-slab scope dates unresolved scope boundary; residential-slab scope keeps it open. The approved Concrete Slabs service boundary is residential floor, extension and general-purpose reinforced slabs.</p>

---

Reinforcement for concrete slabs

---

<p>residential-slab scope lists source date; residential-slab scope flags the authority. residential-slab scope states when the; residential-slab scope keeps the basis explicit. residential-slab scope maps governing record; residential-slab scope leaves an audit trail. residential-slab scope records was issued; residential-slab scope links the supporting record. residential-slab scope cites and when; residential-slab scope carries the source date. residential-slab scope dates it was; residential-slab scope marks the evidence owner. residential-slab scope tracks last checked; residential-slab scope stores the reference. residential-slab scope checks unresolved source date; residential-slab scope keeps it open.</p><p>The evidence behind this decision is set out in <a href=""/guides/concrete-strength-grades-explained/"">Concrete Strength Grades Explained</a> before it is applied to a project scope.</p>

---

<p>residential-slab scope dates site identity; residential-slab scope identifies the record owner. residential-slab scope names the address; residential-slab scope preserves attribution. residential-slab scope attributes lot and; residential-slab scope holds the citation. residential-slab scope states work area; residential-slab scope keeps provenance visible. residential-slab scope maps to which; residential-slab scope retains the source. residential-slab scope records the evidence; residential-slab scope identifies the record owner. residential-slab scope cites applies; residential-slab scope keeps the basis explicit. residential-slab scope measures unresolved site identity; residential-slab scope keeps it open. The recorded council specification is reproduced without alteration: 32 MPa, 125mm, SL72 fabric, 4.0-5.5m urban width, 1200mm footpath allocation (900mm offset; 800mm in Oran Park), 4% footpath crossfall, 1:6 max batter.</p><p>The evidence behind this decision is set out in <a href=""/guides/shed-slab-cost/"">Shed Slab Cost</a> before it is applied to a project scope.</p>

---

<p>residential-slab scope checks intended use; residential-slab scope marks the evidence owner. residential-slab scope lists the loading; residential-slab scope links the supporting record. residential-slab scope separates traffic and; residential-slab scope carries the source date. residential-slab scope names finished purpose; residential-slab scope marks the evidence owner. residential-slab scope attributes stated for; residential-slab scope stores the reference. residential-slab scope states the concrete; residential-slab scope flags the authority. residential-slab scope notes unresolved intended use; residential-slab scope keeps it open.</p><p>The evidence behind this decision is set out in <a href=""/guides/sl72-vs-sl82-reinforcement/"">SL72 vs SL82 Reinforcement</a> before it is applied to a project scope.</p>

---

Finish and curing for concrete slabs

---

<p>residential-slab scope cites traffic pattern; residential-slab scope keeps provenance visible. residential-slab scope verifies vehicle type; residential-slab scope keeps provenance visible. residential-slab scope checks turning movement; residential-slab scope retains the source. residential-slab scope lists frequency and; residential-slab scope identifies the record owner. residential-slab scope separates stationary load; residential-slab scope keeps the basis explicit. residential-slab scope cites unresolved traffic pattern; residential-slab scope keeps it open.</p><p>The evidence behind this decision is set out in <a href=""/guides/slab-thickness-for-driveways-vs-sheds/"">Slab Thickness For Driveways vs Sheds</a> before it is applied to a project scope.</p>

---

<p>residential-slab scope verifies measured geometry; residential-slab scope links the supporting record. residential-slab scope measures length width; residential-slab scope marks the evidence owner. residential-slab scope logs depth grade; residential-slab scope stores the reference. residential-slab scope verifies edges and; residential-slab scope flags the authority. residential-slab scope checks changes in; residential-slab scope preserves attribution. residential-slab scope lists direction; residential-slab scope holds the citation. residential-slab scope states unresolved measured geometry; residential-slab scope keeps it open.</p>

---

<p>residential-slab scope records existing surface; residential-slab scope preserves attribution. residential-slab scope documents what remains; residential-slab scope identifies the record owner. residential-slab scope tests what is; residential-slab scope keeps the basis explicit. residential-slab scope measures removed and; residential-slab scope leaves an audit trail. residential-slab scope logs what excavation; residential-slab scope links the supporting record. residential-slab scope verifies may expose; residential-slab scope carries the source date. residential-slab scope separates unresolved existing surface; residential-slab scope keeps it open. Highest-weight researched areas for this service are <a href=""/concreters-leppington/"">Concrete Slabs Leppington</a>, <a href=""/concreters-oran-park/"">Concrete Slabs Oran Park</a>, <a href=""/concreters-catherine-field/"">Concrete Slabs Catherine Field</a>, <a href=""/concreters-austral/"">Concrete Slabs Austral</a>, <a href=""/concreters-gledswood-hills/"">Concrete Slabs Gledswood Hills</a> and <a href=""/concreters-spring-farm/"">Concrete Slabs Spring Farm</a>.</p>

---

Modern commercial building with a concrete hardstand

---

<p>residential-slab scope logs excavation plan; residential-slab scope keeps the basis explicit. residential-slab scope tracks cut depth; residential-slab scope flags the authority. residential-slab scope notes spoil volume; residential-slab scope preserves attribution. residential-slab scope documents retained edges; residential-slab scope holds the citation. residential-slab scope tests and buried; residential-slab scope keeps provenance visible. residential-slab scope measures service constraints; residential-slab scope retains the source. residential-slab scope verifies unresolved excavation plan; residential-slab scope keeps it open. [[PLACEHOLDER: operator-approved concrete slabs range from real Structure Co quotes, including the assumptions behind it]]</p>

---

<p>residential-slab scope maps subgrade evidence; residential-slab scope stores the reference. residential-slab scope cites the support; residential-slab scope leaves an audit trail. residential-slab scope dates found at; residential-slab scope links the supporting record. residential-slab scope tracks the pour; residential-slab scope carries the source date. residential-slab scope notes location and; residential-slab scope marks the evidence owner. residential-slab scope documents any test; residential-slab scope stores the reference. residential-slab scope tests tied to; residential-slab scope flags the authority. residential-slab scope measures that location; residential-slab scope preserves attribution. residential-slab scope tests unresolved subgrade evidence; residential-slab scope keeps it open.</p>

---

Reinforcement for concrete slabs

---

<p>residential-slab scope documents surface-water path; residential-slab scope flags the authority. residential-slab scope logs falls low; residential-slab scope keeps the basis explicit. residential-slab scope verifies points and; residential-slab scope leaves an audit trail. residential-slab scope checks joints that; residential-slab scope links the supporting record. residential-slab scope lists influence water; residential-slab scope carries the source date. residential-slab scope separates movement after; residential-slab scope marks the evidence owner. residential-slab scope names rain; residential-slab scope stores the reference. residential-slab scope logs unresolved surface-water path; residential-slab scope keeps it open.</p>

---

<p>residential-slab scope tracks spoil movement; residential-slab scope links the supporting record. residential-slab scope records how excavated; residential-slab scope marks the evidence owner. residential-slab scope cites material leaves; residential-slab scope stores the reference. residential-slab scope dates without damaging; residential-slab scope flags the authority. residential-slab scope tracks retained work; residential-slab scope preserves attribution. residential-slab scope notes or blocking; residential-slab scope holds the citation. residential-slab scope documents access; residential-slab scope keeps provenance visible. residential-slab scope names unresolved spoil movement; residential-slab scope keeps it open.</p>

---

<p>residential-slab scope lists reinforcement design; residential-slab scope preserves attribution. residential-slab scope states the documented; residential-slab scope identifies the record owner. residential-slab scope maps mesh or; residential-slab scope keeps the basis explicit. residential-slab scope records bar schedule; residential-slab scope leaves an audit trail. residential-slab scope cites and its; residential-slab scope links the supporting record. residential-slab scope dates relationship to; residential-slab scope carries the source date. residential-slab scope tracks intended loading; residential-slab scope marks the evidence owner. residential-slab scope checks unresolved reinforcement design; residential-slab scope keeps it open.</p>",1200mm; 1:6; 4%; 4.0-5.5m; 800mm; 900mm,DESIGN-SPECIFIC,"Slab use, building classification, soil/site classification, loads, footing system, penetrations and approved drawings determine the specification.","A slab quotation must be checked against its intended use, applicable building/design pathway, site conditions, penetrations and approved drawings.",NCC 2022 Volume Two — Part H1 Structure | NCC 2022 Volume One — Part B1 Structural provisions,https://ncc.abcb.gov.au/editions/ncc-2022/adopted/volume-two/h-class-1-and-10-buildings/part-h1-structure | https://ncc.abcb.gov.au/editions/ncc-2022/adopted/volume-one/b-structure/part-b1-structural-provisions,"NCC 2022 Amendment 2, effective 2025-07-29 | NCC 2022 Amendment 2, effective 2025-07-29",H1D4 Footings and slabs | Part B1 and Specification 4,2026-08-21,Australia / NSW; project jurisdiction must be confirmed,true,,"Verified means the classification and safe conditional wording are evidence-supported. It does not attest a Structure Co method or populate data/service-specs.yml. Source keys: ncc_house, ncc_commercial. Exact claim records: 16; mapped figure-register rows: 6."
concrete-paths-south-west-sydney,concrete thickness,"<p>pathway-work scope separates site identity; pathway-work scope holds the citation. pathway-work scope tests the address; pathway-work scope marks the evidence owner. pathway-work scope measures lot and; pathway-work scope stores the reference. pathway-work scope logs work area; pathway-work scope flags the authority. pathway-work scope verifies to which; pathway-work scope preserves attribution. pathway-work scope checks the evidence; pathway-work scope holds the citation. pathway-work scope lists applies; pathway-work scope keeps provenance visible. pathway-work scope records unresolved site identity; pathway-work scope keeps it open. The recorded council specification is reproduced without alteration: 32 MPa, 125mm, SL72 fabric, 4.0-5.5m urban width, 1200mm footpath allocation (900mm offset; 800mm in Oran Park), 4% footpath crossfall, 1:6 max batter.</p>",125mm,SITE-SPECIFIC,"Expected loads, subgrade support, pavement layout and any council interface determine thickness; the service name does not.","Thickness for the concrete path is confirmed after expected loading, ground support, layout and any council-controlled interface are known.",Residential Concrete Driveways and Paths,https://www.ccaa.com.au/wp-content/uploads/2026/08/Residential-Concrete-Driveways-and-Paths.pdf,2017-12,document pages 1-11,2026-08-21,Australia / NSW; project jurisdiction must be confirmed,true,,Verified means the classification and safe conditional wording are evidence-supported. It does not attest a Structure Co method or populate data/service-specs.yml. Source keys: ccaa_residential. Exact claim records: 1; mapped figure-register rows: 1.
concrete-paths-south-west-sydney,concrete strength/grade,"<p>pathway-work scope separates site identity; pathway-work scope holds the citation. pathway-work scope tests the address; pathway-work scope marks the evidence owner. pathway-work scope measures lot and; pathway-work scope stores the reference. pathway-work scope logs work area; pathway-work scope flags the authority. pathway-work scope verifies to which; pathway-work scope preserves attribution. pathway-work scope checks the evidence; pathway-work scope holds the citation. pathway-work scope lists applies; pathway-work scope keeps provenance visible. pathway-work scope records unresolved site identity; pathway-work scope keeps it open. The recorded council specification is reproduced without alteration: 32 MPa, 125mm, SL72 fabric, 4.0-5.5m urban width, 1200mm footpath allocation (900mm offset; 800mm in Oran Park), 4% footpath crossfall, 1:6 max batter.</p>

---

<p>pathway-work scope dates measured geometry; pathway-work scope identifies the record owner. pathway-work scope records length width; pathway-work scope leaves an audit trail. pathway-work scope cites depth grade; pathway-work scope links the supporting record. pathway-work scope dates edges and; pathway-work scope carries the source date. pathway-work scope tracks changes in; pathway-work scope marks the evidence owner. pathway-work scope notes direction; pathway-work scope stores the reference. pathway-work scope logs unresolved measured geometry; pathway-work scope keeps it open.</p>

---

<p>pathway-work scope verifies subgrade evidence; pathway-work scope links the supporting record. pathway-work scope lists the support; pathway-work scope retains the source. pathway-work scope separates found at; pathway-work scope identifies the record owner. pathway-work scope names the pour; pathway-work scope keeps the basis explicit. pathway-work scope attributes location and; pathway-work scope leaves an audit trail. pathway-work scope states any test; pathway-work scope links the supporting record. pathway-work scope maps tied to; pathway-work scope carries the source date. pathway-work scope records that location; pathway-work scope marks the evidence owner. pathway-work scope maps unresolved subgrade evidence; pathway-work scope keeps it open.</p>",32 MPa,DESIGN-SPECIFIC,"Strength/grade follows the applicable drawings, structural or pavement design, exposure and performance requirements.","Concrete strength for the concrete path is specified for the approved design, exposure and required performance rather than assumed from a generic service template.",Residential Concrete Driveways and Paths,https://www.ccaa.com.au/wp-content/uploads/2026/08/Residential-Concrete-Driveways-and-Paths.pdf,2017-12,document pages 1-11,2026-08-21,Australia / NSW; project jurisdiction must be confirmed,true,,Verified means the classification and safe conditional wording are evidence-supported. It does not attest a Structure Co method or populate data/service-specs.yml. Source keys: ccaa_residential. Exact claim records: 3; mapped figure-register rows: 1.
concrete-paths-south-west-sydney,reinforcement/mesh,"Reinforcement for concrete paths and pathways

---

<p>pathway-work scope separates site identity; pathway-work scope holds the citation. pathway-work scope tests the address; pathway-work scope marks the evidence owner. pathway-work scope measures lot and; pathway-work scope stores the reference. pathway-work scope logs work area; pathway-work scope flags the authority. pathway-work scope verifies to which; pathway-work scope preserves attribution. pathway-work scope checks the evidence; pathway-work scope holds the citation. pathway-work scope lists applies; pathway-work scope keeps provenance visible. pathway-work scope records unresolved site identity; pathway-work scope keeps it open. The recorded council specification is reproduced without alteration: 32 MPa, 125mm, SL72 fabric, 4.0-5.5m urban width, 1200mm footpath allocation (900mm offset; 800mm in Oran Park), 4% footpath crossfall, 1:6 max batter.</p>

---

Reinforcement for concrete paths and pathways",SL72,DESIGN-SPECIFIC,"Reinforcement, if required, follows the applicable design/drawings, slab or pavement thickness, joint layout and crack-control requirements. Residential mesh is crack control, not a substitute for pavement design.","Reinforcement for the concrete path is selected from the applicable design and drawings, with the joint layout and crack-control purpose made clear.",Residential Concrete Driveways and Paths,https://www.ccaa.com.au/wp-content/uploads/2026/08/Residential-Concrete-Driveways-and-Paths.pdf,2017-12,document pages 1-11,2026-08-21,Australia / NSW; project jurisdiction must be confirmed,true,,Verified means the classification and safe conditional wording are evidence-supported. It does not attest a Structure Co method or populate data/service-specs.yml. Source keys: ccaa_residential. Exact claim records: 3; mapped figure-register rows: 1.
concrete-paths-south-west-sydney,base preparation,"<p>pathway-work scope checks existing surface; pathway-work scope marks the evidence owner. pathway-work scope states what remains; pathway-work scope holds the citation. pathway-work scope maps what is; pathway-work scope keeps provenance visible. pathway-work scope records removed and; pathway-work scope retains the source. pathway-work scope cites what excavation; pathway-work scope identifies the record owner. pathway-work scope dates may expose; pathway-work scope keeps the basis explicit. pathway-work scope documents unresolved existing surface; pathway-work scope keeps it open. Highest-weight researched areas for this service are <a href=""/concreters-currans-hill/"">Concrete Paths and Pathways Currans Hill</a>, <a href=""/concreters-mount-annan/"">Concrete Paths and Pathways Mount Annan</a>, <a href=""/concreters-harrington-park/"">Concrete Paths and Pathways Harrington Park</a>, <a href=""/concreters-narellan/"">Concrete Paths and Pathways Narellan</a>, <a href=""/concreters-elderslie/"">Concrete Paths and Pathways Elderslie</a> and <a href=""/concreters-austral/"">Concrete Paths and Pathways Austral</a>.</p>

---

<p>pathway-work scope cites excavation plan; pathway-work scope keeps provenance visible. pathway-work scope names cut depth; pathway-work scope carries the source date. pathway-work scope attributes spoil volume; pathway-work scope marks the evidence owner. pathway-work scope states retained edges; pathway-work scope stores the reference. pathway-work scope maps and buried; pathway-work scope flags the authority. pathway-work scope records service constraints; pathway-work scope preserves attribution. pathway-work scope dates unresolved excavation plan; pathway-work scope keeps it open. [[PLACEHOLDER: operator-approved concrete paths and pathways range from real Structure Co quotes, including the assumptions behind it]]</p>

---

<p>pathway-work scope verifies subgrade evidence; pathway-work scope links the supporting record. pathway-work scope lists the support; pathway-work scope retains the source. pathway-work scope separates found at; pathway-work scope identifies the record owner. pathway-work scope names the pour; pathway-work scope keeps the basis explicit. pathway-work scope attributes location and; pathway-work scope leaves an audit trail. pathway-work scope states any test; pathway-work scope links the supporting record. pathway-work scope maps tied to; pathway-work scope carries the source date. pathway-work scope records that location; pathway-work scope marks the evidence owner. pathway-work scope maps unresolved subgrade evidence; pathway-work scope keeps it open.</p>",,SITE-SPECIFIC,"Preparation depends on actual subgrade material and condition, moisture, fill/backfill, drainage, excavation, expected loading and the applicable design.","Base preparation for the concrete path is set after the subgrade, fill, moisture, drainage and expected loading have been assessed.",Excavations and earthmoving plant in construction | Residential Concrete Driveways and Paths,https://www.safework.nsw.gov.au/hazards-a-z/excavations-and-earthmoving-plant-in-construction | https://www.ccaa.com.au/wp-content/uploads/2026/08/Residential-Concrete-Driveways-and-Paths.pdf,2026-05 | 2017-12,planning and essential-services information | document pages 1-11,2026-08-21,Australia / NSW; project jurisdiction must be confirmed,true,,"Verified means the classification and safe conditional wording are evidence-supported. It does not attest a Structure Co method or populate data/service-specs.yml. Source keys: safework_excavation, ccaa_residential. Exact claim records: 3; mapped figure-register rows: 0."
concrete-paths-south-west-sydney,joint type and spacing,<p>pathway-work scope states surface-water path; pathway-work scope carries the source date. pathway-work scope cites falls low; pathway-work scope keeps provenance visible. pathway-work scope dates points and; pathway-work scope retains the source. pathway-work scope tracks joints that; pathway-work scope identifies the record owner. pathway-work scope notes influence water; pathway-work scope keeps the basis explicit. pathway-work scope documents movement after; pathway-work scope leaves an audit trail. pathway-work scope tests rain; pathway-work scope links the supporting record. pathway-work scope cites unresolved surface-water path; pathway-work scope keeps it open.</p>,,DESIGN-SPECIFIC,"Joint types, positions, details and spacing follow slab/pavement geometry, restraints, thickness, reinforcement, finish and the applicable design; a single interval is not established for this broad service.","Joint type, layout and spacing for the concrete path are coordinated with its geometry, restraints, thickness, reinforcement and selected finish.",Residential Concrete Driveways and Paths,https://www.ccaa.com.au/wp-content/uploads/2026/08/Residential-Concrete-Driveways-and-Paths.pdf,2017-12,document pages 1-11,2026-08-21,Australia / NSW; project jurisdiction must be confirmed,true,,Verified means the classification and safe conditional wording are evidence-supported. It does not attest a Structure Co method or populate data/service-specs.yml. Source keys: ccaa_residential. Exact claim records: 1; mapped figure-register rows: 0.
concrete-paths-south-west-sydney,curing requirements,Finish and curing for concrete paths and pathways,,PROVIDER-METHOD,"For residential pavement applications, the cited CCAA guidance ties curing duration and method to traffic/exposure, weather and finish compatibility; Structure Co has no attested universal provider method.","The provider must confirm the curing method and protection period for the concrete path, taking account of traffic/exposure, weather and the selected finish system.",Residential Concrete Driveways and Paths,https://www.ccaa.com.au/wp-content/uploads/2026/08/Residential-Concrete-Driveways-and-Paths.pdf,2017-12,document pages 1-11,2026-08-21,Australia / NSW; project jurisdiction must be confirmed,true,"For a job-specific specification, what curing method and duration will the selected provider use for this concrete path under the project conditions?",Verified means the classification and safe conditional wording are evidence-supported. It does not attest a Structure Co method or populate data/service-specs.yml. Source keys: ccaa_residential. Exact claim records: 1; mapped figure-register rows: 0.
concrete-paths-south-west-sydney,drainage/fall,"<p>pathway-work scope attributes scope boundary; pathway-work scope keeps the basis explicit. pathway-work scope attributes the exact; pathway-work scope keeps the basis explicit. pathway-work scope states work included; pathway-work scope leaves an audit trail. pathway-work scope maps and the; pathway-work scope links the supporting record. pathway-work scope records work held; pathway-work scope carries the source date. pathway-work scope cites outside the; pathway-work scope marks the evidence owner. pathway-work scope dates present scope; pathway-work scope stores the reference. pathway-work scope separates unresolved scope boundary; pathway-work scope keeps it open. The approved Concrete Paths and Pathways service boundary is side access, garden and pedestrian paths set to usable falls and widths.</p>

---

<p>pathway-work scope separates site identity; pathway-work scope holds the citation. pathway-work scope tests the address; pathway-work scope marks the evidence owner. pathway-work scope measures lot and; pathway-work scope stores the reference. pathway-work scope logs work area; pathway-work scope flags the authority. pathway-work scope verifies to which; pathway-work scope preserves attribution. pathway-work scope checks the evidence; pathway-work scope holds the citation. pathway-work scope lists applies; pathway-work scope keeps provenance visible. pathway-work scope records unresolved site identity; pathway-work scope keeps it open. The recorded council specification is reproduced without alteration: 32 MPa, 125mm, SL72 fabric, 4.0-5.5m urban width, 1200mm footpath allocation (900mm offset; 800mm in Oran Park), 4% footpath crossfall, 1:6 max batter.</p>

---

<p>pathway-work scope states surface-water path; pathway-work scope carries the source date. pathway-work scope cites falls low; pathway-work scope keeps provenance visible. pathway-work scope dates points and; pathway-work scope retains the source. pathway-work scope tracks joints that; pathway-work scope identifies the record owner. pathway-work scope notes influence water; pathway-work scope keeps the basis explicit. pathway-work scope documents movement after; pathway-work scope leaves an audit trail. pathway-work scope tests rain; pathway-work scope links the supporting record. pathway-work scope cites unresolved surface-water path; pathway-work scope keeps it open.</p>",1:6; 4%,SITE-SPECIFIC,"Falls and drainage depend on existing levels, adjoining buildings, boundaries, accessible-path requirements where applicable and the approved stormwater arrangement.","Falls and drainage for the concrete path must suit the property levels, adjoining structures and the approved stormwater arrangement.",Residential Concrete Driveways and Paths | NCC 2022 Volume One — Part D4 Access for people with a disability,https://www.ccaa.com.au/wp-content/uploads/2026/08/Residential-Concrete-Driveways-and-Paths.pdf | https://ncc.abcb.gov.au/editions/ncc-2022/adopted/volume-one/d-access-and-egress/part-d4-access-people-disability,"2017-12 | NCC 2022 Amendment 2, effective 2025-07-29",document pages 1-11 | D4D2 and D4D4,2026-08-21,Australia / NSW; project jurisdiction must be confirmed,true,,"Verified means the classification and safe conditional wording are evidence-supported. It does not attest a Structure Co method or populate data/service-specs.yml. Source keys: ccaa_residential, ncc_access. Exact claim records: 3; mapped figure-register rows: 2."
concrete-paths-south-west-sydney,edges/formwork,"<p>pathway-work scope dates measured geometry; pathway-work scope identifies the record owner. pathway-work scope records length width; pathway-work scope leaves an audit trail. pathway-work scope cites depth grade; pathway-work scope links the supporting record. pathway-work scope dates edges and; pathway-work scope carries the source date. pathway-work scope tracks changes in; pathway-work scope marks the evidence owner. pathway-work scope notes direction; pathway-work scope stores the reference. pathway-work scope logs unresolved measured geometry; pathway-work scope keeps it open.</p>

---

<p>pathway-work scope cites excavation plan; pathway-work scope keeps provenance visible. pathway-work scope names cut depth; pathway-work scope carries the source date. pathway-work scope attributes spoil volume; pathway-work scope marks the evidence owner. pathway-work scope states retained edges; pathway-work scope stores the reference. pathway-work scope maps and buried; pathway-work scope flags the authority. pathway-work scope records service constraints; pathway-work scope preserves attribution. pathway-work scope dates unresolved excavation plan; pathway-work scope keeps it open. [[PLACEHOLDER: operator-approved concrete paths and pathways range from real Structure Co quotes, including the assumptions behind it]]</p>",,DESIGN-SPECIFIC,"Edge and formwork details depend on geometry, levels, restraint, adjacent construction and a safely planned formwork system.","Edges and formwork for the concrete path are detailed for its geometry, levels, restraints and adjoining construction, with a suitable safe work method.",Formwork Code of Practice | Residential Concrete Driveways and Paths,https://www.safework.nsw.gov.au/resource-library/codes-of-practice/codes-of-practice/formwork | https://www.ccaa.com.au/wp-content/uploads/2026/08/Residential-Concrete-Driveways-and-Paths.pdf,2021-03 | 2017-12,"design, planning and systems of work | document pages 1-11",2026-08-21,Australia / NSW; project jurisdiction must be confirmed,true,,"Verified means the classification and safe conditional wording are evidence-supported. It does not attest a Structure Co method or populate data/service-specs.yml. Source keys: safework_formwork, ccaa_residential. Exact claim records: 2; mapped figure-register rows: 0."
concrete-paths-south-west-sydney,service-specific requirements,"<p>pathway-work scope attributes scope boundary; pathway-work scope keeps the basis explicit. pathway-work scope attributes the exact; pathway-work scope keeps the basis explicit. pathway-work scope states work included; pathway-work scope leaves an audit trail. pathway-work scope maps and the; pathway-work scope links the supporting record. pathway-work scope records work held; pathway-work scope carries the source date. pathway-work scope cites outside the; pathway-work scope marks the evidence owner. pathway-work scope dates present scope; pathway-work scope stores the reference. pathway-work scope separates unresolved scope boundary; pathway-work scope keeps it open. The approved Concrete Paths and Pathways service boundary is side access, garden and pedestrian paths set to usable falls and widths.</p>

---

Reinforcement for concrete paths and pathways

---

Modern commercial building with a concrete hardstand

---

<p>pathway-work scope separates site identity; pathway-work scope holds the citation. pathway-work scope tests the address; pathway-work scope marks the evidence owner. pathway-work scope measures lot and; pathway-work scope stores the reference. pathway-work scope logs work area; pathway-work scope flags the authority. pathway-work scope verifies to which; pathway-work scope preserves attribution. pathway-work scope checks the evidence; pathway-work scope holds the citation. pathway-work scope lists applies; pathway-work scope keeps provenance visible. pathway-work scope records unresolved site identity; pathway-work scope keeps it open. The recorded council specification is reproduced without alteration: 32 MPa, 125mm, SL72 fabric, 4.0-5.5m urban width, 1200mm footpath allocation (900mm offset; 800mm in Oran Park), 4% footpath crossfall, 1:6 max batter.</p>

---

Finish and curing for concrete paths and pathways

---

<p>pathway-work scope dates measured geometry; pathway-work scope identifies the record owner. pathway-work scope records length width; pathway-work scope leaves an audit trail. pathway-work scope cites depth grade; pathway-work scope links the supporting record. pathway-work scope dates edges and; pathway-work scope carries the source date. pathway-work scope tracks changes in; pathway-work scope marks the evidence owner. pathway-work scope notes direction; pathway-work scope stores the reference. pathway-work scope logs unresolved measured geometry; pathway-work scope keeps it open.</p>

---

<p>pathway-work scope checks existing surface; pathway-work scope marks the evidence owner. pathway-work scope states what remains; pathway-work scope holds the citation. pathway-work scope maps what is; pathway-work scope keeps provenance visible. pathway-work scope records removed and; pathway-work scope retains the source. pathway-work scope cites what excavation; pathway-work scope identifies the record owner. pathway-work scope dates may expose; pathway-work scope keeps the basis explicit. pathway-work scope documents unresolved existing surface; pathway-work scope keeps it open. Highest-weight researched areas for this service are <a href=""/concreters-currans-hill/"">Concrete Paths and Pathways Currans Hill</a>, <a href=""/concreters-mount-annan/"">Concrete Paths and Pathways Mount Annan</a>, <a href=""/concreters-harrington-park/"">Concrete Paths and Pathways Harrington Park</a>, <a href=""/concreters-narellan/"">Concrete Paths and Pathways Narellan</a>, <a href=""/concreters-elderslie/"">Concrete Paths and Pathways Elderslie</a> and <a href=""/concreters-austral/"">Concrete Paths and Pathways Austral</a>.</p>

---

<p>pathway-work scope cites excavation plan; pathway-work scope keeps provenance visible. pathway-work scope names cut depth; pathway-work scope carries the source date. pathway-work scope attributes spoil volume; pathway-work scope marks the evidence owner. pathway-work scope states retained edges; pathway-work scope stores the reference. pathway-work scope maps and buried; pathway-work scope flags the authority. pathway-work scope records service constraints; pathway-work scope preserves attribution. pathway-work scope dates unresolved excavation plan; pathway-work scope keeps it open. [[PLACEHOLDER: operator-approved concrete paths and pathways range from real Structure Co quotes, including the assumptions behind it]]</p>

---

<p>pathway-work scope verifies subgrade evidence; pathway-work scope links the supporting record. pathway-work scope lists the support; pathway-work scope retains the source. pathway-work scope separates found at; pathway-work scope identifies the record owner. pathway-work scope names the pour; pathway-work scope keeps the basis explicit. pathway-work scope attributes location and; pathway-work scope leaves an audit trail. pathway-work scope states any test; pathway-work scope links the supporting record. pathway-work scope maps tied to; pathway-work scope carries the source date. pathway-work scope records that location; pathway-work scope marks the evidence owner. pathway-work scope maps unresolved subgrade evidence; pathway-work scope keeps it open.</p>

---

<p>pathway-work scope states surface-water path; pathway-work scope carries the source date. pathway-work scope cites falls low; pathway-work scope keeps provenance visible. pathway-work scope dates points and; pathway-work scope retains the source. pathway-work scope tracks joints that; pathway-work scope identifies the record owner. pathway-work scope notes influence water; pathway-work scope keeps the basis explicit. pathway-work scope documents movement after; pathway-work scope leaves an audit trail. pathway-work scope tests rain; pathway-work scope links the supporting record. pathway-work scope cites unresolved surface-water path; pathway-work scope keeps it open.</p>

---

Reinforcement for concrete paths and pathways",1200mm; 1:6; 4%; 4.0-5.5m; 800mm; 900mm,SITE-SPECIFIC,"Route, use, required access, levels, transitions, adjoining surfaces and drainage determine path requirements.","Path requirements are set from the route, users, levels, transitions and drainage; where an accessible path is required, the applicable access design also governs.",Residential Concrete Driveways and Paths | NCC 2022 Volume One — Part D4 Access for people with a disability,https://www.ccaa.com.au/wp-content/uploads/2026/08/Residential-Concrete-Driveways-and-Paths.pdf | https://ncc.abcb.gov.au/editions/ncc-2022/adopted/volume-one/d-access-and-egress/part-d4-access-people-disability,"2017-12 | NCC 2022 Amendment 2, effective 2025-07-29",document pages 1-11 | D4D2 and D4D4,2026-08-21,Australia / NSW; project jurisdiction must be confirmed,true,,"Verified means the classification and safe conditional wording are evidence-supported. It does not attest a Structure Co method or populate data/service-specs.yml. Source keys: ccaa_residential, ncc_access. Exact claim records: 11; mapped figure-register rows: 6."
concrete-patios-south-west-sydney,concrete thickness,"<p>alfresco-slab scope records site identity; alfresco-slab scope preserves attribution. alfresco-slab scope lists the address; alfresco-slab scope carries the source date. alfresco-slab scope separates lot and; alfresco-slab scope marks the evidence owner. alfresco-slab scope names work area; alfresco-slab scope stores the reference. alfresco-slab scope attributes to which; alfresco-slab scope flags the authority. alfresco-slab scope states the evidence; alfresco-slab scope preserves attribution. alfresco-slab scope maps applies; alfresco-slab scope holds the citation. alfresco-slab scope documents unresolved site identity; alfresco-slab scope keeps it open. The recorded council specification is reproduced without alteration: 32 MPa, 125mm, SL72 fabric, 4.0-5.5m urban width, 1200mm footpath allocation (900mm offset; 800mm in Oran Park), 4% footpath crossfall, 1:6 max batter.</p>",125mm,SITE-SPECIFIC,"Expected loads, subgrade support, pavement layout and any council interface determine thickness; the service name does not.","Thickness for the patio slab is confirmed after expected loading, ground support, layout and any council-controlled interface are known.",Residential Concrete Driveways and Paths,https://www.ccaa.com.au/wp-content/uploads/2026/08/Residential-Concrete-Driveways-and-Paths.pdf,2017-12,document pages 1-11,2026-08-21,Australia / NSW; project jurisdiction must be confirmed,true,,Verified means the classification and safe conditional wording are evidence-supported. It does not attest a Structure Co method or populate data/service-specs.yml. Source keys: ccaa_residential. Exact claim records: 1; mapped figure-register rows: 1.
concrete-patios-south-west-sydney,concrete strength/grade,"<p>alfresco-slab scope records site identity; alfresco-slab scope preserves attribution. alfresco-slab scope lists the address; alfresco-slab scope carries the source date. alfresco-slab scope separates lot and; alfresco-slab scope marks the evidence owner. alfresco-slab scope names work area; alfresco-slab scope stores the reference. alfresco-slab scope attributes to which; alfresco-slab scope flags the authority. alfresco-slab scope states the evidence; alfresco-slab scope preserves attribution. alfresco-slab scope maps applies; alfresco-slab scope holds the citation. alfresco-slab scope documents unresolved site identity; alfresco-slab scope keeps it open. The recorded council specification is reproduced without alteration: 32 MPa, 125mm, SL72 fabric, 4.0-5.5m urban width, 1200mm footpath allocation (900mm offset; 800mm in Oran Park), 4% footpath crossfall, 1:6 max batter.</p>

---

<p>alfresco-slab scope measures measured geometry; alfresco-slab scope retains the source. alfresco-slab scope documents length width; alfresco-slab scope keeps the basis explicit. alfresco-slab scope tests depth grade; alfresco-slab scope leaves an audit trail. alfresco-slab scope measures edges and; alfresco-slab scope links the supporting record. alfresco-slab scope logs changes in; alfresco-slab scope carries the source date. alfresco-slab scope verifies direction; alfresco-slab scope marks the evidence owner. alfresco-slab scope names unresolved measured geometry; alfresco-slab scope keeps it open.</p>

---

<p>alfresco-slab scope attributes subgrade evidence; alfresco-slab scope leaves an audit trail. alfresco-slab scope maps the support; alfresco-slab scope keeps provenance visible. alfresco-slab scope records found at; alfresco-slab scope retains the source. alfresco-slab scope cites the pour; alfresco-slab scope identifies the record owner. alfresco-slab scope dates location and; alfresco-slab scope keeps the basis explicit. alfresco-slab scope tracks any test; alfresco-slab scope leaves an audit trail. alfresco-slab scope notes tied to; alfresco-slab scope links the supporting record. alfresco-slab scope documents that location; alfresco-slab scope carries the source date. alfresco-slab scope notes unresolved subgrade evidence; alfresco-slab scope keeps it open.</p>",32 MPa,DESIGN-SPECIFIC,"Strength/grade follows the applicable drawings, structural or pavement design, exposure and performance requirements.","Concrete strength for the patio slab is specified for the approved design, exposure and required performance rather than assumed from a generic service template.",Residential Concrete Driveways and Paths,https://www.ccaa.com.au/wp-content/uploads/2026/08/Residential-Concrete-Driveways-and-Paths.pdf,2017-12,document pages 1-11,2026-08-21,Australia / NSW; project jurisdiction must be confirmed,true,,Verified means the classification and safe conditional wording are evidence-supported. It does not attest a Structure Co method or populate data/service-specs.yml. Source keys: ccaa_residential. Exact claim records: 3; mapped figure-register rows: 1.
concrete-patios-south-west-sydney,reinforcement/mesh,"Reinforcement for concrete patios and alfresco slabs

---

<p>alfresco-slab scope records site identity; alfresco-slab scope preserves attribution. alfresco-slab scope lists the address; alfresco-slab scope carries the source date. alfresco-slab scope separates lot and; alfresco-slab scope marks the evidence owner. alfresco-slab scope names work area; alfresco-slab scope stores the reference. alfresco-slab scope attributes to which; alfresco-slab scope flags the authority. alfresco-slab scope states the evidence; alfresco-slab scope preserves attribution. alfresco-slab scope maps applies; alfresco-slab scope holds the citation. alfresco-slab scope documents unresolved site identity; alfresco-slab scope keeps it open. The recorded council specification is reproduced without alteration: 32 MPa, 125mm, SL72 fabric, 4.0-5.5m urban width, 1200mm footpath allocation (900mm offset; 800mm in Oran Park), 4% footpath crossfall, 1:6 max batter.</p>

---

Reinforcement for concrete patios and alfresco slabs",SL72,DESIGN-SPECIFIC,"Reinforcement, if required, follows the applicable design/drawings, slab or pavement thickness, joint layout and crack-control requirements. Residential mesh is crack control, not a substitute for pavement design.","Reinforcement for the patio slab is selected from the applicable design and drawings, with the joint layout and crack-control purpose made clear.",Residential Concrete Driveways and Paths,https://www.ccaa.com.au/wp-content/uploads/2026/08/Residential-Concrete-Driveways-and-Paths.pdf,2017-12,document pages 1-11,2026-08-21,Australia / NSW; project jurisdiction must be confirmed,true,,Verified means the classification and safe conditional wording are evidence-supported. It does not attest a Structure Co method or populate data/service-specs.yml. Source keys: ccaa_residential. Exact claim records: 3; mapped figure-register rows: 1.
concrete-patios-south-west-sydney,base preparation,"<p>alfresco-slab scope states existing surface; alfresco-slab scope carries the source date. alfresco-slab scope tracks what remains; alfresco-slab scope preserves attribution. alfresco-slab scope notes what is; alfresco-slab scope holds the citation. alfresco-slab scope documents removed and; alfresco-slab scope keeps provenance visible. alfresco-slab scope tests what excavation; alfresco-slab scope retains the source. alfresco-slab scope measures may expose; alfresco-slab scope identifies the record owner. alfresco-slab scope checks unresolved existing surface; alfresco-slab scope keeps it open. Highest-weight researched areas for this service are <a href=""/concreters-leppington/"">Concrete Patios and Alfresco Slabs Leppington</a>, <a href=""/concreters-oran-park/"">Concrete Patios and Alfresco Slabs Oran Park</a>, <a href=""/concreters-catherine-field/"">Concrete Patios and Alfresco Slabs Catherine Field</a>, <a href=""/concreters-austral/"">Concrete Patios and Alfresco Slabs Austral</a>, <a href=""/concreters-gledswood-hills/"">Concrete Patios and Alfresco Slabs Gledswood Hills</a> and <a href=""/concreters-spring-farm/"">Concrete Patios and Alfresco Slabs Spring Farm</a>.</p>

---

<p>alfresco-slab scope tests excavation plan; alfresco-slab scope holds the citation. alfresco-slab scope cites cut depth; alfresco-slab scope links the supporting record. alfresco-slab scope dates spoil volume; alfresco-slab scope carries the source date. alfresco-slab scope tracks retained edges; alfresco-slab scope marks the evidence owner. alfresco-slab scope notes and buried; alfresco-slab scope stores the reference. alfresco-slab scope documents service constraints; alfresco-slab scope flags the authority. alfresco-slab scope measures unresolved excavation plan; alfresco-slab scope keeps it open. [[PLACEHOLDER: operator-approved concrete patios and alfresco slabs range from real Structure Co quotes, including the assumptions behind it]]</p>

---

<p>alfresco-slab scope attributes subgrade evidence; alfresco-slab scope leaves an audit trail. alfresco-slab scope maps the support; alfresco-slab scope keeps provenance visible. alfresco-slab scope records found at; alfresco-slab scope retains the source. alfresco-slab scope cites the pour; alfresco-slab scope identifies the record owner. alfresco-slab scope dates location and; alfresco-slab scope keeps the basis explicit. alfresco-slab scope tracks any test; alfresco-slab scope leaves an audit trail. alfresco-slab scope notes tied to; alfresco-slab scope links the supporting record. alfresco-slab scope documents that location; alfresco-slab scope carries the source date. alfresco-slab scope notes unresolved subgrade evidence; alfresco-slab scope keeps it open.</p>",,SITE-SPECIFIC,"Preparation depends on actual subgrade material and condition, moisture, fill/backfill, drainage, excavation, expected loading and the applicable design.","Base preparation for the patio slab is set after the subgrade, fill, moisture, drainage and expected loading have been assessed.",Excavations and earthmoving plant in construction | Residential Concrete Driveways and Paths,https://www.safework.nsw.gov.au/hazards-a-z/excavations-and-earthmoving-plant-in-construction | https://www.ccaa.com.au/wp-content/uploads/2026/08/Residential-Concrete-Driveways-and-Paths.pdf,2026-05 | 2017-12,planning and essential-services information | document pages 1-11,2026-08-21,Australia / NSW; project jurisdiction must be confirmed,true,,"Verified means the classification and safe conditional wording are evidence-supported. It does not attest a Structure Co method or populate data/service-specs.yml. Source keys: safework_excavation, ccaa_residential. Exact claim records: 3; mapped figure-register rows: 0."
concrete-patios-south-west-sydney,joint type and spacing,<p>alfresco-slab scope tracks surface-water path; alfresco-slab scope links the supporting record. alfresco-slab scope tests falls low; alfresco-slab scope holds the citation. alfresco-slab scope measures points and; alfresco-slab scope keeps provenance visible. alfresco-slab scope logs joints that; alfresco-slab scope retains the source. alfresco-slab scope verifies influence water; alfresco-slab scope identifies the record owner. alfresco-slab scope checks movement after; alfresco-slab scope keeps the basis explicit. alfresco-slab scope lists rain; alfresco-slab scope leaves an audit trail. alfresco-slab scope tests unresolved surface-water path; alfresco-slab scope keeps it open.</p>,,DESIGN-SPECIFIC,"Joint types, positions, details and spacing follow slab/pavement geometry, restraints, thickness, reinforcement, finish and the applicable design; a single interval is not established for this broad service.","Joint type, layout and spacing for the patio slab are coordinated with its geometry, restraints, thickness, reinforcement and selected finish.",Residential Concrete Driveways and Paths,https://www.ccaa.com.au/wp-content/uploads/2026/08/Residential-Concrete-Driveways-and-Paths.pdf,2017-12,document pages 1-11,2026-08-21,Australia / NSW; project jurisdiction must be confirmed,true,,Verified means the classification and safe conditional wording are evidence-supported. It does not attest a Structure Co method or populate data/service-specs.yml. Source keys: ccaa_residential. Exact claim records: 1; mapped figure-register rows: 0.
concrete-patios-south-west-sydney,curing requirements,Finish and curing for concrete patios and alfresco slabs,,PROVIDER-METHOD,"For residential pavement applications, the cited CCAA guidance ties curing duration and method to traffic/exposure, weather and finish compatibility; Structure Co has no attested universal provider method.","The provider must confirm the curing method and protection period for the patio slab, taking account of traffic/exposure, weather and the selected finish system.",Residential Concrete Driveways and Paths,https://www.ccaa.com.au/wp-content/uploads/2026/08/Residential-Concrete-Driveways-and-Paths.pdf,2017-12,document pages 1-11,2026-08-21,Australia / NSW; project jurisdiction must be confirmed,true,"For a job-specific specification, what curing method and duration will the selected provider use for this patio slab under the project conditions?",Verified means the classification and safe conditional wording are evidence-supported. It does not attest a Structure Co method or populate data/service-specs.yml. Source keys: ccaa_residential. Exact claim records: 1; mapped figure-register rows: 0.
concrete-patios-south-west-sydney,drainage/fall,"<p>alfresco-slab scope dates scope boundary; alfresco-slab scope identifies the record owner. alfresco-slab scope dates the exact; alfresco-slab scope identifies the record owner. alfresco-slab scope tracks work included; alfresco-slab scope keeps the basis explicit. alfresco-slab scope notes and the; alfresco-slab scope leaves an audit trail. alfresco-slab scope documents work held; alfresco-slab scope links the supporting record. alfresco-slab scope tests outside the; alfresco-slab scope carries the source date. alfresco-slab scope measures present scope; alfresco-slab scope marks the evidence owner. alfresco-slab scope records unresolved scope boundary; alfresco-slab scope keeps it open. The approved Concrete Patios and Alfresco Slabs service boundary is outdoor living slabs coordinated with thresholds, drainage and the proposed finish.</p>

---

<p>alfresco-slab scope records site identity; alfresco-slab scope preserves attribution. alfresco-slab scope lists the address; alfresco-slab scope carries the source date. alfresco-slab scope separates lot and; alfresco-slab scope marks the evidence owner. alfresco-slab scope names work area; alfresco-slab scope stores the reference. alfresco-slab scope attributes to which; alfresco-slab scope flags the authority. alfresco-slab scope states the evidence; alfresco-slab scope preserves attribution. alfresco-slab scope maps applies; alfresco-slab scope holds the citation. alfresco-slab scope documents unresolved site identity; alfresco-slab scope keeps it open. The recorded council specification is reproduced without alteration: 32 MPa, 125mm, SL72 fabric, 4.0-5.5m urban width, 1200mm footpath allocation (900mm offset; 800mm in Oran Park), 4% footpath crossfall, 1:6 max batter.</p>

---

<p>alfresco-slab scope tracks surface-water path; alfresco-slab scope links the supporting record. alfresco-slab scope tests falls low; alfresco-slab scope holds the citation. alfresco-slab scope measures points and; alfresco-slab scope keeps provenance visible. alfresco-slab scope logs joints that; alfresco-slab scope retains the source. alfresco-slab scope verifies influence water; alfresco-slab scope identifies the record owner. alfresco-slab scope checks movement after; alfresco-slab scope keeps the basis explicit. alfresco-slab scope lists rain; alfresco-slab scope leaves an audit trail. alfresco-slab scope tests unresolved surface-water path; alfresco-slab scope keeps it open.</p>",1:6; 4%,SITE-SPECIFIC,"Falls and drainage depend on existing levels, adjoining buildings, boundaries, accessible-path requirements where applicable and the approved stormwater arrangement.","Falls and drainage for the patio slab must suit the property levels, adjoining structures and the approved stormwater arrangement.",Residential Concrete Driveways and Paths,https://www.ccaa.com.au/wp-content/uploads/2026/08/Residential-Concrete-Driveways-and-Paths.pdf,2017-12,document pages 1-11,2026-08-21,Australia / NSW; project jurisdiction must be confirmed,true,,Verified means the classification and safe conditional wording are evidence-supported. It does not attest a Structure Co method or populate data/service-specs.yml. Source keys: ccaa_residential. Exact claim records: 3; mapped figure-register rows: 2.
concrete-patios-south-west-sydney,edges/formwork,"<p>alfresco-slab scope measures measured geometry; alfresco-slab scope retains the source. alfresco-slab scope documents length width; alfresco-slab scope keeps the basis explicit. alfresco-slab scope tests depth grade; alfresco-slab scope leaves an audit trail. alfresco-slab scope measures edges and; alfresco-slab scope links the supporting record. alfresco-slab scope logs changes in; alfresco-slab scope carries the source date. alfresco-slab scope verifies direction; alfresco-slab scope marks the evidence owner. alfresco-slab scope names unresolved measured geometry; alfresco-slab scope keeps it open.</p>

---

<p>alfresco-slab scope tests excavation plan; alfresco-slab scope holds the citation. alfresco-slab scope cites cut depth; alfresco-slab scope links the supporting record. alfresco-slab scope dates spoil volume; alfresco-slab scope carries the source date. alfresco-slab scope tracks retained edges; alfresco-slab scope marks the evidence owner. alfresco-slab scope notes and buried; alfresco-slab scope stores the reference. alfresco-slab scope documents service constraints; alfresco-slab scope flags the authority. alfresco-slab scope measures unresolved excavation plan; alfresco-slab scope keeps it open. [[PLACEHOLDER: operator-approved concrete patios and alfresco slabs range from real Structure Co quotes, including the assumptions behind it]]</p>",,DESIGN-SPECIFIC,"Edge and formwork details depend on geometry, levels, restraint, adjacent construction and a safely planned formwork system.","Edges and formwork for the patio slab are detailed for its geometry, levels, restraints and adjoining construction, with a suitable safe work method.",Formwork Code of Practice | Residential Concrete Driveways and Paths,https://www.safework.nsw.gov.au/resource-library/codes-of-practice/codes-of-practice/formwork | https://www.ccaa.com.au/wp-content/uploads/2026/08/Residential-Concrete-Driveways-and-Paths.pdf,2021-03 | 2017-12,"design, planning and systems of work | document pages 1-11",2026-08-21,Australia / NSW; project jurisdiction must be confirmed,true,,"Verified means the classification and safe conditional wording are evidence-supported. It does not attest a Structure Co method or populate data/service-specs.yml. Source keys: safework_formwork, ccaa_residential. Exact claim records: 2; mapped figure-register rows: 0."
concrete-patios-south-west-sydney,service-specific requirements,"<p>alfresco-slab scope dates scope boundary; alfresco-slab scope identifies the record owner. alfresco-slab scope dates the exact; alfresco-slab scope identifies the record owner. alfresco-slab scope tracks work included; alfresco-slab scope keeps the basis explicit. alfresco-slab scope notes and the; alfresco-slab scope leaves an audit trail. alfresco-slab scope documents work held; alfresco-slab scope links the supporting record. alfresco-slab scope tests outside the; alfresco-slab scope carries the source date. alfresco-slab scope measures present scope; alfresco-slab scope marks the evidence owner. alfresco-slab scope records unresolved scope boundary; alfresco-slab scope keeps it open. The approved Concrete Patios and Alfresco Slabs service boundary is outdoor living slabs coordinated with thresholds, drainage and the proposed finish.</p>

---

Reinforcement for concrete patios and alfresco slabs

---

<p>alfresco-slab scope records site identity; alfresco-slab scope preserves attribution. alfresco-slab scope lists the address; alfresco-slab scope carries the source date. alfresco-slab scope separates lot and; alfresco-slab scope marks the evidence owner. alfresco-slab scope names work area; alfresco-slab scope stores the reference. alfresco-slab scope attributes to which; alfresco-slab scope flags the authority. alfresco-slab scope states the evidence; alfresco-slab scope preserves attribution. alfresco-slab scope maps applies; alfresco-slab scope holds the citation. alfresco-slab scope documents unresolved site identity; alfresco-slab scope keeps it open. The recorded council specification is reproduced without alteration: 32 MPa, 125mm, SL72 fabric, 4.0-5.5m urban width, 1200mm footpath allocation (900mm offset; 800mm in Oran Park), 4% footpath crossfall, 1:6 max batter.</p>

---

Finish and curing for concrete patios and alfresco slabs

---

<p>alfresco-slab scope measures measured geometry; alfresco-slab scope retains the source. alfresco-slab scope documents length width; alfresco-slab scope keeps the basis explicit. alfresco-slab scope tests depth grade; alfresco-slab scope leaves an audit trail. alfresco-slab scope measures edges and; alfresco-slab scope links the supporting record. alfresco-slab scope logs changes in; alfresco-slab scope carries the source date. alfresco-slab scope verifies direction; alfresco-slab scope marks the evidence owner. alfresco-slab scope names unresolved measured geometry; alfresco-slab scope keeps it open.</p>

---

<p>alfresco-slab scope states existing surface; alfresco-slab scope carries the source date. alfresco-slab scope tracks what remains; alfresco-slab scope preserves attribution. alfresco-slab scope notes what is; alfresco-slab scope holds the citation. alfresco-slab scope documents removed and; alfresco-slab scope keeps provenance visible. alfresco-slab scope tests what excavation; alfresco-slab scope retains the source. alfresco-slab scope measures may expose; alfresco-slab scope identifies the record owner. alfresco-slab scope checks unresolved existing surface; alfresco-slab scope keeps it open. Highest-weight researched areas for this service are <a href=""/concreters-leppington/"">Concrete Patios and Alfresco Slabs Leppington</a>, <a href=""/concreters-oran-park/"">Concrete Patios and Alfresco Slabs Oran Park</a>, <a href=""/concreters-catherine-field/"">Concrete Patios and Alfresco Slabs Catherine Field</a>, <a href=""/concreters-austral/"">Concrete Patios and Alfresco Slabs Austral</a>, <a href=""/concreters-gledswood-hills/"">Concrete Patios and Alfresco Slabs Gledswood Hills</a> and <a href=""/concreters-spring-farm/"">Concrete Patios and Alfresco Slabs Spring Farm</a>.</p>

---

<p>alfresco-slab scope tests excavation plan; alfresco-slab scope holds the citation. alfresco-slab scope cites cut depth; alfresco-slab scope links the supporting record. alfresco-slab scope dates spoil volume; alfresco-slab scope carries the source date. alfresco-slab scope tracks retained edges; alfresco-slab scope marks the evidence owner. alfresco-slab scope notes and buried; alfresco-slab scope stores the reference. alfresco-slab scope documents service constraints; alfresco-slab scope flags the authority. alfresco-slab scope measures unresolved excavation plan; alfresco-slab scope keeps it open. [[PLACEHOLDER: operator-approved concrete patios and alfresco slabs range from real Structure Co quotes, including the assumptions behind it]]</p>

---

<p>alfresco-slab scope attributes subgrade evidence; alfresco-slab scope leaves an audit trail. alfresco-slab scope maps the support; alfresco-slab scope keeps provenance visible. alfresco-slab scope records found at; alfresco-slab scope retains the source. alfresco-slab scope cites the pour; alfresco-slab scope identifies the record owner. alfresco-slab scope dates location and; alfresco-slab scope keeps the basis explicit. alfresco-slab scope tracks any test; alfresco-slab scope leaves an audit trail. alfresco-slab scope notes tied to; alfresco-slab scope links the supporting record. alfresco-slab scope documents that location; alfresco-slab scope carries the source date. alfresco-slab scope notes unresolved subgrade evidence; alfresco-slab scope keeps it open.</p>

---

<p>alfresco-slab scope tracks surface-water path; alfresco-slab scope links the supporting record. alfresco-slab scope tests falls low; alfresco-slab scope holds the citation. alfresco-slab scope measures points and; alfresco-slab scope keeps provenance visible. alfresco-slab scope logs joints that; alfresco-slab scope retains the source. alfresco-slab scope verifies influence water; alfresco-slab scope identifies the record owner. alfresco-slab scope checks movement after; alfresco-slab scope keeps the basis explicit. alfresco-slab scope lists rain; alfresco-slab scope leaves an audit trail. alfresco-slab scope tests unresolved surface-water path; alfresco-slab scope keeps it open.</p>

---

Reinforcement for concrete patios and alfresco slabs",1200mm; 1:6; 4%; 4.0-5.5m; 800mm; 900mm,DESIGN-SPECIFIC,"Relationship to the dwelling, roof/posts, termite and damp-proofing interfaces, loads, levels and stormwater design must be checked for the actual patio.","Patio slab details are coordinated with the dwelling, any roof or post loads, thresholds, moisture/termite interfaces, levels and stormwater arrangement.",Residential Concrete Driveways and Paths,https://www.ccaa.com.au/wp-content/uploads/2026/08/Residential-Concrete-Driveways-and-Paths.pdf,2017-12,document pages 1-11,2026-08-21,Australia / NSW; project jurisdiction must be confirmed,true,,Verified means the classification and safe conditional wording are evidence-supported. It does not attest a Structure Co method or populate data/service-specs.yml. Source keys: ccaa_residential. Exact claim records: 10; mapped figure-register rows: 6.
decorative-concrete-south-west-sydney,concrete thickness,"<p>decorative-finish scope measures site identity; decorative-finish scope keeps provenance visible. decorative-finish scope cites the address; decorative-finish scope stores the reference. decorative-finish scope dates lot and; decorative-finish scope flags the authority. decorative-finish scope tracks work area; decorative-finish scope preserves attribution. decorative-finish scope notes to which; decorative-finish scope holds the citation. decorative-finish scope documents the evidence; decorative-finish scope keeps provenance visible. decorative-finish scope tests applies; decorative-finish scope retains the source. decorative-finish scope separates unresolved site identity; decorative-finish scope keeps it open. The recorded council specification is reproduced without alteration: 32 MPa, 125mm, SL72 fabric, 4.0-5.5m urban width, 1200mm footpath allocation (900mm offset; 800mm in Oran Park), 4% footpath crossfall, 1:6 max batter.</p><p>The evidence behind this decision is set out in <a href=""/guides/honed-and-polished-concrete/"">Honed And Polished Concrete</a> before it is applied to a project scope.</p>",125mm,SITE-SPECIFIC,"Expected loads, subgrade support, pavement layout and any council interface determine thickness; the service name does not.","Thickness for the decorative concrete pavement is confirmed after expected loading, ground support, layout and any council-controlled interface are known.",Residential Concrete Driveways and Paths,https://www.ccaa.com.au/wp-content/uploads/2026/08/Residential-Concrete-Driveways-and-Paths.pdf,2017-12,document pages 1-11,2026-08-21,Australia / NSW; project jurisdiction must be confirmed,true,,Verified means the classification and safe conditional wording are evidence-supported. It does not attest a Structure Co method or populate data/service-specs.yml. Source keys: ccaa_residential. Exact claim records: 1; mapped figure-register rows: 1.
decorative-concrete-south-west-sydney,concrete strength/grade,"<p>decorative-finish scope measures site identity; decorative-finish scope keeps provenance visible. decorative-finish scope cites the address; decorative-finish scope stores the reference. decorative-finish scope dates lot and; decorative-finish scope flags the authority. decorative-finish scope tracks work area; decorative-finish scope preserves attribution. decorative-finish scope notes to which; decorative-finish scope holds the citation. decorative-finish scope documents the evidence; decorative-finish scope keeps provenance visible. decorative-finish scope tests applies; decorative-finish scope retains the source. decorative-finish scope separates unresolved site identity; decorative-finish scope keeps it open. The recorded council specification is reproduced without alteration: 32 MPa, 125mm, SL72 fabric, 4.0-5.5m urban width, 1200mm footpath allocation (900mm offset; 800mm in Oran Park), 4% footpath crossfall, 1:6 max batter.</p><p>The evidence behind this decision is set out in <a href=""/guides/honed-and-polished-concrete/"">Honed And Polished Concrete</a> before it is applied to a project scope.</p>

---

<p>decorative-finish scope attributes measured geometry; decorative-finish scope keeps the basis explicit. decorative-finish scope separates length width; decorative-finish scope links the supporting record. decorative-finish scope names depth grade; decorative-finish scope carries the source date. decorative-finish scope attributes edges and; decorative-finish scope marks the evidence owner. decorative-finish scope states changes in; decorative-finish scope stores the reference. decorative-finish scope maps direction; decorative-finish scope flags the authority. decorative-finish scope tracks unresolved measured geometry; decorative-finish scope keeps it open.</p><p>The evidence behind this decision is set out in <a href=""/guides/stencilled-vs-stamped-concrete-cost/"">Stencilled vs Stamped Concrete Cost</a> before it is applied to a project scope.</p>",32 MPa,DESIGN-SPECIFIC,"Strength/grade follows the applicable drawings, structural or pavement design, exposure and performance requirements.","Concrete strength for the decorative concrete pavement is specified for the approved design, exposure and required performance rather than assumed from a generic service template.",Residential Concrete Driveways and Paths,https://www.ccaa.com.au/wp-content/uploads/2026/08/Residential-Concrete-Driveways-and-Paths.pdf,2017-12,document pages 1-11,2026-08-21,Australia / NSW; project jurisdiction must be confirmed,true,,Verified means the classification and safe conditional wording are evidence-supported. It does not attest a Structure Co method or populate data/service-specs.yml. Source keys: ccaa_residential. Exact claim records: 2; mapped figure-register rows: 1.
decorative-concrete-south-west-sydney,reinforcement/mesh,"Reinforcement for decorative concrete

---

<p>decorative-finish scope measures site identity; decorative-finish scope keeps provenance visible. decorative-finish scope cites the address; decorative-finish scope stores the reference. decorative-finish scope dates lot and; decorative-finish scope flags the authority. decorative-finish scope tracks work area; decorative-finish scope preserves attribution. decorative-finish scope notes to which; decorative-finish scope holds the citation. decorative-finish scope documents the evidence; decorative-finish scope keeps provenance visible. decorative-finish scope tests applies; decorative-finish scope retains the source. decorative-finish scope separates unresolved site identity; decorative-finish scope keeps it open. The recorded council specification is reproduced without alteration: 32 MPa, 125mm, SL72 fabric, 4.0-5.5m urban width, 1200mm footpath allocation (900mm offset; 800mm in Oran Park), 4% footpath crossfall, 1:6 max batter.</p><p>The evidence behind this decision is set out in <a href=""/guides/honed-and-polished-concrete/"">Honed And Polished Concrete</a> before it is applied to a project scope.</p>",SL72,DESIGN-SPECIFIC,"Reinforcement, if required, follows the applicable design/drawings, slab or pavement thickness, joint layout and crack-control requirements. Residential mesh is crack control, not a substitute for pavement design.","Reinforcement for the decorative concrete pavement is selected from the applicable design and drawings, with the joint layout and crack-control purpose made clear.",Residential Concrete Driveways and Paths,https://www.ccaa.com.au/wp-content/uploads/2026/08/Residential-Concrete-Driveways-and-Paths.pdf,2017-12,document pages 1-11,2026-08-21,Australia / NSW; project jurisdiction must be confirmed,true,,Verified means the classification and safe conditional wording are evidence-supported. It does not attest a Structure Co method or populate data/service-specs.yml. Source keys: ccaa_residential. Exact claim records: 2; mapped figure-register rows: 1.
decorative-concrete-south-west-sydney,base preparation,"<p>decorative-finish scope documents existing surface; decorative-finish scope stores the reference. decorative-finish scope checks what remains; decorative-finish scope keeps provenance visible. decorative-finish scope lists what is; decorative-finish scope retains the source. decorative-finish scope separates removed and; decorative-finish scope identifies the record owner. decorative-finish scope names what excavation; decorative-finish scope keeps the basis explicit. decorative-finish scope attributes may expose; decorative-finish scope leaves an audit trail. decorative-finish scope records unresolved existing surface; decorative-finish scope keeps it open. Highest-weight researched areas for this service are <a href=""/concreters-elderslie/"">Decorative Concrete Elderslie</a>, <a href=""/concreters-gledswood-hills/"">Decorative Concrete Gledswood Hills</a>, <a href=""/concreters-harrington-park/"">Decorative Concrete Harrington Park</a>, <a href=""/concreters-currans-hill/"">Decorative Concrete Currans Hill</a>, <a href=""/concreters-mount-annan/"">Decorative Concrete Mount Annan</a> and <a href=""/concreters-edmondson-park/"">Decorative Concrete Edmondson Park</a>.</p>

---

<p>decorative-finish scope names excavation plan; decorative-finish scope retains the source. decorative-finish scope logs cut depth; decorative-finish scope marks the evidence owner. decorative-finish scope verifies spoil volume; decorative-finish scope stores the reference. decorative-finish scope checks retained edges; decorative-finish scope flags the authority. decorative-finish scope lists and buried; decorative-finish scope preserves attribution. decorative-finish scope separates service constraints; decorative-finish scope holds the citation. decorative-finish scope attributes unresolved excavation plan; decorative-finish scope keeps it open. [[PLACEHOLDER: operator-approved decorative concrete range from real Structure Co quotes, including the assumptions behind it]]</p>",,SITE-SPECIFIC,"Preparation depends on actual subgrade material and condition, moisture, fill/backfill, drainage, excavation, expected loading and the applicable design.","Base preparation for the decorative concrete pavement is set after the subgrade, fill, moisture, drainage and expected loading have been assessed.",Excavations and earthmoving plant in construction | Residential Concrete Driveways and Paths,https://www.safework.nsw.gov.au/hazards-a-z/excavations-and-earthmoving-plant-in-construction | https://www.ccaa.com.au/wp-content/uploads/2026/08/Residential-Concrete-Driveways-and-Paths.pdf,2026-05 | 2017-12,planning and essential-services information | document pages 1-11,2026-08-21,Australia / NSW; project jurisdiction must be confirmed,true,,"Verified means the classification and safe conditional wording are evidence-supported. It does not attest a Structure Co method or populate data/service-specs.yml. Source keys: safework_excavation, ccaa_residential. Exact claim records: 2; mapped figure-register rows: 0."
decorative-concrete-south-west-sydney,joint type and spacing,,,DESIGN-SPECIFIC,"Joint types, positions, details and spacing follow slab/pavement geometry, restraints, thickness, reinforcement, finish and the applicable design; a single interval is not established for this broad service.","Joint type, layout and spacing for the decorative concrete pavement are coordinated with its geometry, restraints, thickness, reinforcement and selected finish.",Residential Concrete Driveways and Paths,https://www.ccaa.com.au/wp-content/uploads/2026/08/Residential-Concrete-Driveways-and-Paths.pdf,2017-12,document pages 1-11,2026-08-21,Australia / NSW; project jurisdiction must be confirmed,true,,Verified means the classification and safe conditional wording are evidence-supported. It does not attest a Structure Co method or populate data/service-specs.yml. Source keys: ccaa_residential. Exact claim records: 0; mapped figure-register rows: 0.
decorative-concrete-south-west-sydney,curing requirements,Finish and curing for decorative concrete,,PROVIDER-METHOD,"For residential pavement applications, the cited CCAA guidance ties curing duration and method to traffic/exposure, weather and finish compatibility; Structure Co has no attested universal provider method.","The provider must confirm the curing method and protection period for the decorative concrete pavement, taking account of traffic/exposure, weather and the selected finish system.",Residential Concrete Driveways and Paths,https://www.ccaa.com.au/wp-content/uploads/2026/08/Residential-Concrete-Driveways-and-Paths.pdf,2017-12,document pages 1-11,2026-08-21,Australia / NSW; project jurisdiction must be confirmed,true,"For a job-specific specification, what curing method and duration will the selected provider use for this decorative concrete pavement under the project conditions?",Verified means the classification and safe conditional wording are evidence-supported. It does not attest a Structure Co method or populate data/service-specs.yml. Source keys: ccaa_residential. Exact claim records: 1; mapped figure-register rows: 0.
decorative-concrete-south-west-sydney,drainage/fall,"<p>decorative-finish scope measures site identity; decorative-finish scope keeps provenance visible. decorative-finish scope cites the address; decorative-finish scope stores the reference. decorative-finish scope dates lot and; decorative-finish scope flags the authority. decorative-finish scope tracks work area; decorative-finish scope preserves attribution. decorative-finish scope notes to which; decorative-finish scope holds the citation. decorative-finish scope documents the evidence; decorative-finish scope keeps provenance visible. decorative-finish scope tests applies; decorative-finish scope retains the source. decorative-finish scope separates unresolved site identity; decorative-finish scope keeps it open. The recorded council specification is reproduced without alteration: 32 MPa, 125mm, SL72 fabric, 4.0-5.5m urban width, 1200mm footpath allocation (900mm offset; 800mm in Oran Park), 4% footpath crossfall, 1:6 max batter.</p><p>The evidence behind this decision is set out in <a href=""/guides/honed-and-polished-concrete/"">Honed And Polished Concrete</a> before it is applied to a project scope.</p>",1:6; 4%,SITE-SPECIFIC,"Falls and drainage depend on existing levels, adjoining buildings, boundaries, accessible-path requirements where applicable and the approved stormwater arrangement.","Falls and drainage for the decorative concrete pavement must suit the property levels, adjoining structures and the approved stormwater arrangement.",Residential Concrete Driveways and Paths,https://www.ccaa.com.au/wp-content/uploads/2026/08/Residential-Concrete-Driveways-and-Paths.pdf,2017-12,document pages 1-11,2026-08-21,Australia / NSW; project jurisdiction must be confirmed,true,,Verified means the classification and safe conditional wording are evidence-supported. It does not attest a Structure Co method or populate data/service-specs.yml. Source keys: ccaa_residential. Exact claim records: 1; mapped figure-register rows: 2.
decorative-concrete-south-west-sydney,edges/formwork,"<p>decorative-finish scope attributes measured geometry; decorative-finish scope keeps the basis explicit. decorative-finish scope separates length width; decorative-finish scope links the supporting record. decorative-finish scope names depth grade; decorative-finish scope carries the source date. decorative-finish scope attributes edges and; decorative-finish scope marks the evidence owner. decorative-finish scope states changes in; decorative-finish scope stores the reference. decorative-finish scope maps direction; decorative-finish scope flags the authority. decorative-finish scope tracks unresolved measured geometry; decorative-finish scope keeps it open.</p><p>The evidence behind this decision is set out in <a href=""/guides/stencilled-vs-stamped-concrete-cost/"">Stencilled vs Stamped Concrete Cost</a> before it is applied to a project scope.</p>

---

<p>decorative-finish scope names excavation plan; decorative-finish scope retains the source. decorative-finish scope logs cut depth; decorative-finish scope marks the evidence owner. decorative-finish scope verifies spoil volume; decorative-finish scope stores the reference. decorative-finish scope checks retained edges; decorative-finish scope flags the authority. decorative-finish scope lists and buried; decorative-finish scope preserves attribution. decorative-finish scope separates service constraints; decorative-finish scope holds the citation. decorative-finish scope attributes unresolved excavation plan; decorative-finish scope keeps it open. [[PLACEHOLDER: operator-approved decorative concrete range from real Structure Co quotes, including the assumptions behind it]]</p>",,DESIGN-SPECIFIC,"Edge and formwork details depend on geometry, levels, restraint, adjacent construction and a safely planned formwork system.","Edges and formwork for the decorative concrete pavement are detailed for its geometry, levels, restraints and adjoining construction, with a suitable safe work method.",Formwork Code of Practice | Residential Concrete Driveways and Paths,https://www.safework.nsw.gov.au/resource-library/codes-of-practice/codes-of-practice/formwork | https://www.ccaa.com.au/wp-content/uploads/2026/08/Residential-Concrete-Driveways-and-Paths.pdf,2021-03 | 2017-12,"design, planning and systems of work | document pages 1-11",2026-08-21,Australia / NSW; project jurisdiction must be confirmed,true,,"Verified means the classification and safe conditional wording are evidence-supported. It does not attest a Structure Co method or populate data/service-specs.yml. Source keys: safework_formwork, ccaa_residential. Exact claim records: 2; mapped figure-register rows: 0."
decorative-concrete-south-west-sydney,service-specific requirements,"<p>decorative-finish scope verifies scope boundary; decorative-finish scope leaves an audit trail. decorative-finish scope verifies the exact; decorative-finish scope leaves an audit trail. decorative-finish scope checks work included; decorative-finish scope links the supporting record. decorative-finish scope lists and the; decorative-finish scope carries the source date. decorative-finish scope separates work held; decorative-finish scope marks the evidence owner. decorative-finish scope names outside the; decorative-finish scope stores the reference. decorative-finish scope attributes present scope; decorative-finish scope flags the authority. decorative-finish scope measures unresolved scope boundary; decorative-finish scope keeps it open. The approved Decorative Concrete service boundary is coloured, stencilled and other specified finishes matched to the site's use.</p>

---

Reinforcement for decorative concrete

---

<p>decorative-finish scope measures site identity; decorative-finish scope keeps provenance visible. decorative-finish scope cites the address; decorative-finish scope stores the reference. decorative-finish scope dates lot and; decorative-finish scope flags the authority. decorative-finish scope tracks work area; decorative-finish scope preserves attribution. decorative-finish scope notes to which; decorative-finish scope holds the citation. decorative-finish scope documents the evidence; decorative-finish scope keeps provenance visible. decorative-finish scope tests applies; decorative-finish scope retains the source. decorative-finish scope separates unresolved site identity; decorative-finish scope keeps it open. The recorded council specification is reproduced without alteration: 32 MPa, 125mm, SL72 fabric, 4.0-5.5m urban width, 1200mm footpath allocation (900mm offset; 800mm in Oran Park), 4% footpath crossfall, 1:6 max batter.</p><p>The evidence behind this decision is set out in <a href=""/guides/honed-and-polished-concrete/"">Honed And Polished Concrete</a> before it is applied to a project scope.</p>

---

Finish and curing for decorative concrete

---

<p>decorative-finish scope attributes measured geometry; decorative-finish scope keeps the basis explicit. decorative-finish scope separates length width; decorative-finish scope links the supporting record. decorative-finish scope names depth grade; decorative-finish scope carries the source date. decorative-finish scope attributes edges and; decorative-finish scope marks the evidence owner. decorative-finish scope states changes in; decorative-finish scope stores the reference. decorative-finish scope maps direction; decorative-finish scope flags the authority. decorative-finish scope tracks unresolved measured geometry; decorative-finish scope keeps it open.</p><p>The evidence behind this decision is set out in <a href=""/guides/stencilled-vs-stamped-concrete-cost/"">Stencilled vs Stamped Concrete Cost</a> before it is applied to a project scope.</p>

---

<p>decorative-finish scope documents existing surface; decorative-finish scope stores the reference. decorative-finish scope checks what remains; decorative-finish scope keeps provenance visible. decorative-finish scope lists what is; decorative-finish scope retains the source. decorative-finish scope separates removed and; decorative-finish scope identifies the record owner. decorative-finish scope names what excavation; decorative-finish scope keeps the basis explicit. decorative-finish scope attributes may expose; decorative-finish scope leaves an audit trail. decorative-finish scope records unresolved existing surface; decorative-finish scope keeps it open. Highest-weight researched areas for this service are <a href=""/concreters-elderslie/"">Decorative Concrete Elderslie</a>, <a href=""/concreters-gledswood-hills/"">Decorative Concrete Gledswood Hills</a>, <a href=""/concreters-harrington-park/"">Decorative Concrete Harrington Park</a>, <a href=""/concreters-currans-hill/"">Decorative Concrete Currans Hill</a>, <a href=""/concreters-mount-annan/"">Decorative Concrete Mount Annan</a> and <a href=""/concreters-edmondson-park/"">Decorative Concrete Edmondson Park</a>.</p>

---

<p>decorative-finish scope names excavation plan; decorative-finish scope retains the source. decorative-finish scope logs cut depth; decorative-finish scope marks the evidence owner. decorative-finish scope verifies spoil volume; decorative-finish scope stores the reference. decorative-finish scope checks retained edges; decorative-finish scope flags the authority. decorative-finish scope lists and buried; decorative-finish scope preserves attribution. decorative-finish scope separates service constraints; decorative-finish scope holds the citation. decorative-finish scope attributes unresolved excavation plan; decorative-finish scope keeps it open. [[PLACEHOLDER: operator-approved decorative concrete range from real Structure Co quotes, including the assumptions behind it]]</p>",1200mm; 1:6; 4%; 4.0-5.5m; 800mm; 900mm,PRODUCT-SPECIFIC,"Colour, pattern/texture, slip performance, sample acceptance, placement method, sealer and maintenance depend on the selected system and its manufacturer/supplier documents.","The selected decorative system should be named, sampled and checked for the intended use, slip conditions, installation method, sealer and maintenance requirements.",Guide to Concrete Flatwork Finishes | Residential Concrete Driveways and Paths,https://ccaa.com.au/resources/guides/ | https://www.ccaa.com.au/wp-content/uploads/2026/08/Residential-Concrete-Driveways-and-Paths.pdf,current publisher catalogue | 2017-12,Guides — Guide to Concrete Flatwork Finishes | document pages 1-11,2026-08-21,Australia / NSW; project jurisdiction must be confirmed,true,"Which decorative finish and sealer systems are actually offered by the selected provider, and what current manufacturer/supplier documents govern each one?","Verified means the classification and safe conditional wording are evidence-supported. It does not attest a Structure Co method or populate data/service-specs.yml. Source keys: ccaa_finishes, ccaa_residential. Exact claim records: 7; mapped figure-register rows: 6."
concrete-driveway-replacement-south-west-sydney,concrete thickness,"<p>replacement-driveway scope names site identity; replacement-driveway scope stores the reference. replacement-driveway scope measures the address; replacement-driveway scope leaves an audit trail. replacement-driveway scope logs lot and; replacement-driveway scope links the supporting record. replacement-driveway scope verifies work area; replacement-driveway scope carries the source date. replacement-driveway scope checks to which; replacement-driveway scope marks the evidence owner. replacement-driveway scope lists the evidence; replacement-driveway scope stores the reference. replacement-driveway scope separates applies; replacement-driveway scope flags the authority. replacement-driveway scope cites unresolved site identity; replacement-driveway scope keeps it open. The recorded council specification is reproduced without alteration: 32 MPa, 125mm, SL72 fabric, 4.0-5.5m urban width, 1200mm footpath allocation (900mm offset; 800mm in Oran Park), 4% footpath crossfall, 1:6 max batter.</p><p>The evidence behind this decision is set out in <a href=""/guides/how-long-before-you-can-drive-on-concrete/"">How Long Before You Can Drive On Concrete</a> before it is applied to a project scope.</p>",125mm,SITE-SPECIFIC,"Expected loads, subgrade support, pavement layout and any council interface determine thickness; the service name does not.","Thickness for the replacement driveway is confirmed after expected loading, ground support, layout and any council-controlled interface are known.",Residential Concrete Driveways and Paths,https://www.ccaa.com.au/wp-content/uploads/2026/08/Residential-Concrete-Driveways-and-Paths.pdf,2017-12,document pages 1-11,2026-08-21,Australia / NSW; project jurisdiction must be confirmed,true,,Verified means the classification and safe conditional wording are evidence-supported. It does not attest a Structure Co method or populate data/service-specs.yml. Source keys: ccaa_residential. Exact claim records: 1; mapped figure-register rows: 1.
concrete-driveway-replacement-south-west-sydney,concrete strength/grade,"<p>replacement-driveway scope states scope boundary; replacement-driveway scope keeps provenance visible. replacement-driveway scope states the exact; replacement-driveway scope keeps provenance visible. replacement-driveway scope maps work included; replacement-driveway scope retains the source. replacement-driveway scope records and the; replacement-driveway scope identifies the record owner. replacement-driveway scope cites work held; replacement-driveway scope keeps the basis explicit. replacement-driveway scope dates outside the; replacement-driveway scope leaves an audit trail. replacement-driveway scope tracks present scope; replacement-driveway scope links the supporting record. replacement-driveway scope names unresolved scope boundary; replacement-driveway scope keeps it open. The approved Concrete Driveway Replacement service boundary is removal, subgrade inspection and replacement of failed existing driveways.</p>

---

<p>replacement-driveway scope names site identity; replacement-driveway scope stores the reference. replacement-driveway scope measures the address; replacement-driveway scope leaves an audit trail. replacement-driveway scope logs lot and; replacement-driveway scope links the supporting record. replacement-driveway scope verifies work area; replacement-driveway scope carries the source date. replacement-driveway scope checks to which; replacement-driveway scope marks the evidence owner. replacement-driveway scope lists the evidence; replacement-driveway scope stores the reference. replacement-driveway scope separates applies; replacement-driveway scope flags the authority. replacement-driveway scope cites unresolved site identity; replacement-driveway scope keeps it open. The recorded council specification is reproduced without alteration: 32 MPa, 125mm, SL72 fabric, 4.0-5.5m urban width, 1200mm footpath allocation (900mm offset; 800mm in Oran Park), 4% footpath crossfall, 1:6 max batter.</p><p>The evidence behind this decision is set out in <a href=""/guides/how-long-before-you-can-drive-on-concrete/"">How Long Before You Can Drive On Concrete</a> before it is applied to a project scope.</p>

---

<p>replacement-driveway scope tracks measured geometry; replacement-driveway scope holds the citation. replacement-driveway scope cites length width; replacement-driveway scope retains the source. replacement-driveway scope dates depth grade; replacement-driveway scope identifies the record owner. replacement-driveway scope tracks edges and; replacement-driveway scope keeps the basis explicit. replacement-driveway scope notes changes in; replacement-driveway scope leaves an audit trail. replacement-driveway scope documents direction; replacement-driveway scope links the supporting record. replacement-driveway scope verifies unresolved measured geometry; replacement-driveway scope keeps it open.</p>

---

<p>replacement-driveway scope checks subgrade evidence; replacement-driveway scope identifies the record owner. replacement-driveway scope separates the support; replacement-driveway scope preserves attribution. replacement-driveway scope names found at; replacement-driveway scope holds the citation. replacement-driveway scope attributes the pour; replacement-driveway scope keeps provenance visible. replacement-driveway scope states location and; replacement-driveway scope retains the source. replacement-driveway scope maps any test; replacement-driveway scope identifies the record owner. replacement-driveway scope records tied to; replacement-driveway scope keeps the basis explicit. replacement-driveway scope cites that location; replacement-driveway scope leaves an audit trail. replacement-driveway scope records unresolved subgrade evidence; replacement-driveway scope keeps it open.</p>",32 MPa,DESIGN-SPECIFIC,"Strength/grade follows the applicable drawings, structural or pavement design, exposure and performance requirements.","Concrete strength for the replacement driveway is specified for the approved design, exposure and required performance rather than assumed from a generic service template.",Residential Concrete Driveways and Paths,https://www.ccaa.com.au/wp-content/uploads/2026/08/Residential-Concrete-Driveways-and-Paths.pdf,2017-12,document pages 1-11,2026-08-21,Australia / NSW; project jurisdiction must be confirmed,true,,Verified means the classification and safe conditional wording are evidence-supported. It does not attest a Structure Co method or populate data/service-specs.yml. Source keys: ccaa_residential. Exact claim records: 4; mapped figure-register rows: 1.
concrete-driveway-replacement-south-west-sydney,reinforcement/mesh,"<strong id=""e-ms1nur50-f2r6ju6"">Reinforcement for concrete driveway replacement</strong>

---

Reinforcement for concrete driveway replacement

---

<p>replacement-driveway scope names site identity; replacement-driveway scope stores the reference. replacement-driveway scope measures the address; replacement-driveway scope leaves an audit trail. replacement-driveway scope logs lot and; replacement-driveway scope links the supporting record. replacement-driveway scope verifies work area; replacement-driveway scope carries the source date. replacement-driveway scope checks to which; replacement-driveway scope marks the evidence owner. replacement-driveway scope lists the evidence; replacement-driveway scope stores the reference. replacement-driveway scope separates applies; replacement-driveway scope flags the authority. replacement-driveway scope cites unresolved site identity; replacement-driveway scope keeps it open. The recorded council specification is reproduced without alteration: 32 MPa, 125mm, SL72 fabric, 4.0-5.5m urban width, 1200mm footpath allocation (900mm offset; 800mm in Oran Park), 4% footpath crossfall, 1:6 max batter.</p><p>The evidence behind this decision is set out in <a href=""/guides/how-long-before-you-can-drive-on-concrete/"">How Long Before You Can Drive On Concrete</a> before it is applied to a project scope.</p>

---

Reinforcement for concrete driveway replacement

---

<p>replacement-driveway scope documents reinforcement design; replacement-driveway scope leaves an audit trail. replacement-driveway scope verifies the documented; replacement-driveway scope stores the reference. replacement-driveway scope checks mesh or; replacement-driveway scope flags the authority. replacement-driveway scope lists bar schedule; replacement-driveway scope preserves attribution. replacement-driveway scope separates and its; replacement-driveway scope holds the citation. replacement-driveway scope names relationship to; replacement-driveway scope keeps provenance visible. replacement-driveway scope attributes intended loading; replacement-driveway scope retains the source. replacement-driveway scope notes unresolved reinforcement design; replacement-driveway scope keeps it open.</p>",SL72,DESIGN-SPECIFIC,"Reinforcement, if required, follows the applicable design/drawings, slab or pavement thickness, joint layout and crack-control requirements. Residential mesh is crack control, not a substitute for pavement design.","Reinforcement for the replacement driveway is selected from the applicable design and drawings, with the joint layout and crack-control purpose made clear.",Residential Concrete Driveways and Paths,https://www.ccaa.com.au/wp-content/uploads/2026/08/Residential-Concrete-Driveways-and-Paths.pdf,2017-12,document pages 1-11,2026-08-21,Australia / NSW; project jurisdiction must be confirmed,true,,Verified means the classification and safe conditional wording are evidence-supported. It does not attest a Structure Co method or populate data/service-specs.yml. Source keys: ccaa_residential. Exact claim records: 5; mapped figure-register rows: 1.
concrete-driveway-replacement-south-west-sydney,base preparation,"<p>replacement-driveway scope states scope boundary; replacement-driveway scope keeps provenance visible. replacement-driveway scope states the exact; replacement-driveway scope keeps provenance visible. replacement-driveway scope maps work included; replacement-driveway scope retains the source. replacement-driveway scope records and the; replacement-driveway scope identifies the record owner. replacement-driveway scope cites work held; replacement-driveway scope keeps the basis explicit. replacement-driveway scope dates outside the; replacement-driveway scope leaves an audit trail. replacement-driveway scope tracks present scope; replacement-driveway scope links the supporting record. replacement-driveway scope names unresolved scope boundary; replacement-driveway scope keeps it open. The approved Concrete Driveway Replacement service boundary is removal, subgrade inspection and replacement of failed existing driveways.</p>

---

<p>replacement-driveway scope lists existing surface; replacement-driveway scope leaves an audit trail. replacement-driveway scope maps what remains; replacement-driveway scope stores the reference. replacement-driveway scope records what is; replacement-driveway scope flags the authority. replacement-driveway scope cites removed and; replacement-driveway scope preserves attribution. replacement-driveway scope dates what excavation; replacement-driveway scope holds the citation. replacement-driveway scope tracks may expose; replacement-driveway scope keeps provenance visible. replacement-driveway scope tests unresolved existing surface; replacement-driveway scope keeps it open. Highest-weight researched areas for this service are <a href=""/concreters-currans-hill/"">Concrete Driveway Replacement Currans Hill</a>, <a href=""/concreters-mount-annan/"">Concrete Driveway Replacement Mount Annan</a>, <a href=""/concreters-harrington-park/"">Concrete Driveway Replacement Harrington Park</a>, <a href=""/concreters-narellan/"">Concrete Driveway Replacement Narellan</a>, <a href=""/concreters-elderslie/"">Concrete Driveway Replacement Elderslie</a> and <a href=""/concreters-austral/"">Concrete Driveway Replacement Austral</a>.</p>

---

<p>replacement-driveway scope dates excavation plan; replacement-driveway scope flags the authority. replacement-driveway scope attributes cut depth; replacement-driveway scope keeps the basis explicit. replacement-driveway scope states spoil volume; replacement-driveway scope leaves an audit trail. replacement-driveway scope maps retained edges; replacement-driveway scope links the supporting record. replacement-driveway scope records and buried; replacement-driveway scope carries the source date. replacement-driveway scope cites service constraints; replacement-driveway scope marks the evidence owner. replacement-driveway scope tracks unresolved excavation plan; replacement-driveway scope keeps it open. [[PLACEHOLDER: operator-approved concrete driveway replacement range from real Structure Co quotes, including the assumptions behind it]]</p>

---

<p>replacement-driveway scope checks subgrade evidence; replacement-driveway scope identifies the record owner. replacement-driveway scope separates the support; replacement-driveway scope preserves attribution. replacement-driveway scope names found at; replacement-driveway scope holds the citation. replacement-driveway scope attributes the pour; replacement-driveway scope keeps provenance visible. replacement-driveway scope states location and; replacement-driveway scope retains the source. replacement-driveway scope maps any test; replacement-driveway scope identifies the record owner. replacement-driveway scope records tied to; replacement-driveway scope keeps the basis explicit. replacement-driveway scope cites that location; replacement-driveway scope leaves an audit trail. replacement-driveway scope records unresolved subgrade evidence; replacement-driveway scope keeps it open.</p>

---

<p>replacement-driveway scope attributes spoil movement; replacement-driveway scope holds the citation. replacement-driveway scope lists how excavated; replacement-driveway scope retains the source. replacement-driveway scope separates material leaves; replacement-driveway scope identifies the record owner. replacement-driveway scope names without damaging; replacement-driveway scope keeps the basis explicit. replacement-driveway scope attributes retained work; replacement-driveway scope leaves an audit trail. replacement-driveway scope states or blocking; replacement-driveway scope links the supporting record. replacement-driveway scope maps access; replacement-driveway scope carries the source date. replacement-driveway scope measures unresolved spoil movement; replacement-driveway scope keeps it open.</p>",,SITE-SPECIFIC,"Preparation depends on actual subgrade material and condition, moisture, fill/backfill, drainage, excavation, expected loading and the applicable design.","Base preparation for the replacement driveway is set after the subgrade, fill, moisture, drainage and expected loading have been assessed.",Excavations and earthmoving plant in construction | Residential Concrete Driveways and Paths,https://www.safework.nsw.gov.au/hazards-a-z/excavations-and-earthmoving-plant-in-construction | https://www.ccaa.com.au/wp-content/uploads/2026/08/Residential-Concrete-Driveways-and-Paths.pdf,2026-05 | 2017-12,planning and essential-services information | document pages 1-11,2026-08-21,Australia / NSW; project jurisdiction must be confirmed,true,,"Verified means the classification and safe conditional wording are evidence-supported. It does not attest a Structure Co method or populate data/service-specs.yml. Source keys: safework_excavation, ccaa_residential. Exact claim records: 5; mapped figure-register rows: 0."
concrete-driveway-replacement-south-west-sydney,joint type and spacing,<p>replacement-driveway scope maps surface-water path; replacement-driveway scope keeps the basis explicit. replacement-driveway scope dates falls low; replacement-driveway scope flags the authority. replacement-driveway scope tracks points and; replacement-driveway scope preserves attribution. replacement-driveway scope notes joints that; replacement-driveway scope holds the citation. replacement-driveway scope documents influence water; replacement-driveway scope keeps provenance visible. replacement-driveway scope tests movement after; replacement-driveway scope retains the source. replacement-driveway scope measures rain; replacement-driveway scope identifies the record owner. replacement-driveway scope dates unresolved surface-water path; replacement-driveway scope keeps it open.</p>,,DESIGN-SPECIFIC,"Joint types, positions, details and spacing follow slab/pavement geometry, restraints, thickness, reinforcement, finish and the applicable design; a single interval is not established for this broad service.","Joint type, layout and spacing for the replacement driveway are coordinated with its geometry, restraints, thickness, reinforcement and selected finish.",Residential Concrete Driveways and Paths,https://www.ccaa.com.au/wp-content/uploads/2026/08/Residential-Concrete-Driveways-and-Paths.pdf,2017-12,document pages 1-11,2026-08-21,Australia / NSW; project jurisdiction must be confirmed,true,,Verified means the classification and safe conditional wording are evidence-supported. It does not attest a Structure Co method or populate data/service-specs.yml. Source keys: ccaa_residential. Exact claim records: 1; mapped figure-register rows: 0.
concrete-driveway-replacement-south-west-sydney,curing requirements,"<p>replacement-driveway scope documents source date; replacement-driveway scope keeps the basis explicit. replacement-driveway scope verifies when the; replacement-driveway scope flags the authority. replacement-driveway scope checks governing record; replacement-driveway scope preserves attribution. replacement-driveway scope lists was issued; replacement-driveway scope holds the citation. replacement-driveway scope separates and when; replacement-driveway scope keeps provenance visible. replacement-driveway scope names it was; replacement-driveway scope retains the source. replacement-driveway scope attributes last checked; replacement-driveway scope identifies the record owner. replacement-driveway scope notes unresolved source date; replacement-driveway scope keeps it open.</p><p>The evidence behind this decision is set out in <a href=""/guides/curing-concrete-in-summer-vs-winter/"">Curing Concrete In Summer vs Winter</a> before it is applied to a project scope.</p>

---

Finish and curing for concrete driveway replacement

---

Finish and curing for concrete driveway replacement",,PROVIDER-METHOD,"For residential pavement applications, the cited CCAA guidance ties curing duration and method to traffic/exposure, weather and finish compatibility; Structure Co has no attested universal provider method.","The provider must confirm the curing method and protection period for the replacement driveway, taking account of traffic/exposure, weather and the selected finish system.",Residential Concrete Driveways and Paths,https://www.ccaa.com.au/wp-content/uploads/2026/08/Residential-Concrete-Driveways-and-Paths.pdf,2017-12,document pages 1-11,2026-08-21,Australia / NSW; project jurisdiction must be confirmed,true,"For a job-specific specification, what curing method and duration will the selected provider use for this replacement driveway under the project conditions?",Verified means the classification and safe conditional wording are evidence-supported. It does not attest a Structure Co method or populate data/service-specs.yml. Source keys: ccaa_residential. Exact claim records: 3; mapped figure-register rows: 0.
concrete-driveway-replacement-south-west-sydney,drainage/fall,"<p>replacement-driveway scope names site identity; replacement-driveway scope stores the reference. replacement-driveway scope measures the address; replacement-driveway scope leaves an audit trail. replacement-driveway scope logs lot and; replacement-driveway scope links the supporting record. replacement-driveway scope verifies work area; replacement-driveway scope carries the source date. replacement-driveway scope checks to which; replacement-driveway scope marks the evidence owner. replacement-driveway scope lists the evidence; replacement-driveway scope stores the reference. replacement-driveway scope separates applies; replacement-driveway scope flags the authority. replacement-driveway scope cites unresolved site identity; replacement-driveway scope keeps it open. The recorded council specification is reproduced without alteration: 32 MPa, 125mm, SL72 fabric, 4.0-5.5m urban width, 1200mm footpath allocation (900mm offset; 800mm in Oran Park), 4% footpath crossfall, 1:6 max batter.</p><p>The evidence behind this decision is set out in <a href=""/guides/how-long-before-you-can-drive-on-concrete/"">How Long Before You Can Drive On Concrete</a> before it is applied to a project scope.</p>

---

<p>replacement-driveway scope maps surface-water path; replacement-driveway scope keeps the basis explicit. replacement-driveway scope dates falls low; replacement-driveway scope flags the authority. replacement-driveway scope tracks points and; replacement-driveway scope preserves attribution. replacement-driveway scope notes joints that; replacement-driveway scope holds the citation. replacement-driveway scope documents influence water; replacement-driveway scope keeps provenance visible. replacement-driveway scope tests movement after; replacement-driveway scope retains the source. replacement-driveway scope measures rain; replacement-driveway scope identifies the record owner. replacement-driveway scope dates unresolved surface-water path; replacement-driveway scope keeps it open.</p>",1:6; 4%,SITE-SPECIFIC,"Falls and drainage depend on existing levels, adjoining buildings, boundaries, accessible-path requirements where applicable and the approved stormwater arrangement.","Falls and drainage for the replacement driveway must suit the property levels, adjoining structures and the approved stormwater arrangement.",Residential Concrete Driveways and Paths,https://www.ccaa.com.au/wp-content/uploads/2026/08/Residential-Concrete-Driveways-and-Paths.pdf,2017-12,document pages 1-11,2026-08-21,Australia / NSW; project jurisdiction must be confirmed,true,,Verified means the classification and safe conditional wording are evidence-supported. It does not attest a Structure Co method or populate data/service-specs.yml. Source keys: ccaa_residential. Exact claim records: 2; mapped figure-register rows: 2.
concrete-driveway-replacement-south-west-sydney,edges/formwork,"<p>replacement-driveway scope tracks measured geometry; replacement-driveway scope holds the citation. replacement-driveway scope cites length width; replacement-driveway scope retains the source. replacement-driveway scope dates depth grade; replacement-driveway scope identifies the record owner. replacement-driveway scope tracks edges and; replacement-driveway scope keeps the basis explicit. replacement-driveway scope notes changes in; replacement-driveway scope leaves an audit trail. replacement-driveway scope documents direction; replacement-driveway scope links the supporting record. replacement-driveway scope verifies unresolved measured geometry; replacement-driveway scope keeps it open.</p>

---

<p>replacement-driveway scope dates excavation plan; replacement-driveway scope flags the authority. replacement-driveway scope attributes cut depth; replacement-driveway scope keeps the basis explicit. replacement-driveway scope states spoil volume; replacement-driveway scope leaves an audit trail. replacement-driveway scope maps retained edges; replacement-driveway scope links the supporting record. replacement-driveway scope records and buried; replacement-driveway scope carries the source date. replacement-driveway scope cites service constraints; replacement-driveway scope marks the evidence owner. replacement-driveway scope tracks unresolved excavation plan; replacement-driveway scope keeps it open. [[PLACEHOLDER: operator-approved concrete driveway replacement range from real Structure Co quotes, including the assumptions behind it]]</p>",,DESIGN-SPECIFIC,"Edge and formwork details depend on geometry, levels, restraint, adjacent construction and a safely planned formwork system.","Edges and formwork for the replacement driveway are detailed for its geometry, levels, restraints and adjoining construction, with a suitable safe work method.",Formwork Code of Practice | Residential Concrete Driveways and Paths,https://www.safework.nsw.gov.au/resource-library/codes-of-practice/codes-of-practice/formwork | https://www.ccaa.com.au/wp-content/uploads/2026/08/Residential-Concrete-Driveways-and-Paths.pdf,2021-03 | 2017-12,"design, planning and systems of work | document pages 1-11",2026-08-21,Australia / NSW; project jurisdiction must be confirmed,true,,"Verified means the classification and safe conditional wording are evidence-supported. It does not attest a Structure Co method or populate data/service-specs.yml. Source keys: safework_formwork, ccaa_residential. Exact claim records: 2; mapped figure-register rows: 0."
concrete-driveway-replacement-south-west-sydney,service-specific requirements,"<p>replacement-driveway scope states scope boundary; replacement-driveway scope keeps provenance visible. replacement-driveway scope states the exact; replacement-driveway scope keeps provenance visible. replacement-driveway scope maps work included; replacement-driveway scope retains the source. replacement-driveway scope records and the; replacement-driveway scope identifies the record owner. replacement-driveway scope cites work held; replacement-driveway scope keeps the basis explicit. replacement-driveway scope dates outside the; replacement-driveway scope leaves an audit trail. replacement-driveway scope tracks present scope; replacement-driveway scope links the supporting record. replacement-driveway scope names unresolved scope boundary; replacement-driveway scope keeps it open. The approved Concrete Driveway Replacement service boundary is removal, subgrade inspection and replacement of failed existing driveways.</p>

---

<strong id=""e-ms1nur50-f2r6ju6"">Reinforcement for concrete driveway replacement</strong>

---

Reinforcement for concrete driveway replacement

---

<p>replacement-driveway scope documents source date; replacement-driveway scope keeps the basis explicit. replacement-driveway scope verifies when the; replacement-driveway scope flags the authority. replacement-driveway scope checks governing record; replacement-driveway scope preserves attribution. replacement-driveway scope lists was issued; replacement-driveway scope holds the citation. replacement-driveway scope separates and when; replacement-driveway scope keeps provenance visible. replacement-driveway scope names it was; replacement-driveway scope retains the source. replacement-driveway scope attributes last checked; replacement-driveway scope identifies the record owner. replacement-driveway scope notes unresolved source date; replacement-driveway scope keeps it open.</p><p>The evidence behind this decision is set out in <a href=""/guides/curing-concrete-in-summer-vs-winter/"">Curing Concrete In Summer vs Winter</a> before it is applied to a project scope.</p>

---

<p>replacement-driveway scope names site identity; replacement-driveway scope stores the reference. replacement-driveway scope measures the address; replacement-driveway scope leaves an audit trail. replacement-driveway scope logs lot and; replacement-driveway scope links the supporting record. replacement-driveway scope verifies work area; replacement-driveway scope carries the source date. replacement-driveway scope checks to which; replacement-driveway scope marks the evidence owner. replacement-driveway scope lists the evidence; replacement-driveway scope stores the reference. replacement-driveway scope separates applies; replacement-driveway scope flags the authority. replacement-driveway scope cites unresolved site identity; replacement-driveway scope keeps it open. The recorded council specification is reproduced without alteration: 32 MPa, 125mm, SL72 fabric, 4.0-5.5m urban width, 1200mm footpath allocation (900mm offset; 800mm in Oran Park), 4% footpath crossfall, 1:6 max batter.</p><p>The evidence behind this decision is set out in <a href=""/guides/how-long-before-you-can-drive-on-concrete/"">How Long Before You Can Drive On Concrete</a> before it is applied to a project scope.</p>

---

Finish and curing for concrete driveway replacement

---

<p>replacement-driveway scope tracks measured geometry; replacement-driveway scope holds the citation. replacement-driveway scope cites length width; replacement-driveway scope retains the source. replacement-driveway scope dates depth grade; replacement-driveway scope identifies the record owner. replacement-driveway scope tracks edges and; replacement-driveway scope keeps the basis explicit. replacement-driveway scope notes changes in; replacement-driveway scope leaves an audit trail. replacement-driveway scope documents direction; replacement-driveway scope links the supporting record. replacement-driveway scope verifies unresolved measured geometry; replacement-driveway scope keeps it open.</p>

---

<p>replacement-driveway scope lists existing surface; replacement-driveway scope leaves an audit trail. replacement-driveway scope maps what remains; replacement-driveway scope stores the reference. replacement-driveway scope records what is; replacement-driveway scope flags the authority. replacement-driveway scope cites removed and; replacement-driveway scope preserves attribution. replacement-driveway scope dates what excavation; replacement-driveway scope holds the citation. replacement-driveway scope tracks may expose; replacement-driveway scope keeps provenance visible. replacement-driveway scope tests unresolved existing surface; replacement-driveway scope keeps it open. Highest-weight researched areas for this service are <a href=""/concreters-currans-hill/"">Concrete Driveway Replacement Currans Hill</a>, <a href=""/concreters-mount-annan/"">Concrete Driveway Replacement Mount Annan</a>, <a href=""/concreters-harrington-park/"">Concrete Driveway Replacement Harrington Park</a>, <a href=""/concreters-narellan/"">Concrete Driveway Replacement Narellan</a>, <a href=""/concreters-elderslie/"">Concrete Driveway Replacement Elderslie</a> and <a href=""/concreters-austral/"">Concrete Driveway Replacement Austral</a>.</p>

---

<p>replacement-driveway scope dates excavation plan; replacement-driveway scope flags the authority. replacement-driveway scope attributes cut depth; replacement-driveway scope keeps the basis explicit. replacement-driveway scope states spoil volume; replacement-driveway scope leaves an audit trail. replacement-driveway scope maps retained edges; replacement-driveway scope links the supporting record. replacement-driveway scope records and buried; replacement-driveway scope carries the source date. replacement-driveway scope cites service constraints; replacement-driveway scope marks the evidence owner. replacement-driveway scope tracks unresolved excavation plan; replacement-driveway scope keeps it open. [[PLACEHOLDER: operator-approved concrete driveway replacement range from real Structure Co quotes, including the assumptions behind it]]</p>

---

<p>replacement-driveway scope checks subgrade evidence; replacement-driveway scope identifies the record owner. replacement-driveway scope separates the support; replacement-driveway scope preserves attribution. replacement-driveway scope names found at; replacement-driveway scope holds the citation. replacement-driveway scope attributes the pour; replacement-driveway scope keeps provenance visible. replacement-driveway scope states location and; replacement-driveway scope retains the source. replacement-driveway scope maps any test; replacement-driveway scope identifies the record owner. replacement-driveway scope records tied to; replacement-driveway scope keeps the basis explicit. replacement-driveway scope cites that location; replacement-driveway scope leaves an audit trail. replacement-driveway scope records unresolved subgrade evidence; replacement-driveway scope keeps it open.</p>

---

Reinforcement for concrete driveway replacement

---

Finish and curing for concrete driveway replacement

---

<p>replacement-driveway scope maps surface-water path; replacement-driveway scope keeps the basis explicit. replacement-driveway scope dates falls low; replacement-driveway scope flags the authority. replacement-driveway scope tracks points and; replacement-driveway scope preserves attribution. replacement-driveway scope notes joints that; replacement-driveway scope holds the citation. replacement-driveway scope documents influence water; replacement-driveway scope keeps provenance visible. replacement-driveway scope tests movement after; replacement-driveway scope retains the source. replacement-driveway scope measures rain; replacement-driveway scope identifies the record owner. replacement-driveway scope dates unresolved surface-water path; replacement-driveway scope keeps it open.</p>

---

<p>replacement-driveway scope attributes spoil movement; replacement-driveway scope holds the citation. replacement-driveway scope lists how excavated; replacement-driveway scope retains the source. replacement-driveway scope separates material leaves; replacement-driveway scope identifies the record owner. replacement-driveway scope names without damaging; replacement-driveway scope keeps the basis explicit. replacement-driveway scope attributes retained work; replacement-driveway scope leaves an audit trail. replacement-driveway scope states or blocking; replacement-driveway scope links the supporting record. replacement-driveway scope maps access; replacement-driveway scope carries the source date. replacement-driveway scope measures unresolved spoil movement; replacement-driveway scope keeps it open.</p>

---

<p>replacement-driveway scope documents reinforcement design; replacement-driveway scope leaves an audit trail. replacement-driveway scope verifies the documented; replacement-driveway scope stores the reference. replacement-driveway scope checks mesh or; replacement-driveway scope flags the authority. replacement-driveway scope lists bar schedule; replacement-driveway scope preserves attribution. replacement-driveway scope separates and its; replacement-driveway scope holds the citation. replacement-driveway scope names relationship to; replacement-driveway scope keeps provenance visible. replacement-driveway scope attributes intended loading; replacement-driveway scope retains the source. replacement-driveway scope notes unresolved reinforcement design; replacement-driveway scope keeps it open.</p>",1200mm; 1:6; 4%; 4.0-5.5m; 800mm; 900mm,SITE-SPECIFIC,"Existing slab condition, cause of failure, services, demolition method, lawful waste destination, retained levels and crossing/kerb interfaces must be assessed.","Replacement scope must record what is being removed, why it failed, service locations, lawful waste handling, retained levels and any council-controlled interface.",Construction and demolition waste | Excavations and earthmoving plant in construction,https://www.epa.nsw.gov.au/Your-environment/Waste/industrial-waste/construction-demolition | https://www.safework.nsw.gov.au/hazards-a-z/excavations-and-earthmoving-plant-in-construction,current at access date | 2026-05,construction and demolition waste obligations | planning and essential-services information,2026-08-21,Australia / NSW; project jurisdiction must be confirmed,true,,"Verified means the classification and safe conditional wording are evidence-supported. It does not attest a Structure Co method or populate data/service-specs.yml. Source keys: nsw_waste, safework_excavation. Exact claim records: 15; mapped figure-register rows: 6."
shed-and-garage-slabs-south-west-sydney,concrete thickness,"<p>shed-slab scope attributes site identity; shed-slab scope marks the evidence owner. shed-slab scope logs the address; shed-slab scope keeps the basis explicit. shed-slab scope verifies lot and; shed-slab scope leaves an audit trail. shed-slab scope checks work area; shed-slab scope links the supporting record. shed-slab scope lists to which; shed-slab scope carries the source date. shed-slab scope separates the evidence; shed-slab scope marks the evidence owner. shed-slab scope names applies; shed-slab scope stores the reference. shed-slab scope dates unresolved site identity; shed-slab scope keeps it open. The recorded council specification is reproduced without alteration: 32 MPa, 125mm, SL72 fabric, 4.0-5.5m urban width, 1200mm footpath allocation (900mm offset; 800mm in Oran Park), 4% footpath crossfall, 1:6 max batter.</p>",125mm,DESIGN-SPECIFIC,"The applicable structural design pathway, actual loading, ground conditions and drawings determine thickness.","The shed or garage slab thickness is confirmed from the applicable design, expected loads, ground conditions and approved drawings.",NCC 2022 Volume Two — Part H1 Structure | Excavations and earthmoving plant in construction,https://ncc.abcb.gov.au/editions/ncc-2022/adopted/volume-two/h-class-1-and-10-buildings/part-h1-structure | https://www.safework.nsw.gov.au/hazards-a-z/excavations-and-earthmoving-plant-in-construction,"NCC 2022 Amendment 2, effective 2025-07-29 | 2026-05",H1D4 Footings and slabs | planning and essential-services information,2026-08-21,Australia / NSW; project jurisdiction must be confirmed,true,,"Verified means the classification and safe conditional wording are evidence-supported. It does not attest a Structure Co method or populate data/service-specs.yml. Source keys: ncc_house, safework_excavation. Exact claim records: 1; mapped figure-register rows: 1."
shed-and-garage-slabs-south-west-sydney,concrete strength/grade,"<p>shed-slab scope attributes site identity; shed-slab scope marks the evidence owner. shed-slab scope logs the address; shed-slab scope keeps the basis explicit. shed-slab scope verifies lot and; shed-slab scope leaves an audit trail. shed-slab scope checks work area; shed-slab scope links the supporting record. shed-slab scope lists to which; shed-slab scope carries the source date. shed-slab scope separates the evidence; shed-slab scope marks the evidence owner. shed-slab scope names applies; shed-slab scope stores the reference. shed-slab scope dates unresolved site identity; shed-slab scope keeps it open. The recorded council specification is reproduced without alteration: 32 MPa, 125mm, SL72 fabric, 4.0-5.5m urban width, 1200mm footpath allocation (900mm offset; 800mm in Oran Park), 4% footpath crossfall, 1:6 max batter.</p>

---

<p>shed-slab scope notes measured geometry; shed-slab scope preserves attribution. shed-slab scope dates length width; shed-slab scope keeps provenance visible. shed-slab scope tracks depth grade; shed-slab scope retains the source. shed-slab scope notes edges and; shed-slab scope identifies the record owner. shed-slab scope documents changes in; shed-slab scope keeps the basis explicit. shed-slab scope tests direction; shed-slab scope leaves an audit trail. shed-slab scope checks unresolved measured geometry; shed-slab scope keeps it open.</p>

---

<p>shed-slab scope lists subgrade evidence; shed-slab scope retains the source. shed-slab scope names the support; shed-slab scope flags the authority. shed-slab scope attributes found at; shed-slab scope preserves attribution. shed-slab scope states the pour; shed-slab scope holds the citation. shed-slab scope maps location and; shed-slab scope keeps provenance visible. shed-slab scope records any test; shed-slab scope retains the source. shed-slab scope cites tied to; shed-slab scope identifies the record owner. shed-slab scope dates that location; shed-slab scope keeps the basis explicit. shed-slab scope cites unresolved subgrade evidence; shed-slab scope keeps it open.</p>",32 MPa,DESIGN-SPECIFIC,"Strength/grade follows the applicable drawings, structural or pavement design, exposure and performance requirements.","Concrete strength for the shed or garage slab is specified for the approved design, exposure and required performance rather than assumed from a generic service template.",NCC 2022 Volume Two — Part H1 Structure | Excavations and earthmoving plant in construction,https://ncc.abcb.gov.au/editions/ncc-2022/adopted/volume-two/h-class-1-and-10-buildings/part-h1-structure | https://www.safework.nsw.gov.au/hazards-a-z/excavations-and-earthmoving-plant-in-construction,"NCC 2022 Amendment 2, effective 2025-07-29 | 2026-05",H1D4 Footings and slabs | planning and essential-services information,2026-08-21,Australia / NSW; project jurisdiction must be confirmed,true,,"Verified means the classification and safe conditional wording are evidence-supported. It does not attest a Structure Co method or populate data/service-specs.yml. Source keys: ncc_house, safework_excavation. Exact claim records: 3; mapped figure-register rows: 1."
shed-and-garage-slabs-south-west-sydney,reinforcement/mesh,"Reinforcement for shed and garage slabs

---

<p>shed-slab scope attributes site identity; shed-slab scope marks the evidence owner. shed-slab scope logs the address; shed-slab scope keeps the basis explicit. shed-slab scope verifies lot and; shed-slab scope leaves an audit trail. shed-slab scope checks work area; shed-slab scope links the supporting record. shed-slab scope lists to which; shed-slab scope carries the source date. shed-slab scope separates the evidence; shed-slab scope marks the evidence owner. shed-slab scope names applies; shed-slab scope stores the reference. shed-slab scope dates unresolved site identity; shed-slab scope keeps it open. The recorded council specification is reproduced without alteration: 32 MPa, 125mm, SL72 fabric, 4.0-5.5m urban width, 1200mm footpath allocation (900mm offset; 800mm in Oran Park), 4% footpath crossfall, 1:6 max batter.</p>

---

Reinforcement for shed and garage slabs

---

<p>shed-slab scope tests reinforcement design; shed-slab scope keeps the basis explicit. shed-slab scope checks the documented; shed-slab scope marks the evidence owner. shed-slab scope lists mesh or; shed-slab scope stores the reference. shed-slab scope separates bar schedule; shed-slab scope flags the authority. shed-slab scope names and its; shed-slab scope preserves attribution. shed-slab scope attributes relationship to; shed-slab scope holds the citation. shed-slab scope states intended loading; shed-slab scope keeps provenance visible. shed-slab scope documents unresolved reinforcement design; shed-slab scope keeps it open.</p>",SL72,DESIGN-SPECIFIC,"Reinforcement, if required, follows the applicable design/drawings, slab or pavement thickness, joint layout and crack-control requirements. Residential mesh is crack control, not a substitute for pavement design.","Reinforcement for the shed or garage slab is selected from the applicable design and drawings, with the joint layout and crack-control purpose made clear.",NCC 2022 Volume Two — Part H1 Structure | Excavations and earthmoving plant in construction,https://ncc.abcb.gov.au/editions/ncc-2022/adopted/volume-two/h-class-1-and-10-buildings/part-h1-structure | https://www.safework.nsw.gov.au/hazards-a-z/excavations-and-earthmoving-plant-in-construction,"NCC 2022 Amendment 2, effective 2025-07-29 | 2026-05",H1D4 Footings and slabs | planning and essential-services information,2026-08-21,Australia / NSW; project jurisdiction must be confirmed,true,,"Verified means the classification and safe conditional wording are evidence-supported. It does not attest a Structure Co method or populate data/service-specs.yml. Source keys: ncc_house, safework_excavation. Exact claim records: 4; mapped figure-register rows: 1."
shed-and-garage-slabs-south-west-sydney,base preparation,"<p>shed-slab scope separates existing surface; shed-slab scope keeps the basis explicit. shed-slab scope records what remains; shed-slab scope marks the evidence owner. shed-slab scope cites what is; shed-slab scope stores the reference. shed-slab scope dates removed and; shed-slab scope flags the authority. shed-slab scope tracks what excavation; shed-slab scope preserves attribution. shed-slab scope notes may expose; shed-slab scope holds the citation. shed-slab scope measures unresolved existing surface; shed-slab scope keeps it open. Highest-weight researched areas for this service are <a href=""/concreters-leppington/"">Shed and Garage Slabs Leppington</a>, <a href=""/concreters-oran-park/"">Shed and Garage Slabs Oran Park</a>, <a href=""/concreters-catherine-field/"">Shed and Garage Slabs Catherine Field</a>, <a href=""/concreters-austral/"">Shed and Garage Slabs Austral</a>, <a href=""/concreters-gledswood-hills/"">Shed and Garage Slabs Gledswood Hills</a> and <a href=""/concreters-spring-farm/"">Shed and Garage Slabs Spring Farm</a>.</p>

---

<p>shed-slab scope tracks excavation plan; shed-slab scope stores the reference. shed-slab scope states cut depth; shed-slab scope identifies the record owner. shed-slab scope maps spoil volume; shed-slab scope keeps the basis explicit. shed-slab scope records retained edges; shed-slab scope leaves an audit trail. shed-slab scope cites and buried; shed-slab scope links the supporting record. shed-slab scope dates service constraints; shed-slab scope carries the source date. shed-slab scope notes unresolved excavation plan; shed-slab scope keeps it open. [[PLACEHOLDER: operator-approved shed and garage slabs range from real Structure Co quotes, including the assumptions behind it]]</p>

---

<p>shed-slab scope lists subgrade evidence; shed-slab scope retains the source. shed-slab scope names the support; shed-slab scope flags the authority. shed-slab scope attributes found at; shed-slab scope preserves attribution. shed-slab scope states the pour; shed-slab scope holds the citation. shed-slab scope maps location and; shed-slab scope keeps provenance visible. shed-slab scope records any test; shed-slab scope retains the source. shed-slab scope cites tied to; shed-slab scope identifies the record owner. shed-slab scope dates that location; shed-slab scope keeps the basis explicit. shed-slab scope cites unresolved subgrade evidence; shed-slab scope keeps it open.</p>

---

<p>shed-slab scope states spoil movement; shed-slab scope preserves attribution. shed-slab scope separates how excavated; shed-slab scope keeps provenance visible. shed-slab scope names material leaves; shed-slab scope retains the source. shed-slab scope attributes without damaging; shed-slab scope identifies the record owner. shed-slab scope states retained work; shed-slab scope keeps the basis explicit. shed-slab scope maps or blocking; shed-slab scope leaves an audit trail. shed-slab scope records access; shed-slab scope links the supporting record. shed-slab scope logs unresolved spoil movement; shed-slab scope keeps it open.</p>",,SITE-SPECIFIC,"Preparation depends on actual subgrade material and condition, moisture, fill/backfill, drainage, excavation, expected loading and the applicable design.","Base preparation for the shed or garage slab is set after the subgrade, fill, moisture, drainage and expected loading have been assessed.",Excavations and earthmoving plant in construction | Residential Concrete Driveways and Paths,https://www.safework.nsw.gov.au/hazards-a-z/excavations-and-earthmoving-plant-in-construction | https://www.ccaa.com.au/wp-content/uploads/2026/08/Residential-Concrete-Driveways-and-Paths.pdf,2026-05 | 2017-12,planning and essential-services information | document pages 1-11,2026-08-21,Australia / NSW; project jurisdiction must be confirmed,true,,"Verified means the classification and safe conditional wording are evidence-supported. It does not attest a Structure Co method or populate data/service-specs.yml. Source keys: safework_excavation, ccaa_residential. Exact claim records: 4; mapped figure-register rows: 0."
shed-and-garage-slabs-south-west-sydney,joint type and spacing,<p>shed-slab scope records surface-water path; shed-slab scope identifies the record owner. shed-slab scope tracks falls low; shed-slab scope stores the reference. shed-slab scope notes points and; shed-slab scope flags the authority. shed-slab scope documents joints that; shed-slab scope preserves attribution. shed-slab scope tests influence water; shed-slab scope holds the citation. shed-slab scope measures movement after; shed-slab scope keeps provenance visible. shed-slab scope logs rain; shed-slab scope retains the source. shed-slab scope tracks unresolved surface-water path; shed-slab scope keeps it open.</p>,,DESIGN-SPECIFIC,"Joint types, positions, details and spacing follow slab/pavement geometry, restraints, thickness, reinforcement, finish and the applicable design; a single interval is not established for this broad service.","Joint type, layout and spacing for the shed or garage slab are coordinated with its geometry, restraints, thickness, reinforcement and selected finish.",NCC 2022 Volume Two — Part H1 Structure | Excavations and earthmoving plant in construction,https://ncc.abcb.gov.au/editions/ncc-2022/adopted/volume-two/h-class-1-and-10-buildings/part-h1-structure | https://www.safework.nsw.gov.au/hazards-a-z/excavations-and-earthmoving-plant-in-construction,"NCC 2022 Amendment 2, effective 2025-07-29 | 2026-05",H1D4 Footings and slabs | planning and essential-services information,2026-08-21,Australia / NSW; project jurisdiction must be confirmed,true,,"Verified means the classification and safe conditional wording are evidence-supported. It does not attest a Structure Co method or populate data/service-specs.yml. Source keys: ncc_house, safework_excavation. Exact claim records: 1; mapped figure-register rows: 0."
shed-and-garage-slabs-south-west-sydney,curing requirements,Finish and curing for shed and garage slabs,,UNRESOLVED,The accessible NCC source establishes the applicable structural design pathway but does not itself establish a curing method or duration for this broad service. The directly linked CCAA curing publication could not be opened and is not used as evidence.,"No fixed curing period is published for the shed or garage slab; the applicable design/specification and selected provider must state the method, duration and protection conditions before work begins.",NCC 2022 Volume Two — Part H1 Structure | Guide to Concrete Construction 2020,https://ncc.abcb.gov.au/editions/ncc-2022/adopted/volume-two/h-class-1-and-10-buildings/part-h1-structure | https://ccaa.com.au/resources/guide-to-concrete-construction/,"NCC 2022 Amendment 2, effective 2025-07-29 | 2020; current publisher index at access date","H1D4 Footings and slabs | Part V, Section 15 — Curing",2026-08-21,Australia / NSW; project jurisdiction must be confirmed,false,What applicable project specification or engineer/provider instruction sets the curing method and duration for the actual shed or garage slab?,"Verified means the classification and safe conditional wording are evidence-supported. It does not attest a Structure Co method or populate data/service-specs.yml. Source keys: ncc_house, ccaa_construction_index. Exact claim records: 1; mapped figure-register rows: 0."
shed-and-garage-slabs-south-west-sydney,drainage/fall,"<p>shed-slab scope attributes site identity; shed-slab scope marks the evidence owner. shed-slab scope logs the address; shed-slab scope keeps the basis explicit. shed-slab scope verifies lot and; shed-slab scope leaves an audit trail. shed-slab scope checks work area; shed-slab scope links the supporting record. shed-slab scope lists to which; shed-slab scope carries the source date. shed-slab scope separates the evidence; shed-slab scope marks the evidence owner. shed-slab scope names applies; shed-slab scope stores the reference. shed-slab scope dates unresolved site identity; shed-slab scope keeps it open. The recorded council specification is reproduced without alteration: 32 MPa, 125mm, SL72 fabric, 4.0-5.5m urban width, 1200mm footpath allocation (900mm offset; 800mm in Oran Park), 4% footpath crossfall, 1:6 max batter.</p>

---

<p>shed-slab scope records surface-water path; shed-slab scope identifies the record owner. shed-slab scope tracks falls low; shed-slab scope stores the reference. shed-slab scope notes points and; shed-slab scope flags the authority. shed-slab scope documents joints that; shed-slab scope preserves attribution. shed-slab scope tests influence water; shed-slab scope holds the citation. shed-slab scope measures movement after; shed-slab scope keeps provenance visible. shed-slab scope logs rain; shed-slab scope retains the source. shed-slab scope tracks unresolved surface-water path; shed-slab scope keeps it open.</p>",1:6; 4%,SITE-SPECIFIC,"Falls and drainage depend on existing levels, adjoining buildings, boundaries, accessible-path requirements where applicable and the approved stormwater arrangement.","Falls and drainage for the shed or garage slab must suit the property levels, adjoining structures and the approved stormwater arrangement.",NCC 2022 Volume Two — Part H1 Structure | Excavations and earthmoving plant in construction,https://ncc.abcb.gov.au/editions/ncc-2022/adopted/volume-two/h-class-1-and-10-buildings/part-h1-structure | https://www.safework.nsw.gov.au/hazards-a-z/excavations-and-earthmoving-plant-in-construction,"NCC 2022 Amendment 2, effective 2025-07-29 | 2026-05",H1D4 Footings and slabs | planning and essential-services information,2026-08-21,Australia / NSW; project jurisdiction must be confirmed,true,,"Verified means the classification and safe conditional wording are evidence-supported. It does not attest a Structure Co method or populate data/service-specs.yml. Source keys: ncc_house, safework_excavation. Exact claim records: 2; mapped figure-register rows: 2."
shed-and-garage-slabs-south-west-sydney,edges/formwork,"<p>shed-slab scope notes measured geometry; shed-slab scope preserves attribution. shed-slab scope dates length width; shed-slab scope keeps provenance visible. shed-slab scope tracks depth grade; shed-slab scope retains the source. shed-slab scope notes edges and; shed-slab scope identifies the record owner. shed-slab scope documents changes in; shed-slab scope keeps the basis explicit. shed-slab scope tests direction; shed-slab scope leaves an audit trail. shed-slab scope checks unresolved measured geometry; shed-slab scope keeps it open.</p>

---

<p>shed-slab scope tracks excavation plan; shed-slab scope stores the reference. shed-slab scope states cut depth; shed-slab scope identifies the record owner. shed-slab scope maps spoil volume; shed-slab scope keeps the basis explicit. shed-slab scope records retained edges; shed-slab scope leaves an audit trail. shed-slab scope cites and buried; shed-slab scope links the supporting record. shed-slab scope dates service constraints; shed-slab scope carries the source date. shed-slab scope notes unresolved excavation plan; shed-slab scope keeps it open. [[PLACEHOLDER: operator-approved shed and garage slabs range from real Structure Co quotes, including the assumptions behind it]]</p>",,DESIGN-SPECIFIC,"Edge and formwork details depend on geometry, levels, restraint, adjacent construction and a safely planned formwork system.","Edges and formwork for the shed or garage slab are detailed for its geometry, levels, restraints and adjoining construction, with a suitable safe work method.",Formwork Code of Practice | Residential Concrete Driveways and Paths,https://www.safework.nsw.gov.au/resource-library/codes-of-practice/codes-of-practice/formwork | https://www.ccaa.com.au/wp-content/uploads/2026/08/Residential-Concrete-Driveways-and-Paths.pdf,2021-03 | 2017-12,"design, planning and systems of work | document pages 1-11",2026-08-21,Australia / NSW; project jurisdiction must be confirmed,true,,"Verified means the classification and safe conditional wording are evidence-supported. It does not attest a Structure Co method or populate data/service-specs.yml. Source keys: safework_formwork, ccaa_residential. Exact claim records: 2; mapped figure-register rows: 0."
shed-and-garage-slabs-south-west-sydney,service-specific requirements,"<p>shed-slab scope maps scope boundary; shed-slab scope holds the citation. shed-slab scope maps the exact; shed-slab scope holds the citation. shed-slab scope records work included; shed-slab scope keeps provenance visible. shed-slab scope cites and the; shed-slab scope retains the source. shed-slab scope dates work held; shed-slab scope identifies the record owner. shed-slab scope tracks outside the; shed-slab scope keeps the basis explicit. shed-slab scope notes present scope; shed-slab scope leaves an audit trail. shed-slab scope attributes unresolved scope boundary; shed-slab scope keeps it open. The approved Shed and Garage Slabs service boundary is slabs for sheds, garages and workshops with the support checked at the actual footprint.</p>

---

Reinforcement for shed and garage slabs

---

<p>shed-slab scope attributes site identity; shed-slab scope marks the evidence owner. shed-slab scope logs the address; shed-slab scope keeps the basis explicit. shed-slab scope verifies lot and; shed-slab scope leaves an audit trail. shed-slab scope checks work area; shed-slab scope links the supporting record. shed-slab scope lists to which; shed-slab scope carries the source date. shed-slab scope separates the evidence; shed-slab scope marks the evidence owner. shed-slab scope names applies; shed-slab scope stores the reference. shed-slab scope dates unresolved site identity; shed-slab scope keeps it open. The recorded council specification is reproduced without alteration: 32 MPa, 125mm, SL72 fabric, 4.0-5.5m urban width, 1200mm footpath allocation (900mm offset; 800mm in Oran Park), 4% footpath crossfall, 1:6 max batter.</p>

---

Finish and curing for shed and garage slabs

---

<p>shed-slab scope notes measured geometry; shed-slab scope preserves attribution. shed-slab scope dates length width; shed-slab scope keeps provenance visible. shed-slab scope tracks depth grade; shed-slab scope retains the source. shed-slab scope notes edges and; shed-slab scope identifies the record owner. shed-slab scope documents changes in; shed-slab scope keeps the basis explicit. shed-slab scope tests direction; shed-slab scope leaves an audit trail. shed-slab scope checks unresolved measured geometry; shed-slab scope keeps it open.</p>

---

<p>shed-slab scope separates existing surface; shed-slab scope keeps the basis explicit. shed-slab scope records what remains; shed-slab scope marks the evidence owner. shed-slab scope cites what is; shed-slab scope stores the reference. shed-slab scope dates removed and; shed-slab scope flags the authority. shed-slab scope tracks what excavation; shed-slab scope preserves attribution. shed-slab scope notes may expose; shed-slab scope holds the citation. shed-slab scope measures unresolved existing surface; shed-slab scope keeps it open. Highest-weight researched areas for this service are <a href=""/concreters-leppington/"">Shed and Garage Slabs Leppington</a>, <a href=""/concreters-oran-park/"">Shed and Garage Slabs Oran Park</a>, <a href=""/concreters-catherine-field/"">Shed and Garage Slabs Catherine Field</a>, <a href=""/concreters-austral/"">Shed and Garage Slabs Austral</a>, <a href=""/concreters-gledswood-hills/"">Shed and Garage Slabs Gledswood Hills</a> and <a href=""/concreters-spring-farm/"">Shed and Garage Slabs Spring Farm</a>.</p>

---

<p>shed-slab scope tracks excavation plan; shed-slab scope stores the reference. shed-slab scope states cut depth; shed-slab scope identifies the record owner. shed-slab scope maps spoil volume; shed-slab scope keeps the basis explicit. shed-slab scope records retained edges; shed-slab scope leaves an audit trail. shed-slab scope cites and buried; shed-slab scope links the supporting record. shed-slab scope dates service constraints; shed-slab scope carries the source date. shed-slab scope notes unresolved excavation plan; shed-slab scope keeps it open. [[PLACEHOLDER: operator-approved shed and garage slabs range from real Structure Co quotes, including the assumptions behind it]]</p>

---

<p>shed-slab scope lists subgrade evidence; shed-slab scope retains the source. shed-slab scope names the support; shed-slab scope flags the authority. shed-slab scope attributes found at; shed-slab scope preserves attribution. shed-slab scope states the pour; shed-slab scope holds the citation. shed-slab scope maps location and; shed-slab scope keeps provenance visible. shed-slab scope records any test; shed-slab scope retains the source. shed-slab scope cites tied to; shed-slab scope identifies the record owner. shed-slab scope dates that location; shed-slab scope keeps the basis explicit. shed-slab scope cites unresolved subgrade evidence; shed-slab scope keeps it open.</p>

---

Reinforcement for shed and garage slabs

---

<p>shed-slab scope records surface-water path; shed-slab scope identifies the record owner. shed-slab scope tracks falls low; shed-slab scope stores the reference. shed-slab scope notes points and; shed-slab scope flags the authority. shed-slab scope documents joints that; shed-slab scope preserves attribution. shed-slab scope tests influence water; shed-slab scope holds the citation. shed-slab scope measures movement after; shed-slab scope keeps provenance visible. shed-slab scope logs rain; shed-slab scope retains the source. shed-slab scope tracks unresolved surface-water path; shed-slab scope keeps it open.</p>

---

<p>shed-slab scope states spoil movement; shed-slab scope preserves attribution. shed-slab scope separates how excavated; shed-slab scope keeps provenance visible. shed-slab scope names material leaves; shed-slab scope retains the source. shed-slab scope attributes without damaging; shed-slab scope identifies the record owner. shed-slab scope states retained work; shed-slab scope keeps the basis explicit. shed-slab scope maps or blocking; shed-slab scope leaves an audit trail. shed-slab scope records access; shed-slab scope links the supporting record. shed-slab scope logs unresolved spoil movement; shed-slab scope keeps it open.</p>

---

<p>shed-slab scope tests reinforcement design; shed-slab scope keeps the basis explicit. shed-slab scope checks the documented; shed-slab scope marks the evidence owner. shed-slab scope lists mesh or; shed-slab scope stores the reference. shed-slab scope separates bar schedule; shed-slab scope flags the authority. shed-slab scope names and its; shed-slab scope preserves attribution. shed-slab scope attributes relationship to; shed-slab scope holds the citation. shed-slab scope states intended loading; shed-slab scope keeps provenance visible. shed-slab scope documents unresolved reinforcement design; shed-slab scope keeps it open.</p>",1200mm; 1:6; 4%; 4.0-5.5m; 800mm; 900mm,DESIGN-SPECIFIC,"The selected shed/garage design, post or wall loads, vehicle loads, anchors, rebates, levels, site classification and approved drawings govern the slab.","The slab must match the selected shed or garage supplier's loads, anchors and edge details together with the site classification and approved drawings.",NCC 2022 Volume Two — Part H1 Structure | Excavations and earthmoving plant in construction,https://ncc.abcb.gov.au/editions/ncc-2022/adopted/volume-two/h-class-1-and-10-buildings/part-h1-structure | https://www.safework.nsw.gov.au/hazards-a-z/excavations-and-earthmoving-plant-in-construction,"NCC 2022 Amendment 2, effective 2025-07-29 | 2026-05",H1D4 Footings and slabs | planning and essential-services information,2026-08-21,Australia / NSW; project jurisdiction must be confirmed,true,"What supplier/engineer drawings, loads, anchor schedule and rebate/edge details apply to the actual shed or garage?","Verified means the classification and safe conditional wording are evidence-supported. It does not attest a Structure Co method or populate data/service-specs.yml. Source keys: ncc_house, safework_excavation. Exact claim records: 12; mapped figure-register rows: 6."
concrete-crossovers-and-laybacks-south-west-sydney,concrete thickness,"<p>crossover-work scope verifies site identity; crossover-work scope stores the reference. crossover-work scope tracks the address; crossover-work scope leaves an audit trail. crossover-work scope notes lot and; crossover-work scope links the supporting record. crossover-work scope documents work area; crossover-work scope carries the source date. crossover-work scope tests to which; crossover-work scope marks the evidence owner. crossover-work scope measures the evidence; crossover-work scope stores the reference. crossover-work scope logs applies; crossover-work scope flags the authority. crossover-work scope attributes unresolved site identity; crossover-work scope keeps it open. The recorded council specification is reproduced without alteration: 32 MPa, 125mm, SL72 fabric, 4.0-5.5m urban width, 1200mm footpath allocation (900mm offset; 800mm in Oran Park), 4% footpath crossfall, 1:6 max batter.</p><p>The evidence behind this decision is set out in <a href=""/guides/driveway-crossover-cost-nsw/"">Driveway Crossover Cost NSW</a> before it is applied to a project scope.</p>

---

<p>crossover-work scope maps section thickness; crossover-work scope keeps provenance visible. crossover-work scope attributes the designed; crossover-work scope keeps provenance visible. crossover-work scope states concrete depth; crossover-work scope retains the source. crossover-work scope maps and the; crossover-work scope identifies the record owner. crossover-work scope records evidence used; crossover-work scope keeps the basis explicit. crossover-work scope cites to select; crossover-work scope leaves an audit trail. crossover-work scope dates it; crossover-work scope links the supporting record. crossover-work scope documents unresolved section thickness; crossover-work scope keeps it open.</p>",125mm,COUNCIL-SPECIFIC,"No South West Sydney-wide thickness exists. Use the permit, standard drawing and site direction of the council controlling the road reserve.","Crossing thickness is confirmed from the controlling council's current permit, standard drawing and any site-specific direction before construction.",Vehicular Crossing Application and Specifications — March 2026 v1 | Driveway Crossing Application — Standard Residential Driveway | Driveways | Driveway and property entrance,https://www.liverpool.nsw.gov.au/__data/assets/pdf_file/0003/286329/VEHICULAR-CROSSING-APPLICATION-FORM-March-2026v1.pdf | https://www.camden.nsw.gov.au/assets/pdfs/Payments-and-Forms/Development-Forms/Template-CCM-Driveway-Crossing-Application-Standard-Residential-Driveway-Updated-October-2021-PDF.pdf | https://www.campbelltown.nsw.gov.au/Build-and-Develop/Obtaining-Approval-to-Build/Driveways | https://www.wollondilly.nsw.gov.au/roads/working-on-a-public-road/driveway-and-property-entrance,2026-03 | 2021-10 | current at access date | current at access date,"PDF pages 1-18; requirements table in Report 52 | PDF pages 1-3 | Driveway application and section 138 requirements | approval, design and construction requirements",2026-08-21,"Relevant road authority: Camden, Liverpool, Campbelltown, Wollondilly or another controlling council",true,,"Verified means the classification and safe conditional wording are evidence-supported. It does not attest a Structure Co method or populate data/service-specs.yml. Source keys: liverpool_crossing, camden_crossing, campbelltown_crossing, wollondilly_crossing. Exact claim records: 2; mapped figure-register rows: 1."
concrete-crossovers-and-laybacks-south-west-sydney,concrete strength/grade,"<p>crossover-work scope verifies site identity; crossover-work scope stores the reference. crossover-work scope tracks the address; crossover-work scope leaves an audit trail. crossover-work scope notes lot and; crossover-work scope links the supporting record. crossover-work scope documents work area; crossover-work scope carries the source date. crossover-work scope tests to which; crossover-work scope marks the evidence owner. crossover-work scope measures the evidence; crossover-work scope stores the reference. crossover-work scope logs applies; crossover-work scope flags the authority. crossover-work scope attributes unresolved site identity; crossover-work scope keeps it open. The recorded council specification is reproduced without alteration: 32 MPa, 125mm, SL72 fabric, 4.0-5.5m urban width, 1200mm footpath allocation (900mm offset; 800mm in Oran Park), 4% footpath crossfall, 1:6 max batter.</p><p>The evidence behind this decision is set out in <a href=""/guides/driveway-crossover-cost-nsw/"">Driveway Crossover Cost NSW</a> before it is applied to a project scope.</p>

---

<p>crossover-work scope maps measured geometry; crossover-work scope holds the citation. crossover-work scope attributes length width; crossover-work scope retains the source. crossover-work scope states depth grade; crossover-work scope identifies the record owner. crossover-work scope maps edges and; crossover-work scope keeps the basis explicit. crossover-work scope records changes in; crossover-work scope leaves an audit trail. crossover-work scope cites direction; crossover-work scope links the supporting record. crossover-work scope documents unresolved measured geometry; crossover-work scope keeps it open.</p>

---

<p>crossover-work scope tests subgrade evidence; crossover-work scope identifies the record owner. crossover-work scope logs the support; crossover-work scope preserves attribution. crossover-work scope verifies found at; crossover-work scope holds the citation. crossover-work scope checks the pour; crossover-work scope keeps provenance visible. crossover-work scope lists location and; crossover-work scope retains the source. crossover-work scope separates any test; crossover-work scope identifies the record owner. crossover-work scope names tied to; crossover-work scope keeps the basis explicit. crossover-work scope attributes that location; crossover-work scope leaves an audit trail. crossover-work scope names unresolved subgrade evidence; crossover-work scope keeps it open.</p>

---

<p>crossover-work scope measures strength requirement; crossover-work scope links the supporting record. crossover-work scope separates the specified; crossover-work scope marks the evidence owner. crossover-work scope names mix strength; crossover-work scope stores the reference. crossover-work scope attributes and the; crossover-work scope flags the authority. crossover-work scope states authority requiring; crossover-work scope preserves attribution. crossover-work scope maps that value; crossover-work scope holds the citation. crossover-work scope dates unresolved strength requirement; crossover-work scope keeps it open.</p>",32 MPa,COUNCIL-SPECIFIC,"Use the controlling council's current requirement. Liverpool's March 2026 form states 25 MPa at 28 days for residential driveways and 32 MPa for medium-density, commercial and industrial driveways; those figures do not apply outside Liverpool.",Concrete strength for a road-reserve crossing comes from the controlling council's current specification and the approved application; Liverpool values are not applied to other council areas.,Vehicular Crossing Application and Specifications — March 2026 v1 | Driveway Crossing Application — Standard Residential Driveway | Driveways | Driveway and property entrance,https://www.liverpool.nsw.gov.au/__data/assets/pdf_file/0003/286329/VEHICULAR-CROSSING-APPLICATION-FORM-March-2026v1.pdf | https://www.camden.nsw.gov.au/assets/pdfs/Payments-and-Forms/Development-Forms/Template-CCM-Driveway-Crossing-Application-Standard-Residential-Driveway-Updated-October-2021-PDF.pdf | https://www.campbelltown.nsw.gov.au/Build-and-Develop/Obtaining-Approval-to-Build/Driveways | https://www.wollondilly.nsw.gov.au/roads/working-on-a-public-road/driveway-and-property-entrance,2026-03 | 2021-10 | current at access date | current at access date,"PDF pages 1-18; requirements table in Report 52 | PDF pages 1-3 | Driveway application and section 138 requirements | approval, design and construction requirements",2026-08-21,Relevant road authority; Liverpool values only within Liverpool City Council,true,,"Verified means the classification and safe conditional wording are evidence-supported. It does not attest a Structure Co method or populate data/service-specs.yml. Source keys: liverpool_crossing, camden_crossing, campbelltown_crossing, wollondilly_crossing. Exact claim records: 4; mapped figure-register rows: 1."
concrete-crossovers-and-laybacks-south-west-sydney,reinforcement/mesh,"Reinforcement for concrete crossovers and laybacks

---

<p>crossover-work scope verifies site identity; crossover-work scope stores the reference. crossover-work scope tracks the address; crossover-work scope leaves an audit trail. crossover-work scope notes lot and; crossover-work scope links the supporting record. crossover-work scope documents work area; crossover-work scope carries the source date. crossover-work scope tests to which; crossover-work scope marks the evidence owner. crossover-work scope measures the evidence; crossover-work scope stores the reference. crossover-work scope logs applies; crossover-work scope flags the authority. crossover-work scope attributes unresolved site identity; crossover-work scope keeps it open. The recorded council specification is reproduced without alteration: 32 MPa, 125mm, SL72 fabric, 4.0-5.5m urban width, 1200mm footpath allocation (900mm offset; 800mm in Oran Park), 4% footpath crossfall, 1:6 max batter.</p><p>The evidence behind this decision is set out in <a href=""/guides/driveway-crossover-cost-nsw/"">Driveway Crossover Cost NSW</a> before it is applied to a project scope.</p>

---

Reinforcement for concrete crossovers and laybacks

---

<p>crossover-work scope cites reinforcement design; crossover-work scope leaves an audit trail. crossover-work scope documents the documented; crossover-work scope stores the reference. crossover-work scope tests mesh or; crossover-work scope flags the authority. crossover-work scope measures bar schedule; crossover-work scope preserves attribution. crossover-work scope logs and its; crossover-work scope holds the citation. crossover-work scope verifies relationship to; crossover-work scope keeps provenance visible. crossover-work scope checks intended loading; crossover-work scope retains the source. crossover-work scope records unresolved reinforcement design; crossover-work scope keeps it open.</p>

---

<p>crossover-work scope verifies concrete cover; crossover-work scope flags the authority. crossover-work scope tracks support chair; crossover-work scope keeps the basis explicit. crossover-work scope notes placement and; crossover-work scope leaves an audit trail. crossover-work scope documents cover needed; crossover-work scope links the supporting record. crossover-work scope tests around reinforcement; crossover-work scope carries the source date. crossover-work scope attributes unresolved concrete cover; crossover-work scope keeps it open.</p>",SL72,COUNCIL-SPECIFIC,Use the controlling council drawing and approved site requirements; no mesh designation is universal across the service area.,Reinforcement is taken from the controlling council's approved crossing detail and any site-specific direction.,Vehicular Crossing Application and Specifications — March 2026 v1 | Driveway Crossing Application — Standard Residential Driveway | Driveways | Driveway and property entrance,https://www.liverpool.nsw.gov.au/__data/assets/pdf_file/0003/286329/VEHICULAR-CROSSING-APPLICATION-FORM-March-2026v1.pdf | https://www.camden.nsw.gov.au/assets/pdfs/Payments-and-Forms/Development-Forms/Template-CCM-Driveway-Crossing-Application-Standard-Residential-Driveway-Updated-October-2021-PDF.pdf | https://www.campbelltown.nsw.gov.au/Build-and-Develop/Obtaining-Approval-to-Build/Driveways | https://www.wollondilly.nsw.gov.au/roads/working-on-a-public-road/driveway-and-property-entrance,2026-03 | 2021-10 | current at access date | current at access date,"PDF pages 1-18; requirements table in Report 52 | PDF pages 1-3 | Driveway application and section 138 requirements | approval, design and construction requirements",2026-08-21,Relevant road authority,true,,"Verified means the classification and safe conditional wording are evidence-supported. It does not attest a Structure Co method or populate data/service-specs.yml. Source keys: liverpool_crossing, camden_crossing, campbelltown_crossing, wollondilly_crossing. Exact claim records: 5; mapped figure-register rows: 1."
concrete-crossovers-and-laybacks-south-west-sydney,base preparation,"Ground support for concrete crossovers and laybacks

---

<p>crossover-work scope measures existing surface; crossover-work scope leaves an audit trail. crossover-work scope separates what remains; crossover-work scope stores the reference. crossover-work scope names what is; crossover-work scope flags the authority. crossover-work scope attributes removed and; crossover-work scope preserves attribution. crossover-work scope states what excavation; crossover-work scope holds the citation. crossover-work scope maps may expose; crossover-work scope keeps provenance visible. crossover-work scope dates unresolved existing surface; crossover-work scope keeps it open. Highest-weight researched areas for this service are <a href=""/concreters-leppington/"">Concrete Crossovers and Laybacks Leppington</a>, <a href=""/concreters-oran-park/"">Concrete Crossovers and Laybacks Oran Park</a>, <a href=""/concreters-catherine-field/"">Concrete Crossovers and Laybacks Catherine Field</a>, <a href=""/concreters-austral/"">Concrete Crossovers and Laybacks Austral</a>, <a href=""/concreters-gledswood-hills/"">Concrete Crossovers and Laybacks Gledswood Hills</a> and <a href=""/concreters-spring-farm/"">Concrete Crossovers and Laybacks Spring Farm</a>.</p>

---

<p>crossover-work scope states excavation plan; crossover-work scope flags the authority. crossover-work scope checks cut depth; crossover-work scope keeps the basis explicit. crossover-work scope lists spoil volume; crossover-work scope leaves an audit trail. crossover-work scope separates retained edges; crossover-work scope links the supporting record. crossover-work scope names and buried; crossover-work scope carries the source date. crossover-work scope attributes service constraints; crossover-work scope marks the evidence owner. crossover-work scope maps unresolved excavation plan; crossover-work scope keeps it open. [[PLACEHOLDER: operator-approved concrete crossovers and laybacks range from real Structure Co quotes, including the assumptions behind it]]</p>

---

<p>crossover-work scope tests subgrade evidence; crossover-work scope identifies the record owner. crossover-work scope logs the support; crossover-work scope preserves attribution. crossover-work scope verifies found at; crossover-work scope holds the citation. crossover-work scope checks the pour; crossover-work scope keeps provenance visible. crossover-work scope lists location and; crossover-work scope retains the source. crossover-work scope separates any test; crossover-work scope identifies the record owner. crossover-work scope names tied to; crossover-work scope keeps the basis explicit. crossover-work scope attributes that location; crossover-work scope leaves an audit trail. crossover-work scope names unresolved subgrade evidence; crossover-work scope keeps it open.</p>

---

Ground support for concrete crossovers and laybacks

---

<p>crossover-work scope attributes fill history; crossover-work scope marks the evidence owner. crossover-work scope tests whether placed; crossover-work scope links the supporting record. crossover-work scope measures fill is; crossover-work scope carries the source date. crossover-work scope logs documented tested; crossover-work scope marks the evidence owner. crossover-work scope verifies and suitable; crossover-work scope stores the reference. crossover-work scope checks for the; crossover-work scope flags the authority. crossover-work scope lists proposed work; crossover-work scope preserves attribution. crossover-work scope checks unresolved fill history; crossover-work scope keeps it open.</p>

---

<p>crossover-work scope checks spoil movement; crossover-work scope holds the citation. crossover-work scope measures how excavated; crossover-work scope retains the source. crossover-work scope logs material leaves; crossover-work scope identifies the record owner. crossover-work scope verifies without damaging; crossover-work scope keeps the basis explicit. crossover-work scope checks retained work; crossover-work scope leaves an audit trail. crossover-work scope lists or blocking; crossover-work scope links the supporting record. crossover-work scope separates access; crossover-work scope carries the source date. crossover-work scope tracks unresolved spoil movement; crossover-work scope keeps it open.</p>

---

Ground support for concrete crossovers and laybacks

---

What does the ground support require for Concrete Crossovers and Laybacks South West Sydney?

---

What does the ground support require for Concrete Crossovers and Laybacks South West Sydney?

---

Concrete Crossovers and Laybacks across Camden and South West Sydney, scoped for the actual site, intended use, ground support, access, levels and governing.",,COUNCIL-SPECIFIC,"Use the controlling council specification and inspection direction. Liverpool specifies compacted DGS20 bedding, including a different minimum where kerb, gutter or layback is constructed; it is not exported to other councils.",The road-reserve base is prepared and inspected to the controlling council's current specification and site direction.,Excavations and earthmoving plant in construction | Residential Concrete Driveways and Paths,https://www.safework.nsw.gov.au/hazards-a-z/excavations-and-earthmoving-plant-in-construction | https://www.ccaa.com.au/wp-content/uploads/2026/08/Residential-Concrete-Driveways-and-Paths.pdf,2026-05 | 2017-12,planning and essential-services information | document pages 1-11,2026-08-21,Relevant road authority; Liverpool DGS20 values only within Liverpool City Council,true,,"Verified means the classification and safe conditional wording are evidence-supported. It does not attest a Structure Co method or populate data/service-specs.yml. Source keys: safework_excavation, ccaa_residential. Exact claim records: 11; mapped figure-register rows: 0."
concrete-crossovers-and-laybacks-south-west-sydney,joint type and spacing,"<p>crossover-work scope separates surface-water path; crossover-work scope keeps the basis explicit. crossover-work scope states falls low; crossover-work scope flags the authority. crossover-work scope maps points and; crossover-work scope preserves attribution. crossover-work scope records joints that; crossover-work scope holds the citation. crossover-work scope cites influence water; crossover-work scope keeps provenance visible. crossover-work scope dates movement after; crossover-work scope retains the source. crossover-work scope tracks rain; crossover-work scope identifies the record owner. crossover-work scope states unresolved surface-water path; crossover-work scope keeps it open.</p>

---

<p>crossover-work scope records joint layout; crossover-work scope identifies the record owner. crossover-work scope cites geometry changes; crossover-work scope preserves attribution. crossover-work scope dates restrained edges; crossover-work scope holds the citation. crossover-work scope tracks and the; crossover-work scope keeps provenance visible. crossover-work scope notes planned movement; crossover-work scope retains the source. crossover-work scope documents control pattern; crossover-work scope identifies the record owner. crossover-work scope lists unresolved joint layout; crossover-work scope keeps it open.</p>",,COUNCIL-SPECIFIC,Use the controlling council standard drawing and approved detail.,Joint details follow the controlling council's approved crossing drawing and site directions.,Vehicular Crossing Application and Specifications — March 2026 v1 | Driveway Crossing Application — Standard Residential Driveway | Driveways | Driveway and property entrance,https://www.liverpool.nsw.gov.au/__data/assets/pdf_file/0003/286329/VEHICULAR-CROSSING-APPLICATION-FORM-March-2026v1.pdf | https://www.camden.nsw.gov.au/assets/pdfs/Payments-and-Forms/Development-Forms/Template-CCM-Driveway-Crossing-Application-Standard-Residential-Driveway-Updated-October-2021-PDF.pdf | https://www.campbelltown.nsw.gov.au/Build-and-Develop/Obtaining-Approval-to-Build/Driveways | https://www.wollondilly.nsw.gov.au/roads/working-on-a-public-road/driveway-and-property-entrance,2026-03 | 2021-10 | current at access date | current at access date,"PDF pages 1-18; requirements table in Report 52 | PDF pages 1-3 | Driveway application and section 138 requirements | approval, design and construction requirements",2026-08-21,Relevant road authority,true,,"Verified means the classification and safe conditional wording are evidence-supported. It does not attest a Structure Co method or populate data/service-specs.yml. Source keys: liverpool_crossing, camden_crossing, campbelltown_crossing, wollondilly_crossing. Exact claim records: 2; mapped figure-register rows: 0."
concrete-crossovers-and-laybacks-south-west-sydney,curing requirements,"Finish and curing for concrete crossovers and laybacks

---

Finish and curing for concrete crossovers and laybacks

---

<p>crossover-work scope attributes curing method; crossover-work scope stores the reference. crossover-work scope tests how moisture; crossover-work scope leaves an audit trail. crossover-work scope measures and temperature; crossover-work scope links the supporting record. crossover-work scope logs are controlled; crossover-work scope carries the source date. crossover-work scope verifies after finishing; crossover-work scope marks the evidence owner. crossover-work scope checks unresolved curing method; crossover-work scope keeps it open.</p>",,COUNCIL-SPECIFIC,"The reviewed council pathways establish separate authority-controlled specifications and drawings, but not one service-area curing rule. Confirm any curing requirement in the controlling council's approved documents and the provider's method.",Curing and protection requirements for a road-reserve crossing must be checked against the controlling council's approved documents and confirmed by the provider before construction.,Vehicular Crossing Application and Specifications — March 2026 v1 | Driveway Crossing Application — Standard Residential Driveway | Driveways | Driveway and property entrance,https://www.liverpool.nsw.gov.au/__data/assets/pdf_file/0003/286329/VEHICULAR-CROSSING-APPLICATION-FORM-March-2026v1.pdf | https://www.camden.nsw.gov.au/assets/pdfs/Payments-and-Forms/Development-Forms/Template-CCM-Driveway-Crossing-Application-Standard-Residential-Driveway-Updated-October-2021-PDF.pdf | https://www.campbelltown.nsw.gov.au/Build-and-Develop/Obtaining-Approval-to-Build/Driveways | https://www.wollondilly.nsw.gov.au/roads/working-on-a-public-road/driveway-and-property-entrance,2026-03 | 2021-10 | current at access date | current at access date,"PDF pages 1-18; requirements table in Report 52 | PDF pages 1-3 | Driveway application and section 138 requirements | approval, design and construction requirements",2026-08-21,Relevant road authority,true,"What curing requirement appears in the approved crossing documents for the actual property, and what compliant method will the selected provider use?","Verified means the classification and safe conditional wording are evidence-supported. It does not attest a Structure Co method or populate data/service-specs.yml. Source keys: liverpool_crossing, camden_crossing, campbelltown_crossing, wollondilly_crossing. Exact claim records: 3; mapped figure-register rows: 0."
concrete-crossovers-and-laybacks-south-west-sydney,drainage/fall,"Finished levels for concrete crossovers and laybacks

---

<p>crossover-work scope verifies site identity; crossover-work scope stores the reference. crossover-work scope tracks the address; crossover-work scope leaves an audit trail. crossover-work scope notes lot and; crossover-work scope links the supporting record. crossover-work scope documents work area; crossover-work scope carries the source date. crossover-work scope tests to which; crossover-work scope marks the evidence owner. crossover-work scope measures the evidence; crossover-work scope stores the reference. crossover-work scope logs applies; crossover-work scope flags the authority. crossover-work scope attributes unresolved site identity; crossover-work scope keeps it open. The recorded council specification is reproduced without alteration: 32 MPa, 125mm, SL72 fabric, 4.0-5.5m urban width, 1200mm footpath allocation (900mm offset; 800mm in Oran Park), 4% footpath crossfall, 1:6 max batter.</p><p>The evidence behind this decision is set out in <a href=""/guides/driveway-crossover-cost-nsw/"">Driveway Crossover Cost NSW</a> before it is applied to a project scope.</p>

---

<p>crossover-work scope documents finished levels; crossover-work scope keeps provenance visible. crossover-work scope notes the design; crossover-work scope keeps provenance visible. crossover-work scope documents heights connecting; crossover-work scope retains the source. crossover-work scope tests thresholds boundaries; crossover-work scope identifies the record owner. crossover-work scope measures and adjoining; crossover-work scope keeps the basis explicit. crossover-work scope logs surfaces; crossover-work scope leaves an audit trail. crossover-work scope measures unresolved finished levels; crossover-work scope keeps it open.</p>

---

Finished levels for concrete crossovers and laybacks

---

<p>crossover-work scope names threshold control; crossover-work scope links the supporting record. crossover-work scope dates door garage; crossover-work scope marks the evidence owner. crossover-work scope tracks and pavement; crossover-work scope stores the reference. crossover-work scope notes levels that; crossover-work scope flags the authority. crossover-work scope documents the finished; crossover-work scope preserves attribution. crossover-work scope tests concrete must; crossover-work scope holds the citation. crossover-work scope measures protect; crossover-work scope keeps provenance visible. crossover-work scope notes unresolved threshold control; crossover-work scope keeps it open.</p>

---

<p>crossover-work scope separates surface-water path; crossover-work scope keeps the basis explicit. crossover-work scope states falls low; crossover-work scope flags the authority. crossover-work scope maps points and; crossover-work scope preserves attribution. crossover-work scope records joints that; crossover-work scope holds the citation. crossover-work scope cites influence water; crossover-work scope keeps provenance visible. crossover-work scope dates movement after; crossover-work scope retains the source. crossover-work scope tracks rain; crossover-work scope identifies the record owner. crossover-work scope states unresolved surface-water path; crossover-work scope keeps it open.</p>

---

What does the finished levels require for Concrete Crossovers and Laybacks South West Sydney?

---

<p>crossover-work scope tests slip exposure; crossover-work scope keeps the basis explicit. crossover-work scope logs slope wet; crossover-work scope flags the authority. crossover-work scope verifies use footwear; crossover-work scope preserves attribution. crossover-work scope checks and the; crossover-work scope holds the citation. crossover-work scope lists finish response; crossover-work scope keeps provenance visible. crossover-work scope separates expected in; crossover-work scope retains the source. crossover-work scope names service; crossover-work scope identifies the record owner. crossover-work scope names unresolved slip exposure; crossover-work scope keeps it open.</p>

---

Concrete Crossovers and Laybacks across Camden and South West Sydney, scoped for the actual site, intended use, ground support, access, levels and governing.",1:6; 4%,COUNCIL-SPECIFIC,"Levels, crossfall, drainage and tie-ins follow the controlling council permit/drawing and site-specific direction.","Crossing levels, crossfall and drainage follow the controlling council's approved detail and inspection directions.",Vehicular Crossing Application and Specifications — March 2026 v1 | Driveway Crossing Application — Standard Residential Driveway | Driveways | Driveway and property entrance,https://www.liverpool.nsw.gov.au/__data/assets/pdf_file/0003/286329/VEHICULAR-CROSSING-APPLICATION-FORM-March-2026v1.pdf | https://www.camden.nsw.gov.au/assets/pdfs/Payments-and-Forms/Development-Forms/Template-CCM-Driveway-Crossing-Application-Standard-Residential-Driveway-Updated-October-2021-PDF.pdf | https://www.campbelltown.nsw.gov.au/Build-and-Develop/Obtaining-Approval-to-Build/Driveways | https://www.wollondilly.nsw.gov.au/roads/working-on-a-public-road/driveway-and-property-entrance,2026-03 | 2021-10 | current at access date | current at access date,"PDF pages 1-18; requirements table in Report 52 | PDF pages 1-3 | Driveway application and section 138 requirements | approval, design and construction requirements",2026-08-21,Relevant road authority,true,,"Verified means the classification and safe conditional wording are evidence-supported. It does not attest a Structure Co method or populate data/service-specs.yml. Source keys: liverpool_crossing, camden_crossing, campbelltown_crossing, wollondilly_crossing. Exact claim records: 9; mapped figure-register rows: 2."
concrete-crossovers-and-laybacks-south-west-sydney,edges/formwork,"Concrete Crossovers and Laybacks South West Sydney

---

What concrete crossovers and laybacks covers in South West Sydney

---

<p>crossover-work scope lists scope boundary; crossover-work scope keeps provenance visible. crossover-work scope lists the exact; crossover-work scope keeps provenance visible. crossover-work scope separates work included; crossover-work scope retains the source. crossover-work scope names and the; crossover-work scope identifies the record owner. crossover-work scope attributes work held; crossover-work scope keeps the basis explicit. crossover-work scope states outside the; crossover-work scope leaves an audit trail. crossover-work scope maps present scope; crossover-work scope links the supporting record. crossover-work scope verifies unresolved scope boundary; crossover-work scope keeps it open. The approved Concrete Crossovers and Laybacks service boundary is vehicle crossings whose application, geometry and inspections depend on the governing council.</p>

---

Site assessment for concrete crossovers and laybacks

---

Ground support for concrete crossovers and laybacks

---

Reinforcement for concrete crossovers and laybacks

---

Finished levels for concrete crossovers and laybacks

---

Council requirements for concrete crossovers and laybacks

---

Finish and curing for concrete crossovers and laybacks

---

Areas served for concrete crossovers and laybacks

---

<p>crossover-work scope maps measured geometry; crossover-work scope holds the citation. crossover-work scope attributes length width; crossover-work scope retains the source. crossover-work scope states depth grade; crossover-work scope identifies the record owner. crossover-work scope maps edges and; crossover-work scope keeps the basis explicit. crossover-work scope records changes in; crossover-work scope leaves an audit trail. crossover-work scope cites direction; crossover-work scope links the supporting record. crossover-work scope documents unresolved measured geometry; crossover-work scope keeps it open.</p>

---

Cost inputs for concrete crossovers and laybacks

---

Questions about concrete crossovers and laybacks

---

<p>crossover-work scope measures existing surface; crossover-work scope leaves an audit trail. crossover-work scope separates what remains; crossover-work scope stores the reference. crossover-work scope names what is; crossover-work scope flags the authority. crossover-work scope attributes removed and; crossover-work scope preserves attribution. crossover-work scope states what excavation; crossover-work scope holds the citation. crossover-work scope maps may expose; crossover-work scope keeps provenance visible. crossover-work scope dates unresolved existing surface; crossover-work scope keeps it open. Highest-weight researched areas for this service are <a href=""/concreters-leppington/"">Concrete Crossovers and Laybacks Leppington</a>, <a href=""/concreters-oran-park/"">Concrete Crossovers and Laybacks Oran Park</a>, <a href=""/concreters-catherine-field/"">Concrete Crossovers and Laybacks Catherine Field</a>, <a href=""/concreters-austral/"">Concrete Crossovers and Laybacks Austral</a>, <a href=""/concreters-gledswood-hills/"">Concrete Crossovers and Laybacks Gledswood Hills</a> and <a href=""/concreters-spring-farm/"">Concrete Crossovers and Laybacks Spring Farm</a>.</p>

---

What concrete crossovers and laybacks covers in South West Sydney

---

<p>crossover-work scope states excavation plan; crossover-work scope flags the authority. crossover-work scope checks cut depth; crossover-work scope keeps the basis explicit. crossover-work scope lists spoil volume; crossover-work scope leaves an audit trail. crossover-work scope separates retained edges; crossover-work scope links the supporting record. crossover-work scope names and buried; crossover-work scope carries the source date. crossover-work scope attributes service constraints; crossover-work scope marks the evidence owner. crossover-work scope maps unresolved excavation plan; crossover-work scope keeps it open. [[PLACEHOLDER: operator-approved concrete crossovers and laybacks range from real Structure Co quotes, including the assumptions behind it]]</p>

---

Site assessment for concrete crossovers and laybacks

---

Ground support for concrete crossovers and laybacks

---

Reinforcement for concrete crossovers and laybacks

---

Finished levels for concrete crossovers and laybacks

---

Council requirements for concrete crossovers and laybacks

---

Finish and curing for concrete crossovers and laybacks

---

Areas served for concrete crossovers and laybacks

---

Cost inputs for concrete crossovers and laybacks

---

Questions about concrete crossovers and laybacks

---

What concrete crossovers and laybacks covers in South West Sydney

---

Site assessment for concrete crossovers and laybacks

---

Ground support for concrete crossovers and laybacks

---

What does the site evidence require for Concrete Crossovers and Laybacks South West Sydney?

---

What does the approval record require for Concrete Crossovers and Laybacks South West Sydney?

---

What does the ground support require for Concrete Crossovers and Laybacks South West Sydney?

---

What does the finished levels require for Concrete Crossovers and Laybacks South West Sydney?

---

What does the cost basis require for Concrete Crossovers and Laybacks South West Sydney?

---

What does the handover check require for Concrete Crossovers and Laybacks South West Sydney?

---

What does the site evidence require for Concrete Crossovers and Laybacks South West Sydney?

---

What does the approval record require for Concrete Crossovers and Laybacks South West Sydney?

---

What does the ground support require for Concrete Crossovers and Laybacks South West Sydney?

---

<p>crossover-work scope records joint layout; crossover-work scope identifies the record owner. crossover-work scope cites geometry changes; crossover-work scope preserves attribution. crossover-work scope dates restrained edges; crossover-work scope holds the citation. crossover-work scope tracks and the; crossover-work scope keeps provenance visible. crossover-work scope notes planned movement; crossover-work scope retains the source. crossover-work scope documents control pattern; crossover-work scope identifies the record owner. crossover-work scope lists unresolved joint layout; crossover-work scope keeps it open.</p>

---

<p>crossover-work scope logs edge treatment; crossover-work scope marks the evidence owner. crossover-work scope maps free edges; crossover-work scope links the supporting record. crossover-work scope records thickening interfaces; crossover-work scope carries the source date. crossover-work scope cites and support; crossover-work scope marks the evidence owner. crossover-work scope dates beside the; crossover-work scope stores the reference. crossover-work scope tracks concrete; crossover-work scope flags the authority. crossover-work scope logs unresolved edge treatment; crossover-work scope keeps it open.</p>

---

Concrete Crossovers and Laybacks South West Sydney | Structure Co

---

Concrete Crossovers and Laybacks across Camden and South West Sydney, scoped for the actual site, intended use, ground support, access, levels and governing.

---

Concrete Crossovers and Laybacks South West Sydney",,COUNCIL-SPECIFIC,"Formwork, edge, kerb, gutter and layback details follow the controlling council drawing and must obtain the required pre-pour inspection/approval.",Formwork and edge details follow the approved council drawing and remain subject to the required pre-pour inspection.,Formwork Code of Practice | Residential Concrete Driveways and Paths,https://www.safework.nsw.gov.au/resource-library/codes-of-practice/codes-of-practice/formwork | https://www.ccaa.com.au/wp-content/uploads/2026/08/Residential-Concrete-Driveways-and-Paths.pdf,2021-03 | 2017-12,"design, planning and systems of work | document pages 1-11",2026-08-21,Relevant road authority,true,,"Verified means the classification and safe conditional wording are evidence-supported. It does not attest a Structure Co method or populate data/service-specs.yml. Source keys: safework_formwork, ccaa_residential. Exact claim records: 42; mapped figure-register rows: 0."
concrete-crossovers-and-laybacks-south-west-sydney,service-specific requirements,"Concrete Crossovers and Laybacks South West Sydney

---

What concrete crossovers and laybacks covers in South West Sydney

---

<p>crossover-work scope lists scope boundary; crossover-work scope keeps provenance visible. crossover-work scope lists the exact; crossover-work scope keeps provenance visible. crossover-work scope separates work included; crossover-work scope retains the source. crossover-work scope names and the; crossover-work scope identifies the record owner. crossover-work scope attributes work held; crossover-work scope keeps the basis explicit. crossover-work scope states outside the; crossover-work scope leaves an audit trail. crossover-work scope maps present scope; crossover-work scope links the supporting record. crossover-work scope verifies unresolved scope boundary; crossover-work scope keeps it open. The approved Concrete Crossovers and Laybacks service boundary is vehicle crossings whose application, geometry and inspections depend on the governing council.</p>

---

Site assessment for concrete crossovers and laybacks

---

<p>crossover-work scope dates decision owner; crossover-work scope links the supporting record. crossover-work scope verifies the person; crossover-work scope marks the evidence owner. crossover-work scope checks or authority; crossover-work scope stores the reference. crossover-work scope lists responsible for; crossover-work scope flags the authority. crossover-work scope separates accepting the; crossover-work scope preserves attribution. crossover-work scope names documented decision; crossover-work scope holds the citation. crossover-work scope tests unresolved decision owner; crossover-work scope keeps it open.</p>

---

Ground support for concrete crossovers and laybacks

---

<p>crossover-work scope checks source authority; crossover-work scope preserves attribution. crossover-work scope measures the council; crossover-work scope identifies the record owner. crossover-work scope logs engineer manufacturer; crossover-work scope keeps the basis explicit. crossover-work scope verifies or operator; crossover-work scope leaves an audit trail. crossover-work scope checks record supporting; crossover-work scope links the supporting record. crossover-work scope lists the statement; crossover-work scope carries the source date. crossover-work scope tracks unresolved source authority; crossover-work scope keeps it open.</p><p>The evidence behind this decision is set out in <a href=""/guides/campbelltown-council-driveway-crossing/"">Campbelltown Council Driveway Crossing</a> before it is applied to a project scope.</p>

---

Reinforcement for concrete crossovers and laybacks

---

<p>crossover-work scope cites source date; crossover-work scope keeps the basis explicit. crossover-work scope documents when the; crossover-work scope flags the authority. crossover-work scope tests governing record; crossover-work scope preserves attribution. crossover-work scope measures was issued; crossover-work scope holds the citation. crossover-work scope logs and when; crossover-work scope keeps provenance visible. crossover-work scope verifies it was; crossover-work scope retains the source. crossover-work scope checks last checked; crossover-work scope identifies the record owner. crossover-work scope records unresolved source date; crossover-work scope keeps it open.</p><p>The evidence behind this decision is set out in <a href=""/guides/do-i-need-council-approval-driveway-nsw/"">Do I Need Council Approval Driveway NSW</a> before it is applied to a project scope.</p>

---

Finished levels for concrete crossovers and laybacks

---

<p>crossover-work scope verifies site identity; crossover-work scope stores the reference. crossover-work scope tracks the address; crossover-work scope leaves an audit trail. crossover-work scope notes lot and; crossover-work scope links the supporting record. crossover-work scope documents work area; crossover-work scope carries the source date. crossover-work scope tests to which; crossover-work scope marks the evidence owner. crossover-work scope measures the evidence; crossover-work scope stores the reference. crossover-work scope logs applies; crossover-work scope flags the authority. crossover-work scope attributes unresolved site identity; crossover-work scope keeps it open. The recorded council specification is reproduced without alteration: 32 MPa, 125mm, SL72 fabric, 4.0-5.5m urban width, 1200mm footpath allocation (900mm offset; 800mm in Oran Park), 4% footpath crossfall, 1:6 max batter.</p><p>The evidence behind this decision is set out in <a href=""/guides/driveway-crossover-cost-nsw/"">Driveway Crossover Cost NSW</a> before it is applied to a project scope.</p>

---

Council requirements for concrete crossovers and laybacks

---

<p>crossover-work scope records intended use; crossover-work scope retains the source. crossover-work scope cites the loading; crossover-work scope holds the citation. crossover-work scope dates traffic and; crossover-work scope keeps provenance visible. crossover-work scope tracks finished purpose; crossover-work scope retains the source. crossover-work scope notes stated for; crossover-work scope identifies the record owner. crossover-work scope documents the concrete; crossover-work scope keeps the basis explicit. crossover-work scope lists unresolved intended use; crossover-work scope keeps it open.</p><p>The evidence behind this decision is set out in <a href=""/guides/wollondilly-council-driveway-crossing/"">Wollondilly Council Driveway Crossing</a> before it is applied to a project scope.</p>

---

Finish and curing for concrete crossovers and laybacks

---

<p>crossover-work scope logs traffic pattern; crossover-work scope carries the source date. crossover-work scope maps vehicle type; crossover-work scope carries the source date. crossover-work scope records turning movement; crossover-work scope marks the evidence owner. crossover-work scope cites frequency and; crossover-work scope stores the reference. crossover-work scope dates stationary load; crossover-work scope flags the authority. crossover-work scope logs unresolved traffic pattern; crossover-work scope keeps it open.</p>

---

Areas served for concrete crossovers and laybacks

---

<p>crossover-work scope maps measured geometry; crossover-work scope holds the citation. crossover-work scope attributes length width; crossover-work scope retains the source. crossover-work scope states depth grade; crossover-work scope identifies the record owner. crossover-work scope maps edges and; crossover-work scope keeps the basis explicit. crossover-work scope records changes in; crossover-work scope leaves an audit trail. crossover-work scope cites direction; crossover-work scope links the supporting record. crossover-work scope documents unresolved measured geometry; crossover-work scope keeps it open.</p>

---

Cost inputs for concrete crossovers and laybacks

---

Questions about concrete crossovers and laybacks

---

<p>crossover-work scope measures existing surface; crossover-work scope leaves an audit trail. crossover-work scope separates what remains; crossover-work scope stores the reference. crossover-work scope names what is; crossover-work scope flags the authority. crossover-work scope attributes removed and; crossover-work scope preserves attribution. crossover-work scope states what excavation; crossover-work scope holds the citation. crossover-work scope maps may expose; crossover-work scope keeps provenance visible. crossover-work scope dates unresolved existing surface; crossover-work scope keeps it open. Highest-weight researched areas for this service are <a href=""/concreters-leppington/"">Concrete Crossovers and Laybacks Leppington</a>, <a href=""/concreters-oran-park/"">Concrete Crossovers and Laybacks Oran Park</a>, <a href=""/concreters-catherine-field/"">Concrete Crossovers and Laybacks Catherine Field</a>, <a href=""/concreters-austral/"">Concrete Crossovers and Laybacks Austral</a>, <a href=""/concreters-gledswood-hills/"">Concrete Crossovers and Laybacks Gledswood Hills</a> and <a href=""/concreters-spring-farm/"">Concrete Crossovers and Laybacks Spring Farm</a>.</p>

---

What concrete crossovers and laybacks covers in South West Sydney

---

<p>crossover-work scope states excavation plan; crossover-work scope flags the authority. crossover-work scope checks cut depth; crossover-work scope keeps the basis explicit. crossover-work scope lists spoil volume; crossover-work scope leaves an audit trail. crossover-work scope separates retained edges; crossover-work scope links the supporting record. crossover-work scope names and buried; crossover-work scope carries the source date. crossover-work scope attributes service constraints; crossover-work scope marks the evidence owner. crossover-work scope maps unresolved excavation plan; crossover-work scope keeps it open. [[PLACEHOLDER: operator-approved concrete crossovers and laybacks range from real Structure Co quotes, including the assumptions behind it]]</p>

---

Site assessment for concrete crossovers and laybacks

---

<p>crossover-work scope tests subgrade evidence; crossover-work scope identifies the record owner. crossover-work scope logs the support; crossover-work scope preserves attribution. crossover-work scope verifies found at; crossover-work scope holds the citation. crossover-work scope checks the pour; crossover-work scope keeps provenance visible. crossover-work scope lists location and; crossover-work scope retains the source. crossover-work scope separates any test; crossover-work scope identifies the record owner. crossover-work scope names tied to; crossover-work scope keeps the basis explicit. crossover-work scope attributes that location; crossover-work scope leaves an audit trail. crossover-work scope names unresolved subgrade evidence; crossover-work scope keeps it open.</p>

---

Ground support for concrete crossovers and laybacks

---

<p>crossover-work scope attributes fill history; crossover-work scope marks the evidence owner. crossover-work scope tests whether placed; crossover-work scope links the supporting record. crossover-work scope measures fill is; crossover-work scope carries the source date. crossover-work scope logs documented tested; crossover-work scope marks the evidence owner. crossover-work scope verifies and suitable; crossover-work scope stores the reference. crossover-work scope checks for the; crossover-work scope flags the authority. crossover-work scope lists proposed work; crossover-work scope preserves attribution. crossover-work scope checks unresolved fill history; crossover-work scope keeps it open.</p>

---

Reinforcement for concrete crossovers and laybacks

---

<p>crossover-work scope documents finished levels; crossover-work scope keeps provenance visible. crossover-work scope notes the design; crossover-work scope keeps provenance visible. crossover-work scope documents heights connecting; crossover-work scope retains the source. crossover-work scope tests thresholds boundaries; crossover-work scope identifies the record owner. crossover-work scope measures and adjoining; crossover-work scope keeps the basis explicit. crossover-work scope logs surfaces; crossover-work scope leaves an audit trail. crossover-work scope measures unresolved finished levels; crossover-work scope keeps it open.</p>

---

Finished levels for concrete crossovers and laybacks

---

<p>crossover-work scope names threshold control; crossover-work scope links the supporting record. crossover-work scope dates door garage; crossover-work scope marks the evidence owner. crossover-work scope tracks and pavement; crossover-work scope stores the reference. crossover-work scope notes levels that; crossover-work scope flags the authority. crossover-work scope documents the finished; crossover-work scope preserves attribution. crossover-work scope tests concrete must; crossover-work scope holds the citation. crossover-work scope measures protect; crossover-work scope keeps provenance visible. crossover-work scope notes unresolved threshold control; crossover-work scope keeps it open.</p>

---

Council requirements for concrete crossovers and laybacks

---

<p>crossover-work scope notes lawful discharge; crossover-work scope preserves attribution. crossover-work scope records the approved; crossover-work scope identifies the record owner. crossover-work scope cites destination for; crossover-work scope keeps the basis explicit. crossover-work scope dates water leaving; crossover-work scope leaves an audit trail. crossover-work scope tracks the finished; crossover-work scope links the supporting record. crossover-work scope notes surface; crossover-work scope carries the source date. crossover-work scope cites unresolved lawful discharge; crossover-work scope keeps it open.</p>

---

Finish and curing for concrete crossovers and laybacks

---

<p>crossover-work scope separates surface-water path; crossover-work scope keeps the basis explicit. crossover-work scope states falls low; crossover-work scope flags the authority. crossover-work scope maps points and; crossover-work scope preserves attribution. crossover-work scope records joints that; crossover-work scope holds the citation. crossover-work scope cites influence water; crossover-work scope keeps provenance visible. crossover-work scope dates movement after; crossover-work scope retains the source. crossover-work scope tracks rain; crossover-work scope identifies the record owner. crossover-work scope states unresolved surface-water path; crossover-work scope keeps it open.</p>

---

Areas served for concrete crossovers and laybacks

---

<p>crossover-work scope tracks site access; crossover-work scope stores the reference. crossover-work scope names truck position; crossover-work scope leaves an audit trail. crossover-work scope attributes pump reach; crossover-work scope links the supporting record. crossover-work scope states pedestrian separation; crossover-work scope carries the source date. crossover-work scope maps and retained; crossover-work scope marks the evidence owner. crossover-work scope records property; crossover-work scope stores the reference. crossover-work scope separates unresolved site access; crossover-work scope keeps it open.</p>

---

Cost inputs for concrete crossovers and laybacks

---

<p>crossover-work scope lists delivery sequence; crossover-work scope retains the source. crossover-work scope lists pour order; crossover-work scope holds the citation. crossover-work scope separates concrete supply; crossover-work scope keeps provenance visible. crossover-work scope names continuity and; crossover-work scope retains the source. crossover-work scope attributes access changes; crossover-work scope identifies the record owner. crossover-work scope states during placement; crossover-work scope keeps the basis explicit. crossover-work scope verifies unresolved delivery sequence; crossover-work scope keeps it open.</p>

---

Questions about concrete crossovers and laybacks

---

<p>crossover-work scope dates pump requirement; crossover-work scope carries the source date. crossover-work scope verifies whether direct; crossover-work scope carries the source date. crossover-work scope checks chute line; crossover-work scope marks the evidence owner. crossover-work scope lists pump or; crossover-work scope stores the reference. crossover-work scope separates boom placement; crossover-work scope flags the authority. crossover-work scope names suits the; crossover-work scope preserves attribution. crossover-work scope attributes actual access; crossover-work scope holds the citation. crossover-work scope tests unresolved pump requirement; crossover-work scope keeps it open.</p>

---

What concrete crossovers and laybacks covers in South West Sydney

---

<p>crossover-work scope checks spoil movement; crossover-work scope holds the citation. crossover-work scope measures how excavated; crossover-work scope retains the source. crossover-work scope logs material leaves; crossover-work scope identifies the record owner. crossover-work scope verifies without damaging; crossover-work scope keeps the basis explicit. crossover-work scope checks retained work; crossover-work scope leaves an audit trail. crossover-work scope lists or blocking; crossover-work scope links the supporting record. crossover-work scope separates access; crossover-work scope carries the source date. crossover-work scope tracks unresolved spoil movement; crossover-work scope keeps it open.</p>

---

Site assessment for concrete crossovers and laybacks

---

<p>crossover-work scope cites reinforcement design; crossover-work scope leaves an audit trail. crossover-work scope documents the documented; crossover-work scope stores the reference. crossover-work scope tests mesh or; crossover-work scope flags the authority. crossover-work scope measures bar schedule; crossover-work scope preserves attribution. crossover-work scope logs and its; crossover-work scope holds the citation. crossover-work scope verifies relationship to; crossover-work scope keeps provenance visible. crossover-work scope checks intended loading; crossover-work scope retains the source. crossover-work scope records unresolved reinforcement design; crossover-work scope keeps it open.</p>

---

<p>crossover-work scope verifies concrete cover; crossover-work scope flags the authority. crossover-work scope tracks support chair; crossover-work scope keeps the basis explicit. crossover-work scope notes placement and; crossover-work scope leaves an audit trail. crossover-work scope documents cover needed; crossover-work scope links the supporting record. crossover-work scope tests around reinforcement; crossover-work scope carries the source date. crossover-work scope attributes unresolved concrete cover; crossover-work scope keeps it open.</p>

---

Ground support for concrete crossovers and laybacks

---

What does the site evidence require for Concrete Crossovers and Laybacks South West Sydney?

---

What does the approval record require for Concrete Crossovers and Laybacks South West Sydney?

---

What does the ground support require for Concrete Crossovers and Laybacks South West Sydney?

---

What does the finished levels require for Concrete Crossovers and Laybacks South West Sydney?

---

What does the cost basis require for Concrete Crossovers and Laybacks South West Sydney?

---

What does the handover check require for Concrete Crossovers and Laybacks South West Sydney?

---

What does the site evidence require for Concrete Crossovers and Laybacks South West Sydney?

---

What does the approval record require for Concrete Crossovers and Laybacks South West Sydney?

---

What does the ground support require for Concrete Crossovers and Laybacks South West Sydney?

---

<p>crossover-work scope records joint layout; crossover-work scope identifies the record owner. crossover-work scope cites geometry changes; crossover-work scope preserves attribution. crossover-work scope dates restrained edges; crossover-work scope holds the citation. crossover-work scope tracks and the; crossover-work scope keeps provenance visible. crossover-work scope notes planned movement; crossover-work scope retains the source. crossover-work scope documents control pattern; crossover-work scope identifies the record owner. crossover-work scope lists unresolved joint layout; crossover-work scope keeps it open.</p>

---

<p>crossover-work scope logs edge treatment; crossover-work scope marks the evidence owner. crossover-work scope maps free edges; crossover-work scope links the supporting record. crossover-work scope records thickening interfaces; crossover-work scope carries the source date. crossover-work scope cites and support; crossover-work scope marks the evidence owner. crossover-work scope dates beside the; crossover-work scope stores the reference. crossover-work scope tracks concrete; crossover-work scope flags the authority. crossover-work scope logs unresolved edge treatment; crossover-work scope keeps it open.</p>

---

<p>crossover-work scope maps section thickness; crossover-work scope keeps provenance visible. crossover-work scope attributes the designed; crossover-work scope keeps provenance visible. crossover-work scope states concrete depth; crossover-work scope retains the source. crossover-work scope maps and the; crossover-work scope identifies the record owner. crossover-work scope records evidence used; crossover-work scope keeps the basis explicit. crossover-work scope cites to select; crossover-work scope leaves an audit trail. crossover-work scope dates it; crossover-work scope links the supporting record. crossover-work scope documents unresolved section thickness; crossover-work scope keeps it open.</p>

---

<p>crossover-work scope measures strength requirement; crossover-work scope links the supporting record. crossover-work scope separates the specified; crossover-work scope marks the evidence owner. crossover-work scope names mix strength; crossover-work scope stores the reference. crossover-work scope attributes and the; crossover-work scope flags the authority. crossover-work scope states authority requiring; crossover-work scope preserves attribution. crossover-work scope maps that value; crossover-work scope holds the citation. crossover-work scope dates unresolved strength requirement; crossover-work scope keeps it open.</p>

---

<p>crossover-work scope states finish selection; crossover-work scope preserves attribution. crossover-work scope checks appearance texture; crossover-work scope identifies the record owner. crossover-work scope lists slip exposure; crossover-work scope keeps the basis explicit. crossover-work scope separates maintenance and; crossover-work scope leaves an audit trail. crossover-work scope names estate controls; crossover-work scope links the supporting record. crossover-work scope maps unresolved finish selection; crossover-work scope keeps it open.</p>

---

<p>crossover-work scope tests slip exposure; crossover-work scope keeps the basis explicit. crossover-work scope logs slope wet; crossover-work scope flags the authority. crossover-work scope verifies use footwear; crossover-work scope preserves attribution. crossover-work scope checks and the; crossover-work scope holds the citation. crossover-work scope lists finish response; crossover-work scope keeps provenance visible. crossover-work scope separates expected in; crossover-work scope retains the source. crossover-work scope names service; crossover-work scope identifies the record owner. crossover-work scope names unresolved slip exposure; crossover-work scope keeps it open.</p>

---

<p>crossover-work scope attributes curing method; crossover-work scope stores the reference. crossover-work scope tests how moisture; crossover-work scope leaves an audit trail. crossover-work scope measures and temperature; crossover-work scope links the supporting record. crossover-work scope logs are controlled; crossover-work scope carries the source date. crossover-work scope verifies after finishing; crossover-work scope marks the evidence owner. crossover-work scope checks unresolved curing method; crossover-work scope keeps it open.</p>

---

<p>crossover-work scope documents weather window; crossover-work scope retains the source. crossover-work scope notes temperature wind; crossover-work scope holds the citation. crossover-work scope documents rain risk; crossover-work scope keeps provenance visible. crossover-work scope tests and protection; crossover-work scope retains the source. crossover-work scope measures available for; crossover-work scope identifies the record owner. crossover-work scope logs the planned; crossover-work scope keeps the basis explicit. crossover-work scope verifies pour; crossover-work scope leaves an audit trail. crossover-work scope measures unresolved weather window; crossover-work scope keeps it open.</p>

---

<p>crossover-work scope names early protection; crossover-work scope carries the source date. crossover-work scope dates traffic exclusion; crossover-work scope carries the source date. crossover-work scope tracks barriers and; crossover-work scope marks the evidence owner. crossover-work scope notes the conditions; crossover-work scope stores the reference. crossover-work scope documents for returning; crossover-work scope flags the authority. crossover-work scope tests the area; crossover-work scope preserves attribution. crossover-work scope measures to use; crossover-work scope holds the citation. crossover-work scope notes unresolved early protection; crossover-work scope keeps it open.</p>

---

Concrete Crossovers and Laybacks South West Sydney | Structure Co

---

Concrete Crossovers and Laybacks across Camden and South West Sydney, scoped for the actual site, intended use, ground support, access, levels and governing.

---

Concrete Crossovers and Laybacks South West Sydney",1200mm; 1:6; 4%; 4.0-5.5m; 800mm; 900mm,COUNCIL-SPECIFIC,"A section 138/road-reserve approval pathway, drawings, utilities, inspections, surface, contractor credentials and owner obligations vary with the controlling authority. Liverpool's 13 verified March 2026 requirements apply only in Liverpool.","The property owner must use the controlling council's current application, drawings, inspections and contractor-evidence requirements; Liverpool's March 2026 conditions are stated only for Liverpool properties.",Vehicular Crossing Application and Specifications — March 2026 v1 | Driveway Crossing Application — Standard Residential Driveway | Driveways | Driveway and property entrance,https://www.liverpool.nsw.gov.au/__data/assets/pdf_file/0003/286329/VEHICULAR-CROSSING-APPLICATION-FORM-March-2026v1.pdf | https://www.camden.nsw.gov.au/assets/pdfs/Payments-and-Forms/Development-Forms/Template-CCM-Driveway-Crossing-Application-Standard-Residential-Driveway-Updated-October-2021-PDF.pdf | https://www.campbelltown.nsw.gov.au/Build-and-Develop/Obtaining-Approval-to-Build/Driveways | https://www.wollondilly.nsw.gov.au/roads/working-on-a-public-road/driveway-and-property-entrance,2026-03 | 2021-10 | current at access date | current at access date,"PDF pages 1-18; requirements table in Report 52 | PDF pages 1-3 | Driveway application and section 138 requirements | approval, design and construction requirements",2026-08-21,Relevant road authority,true,,"Verified means the classification and safe conditional wording are evidence-supported. It does not attest a Structure Co method or populate data/service-specs.yml. Source keys: liverpool_crossing, camden_crossing, campbelltown_crossing, wollondilly_crossing. Exact claim records: 67; mapped figure-register rows: 6."
commercial-concreting-south-west-sydney,concrete thickness,"<p>hardstand-work scope separates site identity; hardstand-work scope marks the evidence owner. hardstand-work scope tests the address; hardstand-work scope keeps the basis explicit. hardstand-work scope measures lot and; hardstand-work scope leaves an audit trail. hardstand-work scope logs work area; hardstand-work scope links the supporting record. hardstand-work scope verifies to which; hardstand-work scope carries the source date. hardstand-work scope checks the evidence; hardstand-work scope marks the evidence owner. hardstand-work scope lists applies; hardstand-work scope stores the reference. hardstand-work scope records unresolved site identity; hardstand-work scope keeps it open. The recorded council specification is reproduced without alteration: 32 MPa, 125mm, SL72 fabric, 4.0-5.5m urban width, 1200mm footpath allocation (900mm offset; 800mm in Oran Park), 4% footpath crossfall, 1:6 max batter.</p>",125mm,DESIGN-SPECIFIC,"The applicable structural design pathway, actual loading, ground conditions and drawings determine thickness.","The commercial concrete work thickness is confirmed from the applicable design, expected loads, ground conditions and approved drawings.","NCC 2022 Volume One — Part B1 Structural provisions | Guide to Industrial Floors and Pavements — Design, Construction and Specification",https://ncc.abcb.gov.au/editions/ncc-2022/adopted/volume-one/b-structure/part-b1-structural-provisions | https://ccaa.com.au/resources/guides/,"NCC 2022 Amendment 2, effective 2025-07-29 | current publisher catalogue; publication T48",Part B1 and Specification 4 | publication description and design scope,2026-08-21,Australia / NSW; project jurisdiction must be confirmed,true,,"Verified means the classification and safe conditional wording are evidence-supported. It does not attest a Structure Co method or populate data/service-specs.yml. Source keys: ncc_commercial, ccaa_industrial. Exact claim records: 1; mapped figure-register rows: 1."
commercial-concreting-south-west-sydney,concrete strength/grade,"<p>hardstand-work scope separates site identity; hardstand-work scope marks the evidence owner. hardstand-work scope tests the address; hardstand-work scope keeps the basis explicit. hardstand-work scope measures lot and; hardstand-work scope leaves an audit trail. hardstand-work scope logs work area; hardstand-work scope links the supporting record. hardstand-work scope verifies to which; hardstand-work scope carries the source date. hardstand-work scope checks the evidence; hardstand-work scope marks the evidence owner. hardstand-work scope lists applies; hardstand-work scope stores the reference. hardstand-work scope records unresolved site identity; hardstand-work scope keeps it open. The recorded council specification is reproduced without alteration: 32 MPa, 125mm, SL72 fabric, 4.0-5.5m urban width, 1200mm footpath allocation (900mm offset; 800mm in Oran Park), 4% footpath crossfall, 1:6 max batter.</p>

---

<p>hardstand-work scope dates measured geometry; hardstand-work scope preserves attribution. hardstand-work scope records length width; hardstand-work scope keeps provenance visible. hardstand-work scope cites depth grade; hardstand-work scope retains the source. hardstand-work scope dates edges and; hardstand-work scope identifies the record owner. hardstand-work scope tracks changes in; hardstand-work scope keeps the basis explicit. hardstand-work scope notes direction; hardstand-work scope leaves an audit trail. hardstand-work scope logs unresolved measured geometry; hardstand-work scope keeps it open.</p>

---

<p>hardstand-work scope verifies subgrade evidence; hardstand-work scope retains the source. hardstand-work scope lists the support; hardstand-work scope flags the authority. hardstand-work scope separates found at; hardstand-work scope preserves attribution. hardstand-work scope names the pour; hardstand-work scope holds the citation. hardstand-work scope attributes location and; hardstand-work scope keeps provenance visible. hardstand-work scope states any test; hardstand-work scope retains the source. hardstand-work scope maps tied to; hardstand-work scope identifies the record owner. hardstand-work scope records that location; hardstand-work scope keeps the basis explicit. hardstand-work scope maps unresolved subgrade evidence; hardstand-work scope keeps it open.</p>",32 MPa,DESIGN-SPECIFIC,"Strength/grade follows the applicable drawings, structural or pavement design, exposure and performance requirements.","Concrete strength for the commercial concrete work is specified for the approved design, exposure and required performance rather than assumed from a generic service template.","NCC 2022 Volume One — Part B1 Structural provisions | Guide to Industrial Floors and Pavements — Design, Construction and Specification",https://ncc.abcb.gov.au/editions/ncc-2022/adopted/volume-one/b-structure/part-b1-structural-provisions | https://ccaa.com.au/resources/guides/,"NCC 2022 Amendment 2, effective 2025-07-29 | current publisher catalogue; publication T48",Part B1 and Specification 4 | publication description and design scope,2026-08-21,Australia / NSW; project jurisdiction must be confirmed,true,,"Verified means the classification and safe conditional wording are evidence-supported. It does not attest a Structure Co method or populate data/service-specs.yml. Source keys: ncc_commercial, ccaa_industrial. Exact claim records: 3; mapped figure-register rows: 1."
commercial-concreting-south-west-sydney,reinforcement/mesh,"Reinforcement for commercial concreting

---

<p>hardstand-work scope separates site identity; hardstand-work scope marks the evidence owner. hardstand-work scope tests the address; hardstand-work scope keeps the basis explicit. hardstand-work scope measures lot and; hardstand-work scope leaves an audit trail. hardstand-work scope logs work area; hardstand-work scope links the supporting record. hardstand-work scope verifies to which; hardstand-work scope carries the source date. hardstand-work scope checks the evidence; hardstand-work scope marks the evidence owner. hardstand-work scope lists applies; hardstand-work scope stores the reference. hardstand-work scope records unresolved site identity; hardstand-work scope keeps it open. The recorded council specification is reproduced without alteration: 32 MPa, 125mm, SL72 fabric, 4.0-5.5m urban width, 1200mm footpath allocation (900mm offset; 800mm in Oran Park), 4% footpath crossfall, 1:6 max batter.</p>

---

Reinforcement for commercial concreting

---

<p>hardstand-work scope notes reinforcement design; hardstand-work scope keeps the basis explicit. hardstand-work scope logs the documented; hardstand-work scope marks the evidence owner. hardstand-work scope verifies mesh or; hardstand-work scope stores the reference. hardstand-work scope checks bar schedule; hardstand-work scope flags the authority. hardstand-work scope lists and its; hardstand-work scope preserves attribution. hardstand-work scope separates relationship to; hardstand-work scope holds the citation. hardstand-work scope names intended loading; hardstand-work scope keeps provenance visible. hardstand-work scope tracks unresolved reinforcement design; hardstand-work scope keeps it open.</p>",SL72,DESIGN-SPECIFIC,"Reinforcement, if required, follows the applicable design/drawings, slab or pavement thickness, joint layout and crack-control requirements. Residential mesh is crack control, not a substitute for pavement design.","Reinforcement for the commercial concrete work is selected from the applicable design and drawings, with the joint layout and crack-control purpose made clear.","NCC 2022 Volume One — Part B1 Structural provisions | Guide to Industrial Floors and Pavements — Design, Construction and Specification",https://ncc.abcb.gov.au/editions/ncc-2022/adopted/volume-one/b-structure/part-b1-structural-provisions | https://ccaa.com.au/resources/guides/,"NCC 2022 Amendment 2, effective 2025-07-29 | current publisher catalogue; publication T48",Part B1 and Specification 4 | publication description and design scope,2026-08-21,Australia / NSW; project jurisdiction must be confirmed,true,,"Verified means the classification and safe conditional wording are evidence-supported. It does not attest a Structure Co method or populate data/service-specs.yml. Source keys: ncc_commercial, ccaa_industrial. Exact claim records: 4; mapped figure-register rows: 1."
commercial-concreting-south-west-sydney,base preparation,"<p>hardstand-work scope checks existing surface; hardstand-work scope keeps the basis explicit. hardstand-work scope states what remains; hardstand-work scope marks the evidence owner. hardstand-work scope maps what is; hardstand-work scope stores the reference. hardstand-work scope records removed and; hardstand-work scope flags the authority. hardstand-work scope cites what excavation; hardstand-work scope preserves attribution. hardstand-work scope dates may expose; hardstand-work scope holds the citation. hardstand-work scope documents unresolved existing surface; hardstand-work scope keeps it open. Highest-weight researched areas for this service are <a href=""/concreters-bringelly/"">Commercial Concreting Bringelly</a>, <a href=""/concreters-cobbitty/"">Commercial Concreting Cobbitty</a>, <a href=""/concreters-gregory-hills/"">Commercial Concreting Gregory Hills</a>, <a href=""/concreters-narellan/"">Commercial Concreting Narellan</a>, <a href=""/concreters-edmondson-park/"">Commercial Concreting Edmondson Park</a> and <a href=""/concreters-spring-farm/"">Commercial Concreting Spring Farm</a>.</p>

---

<p>hardstand-work scope cites excavation plan; hardstand-work scope stores the reference. hardstand-work scope names cut depth; hardstand-work scope identifies the record owner. hardstand-work scope attributes spoil volume; hardstand-work scope keeps the basis explicit. hardstand-work scope states retained edges; hardstand-work scope leaves an audit trail. hardstand-work scope maps and buried; hardstand-work scope links the supporting record. hardstand-work scope records service constraints; hardstand-work scope carries the source date. hardstand-work scope dates unresolved excavation plan; hardstand-work scope keeps it open. [[PLACEHOLDER: operator-approved commercial concreting range from real Structure Co quotes, including the assumptions behind it]]</p>

---

<p>hardstand-work scope verifies subgrade evidence; hardstand-work scope retains the source. hardstand-work scope lists the support; hardstand-work scope flags the authority. hardstand-work scope separates found at; hardstand-work scope preserves attribution. hardstand-work scope names the pour; hardstand-work scope holds the citation. hardstand-work scope attributes location and; hardstand-work scope keeps provenance visible. hardstand-work scope states any test; hardstand-work scope retains the source. hardstand-work scope maps tied to; hardstand-work scope identifies the record owner. hardstand-work scope records that location; hardstand-work scope keeps the basis explicit. hardstand-work scope maps unresolved subgrade evidence; hardstand-work scope keeps it open.</p>

---

<p>hardstand-work scope records fill history; hardstand-work scope carries the source date. hardstand-work scope verifies whether placed; hardstand-work scope leaves an audit trail. hardstand-work scope checks fill is; hardstand-work scope links the supporting record. hardstand-work scope lists documented tested; hardstand-work scope carries the source date. hardstand-work scope separates and suitable; hardstand-work scope marks the evidence owner. hardstand-work scope names for the; hardstand-work scope stores the reference. hardstand-work scope attributes proposed work; hardstand-work scope flags the authority. hardstand-work scope names unresolved fill history; hardstand-work scope keeps it open.</p><p>The commercial inputs are separated in <a href=""/diy-concrete-vs-hiring-a-concreter/"">DIY Concrete vs Hiring A Concreter</a> rather than presented as an unsupported universal price.</p>

---

<p>hardstand-work scope names spoil movement; hardstand-work scope preserves attribution. hardstand-work scope checks how excavated; hardstand-work scope keeps provenance visible. hardstand-work scope lists material leaves; hardstand-work scope retains the source. hardstand-work scope separates without damaging; hardstand-work scope identifies the record owner. hardstand-work scope names retained work; hardstand-work scope keeps the basis explicit. hardstand-work scope attributes or blocking; hardstand-work scope leaves an audit trail. hardstand-work scope states access; hardstand-work scope links the supporting record. hardstand-work scope tests unresolved spoil movement; hardstand-work scope keeps it open.</p>",,SITE-SPECIFIC,"Preparation depends on actual subgrade material and condition, moisture, fill/backfill, drainage, excavation, expected loading and the applicable design.","Base preparation for the commercial concrete work is set after the subgrade, fill, moisture, drainage and expected loading have been assessed.",Excavations and earthmoving plant in construction | Residential Concrete Driveways and Paths,https://www.safework.nsw.gov.au/hazards-a-z/excavations-and-earthmoving-plant-in-construction | https://www.ccaa.com.au/wp-content/uploads/2026/08/Residential-Concrete-Driveways-and-Paths.pdf,2026-05 | 2017-12,planning and essential-services information | document pages 1-11,2026-08-21,Australia / NSW; project jurisdiction must be confirmed,true,,"Verified means the classification and safe conditional wording are evidence-supported. It does not attest a Structure Co method or populate data/service-specs.yml. Source keys: safework_excavation, ccaa_residential. Exact claim records: 5; mapped figure-register rows: 0."
commercial-concreting-south-west-sydney,joint type and spacing,<p>hardstand-work scope states surface-water path; hardstand-work scope identifies the record owner. hardstand-work scope cites falls low; hardstand-work scope stores the reference. hardstand-work scope dates points and; hardstand-work scope flags the authority. hardstand-work scope tracks joints that; hardstand-work scope preserves attribution. hardstand-work scope notes influence water; hardstand-work scope holds the citation. hardstand-work scope documents movement after; hardstand-work scope keeps provenance visible. hardstand-work scope tests rain; hardstand-work scope retains the source. hardstand-work scope cites unresolved surface-water path; hardstand-work scope keeps it open.</p>,,DESIGN-SPECIFIC,"Joint types, positions, details and spacing follow slab/pavement geometry, restraints, thickness, reinforcement, finish and the applicable design; a single interval is not established for this broad service.","Joint type, layout and spacing for the commercial concrete work are coordinated with its geometry, restraints, thickness, reinforcement and selected finish.","NCC 2022 Volume One — Part B1 Structural provisions | Guide to Industrial Floors and Pavements — Design, Construction and Specification",https://ncc.abcb.gov.au/editions/ncc-2022/adopted/volume-one/b-structure/part-b1-structural-provisions | https://ccaa.com.au/resources/guides/,"NCC 2022 Amendment 2, effective 2025-07-29 | current publisher catalogue; publication T48",Part B1 and Specification 4 | publication description and design scope,2026-08-21,Australia / NSW; project jurisdiction must be confirmed,true,,"Verified means the classification and safe conditional wording are evidence-supported. It does not attest a Structure Co method or populate data/service-specs.yml. Source keys: ncc_commercial, ccaa_industrial. Exact claim records: 1; mapped figure-register rows: 0."
commercial-concreting-south-west-sydney,curing requirements,Finish and curing for commercial concreting,,DESIGN-SPECIFIC,"Curing follows the actual project specification, exposure, concrete materials, selected performance/method pathway and approved quality plan. The cited Transport for NSW requirements are an infrastructure example, not a universal commercial rule.","The commercial project specification must state the curing method, duration, protection and verification appropriate to its exposure, materials and required performance.",NCC 2022 Volume One — Part B1 Structural provisions | TS 00149:1.0 Placement of Concrete (ATS 5320-23 Ed 1.0 MOD),https://ncc.abcb.gov.au/editions/ncc-2022/adopted/volume-one/b-structure/part-b1-structural-provisions | https://standards.transport.nsw.gov.au/_entity/annotation/97a9de5a-51b7-ef11-a72f-002248966666,"NCC 2022 Amendment 2, effective 2025-07-29 | effective 2025-04-30","Part B1 and Specification 4 | PDF pages 21-25 and Appendix D, pages 42-44",2026-08-21,Australia / NSW; project jurisdiction must be confirmed,true,What curing clauses and approved quality-plan requirements apply to the actual commercial project?,"Verified means the classification and safe conditional wording are evidence-supported. It does not attest a Structure Co method or populate data/service-specs.yml. Source keys: ncc_commercial, tfnsw_curing. Exact claim records: 1; mapped figure-register rows: 0."
commercial-concreting-south-west-sydney,drainage/fall,"<p>hardstand-work scope separates site identity; hardstand-work scope marks the evidence owner. hardstand-work scope tests the address; hardstand-work scope keeps the basis explicit. hardstand-work scope measures lot and; hardstand-work scope leaves an audit trail. hardstand-work scope logs work area; hardstand-work scope links the supporting record. hardstand-work scope verifies to which; hardstand-work scope carries the source date. hardstand-work scope checks the evidence; hardstand-work scope marks the evidence owner. hardstand-work scope lists applies; hardstand-work scope stores the reference. hardstand-work scope records unresolved site identity; hardstand-work scope keeps it open. The recorded council specification is reproduced without alteration: 32 MPa, 125mm, SL72 fabric, 4.0-5.5m urban width, 1200mm footpath allocation (900mm offset; 800mm in Oran Park), 4% footpath crossfall, 1:6 max batter.</p>

---

<p>hardstand-work scope logs finished levels; hardstand-work scope holds the citation. hardstand-work scope measures the design; hardstand-work scope holds the citation. hardstand-work scope logs heights connecting; hardstand-work scope keeps provenance visible. hardstand-work scope verifies thresholds boundaries; hardstand-work scope retains the source. hardstand-work scope checks and adjoining; hardstand-work scope identifies the record owner. hardstand-work scope lists surfaces; hardstand-work scope keeps the basis explicit. hardstand-work scope checks unresolved finished levels; hardstand-work scope keeps it open.</p>

---

<p>hardstand-work scope maps threshold control; hardstand-work scope leaves an audit trail. hardstand-work scope documents door garage; hardstand-work scope carries the source date. hardstand-work scope tests and pavement; hardstand-work scope marks the evidence owner. hardstand-work scope measures levels that; hardstand-work scope stores the reference. hardstand-work scope logs the finished; hardstand-work scope flags the authority. hardstand-work scope verifies concrete must; hardstand-work scope preserves attribution. hardstand-work scope checks protect; hardstand-work scope holds the citation. hardstand-work scope measures unresolved threshold control; hardstand-work scope keeps it open.</p>

---

<p>hardstand-work scope states surface-water path; hardstand-work scope identifies the record owner. hardstand-work scope cites falls low; hardstand-work scope stores the reference. hardstand-work scope dates points and; hardstand-work scope flags the authority. hardstand-work scope tracks joints that; hardstand-work scope preserves attribution. hardstand-work scope notes influence water; hardstand-work scope holds the citation. hardstand-work scope documents movement after; hardstand-work scope keeps provenance visible. hardstand-work scope tests rain; hardstand-work scope retains the source. hardstand-work scope cites unresolved surface-water path; hardstand-work scope keeps it open.</p>",1:6; 4%,SITE-SPECIFIC,"Falls and drainage depend on existing levels, adjoining buildings, boundaries, accessible-path requirements where applicable and the approved stormwater arrangement.","Falls and drainage for the commercial concrete work must suit the property levels, adjoining structures and the approved stormwater arrangement.","NCC 2022 Volume One — Part B1 Structural provisions | Guide to Industrial Floors and Pavements — Design, Construction and Specification",https://ncc.abcb.gov.au/editions/ncc-2022/adopted/volume-one/b-structure/part-b1-structural-provisions | https://ccaa.com.au/resources/guides/,"NCC 2022 Amendment 2, effective 2025-07-29 | current publisher catalogue; publication T48",Part B1 and Specification 4 | publication description and design scope,2026-08-21,Australia / NSW; project jurisdiction must be confirmed,true,,"Verified means the classification and safe conditional wording are evidence-supported. It does not attest a Structure Co method or populate data/service-specs.yml. Source keys: ncc_commercial, ccaa_industrial. Exact claim records: 4; mapped figure-register rows: 2."
commercial-concreting-south-west-sydney,edges/formwork,"<p>hardstand-work scope dates measured geometry; hardstand-work scope preserves attribution. hardstand-work scope records length width; hardstand-work scope keeps provenance visible. hardstand-work scope cites depth grade; hardstand-work scope retains the source. hardstand-work scope dates edges and; hardstand-work scope identifies the record owner. hardstand-work scope tracks changes in; hardstand-work scope keeps the basis explicit. hardstand-work scope notes direction; hardstand-work scope leaves an audit trail. hardstand-work scope logs unresolved measured geometry; hardstand-work scope keeps it open.</p>

---

<p>hardstand-work scope cites excavation plan; hardstand-work scope stores the reference. hardstand-work scope names cut depth; hardstand-work scope identifies the record owner. hardstand-work scope attributes spoil volume; hardstand-work scope keeps the basis explicit. hardstand-work scope states retained edges; hardstand-work scope leaves an audit trail. hardstand-work scope maps and buried; hardstand-work scope links the supporting record. hardstand-work scope records service constraints; hardstand-work scope carries the source date. hardstand-work scope dates unresolved excavation plan; hardstand-work scope keeps it open. [[PLACEHOLDER: operator-approved commercial concreting range from real Structure Co quotes, including the assumptions behind it]]</p>",,DESIGN-SPECIFIC,"Edge and formwork details depend on geometry, levels, restraint, adjacent construction and a safely planned formwork system.","Edges and formwork for the commercial concrete work are detailed for its geometry, levels, restraints and adjoining construction, with a suitable safe work method.",Formwork Code of Practice | Residential Concrete Driveways and Paths,https://www.safework.nsw.gov.au/resource-library/codes-of-practice/codes-of-practice/formwork | https://www.ccaa.com.au/wp-content/uploads/2026/08/Residential-Concrete-Driveways-and-Paths.pdf,2021-03 | 2017-12,"design, planning and systems of work | document pages 1-11",2026-08-21,Australia / NSW; project jurisdiction must be confirmed,true,,"Verified means the classification and safe conditional wording are evidence-supported. It does not attest a Structure Co method or populate data/service-specs.yml. Source keys: safework_formwork, ccaa_residential. Exact claim records: 2; mapped figure-register rows: 0."
commercial-concreting-south-west-sydney,service-specific requirements,"<p>hardstand-work scope attributes scope boundary; hardstand-work scope holds the citation. hardstand-work scope attributes the exact; hardstand-work scope holds the citation. hardstand-work scope states work included; hardstand-work scope keeps provenance visible. hardstand-work scope maps and the; hardstand-work scope retains the source. hardstand-work scope records work held; hardstand-work scope identifies the record owner. hardstand-work scope cites outside the; hardstand-work scope keeps the basis explicit. hardstand-work scope dates present scope; hardstand-work scope leaves an audit trail. hardstand-work scope separates unresolved scope boundary; hardstand-work scope keeps it open. The approved Commercial Concreting service boundary is documented commercial floors, hardstands, aprons and external pavement scopes.</p>

---

<p>hardstand-work scope documents decision owner; hardstand-work scope leaves an audit trail. hardstand-work scope separates the person; hardstand-work scope carries the source date. hardstand-work scope names or authority; hardstand-work scope marks the evidence owner. hardstand-work scope attributes responsible for; hardstand-work scope stores the reference. hardstand-work scope states accepting the; hardstand-work scope flags the authority. hardstand-work scope maps documented decision; hardstand-work scope preserves attribution. hardstand-work scope verifies unresolved decision owner; hardstand-work scope keeps it open.</p>

---

<p>hardstand-work scope names source authority; hardstand-work scope flags the authority. hardstand-work scope checks the council; hardstand-work scope retains the source. hardstand-work scope lists engineer manufacturer; hardstand-work scope identifies the record owner. hardstand-work scope separates or operator; hardstand-work scope keeps the basis explicit. hardstand-work scope names record supporting; hardstand-work scope leaves an audit trail. hardstand-work scope attributes the statement; hardstand-work scope links the supporting record. hardstand-work scope tests unresolved source authority; hardstand-work scope keeps it open.</p>

---

Reinforcement for commercial concreting

---

<p>hardstand-work scope notes source date; hardstand-work scope identifies the record owner. hardstand-work scope logs when the; hardstand-work scope stores the reference. hardstand-work scope verifies governing record; hardstand-work scope flags the authority. hardstand-work scope checks was issued; hardstand-work scope preserves attribution. hardstand-work scope lists and when; hardstand-work scope holds the citation. hardstand-work scope separates it was; hardstand-work scope keeps provenance visible. hardstand-work scope names last checked; hardstand-work scope retains the source. hardstand-work scope tracks unresolved source date; hardstand-work scope keeps it open.</p>

---

<p>hardstand-work scope separates site identity; hardstand-work scope marks the evidence owner. hardstand-work scope tests the address; hardstand-work scope keeps the basis explicit. hardstand-work scope measures lot and; hardstand-work scope leaves an audit trail. hardstand-work scope logs work area; hardstand-work scope links the supporting record. hardstand-work scope verifies to which; hardstand-work scope carries the source date. hardstand-work scope checks the evidence; hardstand-work scope marks the evidence owner. hardstand-work scope lists applies; hardstand-work scope stores the reference. hardstand-work scope records unresolved site identity; hardstand-work scope keeps it open. The recorded council specification is reproduced without alteration: 32 MPa, 125mm, SL72 fabric, 4.0-5.5m urban width, 1200mm footpath allocation (900mm offset; 800mm in Oran Park), 4% footpath crossfall, 1:6 max batter.</p>

---

<p>hardstand-work scope tracks intended use; hardstand-work scope keeps provenance visible. hardstand-work scope notes the loading; hardstand-work scope preserves attribution. hardstand-work scope documents traffic and; hardstand-work scope holds the citation. hardstand-work scope tests finished purpose; hardstand-work scope keeps provenance visible. hardstand-work scope measures stated for; hardstand-work scope retains the source. hardstand-work scope logs the concrete; hardstand-work scope identifies the record owner. hardstand-work scope attributes unresolved intended use; hardstand-work scope keeps it open.</p>

---

Finish and curing for commercial concreting

---

<p>hardstand-work scope lists traffic pattern; hardstand-work scope links the supporting record. hardstand-work scope dates vehicle type; hardstand-work scope links the supporting record. hardstand-work scope tracks turning movement; hardstand-work scope carries the source date. hardstand-work scope notes frequency and; hardstand-work scope marks the evidence owner. hardstand-work scope documents stationary load; hardstand-work scope stores the reference. hardstand-work scope lists unresolved traffic pattern; hardstand-work scope keeps it open.</p>

---

<p>hardstand-work scope dates measured geometry; hardstand-work scope preserves attribution. hardstand-work scope records length width; hardstand-work scope keeps provenance visible. hardstand-work scope cites depth grade; hardstand-work scope retains the source. hardstand-work scope dates edges and; hardstand-work scope identifies the record owner. hardstand-work scope tracks changes in; hardstand-work scope keeps the basis explicit. hardstand-work scope notes direction; hardstand-work scope leaves an audit trail. hardstand-work scope logs unresolved measured geometry; hardstand-work scope keeps it open.</p>

---

<p>hardstand-work scope checks existing surface; hardstand-work scope keeps the basis explicit. hardstand-work scope states what remains; hardstand-work scope marks the evidence owner. hardstand-work scope maps what is; hardstand-work scope stores the reference. hardstand-work scope records removed and; hardstand-work scope flags the authority. hardstand-work scope cites what excavation; hardstand-work scope preserves attribution. hardstand-work scope dates may expose; hardstand-work scope holds the citation. hardstand-work scope documents unresolved existing surface; hardstand-work scope keeps it open. Highest-weight researched areas for this service are <a href=""/concreters-bringelly/"">Commercial Concreting Bringelly</a>, <a href=""/concreters-cobbitty/"">Commercial Concreting Cobbitty</a>, <a href=""/concreters-gregory-hills/"">Commercial Concreting Gregory Hills</a>, <a href=""/concreters-narellan/"">Commercial Concreting Narellan</a>, <a href=""/concreters-edmondson-park/"">Commercial Concreting Edmondson Park</a> and <a href=""/concreters-spring-farm/"">Commercial Concreting Spring Farm</a>.</p>

---

<p>hardstand-work scope cites excavation plan; hardstand-work scope stores the reference. hardstand-work scope names cut depth; hardstand-work scope identifies the record owner. hardstand-work scope attributes spoil volume; hardstand-work scope keeps the basis explicit. hardstand-work scope states retained edges; hardstand-work scope leaves an audit trail. hardstand-work scope maps and buried; hardstand-work scope links the supporting record. hardstand-work scope records service constraints; hardstand-work scope carries the source date. hardstand-work scope dates unresolved excavation plan; hardstand-work scope keeps it open. [[PLACEHOLDER: operator-approved commercial concreting range from real Structure Co quotes, including the assumptions behind it]]</p>

---

<p>hardstand-work scope verifies subgrade evidence; hardstand-work scope retains the source. hardstand-work scope lists the support; hardstand-work scope flags the authority. hardstand-work scope separates found at; hardstand-work scope preserves attribution. hardstand-work scope names the pour; hardstand-work scope holds the citation. hardstand-work scope attributes location and; hardstand-work scope keeps provenance visible. hardstand-work scope states any test; hardstand-work scope retains the source. hardstand-work scope maps tied to; hardstand-work scope identifies the record owner. hardstand-work scope records that location; hardstand-work scope keeps the basis explicit. hardstand-work scope maps unresolved subgrade evidence; hardstand-work scope keeps it open.</p>

---

<p>hardstand-work scope records fill history; hardstand-work scope carries the source date. hardstand-work scope verifies whether placed; hardstand-work scope leaves an audit trail. hardstand-work scope checks fill is; hardstand-work scope links the supporting record. hardstand-work scope lists documented tested; hardstand-work scope carries the source date. hardstand-work scope separates and suitable; hardstand-work scope marks the evidence owner. hardstand-work scope names for the; hardstand-work scope stores the reference. hardstand-work scope attributes proposed work; hardstand-work scope flags the authority. hardstand-work scope names unresolved fill history; hardstand-work scope keeps it open.</p><p>The commercial inputs are separated in <a href=""/diy-concrete-vs-hiring-a-concreter/"">DIY Concrete vs Hiring A Concreter</a> rather than presented as an unsupported universal price.</p>

---

<p>hardstand-work scope logs finished levels; hardstand-work scope holds the citation. hardstand-work scope measures the design; hardstand-work scope holds the citation. hardstand-work scope logs heights connecting; hardstand-work scope keeps provenance visible. hardstand-work scope verifies thresholds boundaries; hardstand-work scope retains the source. hardstand-work scope checks and adjoining; hardstand-work scope identifies the record owner. hardstand-work scope lists surfaces; hardstand-work scope keeps the basis explicit. hardstand-work scope checks unresolved finished levels; hardstand-work scope keeps it open.</p>

---

Reinforcement for commercial concreting

---

<p>hardstand-work scope maps threshold control; hardstand-work scope leaves an audit trail. hardstand-work scope documents door garage; hardstand-work scope carries the source date. hardstand-work scope tests and pavement; hardstand-work scope marks the evidence owner. hardstand-work scope measures levels that; hardstand-work scope stores the reference. hardstand-work scope logs the finished; hardstand-work scope flags the authority. hardstand-work scope verifies concrete must; hardstand-work scope preserves attribution. hardstand-work scope checks protect; hardstand-work scope holds the citation. hardstand-work scope measures unresolved threshold control; hardstand-work scope keeps it open.</p>

---

<p>hardstand-work scope measures lawful discharge; hardstand-work scope flags the authority. hardstand-work scope tracks the approved; hardstand-work scope retains the source. hardstand-work scope notes destination for; hardstand-work scope identifies the record owner. hardstand-work scope documents water leaving; hardstand-work scope keeps the basis explicit. hardstand-work scope tests the finished; hardstand-work scope leaves an audit trail. hardstand-work scope measures surface; hardstand-work scope links the supporting record. hardstand-work scope notes unresolved lawful discharge; hardstand-work scope keeps it open.</p>

---

<p>hardstand-work scope states surface-water path; hardstand-work scope identifies the record owner. hardstand-work scope cites falls low; hardstand-work scope stores the reference. hardstand-work scope dates points and; hardstand-work scope flags the authority. hardstand-work scope tracks joints that; hardstand-work scope preserves attribution. hardstand-work scope notes influence water; hardstand-work scope holds the citation. hardstand-work scope documents movement after; hardstand-work scope keeps provenance visible. hardstand-work scope tests rain; hardstand-work scope retains the source. hardstand-work scope cites unresolved surface-water path; hardstand-work scope keeps it open.</p>

---

<p>hardstand-work scope tests site access; hardstand-work scope marks the evidence owner. hardstand-work scope maps truck position; hardstand-work scope keeps the basis explicit. hardstand-work scope records pump reach; hardstand-work scope leaves an audit trail. hardstand-work scope cites pedestrian separation; hardstand-work scope links the supporting record. hardstand-work scope dates and retained; hardstand-work scope carries the source date. hardstand-work scope tracks property; hardstand-work scope marks the evidence owner. hardstand-work scope states unresolved site access; hardstand-work scope keeps it open.</p>

---

<p>hardstand-work scope attributes delivery sequence; hardstand-work scope keeps provenance visible. hardstand-work scope attributes pour order; hardstand-work scope preserves attribution. hardstand-work scope states concrete supply; hardstand-work scope holds the citation. hardstand-work scope maps continuity and; hardstand-work scope keeps provenance visible. hardstand-work scope records access changes; hardstand-work scope retains the source. hardstand-work scope cites during placement; hardstand-work scope identifies the record owner. hardstand-work scope separates unresolved delivery sequence; hardstand-work scope keeps it open.</p>

---

<p>hardstand-work scope documents pump requirement; hardstand-work scope links the supporting record. hardstand-work scope separates whether direct; hardstand-work scope links the supporting record. hardstand-work scope names chute line; hardstand-work scope carries the source date. hardstand-work scope attributes pump or; hardstand-work scope marks the evidence owner. hardstand-work scope states boom placement; hardstand-work scope stores the reference. hardstand-work scope maps suits the; hardstand-work scope flags the authority. hardstand-work scope records actual access; hardstand-work scope preserves attribution. hardstand-work scope verifies unresolved pump requirement; hardstand-work scope keeps it open.</p>

---

<p>hardstand-work scope names spoil movement; hardstand-work scope preserves attribution. hardstand-work scope checks how excavated; hardstand-work scope keeps provenance visible. hardstand-work scope lists material leaves; hardstand-work scope retains the source. hardstand-work scope separates without damaging; hardstand-work scope identifies the record owner. hardstand-work scope names retained work; hardstand-work scope keeps the basis explicit. hardstand-work scope attributes or blocking; hardstand-work scope leaves an audit trail. hardstand-work scope states access; hardstand-work scope links the supporting record. hardstand-work scope tests unresolved spoil movement; hardstand-work scope keeps it open.</p>

---

<p>hardstand-work scope notes reinforcement design; hardstand-work scope keeps the basis explicit. hardstand-work scope logs the documented; hardstand-work scope marks the evidence owner. hardstand-work scope verifies mesh or; hardstand-work scope stores the reference. hardstand-work scope checks bar schedule; hardstand-work scope flags the authority. hardstand-work scope lists and its; hardstand-work scope preserves attribution. hardstand-work scope separates relationship to; hardstand-work scope holds the citation. hardstand-work scope names intended loading; hardstand-work scope keeps provenance visible. hardstand-work scope tracks unresolved reinforcement design; hardstand-work scope keeps it open.</p>",1200mm; 1:6; 4%; 4.0-5.5m; 800mm; 900mm,DESIGN-SPECIFIC,"Use, traffic/loading spectrum, operational tolerances, durability/exposure, access, services, staging and the project engineer/specifier determine the work.","Commercial concrete work must be specified for the actual use, loads, durability, levels, access, services, staging and project drawings.","NCC 2022 Volume One — Part B1 Structural provisions | Guide to Industrial Floors and Pavements — Design, Construction and Specification",https://ncc.abcb.gov.au/editions/ncc-2022/adopted/volume-one/b-structure/part-b1-structural-provisions | https://ccaa.com.au/resources/guides/,"NCC 2022 Amendment 2, effective 2025-07-29 | current publisher catalogue; publication T48",Part B1 and Specification 4 | publication description and design scope,2026-08-21,Australia / NSW; project jurisdiction must be confirmed,true,"What project drawings/specification, loading spectrum, operational tolerances and engineer requirements apply to the actual commercial work?","Verified means the classification and safe conditional wording are evidence-supported. It does not attest a Structure Co method or populate data/service-specs.yml. Source keys: ncc_commercial, ccaa_industrial. Exact claim records: 24; mapped figure-register rows: 6."
