url,page_type,search_intent,primary_target_phrase,secondary_phrases,title,meta_description,h1,h2_h3_outline,canonical_url,breadcrumb_trail,schema_types,internal_link_targets,indexability,source_research_evidence
/concreters-oran-park/,suburb,Oran Park concreting enquiry,concreters Oran Park,concrete driveways Oran Park; South-West Sydney concreting,Concrete enquiries in Oran Park | Structure Co Camden,"Prepare a concrete enquiry for Oran Park. Structure Co coordinates site, access and service questions with a suitable independent provider in South-West Sydney.",Concreting enquiries in Oran Park.,"H1: Concreting enquiries in Oran Park. | H2: Begin with what is true of your site. | H2: Choose the conversation that fits. | H3: Concrete Driveways | H3: Exposed Aggregate | H3: Concrete Slabs | H3: Concrete Paths | H3: Concrete Patios | H3: Decorative Concrete | H2: Access, drainage and intended use. | H2: Continue around South-West Sydney. | H2: Before an area enquiry. | H2: Start a Oran Park enquiry | H2: Explore | H2: Services | H2: Enquiries",https://concreterscamden.com.au/concreters-oran-park/,Home > Areas We Serve > Concreters Oran Park > Concrete Driveways,WebPage; BreadcrumbList,/; /about/; /concrete-crossovers-and-laybacks-south-west-sydney/; /concrete-driveways-south-west-sydney/; /concrete-paths-south-west-sydney/; /concrete-patios-south-west-sydney/; /concrete-slabs-south-west-sydney/; /concreters-appin/; /concreters-austral/; /concreters-bargo/; /concreters-bradbury/; /concreters-bringelly/; /concreters-camden-park/; /concreters-oran-park/; /contact/; /decorative-concrete-south-west-sydney/; /exposed-aggregate-south-west-sydney/; /gallery/; /privacy-policy/; /quote/,"index,follow",build/53-council-suburb-map.json; suburbs-expanded.json; reports/34-service-page-rebuild.md
/concreters-leppington/,suburb,Leppington concreting enquiry,concreters Leppington,concrete driveways Leppington; South-West Sydney concreting,Concrete enquiries in Leppington | Structure Co Camden,"Prepare a concrete enquiry for Leppington. Structure Co coordinates site, access and service questions with a suitable independent provider in South-West Sydney.",Concreting enquiries in Leppington.,"H1: Concreting enquiries in Leppington. | H2: Begin with what is true of your site. | H2: Choose the conversation that fits. | H3: Concrete Driveways | H3: Exposed Aggregate | H3: Concrete Slabs | H3: Concrete Paths | H3: Concrete Patios | H3: Decorative Concrete | H2: Access, drainage and intended use. | H2: Continue around South-West Sydney. | H2: Before an area enquiry. | H2: Start a Leppington enquiry | H2: Explore | H2: Services | H2: Enquiries",https://concreterscamden.com.au/concreters-leppington/,Home > Areas We Serve > Concreters Leppington > Concrete Driveways,WebPage; BreadcrumbList,/; /about/; /concrete-crossovers-and-laybacks-south-west-sydney/; /concrete-driveways-south-west-sydney/; /concrete-paths-south-west-sydney/; /concrete-patios-south-west-sydney/; /concrete-slabs-south-west-sydney/; /concreters-appin/; /concreters-austral/; /concreters-bargo/; /concreters-bradbury/; /concreters-bringelly/; /concreters-camden-park/; /concreters-leppington/; /contact/; /decorative-concrete-south-west-sydney/; /exposed-aggregate-south-west-sydney/; /gallery/; /privacy-policy/; /quote/,"index,follow",build/53-council-suburb-map.json; suburbs-expanded.json; reports/34-service-page-rebuild.md
/concreters-gregory-hills/,suburb,Gregory Hills concreting enquiry,concreters Gregory Hills,concrete driveways Gregory Hills; South-West Sydney concreting,Concrete enquiries in Gregory Hills | Structure Co Camden,"Prepare a concrete enquiry for Gregory Hills. Structure Co coordinates site, access and service questions with a suitable independent provider in South-West Sydney.",Concreting enquiries in Gregory Hills.,"H1: Concreting enquiries in Gregory Hills. | H2: Begin with what is true of your site. | H2: Choose the conversation that fits. | H3: Concrete Driveways | H3: Exposed Aggregate | H3: Concrete Slabs | H3: Concrete Paths | H3: Concrete Patios | H3: Decorative Concrete | H2: Access, drainage and intended use. | H2: Continue around South-West Sydney. | H2: Before an area enquiry. | H2: Start a Gregory Hills enquiry | H2: Explore | H2: Services | H2: Enquiries",https://concreterscamden.com.au/concreters-gregory-hills/,Home > Areas We Serve > Concreters Gregory Hills > Concrete Driveways,WebPage; BreadcrumbList,/; /about/; /concrete-crossovers-and-laybacks-south-west-sydney/; /concrete-driveways-south-west-sydney/; /concrete-paths-south-west-sydney/; /concrete-patios-south-west-sydney/; /concrete-slabs-south-west-sydney/; /concreters-appin/; /concreters-austral/; /concreters-bargo/; /concreters-bradbury/; /concreters-bringelly/; /concreters-camden-park/; /concreters-gregory-hills/; /contact/; /decorative-concrete-south-west-sydney/; /exposed-aggregate-south-west-sydney/; /gallery/; /privacy-policy/; /quote/,"index,follow",build/53-council-suburb-map.json; suburbs-expanded.json; reports/34-service-page-rebuild.md
/concreters-gledswood-hills/,suburb,Gledswood Hills concreting enquiry,concreters Gledswood Hills,concrete driveways Gledswood Hills; South-West Sydney concreting,Concrete enquiries in Gledswood Hills | Structure Co Camden,"Prepare a concrete enquiry for Gledswood Hills. Structure Co coordinates site, access and service questions with a suitable independent provider in South-West Sydney.",Concreting enquiries in Gledswood Hills.,"H1: Concreting enquiries in Gledswood Hills. | H2: Begin with what is true of your site. | H2: Choose the conversation that fits. | H3: Concrete Driveways | H3: Exposed Aggregate | H3: Concrete Slabs | H3: Concrete Paths | H3: Concrete Patios | H3: Decorative Concrete | H2: Access, drainage and intended use. | H2: Continue around South-West Sydney. | H2: Before an area enquiry. | H2: Start a Gledswood Hills enquiry | H2: Explore | H2: Services | H2: Enquiries",https://concreterscamden.com.au/concreters-gledswood-hills/,Home > Areas We Serve > Concreters Gledswood Hills > Concrete Driveways,WebPage; BreadcrumbList,/; /about/; /concrete-crossovers-and-laybacks-south-west-sydney/; /concrete-driveways-south-west-sydney/; /concrete-paths-south-west-sydney/; /concrete-patios-south-west-sydney/; /concrete-slabs-south-west-sydney/; /concreters-appin/; /concreters-austral/; /concreters-bargo/; /concreters-bradbury/; /concreters-bringelly/; /concreters-camden-park/; /concreters-gledswood-hills/; /contact/; /decorative-concrete-south-west-sydney/; /exposed-aggregate-south-west-sydney/; /gallery/; /privacy-policy/; /quote/,"index,follow",build/53-council-suburb-map.json; suburbs-expanded.json; reports/34-service-page-rebuild.md
/concreters-austral/,suburb,Austral concreting enquiry,concreters Austral,concrete driveways Austral; South-West Sydney concreting,Concrete enquiries in Austral | Structure Co Camden,"Prepare a concrete enquiry for Austral. Structure Co coordinates site, access and service questions with a suitable independent provider in South-West Sydney.",Concreting enquiries in Austral.,"H1: Concreting enquiries in Austral. | H2: Begin with what is true of your site. | H2: Choose the conversation that fits. | H3: Concrete Driveways | H3: Exposed Aggregate | H3: Concrete Slabs | H3: Concrete Paths | H3: Concrete Patios | H3: Decorative Concrete | H2: Access, drainage and intended use. | H2: Continue around South-West Sydney. | H2: Before an area enquiry. | H2: Start a Austral enquiry | H2: Explore | H2: Services | H2: Enquiries",https://concreterscamden.com.au/concreters-austral/,Home > Areas We Serve > Concreters Austral > Concrete Driveways,WebPage; BreadcrumbList,/; /about/; /concrete-crossovers-and-laybacks-south-west-sydney/; /concrete-driveways-south-west-sydney/; /concrete-paths-south-west-sydney/; /concrete-patios-south-west-sydney/; /concrete-slabs-south-west-sydney/; /concreters-appin/; /concreters-austral/; /concreters-bargo/; /concreters-bradbury/; /concreters-bringelly/; /concreters-camden-park/; /concreters-camden-south/; /contact/; /decorative-concrete-south-west-sydney/; /exposed-aggregate-south-west-sydney/; /gallery/; /privacy-policy/; /quote/,"index,follow",build/53-council-suburb-map.json; suburbs-expanded.json; reports/34-service-page-rebuild.md
/concreters-harrington-park/,suburb,Harrington Park concreting enquiry,concreters Harrington Park,concrete driveways Harrington Park; South-West Sydney concreting,Concrete enquiries in Harrington Park | Structure Co Camden,"Prepare a concrete enquiry for Harrington Park. Structure Co coordinates site, access and service questions with a suitable independent provider in South-West Sydney.",Concreting enquiries in Harrington Park.,"H1: Concreting enquiries in Harrington Park. | H2: Begin with what is true of your site. | H2: Choose the conversation that fits. | H3: Concrete Driveways | H3: Exposed Aggregate | H3: Concrete Slabs | H3: Concrete Paths | H3: Concrete Patios | H3: Decorative Concrete | H2: Access, drainage and intended use. | H2: Continue around South-West Sydney. | H2: Before an area enquiry. | H2: Start a Harrington Park enquiry | H2: Explore | H2: Services | H2: Enquiries",https://concreterscamden.com.au/concreters-harrington-park/,Home > Areas We Serve > Concreters Harrington Park > Concrete Driveways,WebPage; BreadcrumbList,/; /about/; /concrete-crossovers-and-laybacks-south-west-sydney/; /concrete-driveways-south-west-sydney/; /concrete-paths-south-west-sydney/; /concrete-patios-south-west-sydney/; /concrete-slabs-south-west-sydney/; /concreters-appin/; /concreters-austral/; /concreters-bargo/; /concreters-bradbury/; /concreters-bringelly/; /concreters-camden-park/; /concreters-harrington-park/; /contact/; /decorative-concrete-south-west-sydney/; /exposed-aggregate-south-west-sydney/; /gallery/; /privacy-policy/; /quote/,"index,follow",build/53-council-suburb-map.json; suburbs-expanded.json; reports/34-service-page-rebuild.md
/,home,Camden/South-West Sydney concreting enquiry coordination,Camden concreting enquiries,South-West Sydney concrete enquiries; concreting enquiry coordination,Camden concreting enquiries | Structure Co,Plan a Camden or South-West Sydney concreting enquiry with Structure Co. Share the site context and coordinate the next step with an independent provider.,"Concrete enquiries, structured around your site.","H1: Concrete enquiries, structured around your site. | H2: Start an enquiry | H2: Services for the way Camden lives. | H3: Concrete Driveways | H3: Exposed Aggregate | H3: Concrete Slabs | H3: Concrete Paths | H3: Concrete Patios | H3: Decorative Concrete | H3: Concrete Driveway Replacement | H3: Shed and Garage Slabs | H3: Concrete Crossovers and Laybacks | H3: Commercial Concreting | H2: Good concrete decisions begin before the concrete. | H2: Simple on the surface. Thoughtful underneath. | H3: Tell us about the site | H3: Clarify the questions | H3: Coordinate the next step | H2: Frontage work needs the right local check. | H3: Own a Liverpool property? | H2: Camden at the centre. | H2: Before you send an enquiry. | H2: Ready to shape the brief? | H2: Explore | H2: Services | H2: Enquiries",https://concreterscamden.com.au/,Home,WebPage; BreadcrumbList,/; /about/; /commercial-concreting-south-west-sydney/; /concrete-crossovers-and-laybacks-south-west-sydney/; /concrete-driveway-replacement-south-west-sydney/; /concrete-driveways-south-west-sydney/; /concrete-paths-south-west-sydney/; /concrete-patios-south-west-sydney/; /concrete-slabs-south-west-sydney/; /concreters-appin/; /concreters-austral/; /concreters-bargo/; /concreters-bradbury/; /concreters-bringelly/; /concreters-camden-park/; /concreters-camden-south/; /concreters-campbelltown/; /concreters-carnes-hill/; /concreters-casula/; /concreters-catherine-field/; /concreters-cawdor/; /contact/; /decorative-concrete-south-west-sydney/; /exposed-aggregate-south-west-sydney/; /gallery/; /privacy-policy/; /quote/; /shed-and-garage-slabs-south-west-sydney/,"index,follow",reports/55-full-site-completion.md; data/verified-facts.yml; reports/34-service-page-rebuild.md
/contact/,utility,contact and enquiry,Camden concreting contact,Camden concreting contact; concrete enquiry,Contact Structure Co Concreters Camden,"Contact Structure Co Concreters Camden by email or phone with the site, intended use, access notes and timing for a considered concreting enquiry.",Bring the project questions.,"H1: Bring the project questions. | H2: Start by email or phone. | H2: 15 Murray Street, Camden NSW 2570 | H2: Ready to share the essentials? | H2: Explore | H2: Services | H2: Enquiries",https://concreterscamden.com.au/contact/,Home > Contact Structure Co Concreters Camden,WebPage; BreadcrumbList,/; /about/; /concrete-driveways-south-west-sydney/; /concrete-paths-south-west-sydney/; /concrete-patios-south-west-sydney/; /concrete-slabs-south-west-sydney/; /contact/; /decorative-concrete-south-west-sydney/; /exposed-aggregate-south-west-sydney/; /gallery/; /privacy-policy/; /quote/,"index,follow",data/verified-facts.yml; reports/55-full-site-completion.md
/quote/,utility,concreting enquiry,Camden concrete enquiry,Camden concrete enquiry; project brief,Start a Camden concrete enquiry | Structure Co,"Start a Camden concrete enquiry by sharing the property, intended use, access, existing surface, drainage questions and timing with Structure Co.",Give the next conversation a head start.,H1: Give the next conversation a head start. | H2: Tell us about the project | H2: A practical brief can be simple. | H3: What happens next? | H2: Prefer to talk first? | H2: Explore | H2: Services | H2: Enquiries,https://concreterscamden.com.au/quote/,Home > Submit a Concreting Enquiry,WebPage; BreadcrumbList,/; /about/; /concrete-driveways-south-west-sydney/; /concrete-paths-south-west-sydney/; /concrete-patios-south-west-sydney/; /concrete-slabs-south-west-sydney/; /contact/; /decorative-concrete-south-west-sydney/; /exposed-aggregate-south-west-sydney/; /gallery/; /privacy-policy/; /quote/,"index,follow",data/verified-facts.yml; reports/55-full-site-completion.md
/about/,utility,who Structure Co is and how coordination works,Structure Co Concreters Camden,Structure Co Concreters Camden; independent-provider coordination,About Structure Co Concreters Camden,Understand how Structure Co Concreters Camden coordinates independent-provider concreting enquiries and keeps project details specific to the actual site.,A clearer way to begin a concreting conversation.,"H1: A clearer way to begin a concreting conversation. | H2: Useful information first. | H3: Specific, not sweeping. | H3: Independent, not implied. | H3: Clear, not pushy. | H2: Have a question about the model? | H2: Explore | H2: Services | H2: Enquiries",https://concreterscamden.com.au/about/,Home > About Structure Co Concreters Camden,WebPage; BreadcrumbList,/; /about/; /concrete-driveways-south-west-sydney/; /concrete-paths-south-west-sydney/; /concrete-patios-south-west-sydney/; /concrete-slabs-south-west-sydney/; /contact/; /decorative-concrete-south-west-sydney/; /exposed-aggregate-south-west-sydney/; /gallery/; /privacy-policy/; /quote/,"index,follow",data/verified-facts.yml; reports/55-full-site-completion.md
/gallery/,utility,informational visual reference,concrete finishes,concrete finishes; site conditions,Concrete reference images | Structure Co Camden,"Browse approved concrete reference images for finishes, access and existing conditions. Images are visual context, not customer evidence or completed-work claims.",Materials for the conversation.,H1: Materials for the conversation. | H2: Have a project image to share? | H2: Explore | H2: Services | H2: Enquiries,https://concreterscamden.com.au/gallery/,Home > Project Gallery — Deferred,WebPage; BreadcrumbList,/; /about/; /concrete-driveways-south-west-sydney/; /concrete-paths-south-west-sydney/; /concrete-patios-south-west-sydney/; /concrete-slabs-south-west-sydney/; /contact/; /decorative-concrete-south-west-sydney/; /exposed-aggregate-south-west-sydney/; /gallery/; /privacy-policy/; /quote/,"index,follow",data/verified-facts.yml; reports/55-full-site-completion.md
/concrete-driveways-south-west-sydney/,service,Concrete Driveways research and enquiry,Concrete Driveways South-West Sydney,Concrete Driveways enquiry; concrete project questions,Concrete Driveways South-West Sydney | Structure Co,Explore concrete driveways enquiry questions for South-West Sydney. Structure Co helps organise site details before an independent provider confirms the project scope.,Concrete Driveways in South-West Sydney.,H1: Concrete Driveways in South-West Sydney. | H2: Make the site questions visible. | H3: Use & access | H3: Existing conditions | H3: Project documents | H2: Technical details are confirmed for the actual system. | H2: Keep exploring the brief. | H3: Exposed Aggregate | H3: Concrete Slabs | H3: Concrete Paths | H3: Concrete Patios | H3: Decorative Concrete | H2: Camden and nearby South-West Sydney. | H2: Questions for this service. | H2: Start a concrete driveways enquiry | H2: Explore | H2: Services | H2: Enquiries,https://concreterscamden.com.au/concrete-driveways-south-west-sydney/,Home > Services > Concrete Driveways South West Sydney,WebPage; BreadcrumbList; Service,/; /about/; /concrete-driveways-south-west-sydney/; /concrete-paths-south-west-sydney/; /concrete-patios-south-west-sydney/; /concrete-slabs-south-west-sydney/; /concreters-appin/; /concreters-austral/; /concreters-bargo/; /concreters-bradbury/; /concreters-bringelly/; /concreters-camden-park/; /concreters-camden-south/; /concreters-campbelltown/; /contact/; /decorative-concrete-south-west-sydney/; /exposed-aggregate-south-west-sydney/; /gallery/; /privacy-policy/; /quote/,"index,follow",data/service-specs.yml; reports/53-service-specification-matrix.csv; reports/34-service-page-rebuild.md
/concrete-driveway-replacement-south-west-sydney/,service,Concrete Driveway Replacement research and enquiry,Concrete Driveway Replacement South-West Sydney,Concrete Driveway Replacement enquiry; concrete project questions,Concrete Driveway Replacement South-West Sydney | Structure Co,Explore concrete driveway replacement enquiry questions for South-West Sydney. Structure Co helps organise site details before an independent provider confirms the project scope.,Concrete Driveway Replacement in South-West Sydney.,H1: Concrete Driveway Replacement in South-West Sydney. | H2: Make the site questions visible. | H3: Use & access | H3: Existing conditions | H3: Project documents | H2: Technical details are confirmed for the actual system. | H2: Keep exploring the brief. | H3: Concrete Driveways | H3: Exposed Aggregate | H3: Concrete Slabs | H3: Concrete Paths | H3: Concrete Patios | H2: Camden and nearby South-West Sydney. | H2: Questions for this service. | H2: Start a concrete driveway replacement enquiry | H2: Explore | H2: Services | H2: Enquiries,https://concreterscamden.com.au/concrete-driveway-replacement-south-west-sydney/,Home > Services > Concrete Driveway Replacement South West Sydney,WebPage; BreadcrumbList; Service,/; /about/; /concrete-driveway-replacement-south-west-sydney/; /concrete-driveways-south-west-sydney/; /concrete-paths-south-west-sydney/; /concrete-patios-south-west-sydney/; /concrete-slabs-south-west-sydney/; /concreters-appin/; /concreters-austral/; /concreters-bargo/; /concreters-bradbury/; /concreters-bringelly/; /concreters-camden-park/; /concreters-camden-south/; /concreters-campbelltown/; /contact/; /decorative-concrete-south-west-sydney/; /exposed-aggregate-south-west-sydney/; /gallery/; /privacy-policy/; /quote/,"index,follow",data/service-specs.yml; reports/53-service-specification-matrix.csv; reports/34-service-page-rebuild.md
/concrete-slabs-south-west-sydney/,service,Concrete Slabs research and enquiry,Concrete Slabs South-West Sydney,Concrete Slabs enquiry; concrete project questions,Concrete Slabs South-West Sydney | Structure Co,Explore concrete slabs enquiry questions for South-West Sydney. Structure Co helps organise site details before an independent provider confirms the project scope.,Concrete Slabs in South-West Sydney.,H1: Concrete Slabs in South-West Sydney. | H2: Make the site questions visible. | H3: Use & access | H3: Existing conditions | H3: Project documents | H2: Technical details are confirmed for the actual system. | H2: Keep exploring the brief. | H3: Concrete Driveways | H3: Exposed Aggregate | H3: Concrete Paths | H3: Concrete Patios | H3: Decorative Concrete | H2: Camden and nearby South-West Sydney. | H2: Questions for this service. | H2: Start a concrete slabs enquiry | H2: Explore | H2: Services | H2: Enquiries,https://concreterscamden.com.au/concrete-slabs-south-west-sydney/,Home > Services > Concrete Slabs South West Sydney,WebPage; BreadcrumbList; Service,/; /about/; /concrete-driveways-south-west-sydney/; /concrete-paths-south-west-sydney/; /concrete-patios-south-west-sydney/; /concrete-slabs-south-west-sydney/; /concreters-appin/; /concreters-austral/; /concreters-bargo/; /concreters-bradbury/; /concreters-bringelly/; /concreters-camden-park/; /concreters-camden-south/; /concreters-campbelltown/; /contact/; /decorative-concrete-south-west-sydney/; /exposed-aggregate-south-west-sydney/; /gallery/; /privacy-policy/; /quote/,"index,follow",data/service-specs.yml; reports/53-service-specification-matrix.csv; reports/34-service-page-rebuild.md
/shed-and-garage-slabs-south-west-sydney/,service,Shed and Garage Slabs research and enquiry,Shed and Garage Slabs South-West Sydney,Shed and Garage Slabs enquiry; concrete project questions,Shed and Garage Slabs South-West Sydney | Structure Co,Explore shed and garage slabs enquiry questions for South-West Sydney. Structure Co helps organise site details before an independent provider confirms the project scope.,Shed and Garage Slabs in South-West Sydney.,H1: Shed and Garage Slabs in South-West Sydney. | H2: Make the site questions visible. | H3: Use & access | H3: Existing conditions | H3: Project documents | H2: Technical details are confirmed for the actual system. | H2: Keep exploring the brief. | H3: Concrete Driveways | H3: Exposed Aggregate | H3: Concrete Slabs | H3: Concrete Paths | H3: Concrete Patios | H2: Camden and nearby South-West Sydney. | H2: Questions for this service. | H2: Start a shed and garage slabs enquiry | H2: Explore | H2: Services | H2: Enquiries,https://concreterscamden.com.au/shed-and-garage-slabs-south-west-sydney/,Home > Services > Shed and Garage Slabs South West Sydney,WebPage; BreadcrumbList; Service,/; /about/; /concrete-driveways-south-west-sydney/; /concrete-paths-south-west-sydney/; /concrete-patios-south-west-sydney/; /concrete-slabs-south-west-sydney/; /concreters-appin/; /concreters-austral/; /concreters-bargo/; /concreters-bradbury/; /concreters-bringelly/; /concreters-camden-park/; /concreters-camden-south/; /concreters-campbelltown/; /contact/; /decorative-concrete-south-west-sydney/; /exposed-aggregate-south-west-sydney/; /gallery/; /privacy-policy/; /quote/; /shed-and-garage-slabs-south-west-sydney/,"index,follow",data/service-specs.yml; reports/53-service-specification-matrix.csv; reports/34-service-page-rebuild.md
/exposed-aggregate-south-west-sydney/,service,Exposed Aggregate research and enquiry,Exposed Aggregate South-West Sydney,Exposed Aggregate enquiry; concrete project questions,Exposed Aggregate South-West Sydney | Structure Co,Explore exposed aggregate enquiry questions for South-West Sydney. Structure Co helps organise site details before an independent provider confirms the project scope.,Exposed Aggregate in South-West Sydney.,H1: Exposed Aggregate in South-West Sydney. | H2: Make the site questions visible. | H3: Use & access | H3: Existing conditions | H3: Project documents | H2: Technical details are confirmed for the actual system. | H2: Keep exploring the brief. | H3: Concrete Driveways | H3: Concrete Slabs | H3: Concrete Paths | H3: Concrete Patios | H3: Decorative Concrete | H2: Camden and nearby South-West Sydney. | H2: Questions for this service. | H2: Start a exposed aggregate enquiry | H2: Explore | H2: Services | H2: Enquiries,https://concreterscamden.com.au/exposed-aggregate-south-west-sydney/,Home > Services > Exposed Aggregate Concrete South West Sydney,WebPage; BreadcrumbList; Service,/; /about/; /concrete-driveways-south-west-sydney/; /concrete-paths-south-west-sydney/; /concrete-patios-south-west-sydney/; /concrete-slabs-south-west-sydney/; /concreters-appin/; /concreters-austral/; /concreters-bargo/; /concreters-bradbury/; /concreters-bringelly/; /concreters-camden-park/; /concreters-camden-south/; /concreters-campbelltown/; /contact/; /decorative-concrete-south-west-sydney/; /exposed-aggregate-south-west-sydney/; /gallery/; /privacy-policy/; /quote/,"index,follow",data/service-specs.yml; reports/53-service-specification-matrix.csv; reports/34-service-page-rebuild.md
/decorative-concrete-south-west-sydney/,service,Decorative Concrete research and enquiry,Decorative Concrete South-West Sydney,Decorative Concrete enquiry; concrete project questions,Decorative Concrete South-West Sydney | Structure Co,Explore decorative concrete enquiry questions for South-West Sydney. Structure Co helps organise site details before an independent provider confirms the project scope.,Decorative Concrete in South-West Sydney.,H1: Decorative Concrete in South-West Sydney. | H2: Make the site questions visible. | H3: Use & access | H3: Existing conditions | H3: Project documents | H2: Technical details are confirmed for the actual system. | H2: Keep exploring the brief. | H3: Concrete Driveways | H3: Exposed Aggregate | H3: Concrete Slabs | H3: Concrete Paths | H3: Concrete Patios | H2: Camden and nearby South-West Sydney. | H2: Questions for this service. | H2: Start a decorative concrete enquiry | H2: Explore | H2: Services | H2: Enquiries,https://concreterscamden.com.au/decorative-concrete-south-west-sydney/,Home > Services > Decorative Concrete South West Sydney,WebPage; BreadcrumbList; Service,/; /about/; /concrete-driveways-south-west-sydney/; /concrete-paths-south-west-sydney/; /concrete-patios-south-west-sydney/; /concrete-slabs-south-west-sydney/; /concreters-appin/; /concreters-austral/; /concreters-bargo/; /concreters-bradbury/; /concreters-bringelly/; /concreters-camden-park/; /concreters-camden-south/; /concreters-campbelltown/; /contact/; /decorative-concrete-south-west-sydney/; /exposed-aggregate-south-west-sydney/; /gallery/; /privacy-policy/; /quote/,"index,follow",data/service-specs.yml; reports/53-service-specification-matrix.csv; reports/34-service-page-rebuild.md
/concrete-patios-south-west-sydney/,service,Concrete Patios research and enquiry,Concrete Patios South-West Sydney,Concrete Patios enquiry; concrete project questions,Concrete Patios South-West Sydney | Structure Co,Explore concrete patios enquiry questions for South-West Sydney. Structure Co helps organise site details before an independent provider confirms the project scope.,Concrete Patios in South-West Sydney.,H1: Concrete Patios in South-West Sydney. | H2: Make the site questions visible. | H3: Use & access | H3: Existing conditions | H3: Project documents | H2: Technical details are confirmed for the actual system. | H2: Keep exploring the brief. | H3: Concrete Driveways | H3: Exposed Aggregate | H3: Concrete Slabs | H3: Concrete Paths | H3: Decorative Concrete | H2: Camden and nearby South-West Sydney. | H2: Questions for this service. | H2: Start a concrete patios enquiry | H2: Explore | H2: Services | H2: Enquiries,https://concreterscamden.com.au/concrete-patios-south-west-sydney/,Home > Services > Concrete Patios and Alfresco Slabs South West Sydney,WebPage; BreadcrumbList; Service,/; /about/; /concrete-driveways-south-west-sydney/; /concrete-paths-south-west-sydney/; /concrete-patios-south-west-sydney/; /concrete-slabs-south-west-sydney/; /concreters-appin/; /concreters-austral/; /concreters-bargo/; /concreters-bradbury/; /concreters-bringelly/; /concreters-camden-park/; /concreters-camden-south/; /concreters-campbelltown/; /contact/; /decorative-concrete-south-west-sydney/; /exposed-aggregate-south-west-sydney/; /gallery/; /privacy-policy/; /quote/,"index,follow",data/service-specs.yml; reports/53-service-specification-matrix.csv; reports/34-service-page-rebuild.md
/concrete-paths-south-west-sydney/,service,Concrete Paths research and enquiry,Concrete Paths South-West Sydney,Concrete Paths enquiry; concrete project questions,Concrete Paths South-West Sydney | Structure Co,Explore concrete paths enquiry questions for South-West Sydney. Structure Co helps organise site details before an independent provider confirms the project scope.,Concrete Paths in South-West Sydney.,H1: Concrete Paths in South-West Sydney. | H2: Make the site questions visible. | H3: Use & access | H3: Existing conditions | H3: Project documents | H2: Technical details are confirmed for the actual system. | H2: Keep exploring the brief. | H3: Concrete Driveways | H3: Exposed Aggregate | H3: Concrete Slabs | H3: Concrete Patios | H3: Decorative Concrete | H2: Camden and nearby South-West Sydney. | H2: Questions for this service. | H2: Start a concrete paths enquiry | H2: Explore | H2: Services | H2: Enquiries,https://concreterscamden.com.au/concrete-paths-south-west-sydney/,Home > Services > Concrete Paths and Pathways South West Sydney,WebPage; BreadcrumbList; Service,/; /about/; /concrete-driveways-south-west-sydney/; /concrete-paths-south-west-sydney/; /concrete-patios-south-west-sydney/; /concrete-slabs-south-west-sydney/; /concreters-appin/; /concreters-austral/; /concreters-bargo/; /concreters-bradbury/; /concreters-bringelly/; /concreters-camden-park/; /concreters-camden-south/; /concreters-campbelltown/; /contact/; /decorative-concrete-south-west-sydney/; /exposed-aggregate-south-west-sydney/; /gallery/; /privacy-policy/; /quote/,"index,follow",data/service-specs.yml; reports/53-service-specification-matrix.csv; reports/34-service-page-rebuild.md
/concrete-crossovers-and-laybacks-south-west-sydney/,service,Concrete Crossovers and Laybacks research and enquiry,Concrete Crossovers and Laybacks South-West Sydney,Concrete Crossovers and Laybacks enquiry; concrete project questions,Concrete Crossovers and Laybacks South-West Sydney | Structure Co,Explore concrete crossovers and laybacks enquiry questions for South-West Sydney. Structure Co helps organise site details before an independent provider confirms the project scope.,Concrete Crossovers and Laybacks in South-West Sydney.,H1: Concrete Crossovers and Laybacks in South-West Sydney. | H2: Make the site questions visible. | H3: Use & access | H3: Existing conditions | H3: Project documents | H2: Technical details are confirmed for the actual system. | H2: Keep exploring the brief. | H3: Concrete Driveways | H3: Exposed Aggregate | H3: Concrete Slabs | H3: Concrete Paths | H3: Concrete Patios | H2: Camden and nearby South-West Sydney. | H2: Questions for this service. | H2: Start a concrete crossovers and laybacks enquiry | H2: Explore | H2: Services | H2: Enquiries,https://concreterscamden.com.au/concrete-crossovers-and-laybacks-south-west-sydney/,Home > Services > Concrete Crossovers and Laybacks South West Sydney,WebPage; BreadcrumbList; Service,/; /about/; /concrete-crossovers-and-laybacks-south-west-sydney/; /concrete-driveways-south-west-sydney/; /concrete-paths-south-west-sydney/; /concrete-patios-south-west-sydney/; /concrete-slabs-south-west-sydney/; /concreters-appin/; /concreters-austral/; /concreters-bargo/; /concreters-bradbury/; /concreters-bringelly/; /concreters-camden-park/; /concreters-camden-south/; /concreters-campbelltown/; /contact/; /decorative-concrete-south-west-sydney/; /exposed-aggregate-south-west-sydney/; /gallery/; /privacy-policy/; /quote/,"index,follow",data/service-specs.yml; reports/53-service-specification-matrix.csv; reports/34-service-page-rebuild.md
/commercial-concreting-south-west-sydney/,service,Commercial Concreting research and enquiry,Commercial Concreting South-West Sydney,Commercial Concreting enquiry; concrete project questions,Commercial Concreting South-West Sydney | Structure Co,Explore commercial concreting enquiry questions for South-West Sydney. Structure Co helps organise site details before an independent provider confirms the project scope.,Commercial Concreting in South-West Sydney.,H1: Commercial Concreting in South-West Sydney. | H2: Make the site questions visible. | H3: Use & access | H3: Existing conditions | H3: Project documents | H2: Technical details are confirmed for the actual system. | H2: Keep exploring the brief. | H3: Concrete Driveways | H3: Exposed Aggregate | H3: Concrete Slabs | H3: Concrete Paths | H3: Concrete Patios | H2: Camden and nearby South-West Sydney. | H2: Questions for this service. | H2: Start a commercial concreting enquiry | H2: Explore | H2: Services | H2: Enquiries,https://concreterscamden.com.au/commercial-concreting-south-west-sydney/,Home > Services > Commercial Concreting South West Sydney,WebPage; BreadcrumbList; Service,/; /about/; /commercial-concreting-south-west-sydney/; /concrete-driveways-south-west-sydney/; /concrete-paths-south-west-sydney/; /concrete-patios-south-west-sydney/; /concrete-slabs-south-west-sydney/; /concreters-appin/; /concreters-austral/; /concreters-bargo/; /concreters-bradbury/; /concreters-bringelly/; /concreters-camden-park/; /concreters-camden-south/; /concreters-campbelltown/; /contact/; /decorative-concrete-south-west-sydney/; /exposed-aggregate-south-west-sydney/; /gallery/; /privacy-policy/; /quote/,"index,follow",data/service-specs.yml; reports/53-service-specification-matrix.csv; reports/34-service-page-rebuild.md
/concreters-appin/,suburb,Appin concreting enquiry,concreters Appin,concrete driveways Appin; South-West Sydney concreting,Concrete enquiries in Appin | Structure Co Camden,"Prepare a concrete enquiry for Appin. Structure Co coordinates site, access and service questions with a suitable independent provider in South-West Sydney.",Concreting enquiries in Appin.,"H1: Concreting enquiries in Appin. | H2: Begin with what is true of your site. | H2: Choose the conversation that fits. | H3: Concrete Driveways | H3: Exposed Aggregate | H3: Concrete Slabs | H3: Concrete Paths | H3: Concrete Patios | H3: Decorative Concrete | H2: Access, drainage and intended use. | H2: Continue around South-West Sydney. | H2: Before an area enquiry. | H2: Start a Appin enquiry | H2: Explore | H2: Services | H2: Enquiries",https://concreterscamden.com.au/concreters-appin/,Home > Areas We Serve > Concreters Appin > Concrete Driveways,WebPage; BreadcrumbList,/; /about/; /concrete-crossovers-and-laybacks-south-west-sydney/; /concrete-driveways-south-west-sydney/; /concrete-paths-south-west-sydney/; /concrete-patios-south-west-sydney/; /concrete-slabs-south-west-sydney/; /concreters-appin/; /concreters-austral/; /concreters-bargo/; /concreters-bradbury/; /concreters-bringelly/; /concreters-camden-park/; /concreters-camden-south/; /contact/; /decorative-concrete-south-west-sydney/; /exposed-aggregate-south-west-sydney/; /gallery/; /privacy-policy/; /quote/,"index,follow",build/53-council-suburb-map.json; suburbs-expanded.json; reports/34-service-page-rebuild.md
/concreters-bargo/,suburb,Bargo concreting enquiry,concreters Bargo,concrete driveways Bargo; South-West Sydney concreting,Concrete enquiries in Bargo | Structure Co Camden,"Prepare a concrete enquiry for Bargo. Structure Co coordinates site, access and service questions with a suitable independent provider in South-West Sydney.",Concreting enquiries in Bargo.,"H1: Concreting enquiries in Bargo. | H2: Begin with what is true of your site. | H2: Choose the conversation that fits. | H3: Concrete Driveways | H3: Exposed Aggregate | H3: Concrete Slabs | H3: Concrete Paths | H3: Concrete Patios | H3: Decorative Concrete | H2: Access, drainage and intended use. | H2: Continue around South-West Sydney. | H2: Before an area enquiry. | H2: Start a Bargo enquiry | H2: Explore | H2: Services | H2: Enquiries",https://concreterscamden.com.au/concreters-bargo/,Home > Areas We Serve > Concreters Bargo > Concrete Driveways,WebPage; BreadcrumbList,/; /about/; /concrete-crossovers-and-laybacks-south-west-sydney/; /concrete-driveways-south-west-sydney/; /concrete-paths-south-west-sydney/; /concrete-patios-south-west-sydney/; /concrete-slabs-south-west-sydney/; /concreters-appin/; /concreters-austral/; /concreters-bargo/; /concreters-bradbury/; /concreters-bringelly/; /concreters-camden-park/; /concreters-camden-south/; /contact/; /decorative-concrete-south-west-sydney/; /exposed-aggregate-south-west-sydney/; /gallery/; /privacy-policy/; /quote/,"index,follow",build/53-council-suburb-map.json; suburbs-expanded.json; reports/34-service-page-rebuild.md
/concreters-bradbury/,suburb,Bradbury concreting enquiry,concreters Bradbury,concrete driveways Bradbury; South-West Sydney concreting,Concrete enquiries in Bradbury | Structure Co Camden,"Prepare a concrete enquiry for Bradbury. Structure Co coordinates site, access and service questions with a suitable independent provider in South-West Sydney.",Concreting enquiries in Bradbury.,"H1: Concreting enquiries in Bradbury. | H2: Begin with what is true of your site. | H2: Choose the conversation that fits. | H3: Concrete Driveways | H3: Exposed Aggregate | H3: Concrete Slabs | H3: Concrete Paths | H3: Concrete Patios | H3: Decorative Concrete | H2: Access, drainage and intended use. | H2: Continue around South-West Sydney. | H2: Before an area enquiry. | H2: Start a Bradbury enquiry | H2: Explore | H2: Services | H2: Enquiries",https://concreterscamden.com.au/concreters-bradbury/,Home > Areas We Serve > Concreters Bradbury > Concrete Driveways,WebPage; BreadcrumbList,/; /about/; /concrete-crossovers-and-laybacks-south-west-sydney/; /concrete-driveways-south-west-sydney/; /concrete-paths-south-west-sydney/; /concrete-patios-south-west-sydney/; /concrete-slabs-south-west-sydney/; /concreters-appin/; /concreters-austral/; /concreters-bargo/; /concreters-bradbury/; /concreters-bringelly/; /concreters-camden-park/; /concreters-camden-south/; /contact/; /decorative-concrete-south-west-sydney/; /exposed-aggregate-south-west-sydney/; /gallery/; /privacy-policy/; /quote/,"index,follow",build/53-council-suburb-map.json; suburbs-expanded.json; reports/34-service-page-rebuild.md
/concreters-bringelly/,suburb,Bringelly concreting enquiry,concreters Bringelly,concrete driveways Bringelly; South-West Sydney concreting,Concrete enquiries in Bringelly | Structure Co Camden,"Prepare a concrete enquiry for Bringelly. Structure Co coordinates site, access and service questions with a suitable independent provider in South-West Sydney.",Concreting enquiries in Bringelly.,"H1: Concreting enquiries in Bringelly. | H2: Begin with what is true of your site. | H2: Choose the conversation that fits. | H3: Concrete Driveways | H3: Exposed Aggregate | H3: Concrete Slabs | H3: Concrete Paths | H3: Concrete Patios | H3: Decorative Concrete | H2: Access, drainage and intended use. | H2: Continue around South-West Sydney. | H2: Before an area enquiry. | H2: Start a Bringelly enquiry | H2: Explore | H2: Services | H2: Enquiries",https://concreterscamden.com.au/concreters-bringelly/,Home > Areas We Serve > Concreters Bringelly > Concrete Driveways,WebPage; BreadcrumbList,/; /about/; /concrete-crossovers-and-laybacks-south-west-sydney/; /concrete-driveways-south-west-sydney/; /concrete-paths-south-west-sydney/; /concrete-patios-south-west-sydney/; /concrete-slabs-south-west-sydney/; /concreters-appin/; /concreters-austral/; /concreters-bargo/; /concreters-bradbury/; /concreters-bringelly/; /concreters-camden-park/; /concreters-camden-south/; /contact/; /decorative-concrete-south-west-sydney/; /exposed-aggregate-south-west-sydney/; /gallery/; /privacy-policy/; /quote/,"index,follow",build/53-council-suburb-map.json; suburbs-expanded.json; reports/34-service-page-rebuild.md
/concreters-camden-park/,suburb,Camden Park concreting enquiry,concreters Camden Park,concrete driveways Camden Park; South-West Sydney concreting,Concrete enquiries in Camden Park | Structure Co Camden,"Prepare a concrete enquiry for Camden Park. Structure Co coordinates site, access and service questions with a suitable independent provider in South-West Sydney.",Concreting enquiries in Camden Park.,"H1: Concreting enquiries in Camden Park. | H2: Begin with what is true of your site. | H2: Choose the conversation that fits. | H3: Concrete Driveways | H3: Exposed Aggregate | H3: Concrete Slabs | H3: Concrete Paths | H3: Concrete Patios | H3: Decorative Concrete | H2: Access, drainage and intended use. | H2: Continue around South-West Sydney. | H2: Before an area enquiry. | H2: Start a Camden Park enquiry | H2: Explore | H2: Services | H2: Enquiries",https://concreterscamden.com.au/concreters-camden-park/,Home > Areas We Serve > Concreters Camden Park > Concrete Driveways,WebPage; BreadcrumbList,/; /about/; /concrete-crossovers-and-laybacks-south-west-sydney/; /concrete-driveways-south-west-sydney/; /concrete-paths-south-west-sydney/; /concrete-patios-south-west-sydney/; /concrete-slabs-south-west-sydney/; /concreters-appin/; /concreters-austral/; /concreters-bargo/; /concreters-bradbury/; /concreters-bringelly/; /concreters-camden-park/; /concreters-camden-south/; /contact/; /decorative-concrete-south-west-sydney/; /exposed-aggregate-south-west-sydney/; /gallery/; /privacy-policy/; /quote/,"index,follow",build/53-council-suburb-map.json; suburbs-expanded.json; reports/34-service-page-rebuild.md
/concreters-camden-south/,suburb,Camden South concreting enquiry,concreters Camden South,concrete driveways Camden South; South-West Sydney concreting,Concrete enquiries in Camden South | Structure Co Camden,"Prepare a concrete enquiry for Camden South. Structure Co coordinates site, access and service questions with a suitable independent provider in South-West Sydney.",Concreting enquiries in Camden South.,"H1: Concreting enquiries in Camden South. | H2: Begin with what is true of your site. | H2: Choose the conversation that fits. | H3: Concrete Driveways | H3: Exposed Aggregate | H3: Concrete Slabs | H3: Concrete Paths | H3: Concrete Patios | H3: Decorative Concrete | H2: Access, drainage and intended use. | H2: Continue around South-West Sydney. | H2: Before an area enquiry. | H2: Start a Camden South enquiry | H2: Explore | H2: Services | H2: Enquiries",https://concreterscamden.com.au/concreters-camden-south/,Home > Areas We Serve > Concreters Camden South > Concrete Driveways,WebPage; BreadcrumbList,/; /about/; /concrete-crossovers-and-laybacks-south-west-sydney/; /concrete-driveways-south-west-sydney/; /concrete-paths-south-west-sydney/; /concrete-patios-south-west-sydney/; /concrete-slabs-south-west-sydney/; /concreters-appin/; /concreters-austral/; /concreters-bargo/; /concreters-bradbury/; /concreters-bringelly/; /concreters-camden-park/; /concreters-camden-south/; /contact/; /decorative-concrete-south-west-sydney/; /exposed-aggregate-south-west-sydney/; /gallery/; /privacy-policy/; /quote/,"index,follow",build/53-council-suburb-map.json; suburbs-expanded.json; reports/34-service-page-rebuild.md
/concreters-campbelltown/,suburb,Campbelltown concreting enquiry,concreters Campbelltown,concrete driveways Campbelltown; South-West Sydney concreting,Concrete enquiries in Campbelltown | Structure Co Camden,"Prepare a concrete enquiry for Campbelltown. Structure Co coordinates site, access and service questions with a suitable independent provider in South-West Sydney.",Concreting enquiries in Campbelltown.,"H1: Concreting enquiries in Campbelltown. | H2: Begin with what is true of your site. | H2: Choose the conversation that fits. | H3: Concrete Driveways | H3: Exposed Aggregate | H3: Concrete Slabs | H3: Concrete Paths | H3: Concrete Patios | H3: Decorative Concrete | H2: Access, drainage and intended use. | H2: Continue around South-West Sydney. | H2: Before an area enquiry. | H2: Start a Campbelltown enquiry | H2: Explore | H2: Services | H2: Enquiries",https://concreterscamden.com.au/concreters-campbelltown/,Home > Areas We Serve > Concreters Campbelltown > Concrete Driveways,WebPage; BreadcrumbList,/; /about/; /concrete-crossovers-and-laybacks-south-west-sydney/; /concrete-driveways-south-west-sydney/; /concrete-paths-south-west-sydney/; /concrete-patios-south-west-sydney/; /concrete-slabs-south-west-sydney/; /concreters-appin/; /concreters-austral/; /concreters-bargo/; /concreters-bradbury/; /concreters-bringelly/; /concreters-camden-park/; /concreters-campbelltown/; /contact/; /decorative-concrete-south-west-sydney/; /exposed-aggregate-south-west-sydney/; /gallery/; /privacy-policy/; /quote/,"index,follow",build/53-council-suburb-map.json; suburbs-expanded.json; reports/34-service-page-rebuild.md
/concreters-carnes-hill/,suburb,Carnes Hill concreting enquiry,concreters Carnes Hill,concrete driveways Carnes Hill; South-West Sydney concreting,Concrete enquiries in Carnes Hill | Structure Co Camden,"Prepare a concrete enquiry for Carnes Hill. Structure Co coordinates site, access and service questions with a suitable independent provider in South-West Sydney.",Concreting enquiries in Carnes Hill.,"H1: Concreting enquiries in Carnes Hill. | H2: Begin with what is true of your site. | H2: Choose the conversation that fits. | H3: Concrete Driveways | H3: Exposed Aggregate | H3: Concrete Slabs | H3: Concrete Paths | H3: Concrete Patios | H3: Decorative Concrete | H2: Access, drainage and intended use. | H2: Continue around South-West Sydney. | H2: Before an area enquiry. | H2: Start a Carnes Hill enquiry | H2: Explore | H2: Services | H2: Enquiries",https://concreterscamden.com.au/concreters-carnes-hill/,Home > Areas We Serve > Concreters Carnes Hill > Concrete Driveways,WebPage; BreadcrumbList,/; /about/; /concrete-crossovers-and-laybacks-south-west-sydney/; /concrete-driveways-south-west-sydney/; /concrete-paths-south-west-sydney/; /concrete-patios-south-west-sydney/; /concrete-slabs-south-west-sydney/; /concreters-appin/; /concreters-austral/; /concreters-bargo/; /concreters-bradbury/; /concreters-bringelly/; /concreters-camden-park/; /concreters-carnes-hill/; /contact/; /decorative-concrete-south-west-sydney/; /exposed-aggregate-south-west-sydney/; /gallery/; /privacy-policy/; /quote/,"index,follow",build/53-council-suburb-map.json; suburbs-expanded.json; reports/34-service-page-rebuild.md
/concreters-casula/,suburb,Casula concreting enquiry,concreters Casula,concrete driveways Casula; South-West Sydney concreting,Concrete enquiries in Casula | Structure Co Camden,"Prepare a concrete enquiry for Casula. Structure Co coordinates site, access and service questions with a suitable independent provider in South-West Sydney.",Concreting enquiries in Casula.,"H1: Concreting enquiries in Casula. | H2: Begin with what is true of your site. | H2: Choose the conversation that fits. | H3: Concrete Driveways | H3: Exposed Aggregate | H3: Concrete Slabs | H3: Concrete Paths | H3: Concrete Patios | H3: Decorative Concrete | H2: Access, drainage and intended use. | H2: Continue around South-West Sydney. | H2: Before an area enquiry. | H2: Start a Casula enquiry | H2: Explore | H2: Services | H2: Enquiries",https://concreterscamden.com.au/concreters-casula/,Home > Areas We Serve > Concreters Casula > Concrete Driveways,WebPage; BreadcrumbList,/; /about/; /concrete-crossovers-and-laybacks-south-west-sydney/; /concrete-driveways-south-west-sydney/; /concrete-paths-south-west-sydney/; /concrete-patios-south-west-sydney/; /concrete-slabs-south-west-sydney/; /concreters-appin/; /concreters-austral/; /concreters-bargo/; /concreters-bradbury/; /concreters-bringelly/; /concreters-camden-park/; /concreters-casula/; /contact/; /decorative-concrete-south-west-sydney/; /exposed-aggregate-south-west-sydney/; /gallery/; /privacy-policy/; /quote/,"index,follow",build/53-council-suburb-map.json; suburbs-expanded.json; reports/34-service-page-rebuild.md
/concreters-catherine-field/,suburb,Catherine Field concreting enquiry,concreters Catherine Field,concrete driveways Catherine Field; South-West Sydney concreting,Concrete enquiries in Catherine Field | Structure Co Camden,"Prepare a concrete enquiry for Catherine Field. Structure Co coordinates site, access and service questions with a suitable independent provider in South-West Sydney.",Concreting enquiries in Catherine Field.,"H1: Concreting enquiries in Catherine Field. | H2: Begin with what is true of your site. | H2: Choose the conversation that fits. | H3: Concrete Driveways | H3: Exposed Aggregate | H3: Concrete Slabs | H3: Concrete Paths | H3: Concrete Patios | H3: Decorative Concrete | H2: Access, drainage and intended use. | H2: Continue around South-West Sydney. | H2: Before an area enquiry. | H2: Start a Catherine Field enquiry | H2: Explore | H2: Services | H2: Enquiries",https://concreterscamden.com.au/concreters-catherine-field/,Home > Areas We Serve > Concreters Catherine Field > Concrete Driveways,WebPage; BreadcrumbList,/; /about/; /concrete-crossovers-and-laybacks-south-west-sydney/; /concrete-driveways-south-west-sydney/; /concrete-paths-south-west-sydney/; /concrete-patios-south-west-sydney/; /concrete-slabs-south-west-sydney/; /concreters-appin/; /concreters-austral/; /concreters-bargo/; /concreters-bradbury/; /concreters-bringelly/; /concreters-camden-park/; /concreters-catherine-field/; /contact/; /decorative-concrete-south-west-sydney/; /exposed-aggregate-south-west-sydney/; /gallery/; /privacy-policy/; /quote/,"index,follow",build/53-council-suburb-map.json; suburbs-expanded.json; reports/34-service-page-rebuild.md
/concreters-cawdor/,suburb,Cawdor concreting enquiry,concreters Cawdor,concrete driveways Cawdor; South-West Sydney concreting,Concrete enquiries in Cawdor | Structure Co Camden,"Prepare a concrete enquiry for Cawdor. Structure Co coordinates site, access and service questions with a suitable independent provider in South-West Sydney.",Concreting enquiries in Cawdor.,"H1: Concreting enquiries in Cawdor. | H2: Begin with what is true of your site. | H2: Choose the conversation that fits. | H3: Concrete Driveways | H3: Exposed Aggregate | H3: Concrete Slabs | H3: Concrete Paths | H3: Concrete Patios | H3: Decorative Concrete | H2: Access, drainage and intended use. | H2: Continue around South-West Sydney. | H2: Before an area enquiry. | H2: Start a Cawdor enquiry | H2: Explore | H2: Services | H2: Enquiries",https://concreterscamden.com.au/concreters-cawdor/,Home > Areas We Serve > Concreters Cawdor > Concrete Driveways,WebPage; BreadcrumbList,/; /about/; /concrete-crossovers-and-laybacks-south-west-sydney/; /concrete-driveways-south-west-sydney/; /concrete-paths-south-west-sydney/; /concrete-patios-south-west-sydney/; /concrete-slabs-south-west-sydney/; /concreters-appin/; /concreters-austral/; /concreters-bargo/; /concreters-bradbury/; /concreters-bringelly/; /concreters-camden-park/; /concreters-cawdor/; /contact/; /decorative-concrete-south-west-sydney/; /exposed-aggregate-south-west-sydney/; /gallery/; /privacy-policy/; /quote/,"index,follow",build/53-council-suburb-map.json; suburbs-expanded.json; reports/34-service-page-rebuild.md
/concreters-cecil-hills/,suburb,Cecil Hills concreting enquiry,concreters Cecil Hills,concrete driveways Cecil Hills; South-West Sydney concreting,Concrete enquiries in Cecil Hills | Structure Co Camden,"Prepare a concrete enquiry for Cecil Hills. Structure Co coordinates site, access and service questions with a suitable independent provider in South-West Sydney.",Concreting enquiries in Cecil Hills.,"H1: Concreting enquiries in Cecil Hills. | H2: Begin with what is true of your site. | H2: Choose the conversation that fits. | H3: Concrete Driveways | H3: Exposed Aggregate | H3: Concrete Slabs | H3: Concrete Paths | H3: Concrete Patios | H3: Decorative Concrete | H2: Access, drainage and intended use. | H2: Continue around South-West Sydney. | H2: Before an area enquiry. | H2: Start a Cecil Hills enquiry | H2: Explore | H2: Services | H2: Enquiries",https://concreterscamden.com.au/concreters-cecil-hills/,Home > Areas We Serve > Concreters Cecil Hills > Concrete Driveways,WebPage; BreadcrumbList,/; /about/; /concrete-crossovers-and-laybacks-south-west-sydney/; /concrete-driveways-south-west-sydney/; /concrete-paths-south-west-sydney/; /concrete-patios-south-west-sydney/; /concrete-slabs-south-west-sydney/; /concreters-appin/; /concreters-austral/; /concreters-bargo/; /concreters-bradbury/; /concreters-bringelly/; /concreters-camden-park/; /concreters-cecil-hills/; /contact/; /decorative-concrete-south-west-sydney/; /exposed-aggregate-south-west-sydney/; /gallery/; /privacy-policy/; /quote/,"index,follow",build/53-council-suburb-map.json; suburbs-expanded.json; reports/34-service-page-rebuild.md
/concreters-cecil-park/,suburb,Cecil Park concreting enquiry,concreters Cecil Park,concrete driveways Cecil Park; South-West Sydney concreting,Concrete enquiries in Cecil Park | Structure Co Camden,"Prepare a concrete enquiry for Cecil Park. Structure Co coordinates site, access and service questions with a suitable independent provider in South-West Sydney.",Concreting enquiries in Cecil Park.,"H1: Concreting enquiries in Cecil Park. | H2: Begin with what is true of your site. | H2: Choose the conversation that fits. | H3: Concrete Driveways | H3: Exposed Aggregate | H3: Concrete Slabs | H3: Concrete Paths | H3: Concrete Patios | H3: Decorative Concrete | H2: Access, drainage and intended use. | H2: Continue around South-West Sydney. | H2: Before an area enquiry. | H2: Start a Cecil Park enquiry | H2: Explore | H2: Services | H2: Enquiries",https://concreterscamden.com.au/concreters-cecil-park/,Home > Areas We Serve > Concreters Cecil Park > Concrete Driveways,WebPage; BreadcrumbList,/; /about/; /concrete-crossovers-and-laybacks-south-west-sydney/; /concrete-driveways-south-west-sydney/; /concrete-paths-south-west-sydney/; /concrete-patios-south-west-sydney/; /concrete-slabs-south-west-sydney/; /concreters-appin/; /concreters-austral/; /concreters-bargo/; /concreters-bradbury/; /concreters-bringelly/; /concreters-camden-park/; /concreters-cecil-park/; /contact/; /decorative-concrete-south-west-sydney/; /exposed-aggregate-south-west-sydney/; /gallery/; /privacy-policy/; /quote/,"index,follow",build/53-council-suburb-map.json; suburbs-expanded.json; reports/34-service-page-rebuild.md
/concreters-chipping-norton/,suburb,Chipping Norton concreting enquiry,concreters Chipping Norton,concrete driveways Chipping Norton; South-West Sydney concreting,Concrete enquiries in Chipping Norton | Structure Co Camden,"Prepare a concrete enquiry for Chipping Norton. Structure Co coordinates site, access and service questions with a suitable independent provider in South-West Sydney.",Concreting enquiries in Chipping Norton.,"H1: Concreting enquiries in Chipping Norton. | H2: Begin with what is true of your site. | H2: Choose the conversation that fits. | H3: Concrete Driveways | H3: Exposed Aggregate | H3: Concrete Slabs | H3: Concrete Paths | H3: Concrete Patios | H3: Decorative Concrete | H2: Access, drainage and intended use. | H2: Continue around South-West Sydney. | H2: Before an area enquiry. | H2: Start a Chipping Norton enquiry | H2: Explore | H2: Services | H2: Enquiries",https://concreterscamden.com.au/concreters-chipping-norton/,Home > Areas We Serve > Concreters Chipping Norton > Concrete Driveways,WebPage; BreadcrumbList,/; /about/; /concrete-crossovers-and-laybacks-south-west-sydney/; /concrete-driveways-south-west-sydney/; /concrete-paths-south-west-sydney/; /concrete-patios-south-west-sydney/; /concrete-slabs-south-west-sydney/; /concreters-appin/; /concreters-austral/; /concreters-bargo/; /concreters-bradbury/; /concreters-bringelly/; /concreters-camden-park/; /concreters-chipping-norton/; /contact/; /decorative-concrete-south-west-sydney/; /exposed-aggregate-south-west-sydney/; /gallery/; /privacy-policy/; /quote/,"index,follow",build/53-council-suburb-map.json; suburbs-expanded.json; reports/34-service-page-rebuild.md
/concreters-cobbitty/,suburb,Cobbitty concreting enquiry,concreters Cobbitty,concrete driveways Cobbitty; South-West Sydney concreting,Concrete enquiries in Cobbitty | Structure Co Camden,"Prepare a concrete enquiry for Cobbitty. Structure Co coordinates site, access and service questions with a suitable independent provider in South-West Sydney.",Concreting enquiries in Cobbitty.,"H1: Concreting enquiries in Cobbitty. | H2: Begin with what is true of your site. | H2: Choose the conversation that fits. | H3: Concrete Driveways | H3: Exposed Aggregate | H3: Concrete Slabs | H3: Concrete Paths | H3: Concrete Patios | H3: Decorative Concrete | H2: Access, drainage and intended use. | H2: Continue around South-West Sydney. | H2: Before an area enquiry. | H2: Start a Cobbitty enquiry | H2: Explore | H2: Services | H2: Enquiries",https://concreterscamden.com.au/concreters-cobbitty/,Home > Areas We Serve > Concreters Cobbitty > Concrete Driveways,WebPage; BreadcrumbList,/; /about/; /concrete-crossovers-and-laybacks-south-west-sydney/; /concrete-driveways-south-west-sydney/; /concrete-paths-south-west-sydney/; /concrete-patios-south-west-sydney/; /concrete-slabs-south-west-sydney/; /concreters-appin/; /concreters-austral/; /concreters-bargo/; /concreters-bradbury/; /concreters-bringelly/; /concreters-camden-park/; /concreters-cobbitty/; /contact/; /decorative-concrete-south-west-sydney/; /exposed-aggregate-south-west-sydney/; /gallery/; /privacy-policy/; /quote/,"index,follow",build/53-council-suburb-map.json; suburbs-expanded.json; reports/34-service-page-rebuild.md
/concreters-currans-hill/,suburb,Currans Hill concreting enquiry,concreters Currans Hill,concrete driveways Currans Hill; South-West Sydney concreting,Concrete enquiries in Currans Hill | Structure Co Camden,"Prepare a concrete enquiry for Currans Hill. Structure Co coordinates site, access and service questions with a suitable independent provider in South-West Sydney.",Concreting enquiries in Currans Hill.,"H1: Concreting enquiries in Currans Hill. | H2: Begin with what is true of your site. | H2: Choose the conversation that fits. | H3: Concrete Driveways | H3: Exposed Aggregate | H3: Concrete Slabs | H3: Concrete Paths | H3: Concrete Patios | H3: Decorative Concrete | H2: Access, drainage and intended use. | H2: Continue around South-West Sydney. | H2: Before an area enquiry. | H2: Start a Currans Hill enquiry | H2: Explore | H2: Services | H2: Enquiries",https://concreterscamden.com.au/concreters-currans-hill/,Home > Areas We Serve > Concreters Currans Hill > Concrete Driveways,WebPage; BreadcrumbList,/; /about/; /concrete-crossovers-and-laybacks-south-west-sydney/; /concrete-driveways-south-west-sydney/; /concrete-paths-south-west-sydney/; /concrete-patios-south-west-sydney/; /concrete-slabs-south-west-sydney/; /concreters-appin/; /concreters-austral/; /concreters-bargo/; /concreters-bradbury/; /concreters-bringelly/; /concreters-camden-park/; /concreters-currans-hill/; /contact/; /decorative-concrete-south-west-sydney/; /exposed-aggregate-south-west-sydney/; /gallery/; /privacy-policy/; /quote/,"index,follow",build/53-council-suburb-map.json; suburbs-expanded.json; reports/34-service-page-rebuild.md
/concreters-douglas-park/,suburb,Douglas Park concreting enquiry,concreters Douglas Park,concrete driveways Douglas Park; South-West Sydney concreting,Concrete enquiries in Douglas Park | Structure Co Camden,"Prepare a concrete enquiry for Douglas Park. Structure Co coordinates site, access and service questions with a suitable independent provider in South-West Sydney.",Concreting enquiries in Douglas Park.,"H1: Concreting enquiries in Douglas Park. | H2: Begin with what is true of your site. | H2: Choose the conversation that fits. | H3: Concrete Driveways | H3: Exposed Aggregate | H3: Concrete Slabs | H3: Concrete Paths | H3: Concrete Patios | H3: Decorative Concrete | H2: Access, drainage and intended use. | H2: Continue around South-West Sydney. | H2: Before an area enquiry. | H2: Start a Douglas Park enquiry | H2: Explore | H2: Services | H2: Enquiries",https://concreterscamden.com.au/concreters-douglas-park/,Home > Areas We Serve > Concreters Douglas Park > Concrete Driveways,WebPage; BreadcrumbList,/; /about/; /concrete-crossovers-and-laybacks-south-west-sydney/; /concrete-driveways-south-west-sydney/; /concrete-paths-south-west-sydney/; /concrete-patios-south-west-sydney/; /concrete-slabs-south-west-sydney/; /concreters-appin/; /concreters-austral/; /concreters-bargo/; /concreters-bradbury/; /concreters-bringelly/; /concreters-camden-park/; /concreters-douglas-park/; /contact/; /decorative-concrete-south-west-sydney/; /exposed-aggregate-south-west-sydney/; /gallery/; /privacy-policy/; /quote/,"index,follow",build/53-council-suburb-map.json; suburbs-expanded.json; reports/34-service-page-rebuild.md
/concreters-eagle-vale/,suburb,Eagle Vale concreting enquiry,concreters Eagle Vale,concrete driveways Eagle Vale; South-West Sydney concreting,Concrete enquiries in Eagle Vale | Structure Co Camden,"Prepare a concrete enquiry for Eagle Vale. Structure Co coordinates site, access and service questions with a suitable independent provider in South-West Sydney.",Concreting enquiries in Eagle Vale.,"H1: Concreting enquiries in Eagle Vale. | H2: Begin with what is true of your site. | H2: Choose the conversation that fits. | H3: Concrete Driveways | H3: Exposed Aggregate | H3: Concrete Slabs | H3: Concrete Paths | H3: Concrete Patios | H3: Decorative Concrete | H2: Access, drainage and intended use. | H2: Continue around South-West Sydney. | H2: Before an area enquiry. | H2: Start a Eagle Vale enquiry | H2: Explore | H2: Services | H2: Enquiries",https://concreterscamden.com.au/concreters-eagle-vale/,Home > Areas We Serve > Concreters Eagle Vale > Concrete Driveways,WebPage; BreadcrumbList,/; /about/; /concrete-crossovers-and-laybacks-south-west-sydney/; /concrete-driveways-south-west-sydney/; /concrete-paths-south-west-sydney/; /concrete-patios-south-west-sydney/; /concrete-slabs-south-west-sydney/; /concreters-appin/; /concreters-austral/; /concreters-bargo/; /concreters-bradbury/; /concreters-bringelly/; /concreters-camden-park/; /concreters-eagle-vale/; /contact/; /decorative-concrete-south-west-sydney/; /exposed-aggregate-south-west-sydney/; /gallery/; /privacy-policy/; /quote/,"index,follow",build/53-council-suburb-map.json; suburbs-expanded.json; reports/34-service-page-rebuild.md
/concreters-edmondson-park/,suburb,Edmondson Park concreting enquiry,concreters Edmondson Park,concrete driveways Edmondson Park; South-West Sydney concreting,Concrete enquiries in Edmondson Park | Structure Co Camden,"Prepare a concrete enquiry for Edmondson Park. Structure Co coordinates site, access and service questions with a suitable independent provider in South-West Sydney.",Concreting enquiries in Edmondson Park.,"H1: Concreting enquiries in Edmondson Park. | H2: Begin with what is true of your site. | H2: Choose the conversation that fits. | H3: Concrete Driveways | H3: Exposed Aggregate | H3: Concrete Slabs | H3: Concrete Paths | H3: Concrete Patios | H3: Decorative Concrete | H2: Access, drainage and intended use. | H2: Continue around South-West Sydney. | H2: Before an area enquiry. | H2: Start a Edmondson Park enquiry | H2: Explore | H2: Services | H2: Enquiries",https://concreterscamden.com.au/concreters-edmondson-park/,Home > Areas We Serve > Concreters Edmondson Park > Concrete Driveways,WebPage; BreadcrumbList,/; /about/; /concrete-crossovers-and-laybacks-south-west-sydney/; /concrete-driveways-south-west-sydney/; /concrete-paths-south-west-sydney/; /concrete-patios-south-west-sydney/; /concrete-slabs-south-west-sydney/; /concreters-appin/; /concreters-austral/; /concreters-bargo/; /concreters-bradbury/; /concreters-bringelly/; /concreters-camden-park/; /concreters-edmondson-park/; /contact/; /decorative-concrete-south-west-sydney/; /exposed-aggregate-south-west-sydney/; /gallery/; /privacy-policy/; /quote/,"index,follow",build/53-council-suburb-map.json; suburbs-expanded.json; reports/34-service-page-rebuild.md
/concreters-elderslie/,suburb,Elderslie concreting enquiry,concreters Elderslie,concrete driveways Elderslie; South-West Sydney concreting,Concrete enquiries in Elderslie | Structure Co Camden,"Prepare a concrete enquiry for Elderslie. Structure Co coordinates site, access and service questions with a suitable independent provider in South-West Sydney.",Concreting enquiries in Elderslie.,"H1: Concreting enquiries in Elderslie. | H2: Begin with what is true of your site. | H2: Choose the conversation that fits. | H3: Concrete Driveways | H3: Exposed Aggregate | H3: Concrete Slabs | H3: Concrete Paths | H3: Concrete Patios | H3: Decorative Concrete | H2: Access, drainage and intended use. | H2: Continue around South-West Sydney. | H2: Before an area enquiry. | H2: Start a Elderslie enquiry | H2: Explore | H2: Services | H2: Enquiries",https://concreterscamden.com.au/concreters-elderslie/,Home > Areas We Serve > Concreters Elderslie > Concrete Driveways,WebPage; BreadcrumbList,/; /about/; /concrete-crossovers-and-laybacks-south-west-sydney/; /concrete-driveways-south-west-sydney/; /concrete-paths-south-west-sydney/; /concrete-patios-south-west-sydney/; /concrete-slabs-south-west-sydney/; /concreters-appin/; /concreters-austral/; /concreters-bargo/; /concreters-bradbury/; /concreters-bringelly/; /concreters-camden-park/; /concreters-elderslie/; /contact/; /decorative-concrete-south-west-sydney/; /exposed-aggregate-south-west-sydney/; /gallery/; /privacy-policy/; /quote/,"index,follow",build/53-council-suburb-map.json; suburbs-expanded.json; reports/34-service-page-rebuild.md
/concreters-elizabeth-hills/,suburb,Elizabeth Hills concreting enquiry,concreters Elizabeth Hills,concrete driveways Elizabeth Hills; South-West Sydney concreting,Concrete enquiries in Elizabeth Hills | Structure Co Camden,"Prepare a concrete enquiry for Elizabeth Hills. Structure Co coordinates site, access and service questions with a suitable independent provider in South-West Sydney.",Concreting enquiries in Elizabeth Hills.,"H1: Concreting enquiries in Elizabeth Hills. | H2: Begin with what is true of your site. | H2: Choose the conversation that fits. | H3: Concrete Driveways | H3: Exposed Aggregate | H3: Concrete Slabs | H3: Concrete Paths | H3: Concrete Patios | H3: Decorative Concrete | H2: Access, drainage and intended use. | H2: Continue around South-West Sydney. | H2: Before an area enquiry. | H2: Start a Elizabeth Hills enquiry | H2: Explore | H2: Services | H2: Enquiries",https://concreterscamden.com.au/concreters-elizabeth-hills/,Home > Areas We Serve > Concreters Elizabeth Hills > Concrete Driveways,WebPage; BreadcrumbList,/; /about/; /concrete-crossovers-and-laybacks-south-west-sydney/; /concrete-driveways-south-west-sydney/; /concrete-paths-south-west-sydney/; /concrete-patios-south-west-sydney/; /concrete-slabs-south-west-sydney/; /concreters-appin/; /concreters-austral/; /concreters-bargo/; /concreters-bradbury/; /concreters-bringelly/; /concreters-camden-park/; /concreters-elizabeth-hills/; /contact/; /decorative-concrete-south-west-sydney/; /exposed-aggregate-south-west-sydney/; /gallery/; /privacy-policy/; /quote/,"index,follow",build/53-council-suburb-map.json; suburbs-expanded.json; reports/34-service-page-rebuild.md
/concreters-ellis-lane/,suburb,Ellis Lane concreting enquiry,concreters Ellis Lane,concrete driveways Ellis Lane; South-West Sydney concreting,Concrete enquiries in Ellis Lane | Structure Co Camden,"Prepare a concrete enquiry for Ellis Lane. Structure Co coordinates site, access and service questions with a suitable independent provider in South-West Sydney.",Concreting enquiries in Ellis Lane.,"H1: Concreting enquiries in Ellis Lane. | H2: Begin with what is true of your site. | H2: Choose the conversation that fits. | H3: Concrete Driveways | H3: Exposed Aggregate | H3: Concrete Slabs | H3: Concrete Paths | H3: Concrete Patios | H3: Decorative Concrete | H2: Access, drainage and intended use. | H2: Continue around South-West Sydney. | H2: Before an area enquiry. | H2: Start a Ellis Lane enquiry | H2: Explore | H2: Services | H2: Enquiries",https://concreterscamden.com.au/concreters-ellis-lane/,Home > Areas We Serve > Concreters Ellis Lane > Concrete Driveways,WebPage; BreadcrumbList,/; /about/; /concrete-crossovers-and-laybacks-south-west-sydney/; /concrete-driveways-south-west-sydney/; /concrete-paths-south-west-sydney/; /concrete-patios-south-west-sydney/; /concrete-slabs-south-west-sydney/; /concreters-appin/; /concreters-austral/; /concreters-bargo/; /concreters-bradbury/; /concreters-bringelly/; /concreters-camden-park/; /concreters-ellis-lane/; /contact/; /decorative-concrete-south-west-sydney/; /exposed-aggregate-south-west-sydney/; /gallery/; /privacy-policy/; /quote/,"index,follow",build/53-council-suburb-map.json; suburbs-expanded.json; reports/34-service-page-rebuild.md
/concreters-gilead/,suburb,Gilead concreting enquiry,concreters Gilead,concrete driveways Gilead; South-West Sydney concreting,Concrete enquiries in Gilead | Structure Co Camden,"Prepare a concrete enquiry for Gilead. Structure Co coordinates site, access and service questions with a suitable independent provider in South-West Sydney.",Concreting enquiries in Gilead.,"H1: Concreting enquiries in Gilead. | H2: Begin with what is true of your site. | H2: Choose the conversation that fits. | H3: Concrete Driveways | H3: Exposed Aggregate | H3: Concrete Slabs | H3: Concrete Paths | H3: Concrete Patios | H3: Decorative Concrete | H2: Access, drainage and intended use. | H2: Continue around South-West Sydney. | H2: Before an area enquiry. | H2: Start a Gilead enquiry | H2: Explore | H2: Services | H2: Enquiries",https://concreterscamden.com.au/concreters-gilead/,Home > Areas We Serve > Concreters Gilead > Concrete Driveways,WebPage; BreadcrumbList,/; /about/; /concrete-crossovers-and-laybacks-south-west-sydney/; /concrete-driveways-south-west-sydney/; /concrete-paths-south-west-sydney/; /concrete-patios-south-west-sydney/; /concrete-slabs-south-west-sydney/; /concreters-appin/; /concreters-austral/; /concreters-bargo/; /concreters-bradbury/; /concreters-bringelly/; /concreters-camden-park/; /concreters-gilead/; /contact/; /decorative-concrete-south-west-sydney/; /exposed-aggregate-south-west-sydney/; /gallery/; /privacy-policy/; /quote/,"index,follow",build/53-council-suburb-map.json; suburbs-expanded.json; reports/34-service-page-rebuild.md
/concreters-glen-alpine/,suburb,Glen Alpine concreting enquiry,concreters Glen Alpine,concrete driveways Glen Alpine; South-West Sydney concreting,Concrete enquiries in Glen Alpine | Structure Co Camden,"Prepare a concrete enquiry for Glen Alpine. Structure Co coordinates site, access and service questions with a suitable independent provider in South-West Sydney.",Concreting enquiries in Glen Alpine.,"H1: Concreting enquiries in Glen Alpine. | H2: Begin with what is true of your site. | H2: Choose the conversation that fits. | H3: Concrete Driveways | H3: Exposed Aggregate | H3: Concrete Slabs | H3: Concrete Paths | H3: Concrete Patios | H3: Decorative Concrete | H2: Access, drainage and intended use. | H2: Continue around South-West Sydney. | H2: Before an area enquiry. | H2: Start a Glen Alpine enquiry | H2: Explore | H2: Services | H2: Enquiries",https://concreterscamden.com.au/concreters-glen-alpine/,Home > Areas We Serve > Concreters Glen Alpine > Concrete Driveways,WebPage; BreadcrumbList,/; /about/; /concrete-crossovers-and-laybacks-south-west-sydney/; /concrete-driveways-south-west-sydney/; /concrete-paths-south-west-sydney/; /concrete-patios-south-west-sydney/; /concrete-slabs-south-west-sydney/; /concreters-appin/; /concreters-austral/; /concreters-bargo/; /concreters-bradbury/; /concreters-bringelly/; /concreters-camden-park/; /concreters-glen-alpine/; /contact/; /decorative-concrete-south-west-sydney/; /exposed-aggregate-south-west-sydney/; /gallery/; /privacy-policy/; /quote/,"index,follow",build/53-council-suburb-map.json; suburbs-expanded.json; reports/34-service-page-rebuild.md
/concreters-glenfield/,suburb,Glenfield concreting enquiry,concreters Glenfield,concrete driveways Glenfield; South-West Sydney concreting,Concrete enquiries in Glenfield | Structure Co Camden,"Prepare a concrete enquiry for Glenfield. Structure Co coordinates site, access and service questions with a suitable independent provider in South-West Sydney.",Concreting enquiries in Glenfield.,"H1: Concreting enquiries in Glenfield. | H2: Begin with what is true of your site. | H2: Choose the conversation that fits. | H3: Concrete Driveways | H3: Exposed Aggregate | H3: Concrete Slabs | H3: Concrete Paths | H3: Concrete Patios | H3: Decorative Concrete | H2: Access, drainage and intended use. | H2: Continue around South-West Sydney. | H2: Before an area enquiry. | H2: Start a Glenfield enquiry | H2: Explore | H2: Services | H2: Enquiries",https://concreterscamden.com.au/concreters-glenfield/,Home > Areas We Serve > Concreters Glenfield > Concrete Driveways,WebPage; BreadcrumbList,/; /about/; /concrete-crossovers-and-laybacks-south-west-sydney/; /concrete-driveways-south-west-sydney/; /concrete-paths-south-west-sydney/; /concrete-patios-south-west-sydney/; /concrete-slabs-south-west-sydney/; /concreters-appin/; /concreters-austral/; /concreters-bargo/; /concreters-bradbury/; /concreters-bringelly/; /concreters-camden-park/; /concreters-glenfield/; /contact/; /decorative-concrete-south-west-sydney/; /exposed-aggregate-south-west-sydney/; /gallery/; /privacy-policy/; /quote/,"index,follow",build/53-council-suburb-map.json; suburbs-expanded.json; reports/34-service-page-rebuild.md
/concreters-grasmere/,suburb,Grasmere concreting enquiry,concreters Grasmere,concrete driveways Grasmere; South-West Sydney concreting,Concrete enquiries in Grasmere | Structure Co Camden,"Prepare a concrete enquiry for Grasmere. Structure Co coordinates site, access and service questions with a suitable independent provider in South-West Sydney.",Concreting enquiries in Grasmere.,"H1: Concreting enquiries in Grasmere. | H2: Begin with what is true of your site. | H2: Choose the conversation that fits. | H3: Concrete Driveways | H3: Exposed Aggregate | H3: Concrete Slabs | H3: Concrete Paths | H3: Concrete Patios | H3: Decorative Concrete | H2: Access, drainage and intended use. | H2: Continue around South-West Sydney. | H2: Before an area enquiry. | H2: Start a Grasmere enquiry | H2: Explore | H2: Services | H2: Enquiries",https://concreterscamden.com.au/concreters-grasmere/,Home > Areas We Serve > Concreters Grasmere > Concrete Driveways,WebPage; BreadcrumbList,/; /about/; /concrete-crossovers-and-laybacks-south-west-sydney/; /concrete-driveways-south-west-sydney/; /concrete-paths-south-west-sydney/; /concrete-patios-south-west-sydney/; /concrete-slabs-south-west-sydney/; /concreters-appin/; /concreters-austral/; /concreters-bargo/; /concreters-bradbury/; /concreters-bringelly/; /concreters-camden-park/; /concreters-grasmere/; /contact/; /decorative-concrete-south-west-sydney/; /exposed-aggregate-south-west-sydney/; /gallery/; /privacy-policy/; /quote/,"index,follow",build/53-council-suburb-map.json; suburbs-expanded.json; reports/34-service-page-rebuild.md
/concreters-horningsea-park/,suburb,Horningsea Park concreting enquiry,concreters Horningsea Park,concrete driveways Horningsea Park; South-West Sydney concreting,Concrete enquiries in Horningsea Park | Structure Co Camden,"Prepare a concrete enquiry for Horningsea Park. Structure Co coordinates site, access and service questions with a suitable independent provider in South-West Sydney.",Concreting enquiries in Horningsea Park.,"H1: Concreting enquiries in Horningsea Park. | H2: Begin with what is true of your site. | H2: Choose the conversation that fits. | H3: Concrete Driveways | H3: Exposed Aggregate | H3: Concrete Slabs | H3: Concrete Paths | H3: Concrete Patios | H3: Decorative Concrete | H2: Access, drainage and intended use. | H2: Continue around South-West Sydney. | H2: Before an area enquiry. | H2: Start a Horningsea Park enquiry | H2: Explore | H2: Services | H2: Enquiries",https://concreterscamden.com.au/concreters-horningsea-park/,Home > Areas We Serve > Concreters Horningsea Park > Concrete Driveways,WebPage; BreadcrumbList,/; /about/; /concrete-crossovers-and-laybacks-south-west-sydney/; /concrete-driveways-south-west-sydney/; /concrete-paths-south-west-sydney/; /concrete-patios-south-west-sydney/; /concrete-slabs-south-west-sydney/; /concreters-appin/; /concreters-austral/; /concreters-bargo/; /concreters-bradbury/; /concreters-bringelly/; /concreters-camden-park/; /concreters-horningsea-park/; /contact/; /decorative-concrete-south-west-sydney/; /exposed-aggregate-south-west-sydney/; /gallery/; /privacy-policy/; /quote/,"index,follow",build/53-council-suburb-map.json; suburbs-expanded.json; reports/34-service-page-rebuild.md
/concreters-hoxton-park/,suburb,Hoxton Park concreting enquiry,concreters Hoxton Park,concrete driveways Hoxton Park; South-West Sydney concreting,Concrete enquiries in Hoxton Park | Structure Co Camden,"Prepare a concrete enquiry for Hoxton Park. Structure Co coordinates site, access and service questions with a suitable independent provider in South-West Sydney.",Concreting enquiries in Hoxton Park.,"H1: Concreting enquiries in Hoxton Park. | H2: Begin with what is true of your site. | H2: Choose the conversation that fits. | H3: Concrete Driveways | H3: Exposed Aggregate | H3: Concrete Slabs | H3: Concrete Paths | H3: Concrete Patios | H3: Decorative Concrete | H2: Access, drainage and intended use. | H2: Continue around South-West Sydney. | H2: Before an area enquiry. | H2: Start a Hoxton Park enquiry | H2: Explore | H2: Services | H2: Enquiries",https://concreterscamden.com.au/concreters-hoxton-park/,Home > Areas We Serve > Concreters Hoxton Park > Concrete Driveways,WebPage; BreadcrumbList,/; /about/; /concrete-crossovers-and-laybacks-south-west-sydney/; /concrete-driveways-south-west-sydney/; /concrete-paths-south-west-sydney/; /concrete-patios-south-west-sydney/; /concrete-slabs-south-west-sydney/; /concreters-appin/; /concreters-austral/; /concreters-bargo/; /concreters-bradbury/; /concreters-bringelly/; /concreters-camden-park/; /concreters-hoxton-park/; /contact/; /decorative-concrete-south-west-sydney/; /exposed-aggregate-south-west-sydney/; /gallery/; /privacy-policy/; /quote/,"index,follow",build/53-council-suburb-map.json; suburbs-expanded.json; reports/34-service-page-rebuild.md
/concreters-ingleburn/,suburb,Ingleburn concreting enquiry,concreters Ingleburn,concrete driveways Ingleburn; South-West Sydney concreting,Concrete enquiries in Ingleburn | Structure Co Camden,"Prepare a concrete enquiry for Ingleburn. Structure Co coordinates site, access and service questions with a suitable independent provider in South-West Sydney.",Concreting enquiries in Ingleburn.,"H1: Concreting enquiries in Ingleburn. | H2: Begin with what is true of your site. | H2: Choose the conversation that fits. | H3: Concrete Driveways | H3: Exposed Aggregate | H3: Concrete Slabs | H3: Concrete Paths | H3: Concrete Patios | H3: Decorative Concrete | H2: Access, drainage and intended use. | H2: Continue around South-West Sydney. | H2: Before an area enquiry. | H2: Start a Ingleburn enquiry | H2: Explore | H2: Services | H2: Enquiries",https://concreterscamden.com.au/concreters-ingleburn/,Home > Areas We Serve > Concreters Ingleburn > Concrete Driveways,WebPage; BreadcrumbList,/; /about/; /concrete-crossovers-and-laybacks-south-west-sydney/; /concrete-driveways-south-west-sydney/; /concrete-paths-south-west-sydney/; /concrete-patios-south-west-sydney/; /concrete-slabs-south-west-sydney/; /concreters-appin/; /concreters-austral/; /concreters-bargo/; /concreters-bradbury/; /concreters-bringelly/; /concreters-camden-park/; /concreters-ingleburn/; /contact/; /decorative-concrete-south-west-sydney/; /exposed-aggregate-south-west-sydney/; /gallery/; /privacy-policy/; /quote/,"index,follow",build/53-council-suburb-map.json; suburbs-expanded.json; reports/34-service-page-rebuild.md
/concreters-kemps-creek/,suburb,Kemps Creek concreting enquiry,concreters Kemps Creek,concrete driveways Kemps Creek; South-West Sydney concreting,Concrete enquiries in Kemps Creek | Structure Co Camden,"Prepare a concrete enquiry for Kemps Creek. Structure Co coordinates site, access and service questions with a suitable independent provider in South-West Sydney.",Concreting enquiries in Kemps Creek.,"H1: Concreting enquiries in Kemps Creek. | H2: Begin with what is true of your site. | H2: Choose the conversation that fits. | H3: Concrete Driveways | H3: Exposed Aggregate | H3: Concrete Slabs | H3: Concrete Paths | H3: Concrete Patios | H3: Decorative Concrete | H2: Access, drainage and intended use. | H2: Continue around South-West Sydney. | H2: Before an area enquiry. | H2: Start a Kemps Creek enquiry | H2: Explore | H2: Services | H2: Enquiries",https://concreterscamden.com.au/concreters-kemps-creek/,Home > Areas We Serve > Concreters Kemps Creek > Concrete Driveways,WebPage; BreadcrumbList,/; /about/; /concrete-crossovers-and-laybacks-south-west-sydney/; /concrete-driveways-south-west-sydney/; /concrete-paths-south-west-sydney/; /concrete-patios-south-west-sydney/; /concrete-slabs-south-west-sydney/; /concreters-appin/; /concreters-austral/; /concreters-bargo/; /concreters-bradbury/; /concreters-bringelly/; /concreters-camden-park/; /concreters-kemps-creek/; /contact/; /decorative-concrete-south-west-sydney/; /exposed-aggregate-south-west-sydney/; /gallery/; /privacy-policy/; /quote/,"index,follow",build/53-council-suburb-map.json; suburbs-expanded.json; reports/34-service-page-rebuild.md
/concreters-kirkham/,suburb,Kirkham concreting enquiry,concreters Kirkham,concrete driveways Kirkham; South-West Sydney concreting,Concrete enquiries in Kirkham | Structure Co Camden,"Prepare a concrete enquiry for Kirkham. Structure Co coordinates site, access and service questions with a suitable independent provider in South-West Sydney.",Concreting enquiries in Kirkham.,"H1: Concreting enquiries in Kirkham. | H2: Begin with what is true of your site. | H2: Choose the conversation that fits. | H3: Concrete Driveways | H3: Exposed Aggregate | H3: Concrete Slabs | H3: Concrete Paths | H3: Concrete Patios | H3: Decorative Concrete | H2: Access, drainage and intended use. | H2: Continue around South-West Sydney. | H2: Before an area enquiry. | H2: Start a Kirkham enquiry | H2: Explore | H2: Services | H2: Enquiries",https://concreterscamden.com.au/concreters-kirkham/,Home > Areas We Serve > Concreters Kirkham > Concrete Driveways,WebPage; BreadcrumbList,/; /about/; /concrete-crossovers-and-laybacks-south-west-sydney/; /concrete-driveways-south-west-sydney/; /concrete-paths-south-west-sydney/; /concrete-patios-south-west-sydney/; /concrete-slabs-south-west-sydney/; /concreters-appin/; /concreters-austral/; /concreters-bargo/; /concreters-bradbury/; /concreters-bringelly/; /concreters-camden-park/; /concreters-kirkham/; /contact/; /decorative-concrete-south-west-sydney/; /exposed-aggregate-south-west-sydney/; /gallery/; /privacy-policy/; /quote/,"index,follow",build/53-council-suburb-map.json; suburbs-expanded.json; reports/34-service-page-rebuild.md
/concreters-len-waters-estate/,suburb,Len Waters Estate concreting enquiry,concreters Len Waters Estate,concrete driveways Len Waters Estate; South-West Sydney concreting,Concrete enquiries in Len Waters Estate | Structure Co Camden,"Prepare a concrete enquiry for Len Waters Estate. Structure Co coordinates site, access and service questions with a suitable independent provider in South-West Sydney.",Concreting enquiries in Len Waters Estate.,"H1: Concreting enquiries in Len Waters Estate. | H2: Begin with what is true of your site. | H2: Choose the conversation that fits. | H3: Concrete Driveways | H3: Exposed Aggregate | H3: Concrete Slabs | H3: Concrete Paths | H3: Concrete Patios | H3: Decorative Concrete | H2: Access, drainage and intended use. | H2: Continue around South-West Sydney. | H2: Before an area enquiry. | H2: Start a Len Waters Estate enquiry | H2: Explore | H2: Services | H2: Enquiries",https://concreterscamden.com.au/concreters-len-waters-estate/,Home > Areas We Serve > Concreters Len Waters Estate > Concrete Driveways,WebPage; BreadcrumbList,/; /about/; /concrete-crossovers-and-laybacks-south-west-sydney/; /concrete-driveways-south-west-sydney/; /concrete-paths-south-west-sydney/; /concrete-patios-south-west-sydney/; /concrete-slabs-south-west-sydney/; /concreters-appin/; /concreters-austral/; /concreters-bargo/; /concreters-bradbury/; /concreters-bringelly/; /concreters-camden-park/; /concreters-len-waters-estate/; /contact/; /decorative-concrete-south-west-sydney/; /exposed-aggregate-south-west-sydney/; /gallery/; /privacy-policy/; /quote/,"index,follow",build/53-council-suburb-map.json; suburbs-expanded.json; reports/34-service-page-rebuild.md
/concreters-leumeah/,suburb,Leumeah concreting enquiry,concreters Leumeah,concrete driveways Leumeah; South-West Sydney concreting,Concrete enquiries in Leumeah | Structure Co Camden,"Prepare a concrete enquiry for Leumeah. Structure Co coordinates site, access and service questions with a suitable independent provider in South-West Sydney.",Concreting enquiries in Leumeah.,"H1: Concreting enquiries in Leumeah. | H2: Begin with what is true of your site. | H2: Choose the conversation that fits. | H3: Concrete Driveways | H3: Exposed Aggregate | H3: Concrete Slabs | H3: Concrete Paths | H3: Concrete Patios | H3: Decorative Concrete | H2: Access, drainage and intended use. | H2: Continue around South-West Sydney. | H2: Before an area enquiry. | H2: Start a Leumeah enquiry | H2: Explore | H2: Services | H2: Enquiries",https://concreterscamden.com.au/concreters-leumeah/,Home > Areas We Serve > Concreters Leumeah > Concrete Driveways,WebPage; BreadcrumbList,/; /about/; /concrete-crossovers-and-laybacks-south-west-sydney/; /concrete-driveways-south-west-sydney/; /concrete-paths-south-west-sydney/; /concrete-patios-south-west-sydney/; /concrete-slabs-south-west-sydney/; /concreters-appin/; /concreters-austral/; /concreters-bargo/; /concreters-bradbury/; /concreters-bringelly/; /concreters-camden-park/; /concreters-leumeah/; /contact/; /decorative-concrete-south-west-sydney/; /exposed-aggregate-south-west-sydney/; /gallery/; /privacy-policy/; /quote/,"index,follow",build/53-council-suburb-map.json; suburbs-expanded.json; reports/34-service-page-rebuild.md
/concreters-macquarie-fields/,suburb,Macquarie Fields concreting enquiry,concreters Macquarie Fields,concrete driveways Macquarie Fields; South-West Sydney concreting,Concrete enquiries in Macquarie Fields | Structure Co Camden,"Prepare a concrete enquiry for Macquarie Fields. Structure Co coordinates site, access and service questions with a suitable independent provider in South-West Sydney.",Concreting enquiries in Macquarie Fields.,"H1: Concreting enquiries in Macquarie Fields. | H2: Begin with what is true of your site. | H2: Choose the conversation that fits. | H3: Concrete Driveways | H3: Exposed Aggregate | H3: Concrete Slabs | H3: Concrete Paths | H3: Concrete Patios | H3: Decorative Concrete | H2: Access, drainage and intended use. | H2: Continue around South-West Sydney. | H2: Before an area enquiry. | H2: Start a Macquarie Fields enquiry | H2: Explore | H2: Services | H2: Enquiries",https://concreterscamden.com.au/concreters-macquarie-fields/,Home > Areas We Serve > Concreters Macquarie Fields > Concrete Driveways,WebPage; BreadcrumbList,/; /about/; /concrete-crossovers-and-laybacks-south-west-sydney/; /concrete-driveways-south-west-sydney/; /concrete-paths-south-west-sydney/; /concrete-patios-south-west-sydney/; /concrete-slabs-south-west-sydney/; /concreters-appin/; /concreters-austral/; /concreters-bargo/; /concreters-bradbury/; /concreters-bringelly/; /concreters-camden-park/; /concreters-macquarie-fields/; /contact/; /decorative-concrete-south-west-sydney/; /exposed-aggregate-south-west-sydney/; /gallery/; /privacy-policy/; /quote/,"index,follow",build/53-council-suburb-map.json; suburbs-expanded.json; reports/34-service-page-rebuild.md
/concreters-menangle-park/,suburb,Menangle Park concreting enquiry,concreters Menangle Park,concrete driveways Menangle Park; South-West Sydney concreting,Concrete enquiries in Menangle Park | Structure Co Camden,"Prepare a concrete enquiry for Menangle Park. Structure Co coordinates site, access and service questions with a suitable independent provider in South-West Sydney.",Concreting enquiries in Menangle Park.,"H1: Concreting enquiries in Menangle Park. | H2: Begin with what is true of your site. | H2: Choose the conversation that fits. | H3: Concrete Driveways | H3: Exposed Aggregate | H3: Concrete Slabs | H3: Concrete Paths | H3: Concrete Patios | H3: Decorative Concrete | H2: Access, drainage and intended use. | H2: Continue around South-West Sydney. | H2: Before an area enquiry. | H2: Start a Menangle Park enquiry | H2: Explore | H2: Services | H2: Enquiries",https://concreterscamden.com.au/concreters-menangle-park/,Home > Areas We Serve > Concreters Menangle Park > Concrete Driveways,WebPage; BreadcrumbList,/; /about/; /concrete-crossovers-and-laybacks-south-west-sydney/; /concrete-driveways-south-west-sydney/; /concrete-paths-south-west-sydney/; /concrete-patios-south-west-sydney/; /concrete-slabs-south-west-sydney/; /concreters-appin/; /concreters-austral/; /concreters-bargo/; /concreters-bradbury/; /concreters-bringelly/; /concreters-camden-park/; /concreters-menangle-park/; /contact/; /decorative-concrete-south-west-sydney/; /exposed-aggregate-south-west-sydney/; /gallery/; /privacy-policy/; /quote/,"index,follow",build/53-council-suburb-map.json; suburbs-expanded.json; reports/34-service-page-rebuild.md
/concreters-menangle/,suburb,Menangle concreting enquiry,concreters Menangle,concrete driveways Menangle; South-West Sydney concreting,Concrete enquiries in Menangle | Structure Co Camden,"Prepare a concrete enquiry for Menangle. Structure Co coordinates site, access and service questions with a suitable independent provider in South-West Sydney.",Concreting enquiries in Menangle.,"H1: Concreting enquiries in Menangle. | H2: Begin with what is true of your site. | H2: Choose the conversation that fits. | H3: Concrete Driveways | H3: Exposed Aggregate | H3: Concrete Slabs | H3: Concrete Paths | H3: Concrete Patios | H3: Decorative Concrete | H2: Access, drainage and intended use. | H2: Continue around South-West Sydney. | H2: Before an area enquiry. | H2: Start a Menangle enquiry | H2: Explore | H2: Services | H2: Enquiries",https://concreterscamden.com.au/concreters-menangle/,Home > Areas We Serve > Concreters Menangle > Concrete Driveways,WebPage; BreadcrumbList,/; /about/; /concrete-crossovers-and-laybacks-south-west-sydney/; /concrete-driveways-south-west-sydney/; /concrete-paths-south-west-sydney/; /concrete-patios-south-west-sydney/; /concrete-slabs-south-west-sydney/; /concreters-appin/; /concreters-austral/; /concreters-bargo/; /concreters-bradbury/; /concreters-bringelly/; /concreters-camden-park/; /concreters-menangle/; /contact/; /decorative-concrete-south-west-sydney/; /exposed-aggregate-south-west-sydney/; /gallery/; /privacy-policy/; /quote/,"index,follow",build/53-council-suburb-map.json; suburbs-expanded.json; reports/34-service-page-rebuild.md
/concreters-middleton-grange/,suburb,Middleton Grange concreting enquiry,concreters Middleton Grange,concrete driveways Middleton Grange; South-West Sydney concreting,Concrete enquiries in Middleton Grange | Structure Co Camden,"Prepare a concrete enquiry for Middleton Grange. Structure Co coordinates site, access and service questions with a suitable independent provider in South-West Sydney.",Concreting enquiries in Middleton Grange.,"H1: Concreting enquiries in Middleton Grange. | H2: Begin with what is true of your site. | H2: Choose the conversation that fits. | H3: Concrete Driveways | H3: Exposed Aggregate | H3: Concrete Slabs | H3: Concrete Paths | H3: Concrete Patios | H3: Decorative Concrete | H2: Access, drainage and intended use. | H2: Continue around South-West Sydney. | H2: Before an area enquiry. | H2: Start a Middleton Grange enquiry | H2: Explore | H2: Services | H2: Enquiries",https://concreterscamden.com.au/concreters-middleton-grange/,Home > Areas We Serve > Concreters Middleton Grange > Concrete Driveways,WebPage; BreadcrumbList,/; /about/; /concrete-crossovers-and-laybacks-south-west-sydney/; /concrete-driveways-south-west-sydney/; /concrete-paths-south-west-sydney/; /concrete-patios-south-west-sydney/; /concrete-slabs-south-west-sydney/; /concreters-appin/; /concreters-austral/; /concreters-bargo/; /concreters-bradbury/; /concreters-bringelly/; /concreters-camden-park/; /concreters-middleton-grange/; /contact/; /decorative-concrete-south-west-sydney/; /exposed-aggregate-south-west-sydney/; /gallery/; /privacy-policy/; /quote/,"index,follow",build/53-council-suburb-map.json; suburbs-expanded.json; reports/34-service-page-rebuild.md
/concreters-minto/,suburb,Minto concreting enquiry,concreters Minto,concrete driveways Minto; South-West Sydney concreting,Concrete enquiries in Minto | Structure Co Camden,"Prepare a concrete enquiry for Minto. Structure Co coordinates site, access and service questions with a suitable independent provider in South-West Sydney.",Concreting enquiries in Minto.,"H1: Concreting enquiries in Minto. | H2: Begin with what is true of your site. | H2: Choose the conversation that fits. | H3: Concrete Driveways | H3: Exposed Aggregate | H3: Concrete Slabs | H3: Concrete Paths | H3: Concrete Patios | H3: Decorative Concrete | H2: Access, drainage and intended use. | H2: Continue around South-West Sydney. | H2: Before an area enquiry. | H2: Start a Minto enquiry | H2: Explore | H2: Services | H2: Enquiries",https://concreterscamden.com.au/concreters-minto/,Home > Areas We Serve > Concreters Minto > Concrete Driveways,WebPage; BreadcrumbList,/; /about/; /concrete-crossovers-and-laybacks-south-west-sydney/; /concrete-driveways-south-west-sydney/; /concrete-paths-south-west-sydney/; /concrete-patios-south-west-sydney/; /concrete-slabs-south-west-sydney/; /concreters-appin/; /concreters-austral/; /concreters-bargo/; /concreters-bradbury/; /concreters-bringelly/; /concreters-camden-park/; /concreters-minto/; /contact/; /decorative-concrete-south-west-sydney/; /exposed-aggregate-south-west-sydney/; /gallery/; /privacy-policy/; /quote/,"index,follow",build/53-council-suburb-map.json; suburbs-expanded.json; reports/34-service-page-rebuild.md
/concreters-moorebank/,suburb,Moorebank concreting enquiry,concreters Moorebank,concrete driveways Moorebank; South-West Sydney concreting,Concrete enquiries in Moorebank | Structure Co Camden,"Prepare a concrete enquiry for Moorebank. Structure Co coordinates site, access and service questions with a suitable independent provider in South-West Sydney.",Concreting enquiries in Moorebank.,"H1: Concreting enquiries in Moorebank. | H2: Begin with what is true of your site. | H2: Choose the conversation that fits. | H3: Concrete Driveways | H3: Exposed Aggregate | H3: Concrete Slabs | H3: Concrete Paths | H3: Concrete Patios | H3: Decorative Concrete | H2: Access, drainage and intended use. | H2: Continue around South-West Sydney. | H2: Before an area enquiry. | H2: Start a Moorebank enquiry | H2: Explore | H2: Services | H2: Enquiries",https://concreterscamden.com.au/concreters-moorebank/,Home > Areas We Serve > Concreters Moorebank > Concrete Driveways,WebPage; BreadcrumbList,/; /about/; /concrete-crossovers-and-laybacks-south-west-sydney/; /concrete-driveways-south-west-sydney/; /concrete-paths-south-west-sydney/; /concrete-patios-south-west-sydney/; /concrete-slabs-south-west-sydney/; /concreters-appin/; /concreters-austral/; /concreters-bargo/; /concreters-bradbury/; /concreters-bringelly/; /concreters-camden-park/; /concreters-moorebank/; /contact/; /decorative-concrete-south-west-sydney/; /exposed-aggregate-south-west-sydney/; /gallery/; /privacy-policy/; /quote/,"index,follow",build/53-council-suburb-map.json; suburbs-expanded.json; reports/34-service-page-rebuild.md
/concreters-mount-annan/,suburb,Mount Annan concreting enquiry,concreters Mount Annan,concrete driveways Mount Annan; South-West Sydney concreting,Concrete enquiries in Mount Annan | Structure Co Camden,"Prepare a concrete enquiry for Mount Annan. Structure Co coordinates site, access and service questions with a suitable independent provider in South-West Sydney.",Concreting enquiries in Mount Annan.,"H1: Concreting enquiries in Mount Annan. | H2: Begin with what is true of your site. | H2: Choose the conversation that fits. | H3: Concrete Driveways | H3: Exposed Aggregate | H3: Concrete Slabs | H3: Concrete Paths | H3: Concrete Patios | H3: Decorative Concrete | H2: Access, drainage and intended use. | H2: Continue around South-West Sydney. | H2: Before an area enquiry. | H2: Start a Mount Annan enquiry | H2: Explore | H2: Services | H2: Enquiries",https://concreterscamden.com.au/concreters-mount-annan/,Home > Areas We Serve > Concreters Mount Annan > Concrete Driveways,WebPage; BreadcrumbList,/; /about/; /concrete-crossovers-and-laybacks-south-west-sydney/; /concrete-driveways-south-west-sydney/; /concrete-paths-south-west-sydney/; /concrete-patios-south-west-sydney/; /concrete-slabs-south-west-sydney/; /concreters-appin/; /concreters-austral/; /concreters-bargo/; /concreters-bradbury/; /concreters-bringelly/; /concreters-camden-park/; /concreters-mount-annan/; /contact/; /decorative-concrete-south-west-sydney/; /exposed-aggregate-south-west-sydney/; /gallery/; /privacy-policy/; /quote/,"index,follow",build/53-council-suburb-map.json; suburbs-expanded.json; reports/34-service-page-rebuild.md
/concreters-narellan-vale/,suburb,Narellan Vale concreting enquiry,concreters Narellan Vale,concrete driveways Narellan Vale; South-West Sydney concreting,Concrete enquiries in Narellan Vale | Structure Co Camden,"Prepare a concrete enquiry for Narellan Vale. Structure Co coordinates site, access and service questions with a suitable independent provider in South-West Sydney.",Concreting enquiries in Narellan Vale.,"H1: Concreting enquiries in Narellan Vale. | H2: Begin with what is true of your site. | H2: Choose the conversation that fits. | H3: Concrete Driveways | H3: Exposed Aggregate | H3: Concrete Slabs | H3: Concrete Paths | H3: Concrete Patios | H3: Decorative Concrete | H2: Access, drainage and intended use. | H2: Continue around South-West Sydney. | H2: Before an area enquiry. | H2: Start a Narellan Vale enquiry | H2: Explore | H2: Services | H2: Enquiries",https://concreterscamden.com.au/concreters-narellan-vale/,Home > Areas We Serve > Concreters Narellan Vale > Concrete Driveways,WebPage; BreadcrumbList,/; /about/; /concrete-crossovers-and-laybacks-south-west-sydney/; /concrete-driveways-south-west-sydney/; /concrete-paths-south-west-sydney/; /concrete-patios-south-west-sydney/; /concrete-slabs-south-west-sydney/; /concreters-appin/; /concreters-austral/; /concreters-bargo/; /concreters-bradbury/; /concreters-bringelly/; /concreters-camden-park/; /concreters-narellan-vale/; /contact/; /decorative-concrete-south-west-sydney/; /exposed-aggregate-south-west-sydney/; /gallery/; /privacy-policy/; /quote/,"index,follow",build/53-council-suburb-map.json; suburbs-expanded.json; reports/34-service-page-rebuild.md
/concreters-narellan/,suburb,Narellan concreting enquiry,concreters Narellan,concrete driveways Narellan; South-West Sydney concreting,Concrete enquiries in Narellan | Structure Co Camden,"Prepare a concrete enquiry for Narellan. Structure Co coordinates site, access and service questions with a suitable independent provider in South-West Sydney.",Concreting enquiries in Narellan.,"H1: Concreting enquiries in Narellan. | H2: Begin with what is true of your site. | H2: Choose the conversation that fits. | H3: Concrete Driveways | H3: Exposed Aggregate | H3: Concrete Slabs | H3: Concrete Paths | H3: Concrete Patios | H3: Decorative Concrete | H2: Access, drainage and intended use. | H2: Continue around South-West Sydney. | H2: Before an area enquiry. | H2: Start a Narellan enquiry | H2: Explore | H2: Services | H2: Enquiries",https://concreterscamden.com.au/concreters-narellan/,Home > Areas We Serve > Concreters Narellan > Concrete Driveways,WebPage; BreadcrumbList,/; /about/; /concrete-crossovers-and-laybacks-south-west-sydney/; /concrete-driveways-south-west-sydney/; /concrete-paths-south-west-sydney/; /concrete-patios-south-west-sydney/; /concrete-slabs-south-west-sydney/; /concreters-appin/; /concreters-austral/; /concreters-bargo/; /concreters-bradbury/; /concreters-bringelly/; /concreters-camden-park/; /concreters-narellan/; /contact/; /decorative-concrete-south-west-sydney/; /exposed-aggregate-south-west-sydney/; /gallery/; /privacy-policy/; /quote/,"index,follow",build/53-council-suburb-map.json; suburbs-expanded.json; reports/34-service-page-rebuild.md
/concreters-picton/,suburb,Picton concreting enquiry,concreters Picton,concrete driveways Picton; South-West Sydney concreting,Concrete enquiries in Picton | Structure Co Camden,"Prepare a concrete enquiry for Picton. Structure Co coordinates site, access and service questions with a suitable independent provider in South-West Sydney.",Concreting enquiries in Picton.,"H1: Concreting enquiries in Picton. | H2: Begin with what is true of your site. | H2: Choose the conversation that fits. | H3: Concrete Driveways | H3: Exposed Aggregate | H3: Concrete Slabs | H3: Concrete Paths | H3: Concrete Patios | H3: Decorative Concrete | H2: Access, drainage and intended use. | H2: Continue around South-West Sydney. | H2: Before an area enquiry. | H2: Start a Picton enquiry | H2: Explore | H2: Services | H2: Enquiries",https://concreterscamden.com.au/concreters-picton/,Home > Areas We Serve > Concreters Picton > Concrete Driveways,WebPage; BreadcrumbList,/; /about/; /concrete-crossovers-and-laybacks-south-west-sydney/; /concrete-driveways-south-west-sydney/; /concrete-paths-south-west-sydney/; /concrete-patios-south-west-sydney/; /concrete-slabs-south-west-sydney/; /concreters-appin/; /concreters-austral/; /concreters-bargo/; /concreters-bradbury/; /concreters-bringelly/; /concreters-camden-park/; /concreters-picton/; /contact/; /decorative-concrete-south-west-sydney/; /exposed-aggregate-south-west-sydney/; /gallery/; /privacy-policy/; /quote/,"index,follow",build/53-council-suburb-map.json; suburbs-expanded.json; reports/34-service-page-rebuild.md
/concreters-prestons/,suburb,Prestons concreting enquiry,concreters Prestons,concrete driveways Prestons; South-West Sydney concreting,Concrete enquiries in Prestons | Structure Co Camden,"Prepare a concrete enquiry for Prestons. Structure Co coordinates site, access and service questions with a suitable independent provider in South-West Sydney.",Concreting enquiries in Prestons.,"H1: Concreting enquiries in Prestons. | H2: Begin with what is true of your site. | H2: Choose the conversation that fits. | H3: Concrete Driveways | H3: Exposed Aggregate | H3: Concrete Slabs | H3: Concrete Paths | H3: Concrete Patios | H3: Decorative Concrete | H2: Access, drainage and intended use. | H2: Continue around South-West Sydney. | H2: Before an area enquiry. | H2: Start a Prestons enquiry | H2: Explore | H2: Services | H2: Enquiries",https://concreterscamden.com.au/concreters-prestons/,Home > Areas We Serve > Concreters Prestons > Concrete Driveways,WebPage; BreadcrumbList,/; /about/; /concrete-crossovers-and-laybacks-south-west-sydney/; /concrete-driveways-south-west-sydney/; /concrete-paths-south-west-sydney/; /concrete-patios-south-west-sydney/; /concrete-slabs-south-west-sydney/; /concreters-appin/; /concreters-austral/; /concreters-bargo/; /concreters-bradbury/; /concreters-bringelly/; /concreters-camden-park/; /concreters-prestons/; /contact/; /decorative-concrete-south-west-sydney/; /exposed-aggregate-south-west-sydney/; /gallery/; /privacy-policy/; /quote/,"index,follow",build/53-council-suburb-map.json; suburbs-expanded.json; reports/34-service-page-rebuild.md
/concreters-raby/,suburb,Raby concreting enquiry,concreters Raby,concrete driveways Raby; South-West Sydney concreting,Concrete enquiries in Raby | Structure Co Camden,"Prepare a concrete enquiry for Raby. Structure Co coordinates site, access and service questions with a suitable independent provider in South-West Sydney.",Concreting enquiries in Raby.,"H1: Concreting enquiries in Raby. | H2: Begin with what is true of your site. | H2: Choose the conversation that fits. | H3: Concrete Driveways | H3: Exposed Aggregate | H3: Concrete Slabs | H3: Concrete Paths | H3: Concrete Patios | H3: Decorative Concrete | H2: Access, drainage and intended use. | H2: Continue around South-West Sydney. | H2: Before an area enquiry. | H2: Start a Raby enquiry | H2: Explore | H2: Services | H2: Enquiries",https://concreterscamden.com.au/concreters-raby/,Home > Areas We Serve > Concreters Raby > Concrete Driveways,WebPage; BreadcrumbList,/; /about/; /concrete-crossovers-and-laybacks-south-west-sydney/; /concrete-driveways-south-west-sydney/; /concrete-paths-south-west-sydney/; /concrete-patios-south-west-sydney/; /concrete-slabs-south-west-sydney/; /concreters-appin/; /concreters-austral/; /concreters-bargo/; /concreters-bradbury/; /concreters-bringelly/; /concreters-camden-park/; /concreters-raby/; /contact/; /decorative-concrete-south-west-sydney/; /exposed-aggregate-south-west-sydney/; /gallery/; /privacy-policy/; /quote/,"index,follow",build/53-council-suburb-map.json; suburbs-expanded.json; reports/34-service-page-rebuild.md
/concreters-rossmore/,suburb,Rossmore concreting enquiry,concreters Rossmore,concrete driveways Rossmore; South-West Sydney concreting,Concrete enquiries in Rossmore | Structure Co Camden,"Prepare a concrete enquiry for Rossmore. Structure Co coordinates site, access and service questions with a suitable independent provider in South-West Sydney.",Concreting enquiries in Rossmore.,"H1: Concreting enquiries in Rossmore. | H2: Begin with what is true of your site. | H2: Choose the conversation that fits. | H3: Concrete Driveways | H3: Exposed Aggregate | H3: Concrete Slabs | H3: Concrete Paths | H3: Concrete Patios | H3: Decorative Concrete | H2: Access, drainage and intended use. | H2: Continue around South-West Sydney. | H2: Before an area enquiry. | H2: Start a Rossmore enquiry | H2: Explore | H2: Services | H2: Enquiries",https://concreterscamden.com.au/concreters-rossmore/,Home > Areas We Serve > Concreters Rossmore > Concrete Driveways,WebPage; BreadcrumbList,/; /about/; /concrete-crossovers-and-laybacks-south-west-sydney/; /concrete-driveways-south-west-sydney/; /concrete-paths-south-west-sydney/; /concrete-patios-south-west-sydney/; /concrete-slabs-south-west-sydney/; /concreters-appin/; /concreters-austral/; /concreters-bargo/; /concreters-bradbury/; /concreters-bringelly/; /concreters-camden-park/; /concreters-rossmore/; /contact/; /decorative-concrete-south-west-sydney/; /exposed-aggregate-south-west-sydney/; /gallery/; /privacy-policy/; /quote/,"index,follow",build/53-council-suburb-map.json; suburbs-expanded.json; reports/34-service-page-rebuild.md
/concreters-smeaton-grange/,suburb,Smeaton Grange concreting enquiry,concreters Smeaton Grange,concrete driveways Smeaton Grange; South-West Sydney concreting,Concrete enquiries in Smeaton Grange | Structure Co Camden,"Prepare a concrete enquiry for Smeaton Grange. Structure Co coordinates site, access and service questions with a suitable independent provider in South-West Sydney.",Concreting enquiries in Smeaton Grange.,"H1: Concreting enquiries in Smeaton Grange. | H2: Begin with what is true of your site. | H2: Choose the conversation that fits. | H3: Concrete Driveways | H3: Exposed Aggregate | H3: Concrete Slabs | H3: Concrete Paths | H3: Concrete Patios | H3: Decorative Concrete | H2: Access, drainage and intended use. | H2: Continue around South-West Sydney. | H2: Before an area enquiry. | H2: Start a Smeaton Grange enquiry | H2: Explore | H2: Services | H2: Enquiries",https://concreterscamden.com.au/concreters-smeaton-grange/,Home > Areas We Serve > Concreters Smeaton Grange > Concrete Driveways,WebPage; BreadcrumbList,/; /about/; /concrete-crossovers-and-laybacks-south-west-sydney/; /concrete-driveways-south-west-sydney/; /concrete-paths-south-west-sydney/; /concrete-patios-south-west-sydney/; /concrete-slabs-south-west-sydney/; /concreters-appin/; /concreters-austral/; /concreters-bargo/; /concreters-bradbury/; /concreters-bringelly/; /concreters-camden-park/; /concreters-smeaton-grange/; /contact/; /decorative-concrete-south-west-sydney/; /exposed-aggregate-south-west-sydney/; /gallery/; /privacy-policy/; /quote/,"index,follow",build/53-council-suburb-map.json; suburbs-expanded.json; reports/34-service-page-rebuild.md
/concreters-spring-farm/,suburb,Spring Farm concreting enquiry,concreters Spring Farm,concrete driveways Spring Farm; South-West Sydney concreting,Concrete enquiries in Spring Farm | Structure Co Camden,"Prepare a concrete enquiry for Spring Farm. Structure Co coordinates site, access and service questions with a suitable independent provider in South-West Sydney.",Concreting enquiries in Spring Farm.,"H1: Concreting enquiries in Spring Farm. | H2: Begin with what is true of your site. | H2: Choose the conversation that fits. | H3: Concrete Driveways | H3: Exposed Aggregate | H3: Concrete Slabs | H3: Concrete Paths | H3: Concrete Patios | H3: Decorative Concrete | H2: Access, drainage and intended use. | H2: Continue around South-West Sydney. | H2: Before an area enquiry. | H2: Start a Spring Farm enquiry | H2: Explore | H2: Services | H2: Enquiries",https://concreterscamden.com.au/concreters-spring-farm/,Home > Areas We Serve > Concreters Spring Farm > Concrete Driveways,WebPage; BreadcrumbList,/; /about/; /concrete-crossovers-and-laybacks-south-west-sydney/; /concrete-driveways-south-west-sydney/; /concrete-paths-south-west-sydney/; /concrete-patios-south-west-sydney/; /concrete-slabs-south-west-sydney/; /concreters-appin/; /concreters-austral/; /concreters-bargo/; /concreters-bradbury/; /concreters-bringelly/; /concreters-camden-park/; /concreters-spring-farm/; /contact/; /decorative-concrete-south-west-sydney/; /exposed-aggregate-south-west-sydney/; /gallery/; /privacy-policy/; /quote/,"index,follow",build/53-council-suburb-map.json; suburbs-expanded.json; reports/34-service-page-rebuild.md
/concreters-tahmoor/,suburb,Tahmoor concreting enquiry,concreters Tahmoor,concrete driveways Tahmoor; South-West Sydney concreting,Concrete enquiries in Tahmoor | Structure Co Camden,"Prepare a concrete enquiry for Tahmoor. Structure Co coordinates site, access and service questions with a suitable independent provider in South-West Sydney.",Concreting enquiries in Tahmoor.,"H1: Concreting enquiries in Tahmoor. | H2: Begin with what is true of your site. | H2: Choose the conversation that fits. | H3: Concrete Driveways | H3: Exposed Aggregate | H3: Concrete Slabs | H3: Concrete Paths | H3: Concrete Patios | H3: Decorative Concrete | H2: Access, drainage and intended use. | H2: Continue around South-West Sydney. | H2: Before an area enquiry. | H2: Start a Tahmoor enquiry | H2: Explore | H2: Services | H2: Enquiries",https://concreterscamden.com.au/concreters-tahmoor/,Home > Areas We Serve > Concreters Tahmoor > Concrete Driveways,WebPage; BreadcrumbList,/; /about/; /concrete-crossovers-and-laybacks-south-west-sydney/; /concrete-driveways-south-west-sydney/; /concrete-paths-south-west-sydney/; /concrete-patios-south-west-sydney/; /concrete-slabs-south-west-sydney/; /concreters-appin/; /concreters-austral/; /concreters-bargo/; /concreters-bradbury/; /concreters-bringelly/; /concreters-camden-park/; /concreters-tahmoor/; /contact/; /decorative-concrete-south-west-sydney/; /exposed-aggregate-south-west-sydney/; /gallery/; /privacy-policy/; /quote/,"index,follow",build/53-council-suburb-map.json; suburbs-expanded.json; reports/34-service-page-rebuild.md
/concreters-the-oaks/,suburb,The Oaks concreting enquiry,concreters The Oaks,concrete driveways The Oaks; South-West Sydney concreting,Concrete enquiries in The Oaks | Structure Co Camden,"Prepare a concrete enquiry for The Oaks. Structure Co coordinates site, access and service questions with a suitable independent provider in South-West Sydney.",Concreting enquiries in The Oaks.,"H1: Concreting enquiries in The Oaks. | H2: Begin with what is true of your site. | H2: Choose the conversation that fits. | H3: Concrete Driveways | H3: Exposed Aggregate | H3: Concrete Slabs | H3: Concrete Paths | H3: Concrete Patios | H3: Decorative Concrete | H2: Access, drainage and intended use. | H2: Continue around South-West Sydney. | H2: Before an area enquiry. | H2: Start a The Oaks enquiry | H2: Explore | H2: Services | H2: Enquiries",https://concreterscamden.com.au/concreters-the-oaks/,Home > Areas We Serve > Concreters The Oaks > Concrete Driveways,WebPage; BreadcrumbList,/; /about/; /concrete-crossovers-and-laybacks-south-west-sydney/; /concrete-driveways-south-west-sydney/; /concrete-paths-south-west-sydney/; /concrete-patios-south-west-sydney/; /concrete-slabs-south-west-sydney/; /concreters-appin/; /concreters-austral/; /concreters-bargo/; /concreters-bradbury/; /concreters-bringelly/; /concreters-camden-park/; /concreters-the-oaks/; /contact/; /decorative-concrete-south-west-sydney/; /exposed-aggregate-south-west-sydney/; /gallery/; /privacy-policy/; /quote/,"index,follow",build/53-council-suburb-map.json; suburbs-expanded.json; reports/34-service-page-rebuild.md
/concreters-theresa-park/,suburb,Theresa Park concreting enquiry,concreters Theresa Park,concrete driveways Theresa Park; South-West Sydney concreting,Concrete enquiries in Theresa Park | Structure Co Camden,"Prepare a concrete enquiry for Theresa Park. Structure Co coordinates site, access and service questions with a suitable independent provider in South-West Sydney.",Concreting enquiries in Theresa Park.,"H1: Concreting enquiries in Theresa Park. | H2: Begin with what is true of your site. | H2: Choose the conversation that fits. | H3: Concrete Driveways | H3: Exposed Aggregate | H3: Concrete Slabs | H3: Concrete Paths | H3: Concrete Patios | H3: Decorative Concrete | H2: Access, drainage and intended use. | H2: Continue around South-West Sydney. | H2: Before an area enquiry. | H2: Start a Theresa Park enquiry | H2: Explore | H2: Services | H2: Enquiries",https://concreterscamden.com.au/concreters-theresa-park/,Home > Areas We Serve > Concreters Theresa Park > Concrete Driveways,WebPage; BreadcrumbList,/; /about/; /concrete-crossovers-and-laybacks-south-west-sydney/; /concrete-driveways-south-west-sydney/; /concrete-paths-south-west-sydney/; /concrete-patios-south-west-sydney/; /concrete-slabs-south-west-sydney/; /concreters-appin/; /concreters-austral/; /concreters-bargo/; /concreters-bradbury/; /concreters-bringelly/; /concreters-camden-park/; /concreters-theresa-park/; /contact/; /decorative-concrete-south-west-sydney/; /exposed-aggregate-south-west-sydney/; /gallery/; /privacy-policy/; /quote/,"index,follow",build/53-council-suburb-map.json; suburbs-expanded.json; reports/34-service-page-rebuild.md
/concreters-wattle-grove/,suburb,Wattle Grove concreting enquiry,concreters Wattle Grove,concrete driveways Wattle Grove; South-West Sydney concreting,Concrete enquiries in Wattle Grove | Structure Co Camden,"Prepare a concrete enquiry for Wattle Grove. Structure Co coordinates site, access and service questions with a suitable independent provider in South-West Sydney.",Concreting enquiries in Wattle Grove.,"H1: Concreting enquiries in Wattle Grove. | H2: Begin with what is true of your site. | H2: Choose the conversation that fits. | H3: Concrete Driveways | H3: Exposed Aggregate | H3: Concrete Slabs | H3: Concrete Paths | H3: Concrete Patios | H3: Decorative Concrete | H2: Access, drainage and intended use. | H2: Continue around South-West Sydney. | H2: Before an area enquiry. | H2: Start a Wattle Grove enquiry | H2: Explore | H2: Services | H2: Enquiries",https://concreterscamden.com.au/concreters-wattle-grove/,Home > Areas We Serve > Concreters Wattle Grove > Concrete Driveways,WebPage; BreadcrumbList,/; /about/; /concrete-crossovers-and-laybacks-south-west-sydney/; /concrete-driveways-south-west-sydney/; /concrete-paths-south-west-sydney/; /concrete-patios-south-west-sydney/; /concrete-slabs-south-west-sydney/; /concreters-appin/; /concreters-austral/; /concreters-bargo/; /concreters-bradbury/; /concreters-bringelly/; /concreters-camden-park/; /concreters-wattle-grove/; /contact/; /decorative-concrete-south-west-sydney/; /exposed-aggregate-south-west-sydney/; /gallery/; /privacy-policy/; /quote/,"index,follow",build/53-council-suburb-map.json; suburbs-expanded.json; reports/34-service-page-rebuild.md
/concreters-west-hoxton/,suburb,West Hoxton concreting enquiry,concreters West Hoxton,concrete driveways West Hoxton; South-West Sydney concreting,Concrete enquiries in West Hoxton | Structure Co Camden,"Prepare a concrete enquiry for West Hoxton. Structure Co coordinates site, access and service questions with a suitable independent provider in South-West Sydney.",Concreting enquiries in West Hoxton.,"H1: Concreting enquiries in West Hoxton. | H2: Begin with what is true of your site. | H2: Choose the conversation that fits. | H3: Concrete Driveways | H3: Exposed Aggregate | H3: Concrete Slabs | H3: Concrete Paths | H3: Concrete Patios | H3: Decorative Concrete | H2: Access, drainage and intended use. | H2: Continue around South-West Sydney. | H2: Before an area enquiry. | H2: Start a West Hoxton enquiry | H2: Explore | H2: Services | H2: Enquiries",https://concreterscamden.com.au/concreters-west-hoxton/,Home > Areas We Serve > Concreters West Hoxton > Concrete Driveways,WebPage; BreadcrumbList,/; /about/; /concrete-crossovers-and-laybacks-south-west-sydney/; /concrete-driveways-south-west-sydney/; /concrete-paths-south-west-sydney/; /concrete-patios-south-west-sydney/; /concrete-slabs-south-west-sydney/; /concreters-appin/; /concreters-austral/; /concreters-bargo/; /concreters-bradbury/; /concreters-bringelly/; /concreters-camden-park/; /concreters-west-hoxton/; /contact/; /decorative-concrete-south-west-sydney/; /exposed-aggregate-south-west-sydney/; /gallery/; /privacy-policy/; /quote/,"index,follow",build/53-council-suburb-map.json; suburbs-expanded.json; reports/34-service-page-rebuild.md
/concreters-wilton/,suburb,Wilton concreting enquiry,concreters Wilton,concrete driveways Wilton; South-West Sydney concreting,Concrete enquiries in Wilton | Structure Co Camden,"Prepare a concrete enquiry for Wilton. Structure Co coordinates site, access and service questions with a suitable independent provider in South-West Sydney.",Concreting enquiries in Wilton.,"H1: Concreting enquiries in Wilton. | H2: Begin with what is true of your site. | H2: Choose the conversation that fits. | H3: Concrete Driveways | H3: Exposed Aggregate | H3: Concrete Slabs | H3: Concrete Paths | H3: Concrete Patios | H3: Decorative Concrete | H2: Access, drainage and intended use. | H2: Continue around South-West Sydney. | H2: Before an area enquiry. | H2: Start a Wilton enquiry | H2: Explore | H2: Services | H2: Enquiries",https://concreterscamden.com.au/concreters-wilton/,Home > Areas We Serve > Concreters Wilton > Concrete Driveways,WebPage; BreadcrumbList,/; /about/; /concrete-crossovers-and-laybacks-south-west-sydney/; /concrete-driveways-south-west-sydney/; /concrete-paths-south-west-sydney/; /concrete-patios-south-west-sydney/; /concrete-slabs-south-west-sydney/; /concreters-appin/; /concreters-austral/; /concreters-bargo/; /concreters-bradbury/; /concreters-bringelly/; /concreters-camden-park/; /concreters-wilton/; /contact/; /decorative-concrete-south-west-sydney/; /exposed-aggregate-south-west-sydney/; /gallery/; /privacy-policy/; /quote/,"index,follow",build/53-council-suburb-map.json; suburbs-expanded.json; reports/34-service-page-rebuild.md
/privacy-policy/,utility,privacy and legal information,enquiry information,enquiry information; privacy,Privacy and enquiry information | Structure Co,"Read how Structure Co Concreters Camden handles information shared through a concreting enquiry and how to request access, correction or deletion.",Privacy and enquiry information.,H1: Privacy and enquiry information. | H2: Information shared with us | H2: Why information is used | H2: Questions or corrections | H2: Explore | H2: Services | H2: Enquiries,https://concreterscamden.com.au/privacy-policy/,Home > Privacy Policy,WebPage; BreadcrumbList,/; /about/; /concrete-driveways-south-west-sydney/; /concrete-paths-south-west-sydney/; /concrete-patios-south-west-sydney/; /concrete-slabs-south-west-sydney/; /contact/; /decorative-concrete-south-west-sydney/; /exposed-aggregate-south-west-sydney/; /gallery/; /privacy-policy/; /quote/,"index,follow",data/verified-facts.yml; reports/55-full-site-completion.md
